model,seed,fold,epoch,learning_rate,train_loss,validation_loss,train_mae,validation_mae
MLP_base_MAE,42,1,1,0.0010000000474974513,8.758753776550293,8.615398406982422,8.726689338684082,8.583293914794922
MLP_base_MAE,42,1,2,0.0010000000474974513,8.298200607299805,8.468049049377441,8.266060829162598,8.435868263244629
MLP_base_MAE,42,1,3,0.0010000000474974513,7.906334400177002,8.34862995147705,7.874125003814697,8.316387176513672
MLP_base_MAE,42,1,4,0.0010000000474974513,7.548818588256836,8.18106460571289,7.5165510177612305,8.148767471313477
MLP_base_MAE,42,1,5,0.0010000000474974513,7.255453109741211,8.121628761291504,7.223129749298096,8.089271545410156
MLP_base_MAE,42,1,6,0.0010000000474974513,6.98884916305542,7.921224117279053,6.956465244293213,7.888803482055664
MLP_base_MAE,42,1,7,0.0010000000474974513,6.70768404006958,7.730571746826172,6.675234794616699,7.698087692260742
MLP_base_MAE,42,1,8,0.0010000000474974513,6.509551048278809,7.335593223571777,6.477038860321045,7.30304479598999
MLP_base_MAE,42,1,9,0.0010000000474974513,6.282815933227539,7.132885456085205,6.250234127044678,7.100263595581055
MLP_base_MAE,42,1,10,0.0010000000474974513,6.107810974121094,7.0058064460754395,6.075155258178711,6.973111152648926
MLP_base_MAE,42,1,11,0.0010000000474974513,5.967905044555664,6.765292644500732,5.935178756713867,6.732527732849121
MLP_base_MAE,42,1,12,0.0010000000474974513,5.833948135375977,6.691650867462158,5.801152229309082,6.658814907073975
MLP_base_MAE,42,1,13,0.0010000000474974513,5.77968692779541,6.768772602081299,5.746817111968994,6.735860347747803
MLP_base_MAE,42,1,14,0.0010000000474974513,5.690110206604004,6.4367780685424805,5.657163143157959,6.4037909507751465
MLP_base_MAE,42,1,15,0.0010000000474974513,5.609167098999023,6.281073570251465,5.576145648956299,6.24800968170166
MLP_base_MAE,42,1,16,0.0010000000474974513,5.581347465515137,6.328704357147217,5.548247337341309,6.295561790466309
MLP_base_MAE,42,1,17,0.0010000000474974513,5.482104301452637,6.184535980224609,5.448925971984863,6.151309490203857
MLP_base_MAE,42,1,18,0.0010000000474974513,5.422296524047852,6.1870012283325195,5.389030933380127,6.153690338134766
MLP_base_MAE,42,1,19,0.0010000000474974513,5.450306415557861,6.0463032722473145,5.416962146759033,6.012913703918457
MLP_base_MAE,42,1,20,0.0010000000474974513,5.425778388977051,6.028769016265869,5.3923492431640625,5.9952898025512695
MLP_base_MAE,42,1,21,0.0010000000474974513,5.42145299911499,6.061117172241211,5.387937545776367,6.027553081512451
MLP_base_MAE,42,1,22,0.0010000000474974513,5.3567962646484375,6.091203689575195,5.323195934295654,6.057558059692383
MLP_base_MAE,42,1,23,0.0010000000474974513,5.338927268981934,6.021613597869873,5.305246353149414,5.987889289855957
MLP_base_MAE,42,1,24,0.0010000000474974513,5.315439701080322,5.939374923706055,5.281683921813965,5.905582904815674
MLP_base_MAE,42,1,25,0.0010000000474974513,5.301076889038086,5.841223239898682,5.26725435256958,5.807362079620361
MLP_base_MAE,42,1,26,0.0010000000474974513,5.2867255210876465,5.841638565063477,5.252831935882568,5.807705879211426
MLP_base_MAE,42,1,27,0.0010000000474974513,5.277949810028076,5.8002777099609375,5.243983745574951,5.766267776489258
MLP_base_MAE,42,1,28,0.0010000000474974513,5.30945348739624,5.843924045562744,5.275407791137695,5.80983304977417
MLP_base_MAE,42,1,29,0.0010000000474974513,5.241981506347656,5.812934875488281,5.207852840423584,5.77876091003418
MLP_base_MAE,42,1,30,0.0010000000474974513,5.248046875,5.856962203979492,5.213842391967773,5.822720527648926
MLP_base_MAE,42,1,31,0.0010000000474974513,5.230676651000977,5.816620349884033,5.196406841278076,5.782310962677002
MLP_base_MAE,42,1,32,0.0010000000474974513,5.209122657775879,5.810758590698242,5.1747822761535645,5.776381492614746
MLP_base_MAE,42,1,33,0.0010000000474974513,5.236985683441162,5.8213419914245605,5.20258092880249,5.78690242767334
MLP_base_MAE,42,1,34,0.0010000000474974513,5.158151626586914,5.823801040649414,5.123682498931885,5.789294242858887
MLP_base_MAE,42,1,35,0.0010000000474974513,5.187132358551025,5.799066066741943,5.152592658996582,5.764486789703369
MLP_base_MAE,42,1,36,0.0010000000474974513,5.130397319793701,5.8177876472473145,5.095781326293945,5.7831292152404785
MLP_base_MAE,42,1,37,0.0010000000474974513,5.132848739624023,5.882888317108154,5.098160743713379,5.848166465759277
MLP_base_MAE,42,1,38,0.0010000000474974513,5.109005451202393,5.851550102233887,5.07425594329834,5.816766262054443
MLP_base_MAE,42,1,39,0.0010000000474974513,5.0403828620910645,5.835392475128174,5.0055694580078125,5.800541400909424
MLP_base_MAE,42,1,40,0.0010000000474974513,5.0546369552612305,5.92894983291626,5.0197553634643555,5.894030570983887
MLP_base_MAE,42,1,41,0.0010000000474974513,5.014225482940674,5.964987277984619,4.979274272918701,5.929997444152832
MLP_base_MAE,42,1,42,0.0010000000474974513,5.092566967010498,6.016455173492432,5.057544708251953,5.981395244598389
MLP_base_MAE,42,1,43,0.0010000000474974513,5.100900173187256,5.942752838134766,5.065811634063721,5.907628536224365
MLP_base_MAE,42,1,44,0.0010000000474974513,5.05054235458374,5.9472246170043945,5.01538610458374,5.912030220031738
MLP_base_MAE,42,1,45,0.0010000000474974513,5.090745449066162,5.886702537536621,5.0555219650268555,5.851439952850342
MLP_base_MAE,42,1,46,0.0010000000474974513,5.066286087036133,5.946092128753662,5.0309858322143555,5.9107489585876465
MLP_base_MAE,42,1,47,0.0010000000474974513,4.941102981567383,5.8883137702941895,4.905728340148926,5.852901935577393
MLP_base_MAE,42,1,48,0.0010000000474974513,5.059348106384277,5.860739231109619,5.023908615112305,5.825268268585205
MLP_base_MAE,42,1,49,0.0010000000474974513,5.000845432281494,5.928025245666504,4.96535062789917,5.8924970626831055
MLP_base_MAE,42,1,50,0.0010000000474974513,4.929847240447998,5.852491855621338,4.894288063049316,5.816891193389893
MLP_base_MAE,42,1,51,0.0010000000474974513,4.971200942993164,5.910719871520996,4.935570240020752,5.875054359436035
MLP_base_MAE,42,1,52,0.0010000000474974513,4.978408336639404,5.881824970245361,4.942713260650635,5.846095561981201
MLP_base_MAE,42,1,53,0.0010000000474974513,4.945247173309326,5.868834972381592,4.909489631652832,5.833044052124023
MLP_base_MAE,42,1,54,0.0010000000474974513,4.9301629066467285,5.936916828155518,4.894340515136719,5.901054382324219
MLP_base_MAE,42,1,55,0.0010000000474974513,4.967756748199463,5.948591232299805,4.931862831115723,5.912661552429199
MLP_base_MAE,42,1,56,0.0010000000474974513,4.8605170249938965,5.887704372406006,4.824559211730957,5.851710796356201
MLP_base_MAE,42,1,57,0.0010000000474974513,4.897280216217041,5.938708305358887,4.861256122589111,5.902645587921143
MLP_base_MAE,42,1,58,0.0010000000474974513,4.895730495452881,5.9102983474731445,4.859638214111328,5.874171257019043
MLP_base_MAE,42,1,59,0.0010000000474974513,4.879306316375732,5.907674312591553,4.843151092529297,5.87148380279541
MLP_base_MAE,42,1,60,0.0010000000474974513,4.942931652069092,5.938546180725098,4.906709671020508,5.902282238006592
MLP_base_MAE,42,2,1,0.0010000000474974513,8.990067481994629,8.484325408935547,8.957906723022461,8.452132225036621
MLP_base_MAE,42,2,2,0.0010000000474974513,8.503393173217773,8.280529022216797,8.471172332763672,8.24827766418457
MLP_base_MAE,42,2,3,0.0010000000474974513,8.075272560119629,8.039852142333984,8.042998313903809,8.007553100585938
MLP_base_MAE,42,2,4,0.0010000000474974513,7.6994123458862305,8.003724098205566,7.667091369628906,7.971377849578857
MLP_base_MAE,42,2,5,0.0010000000474974513,7.359025478363037,7.82515287399292,7.326657772064209,7.792758941650391
MLP_base_MAE,42,2,6,0.0010000000474974513,7.044136047363281,7.635188579559326,7.011717319488525,7.60274076461792
MLP_base_MAE,42,2,7,0.0010000000474974513,6.762493133544922,7.308082103729248,6.730020523071289,7.275578022003174
MLP_base_MAE,42,2,8,0.0010000000474974513,6.489852428436279,7.22196626663208,6.457319259643555,7.189396858215332
MLP_base_MAE,42,2,9,0.0010000000474974513,6.266051292419434,6.9606451988220215,6.233452320098877,6.928010940551758
MLP_base_MAE,42,2,10,0.0010000000474974513,6.10039758682251,6.824738502502441,6.067729473114014,6.7920331954956055
MLP_base_MAE,42,2,11,0.0010000000474974513,5.928750991821289,6.5817036628723145,5.8960113525390625,6.54892635345459
MLP_base_MAE,42,2,12,0.0010000000474974513,5.838000774383545,6.469566822052002,5.8051910400390625,6.436717987060547
MLP_base_MAE,42,2,13,0.0010000000474974513,5.724202632904053,6.3353271484375,5.691318511962891,6.302400588989258
MLP_base_MAE,42,2,14,0.0010000000474974513,5.601561546325684,6.186567306518555,5.568596839904785,6.153558731079102
MLP_base_MAE,42,2,15,0.0010000000474974513,5.553692817687988,6.239674091339111,5.52064847946167,6.2065839767456055
MLP_base_MAE,42,2,16,0.0010000000474974513,5.510284900665283,6.128280162811279,5.477158069610596,6.095107078552246
MLP_base_MAE,42,2,17,0.0010000000474974513,5.48825216293335,6.114115238189697,5.455033779144287,6.080843925476074
MLP_base_MAE,42,2,18,0.0010000000474974513,5.435186386108398,6.134507179260254,5.4018778800964355,6.10115385055542
MLP_base_MAE,42,2,19,0.0010000000474974513,5.416546821594238,6.069838047027588,5.383153915405273,6.036396026611328
MLP_base_MAE,42,2,20,0.0010000000474974513,5.427047252655029,6.0237627029418945,5.393562316894531,5.990231513977051
MLP_base_MAE,42,2,21,0.0010000000474974513,5.359373569488525,5.9638872146606445,5.325804233551025,5.930271625518799
MLP_base_MAE,42,2,22,0.0010000000474974513,5.354435920715332,5.981403350830078,5.3207783699035645,5.947694301605225
MLP_base_MAE,42,2,23,0.0010000000474974513,5.343504905700684,5.949311256408691,5.309754848480225,5.915515899658203
MLP_base_MAE,42,2,24,0.0010000000474974513,5.2564568519592285,5.960722923278809,5.222623825073242,5.926848411560059
MLP_base_MAE,42,2,25,0.0010000000474974513,5.302977561950684,5.910562992095947,5.269067287445068,5.876610279083252
MLP_base_MAE,42,2,26,0.0010000000474974513,5.29708194732666,5.9355058670043945,5.26309061050415,5.901464462280273
MLP_base_MAE,42,2,27,0.0010000000474974513,5.2847795486450195,5.928134918212891,5.250697612762451,5.894008636474609
MLP_base_MAE,42,2,28,0.0010000000474974513,5.206428050994873,5.921142578125,5.172272205352783,5.886949062347412
MLP_base_MAE,42,2,29,0.0010000000474974513,5.241809368133545,5.9135236740112305,5.20758056640625,5.879251003265381
MLP_base_MAE,42,2,30,0.0010000000474974513,5.2080888748168945,5.903051376342773,5.173778057098389,5.8686957359313965
MLP_base_MAE,42,2,31,0.0010000000474974513,5.193941593170166,5.914040565490723,5.159544944763184,5.879601001739502
MLP_base_MAE,42,2,32,0.0010000000474974513,5.147995471954346,5.905089855194092,5.113523006439209,5.870579242706299
MLP_base_MAE,42,2,33,0.0010000000474974513,5.144415378570557,5.926904678344727,5.109869480133057,5.892313480377197
MLP_base_MAE,42,2,34,0.0010000000474974513,5.14290189743042,5.942135334014893,5.108267307281494,5.907454013824463
MLP_base_MAE,42,2,35,0.0010000000474974513,5.129861831665039,5.948264122009277,5.095144271850586,5.913504123687744
MLP_base_MAE,42,2,36,0.0010000000474974513,5.1414055824279785,5.935341835021973,5.1066107749938965,5.9005045890808105
MLP_base_MAE,42,2,37,0.0010000000474974513,5.113314628601074,5.967332363128662,5.0784382820129395,5.932412624359131
MLP_base_MAE,42,2,38,0.0010000000474974513,5.0577521324157715,5.984837055206299,5.022798538208008,5.949845790863037
MLP_base_MAE,42,2,39,0.0010000000474974513,5.1096625328063965,5.9911909103393555,5.074636459350586,5.956128120422363
MLP_base_MAE,42,2,40,0.0010000000474974513,5.074217319488525,5.970219135284424,5.039114952087402,5.935067653656006
MLP_base_MAE,42,2,41,0.0010000000474974513,5.101294994354248,5.9949445724487305,5.066103458404541,5.959712028503418
MLP_base_MAE,42,2,42,0.0010000000474974513,5.070783615112305,5.974834442138672,5.035520076751709,5.93953275680542
MLP_base_MAE,42,2,43,0.0010000000474974513,5.0702314376831055,5.9907755851745605,5.034891128540039,5.955389499664307
MLP_base_MAE,42,2,44,0.0010000000474974513,5.00449275970459,6.000116348266602,4.969074726104736,5.964662551879883
MLP_base_MAE,42,2,45,0.0010000000474974513,4.963619232177734,6.0009684562683105,4.928133964538574,5.965447425842285
MLP_base_MAE,42,2,46,0.0010000000474974513,5.05224609375,6.004087448120117,5.016689777374268,5.9684906005859375
MLP_base_MAE,42,2,47,0.0010000000474974513,4.942502498626709,6.011740684509277,4.906872749328613,5.976068496704102
MLP_base_MAE,42,2,48,0.0010000000474974513,4.990503311157227,5.982988357543945,4.954789161682129,5.947229385375977
MLP_base_MAE,42,2,49,0.0010000000474974513,4.97154426574707,6.006666660308838,4.935751914978027,5.9708333015441895
MLP_base_MAE,42,2,50,0.0010000000474974513,4.949143886566162,5.954359531402588,4.913269996643066,5.91843843460083
MLP_base_MAE,42,2,51,0.0010000000474974513,4.995508193969727,5.959959506988525,4.959554195404053,5.923969268798828
MLP_base_MAE,42,2,52,0.0010000000474974513,4.92060661315918,5.950915336608887,4.884583473205566,5.914851665496826
MLP_base_MAE,42,2,53,0.0010000000474974513,4.938294887542725,5.945718288421631,4.902194499969482,5.909578323364258
MLP_base_MAE,42,2,54,0.0010000000474974513,4.938624382019043,5.959050178527832,4.902449607849121,5.922837257385254
MLP_base_MAE,42,2,55,0.0010000000474974513,4.951443195343018,5.963520050048828,4.915197849273682,5.927236557006836
MLP_base_MAE,42,3,1,0.0010000000474974513,8.789361953735352,8.114771842956543,8.757057189941406,8.082427024841309
MLP_base_MAE,42,3,2,0.0010000000474974513,8.287616729736328,7.839102745056152,8.255239486694336,7.806692600250244
MLP_base_MAE,42,3,3,0.0010000000474974513,7.858693599700928,7.764219760894775,7.826253890991211,7.731745719909668
MLP_base_MAE,42,3,4,0.0010000000474974513,7.430741310119629,7.600528717041016,7.398232936859131,7.5679826736450195
MLP_base_MAE,42,3,5,0.0010000000474974513,7.0592803955078125,7.344818115234375,7.026702880859375,7.312202453613281
MLP_base_MAE,42,3,6,0.0010000000474974513,6.753913402557373,7.061232566833496,6.721261024475098,7.028536319732666
MLP_base_MAE,42,3,7,0.0010000000474974513,6.477734088897705,6.861048698425293,6.444997787475586,6.828263759613037
MLP_base_MAE,42,3,8,0.0010000000474974513,6.257805347442627,6.793570041656494,6.224977016448975,6.7606916427612305
MLP_base_MAE,42,3,9,0.0010000000474974513,6.022790908813477,6.532012939453125,5.989874839782715,6.499053478240967
MLP_base_MAE,42,3,10,0.0010000000474974513,5.888677597045898,6.431099891662598,5.855677604675293,6.398046016693115
MLP_base_MAE,42,3,11,0.0010000000474974513,5.774117469787598,6.288044452667236,5.741018295288086,6.254894733428955
MLP_base_MAE,42,3,12,0.0010000000474974513,5.687768459320068,6.174123287200928,5.6545796394348145,6.140891075134277
MLP_base_MAE,42,3,13,0.0010000000474974513,5.615501403808594,6.0704665184021,5.58223295211792,6.037155628204346
MLP_base_MAE,42,3,14,0.0010000000474974513,5.572056770324707,6.143470764160156,5.538703441619873,6.110069274902344
MLP_base_MAE,42,3,15,0.0010000000474974513,5.5254292488098145,6.054771900177002,5.491986274719238,6.02128267288208
MLP_base_MAE,42,3,16,0.0010000000474974513,5.489287376403809,6.016115665435791,5.455756664276123,5.982535362243652
MLP_base_MAE,42,3,17,0.0010000000474974513,5.46111536026001,6.011834621429443,5.427493572235107,5.978170394897461
MLP_base_MAE,42,3,18,0.0010000000474974513,5.491104602813721,5.993875026702881,5.457400321960449,5.960119247436523
MLP_base_MAE,42,3,19,0.0010000000474974513,5.4623212814331055,6.020415306091309,5.428520202636719,5.98656702041626
MLP_base_MAE,42,3,20,0.0010000000474974513,5.403182506561279,5.964252471923828,5.369293212890625,5.930317401885986
MLP_base_MAE,42,3,21,0.0010000000474974513,5.3853983879089355,6.014932155609131,5.351417541503906,5.980903148651123
MLP_base_MAE,42,3,22,0.0010000000474974513,5.406490325927734,5.961519241333008,5.3724188804626465,5.927402973175049
MLP_base_MAE,42,3,23,0.0010000000474974513,5.357517242431641,6.022228717803955,5.323357105255127,5.98801851272583
MLP_base_MAE,42,3,24,0.0010000000474974513,5.326735496520996,6.013926982879639,5.292480945587158,5.97962760925293
MLP_base_MAE,42,3,25,0.0010000000474974513,5.383623123168945,5.98732328414917,5.3492817878723145,5.952929973602295
MLP_base_MAE,42,3,26,0.0010000000474974513,5.284222602844238,6.027279376983643,5.249792098999023,5.9928083419799805
MLP_base_MAE,42,3,27,0.0010000000474974513,5.310186386108398,6.00266170501709,5.275677680969238,5.9681077003479
MLP_base_MAE,42,3,28,0.0010000000474974513,5.294862747192383,5.982562065124512,5.260264873504639,5.947919845581055
MLP_base_MAE,42,3,29,0.0010000000474974513,5.292766571044922,5.99733829498291,5.258083820343018,5.96260929107666
MLP_base_MAE,42,3,30,0.0010000000474974513,5.290724754333496,5.9992852210998535,5.255958557128906,5.9644775390625
MLP_base_MAE,42,3,31,0.0010000000474974513,5.272332668304443,6.01838493347168,5.237485885620117,5.983493804931641
MLP_base_MAE,42,3,32,0.0010000000474974513,5.243213176727295,6.048240661621094,5.208283424377441,6.013266086578369
MLP_base_MAE,42,3,33,0.0010000000474974513,5.24215841293335,6.050143241882324,5.207144737243652,6.015084743499756
MLP_base_MAE,42,3,34,0.0010000000474974513,5.211452960968018,6.008784770965576,5.176356792449951,5.973642349243164
MLP_base_MAE,42,3,35,0.0010000000474974513,5.183000564575195,6.0112624168396,5.147815704345703,5.9760332107543945
MLP_base_MAE,42,3,36,0.0010000000474974513,5.166666030883789,6.058684825897217,5.131400108337402,6.023371696472168
MLP_base_MAE,42,3,37,0.0010000000474974513,5.243439197540283,6.087234973907471,5.208087921142578,6.051840305328369
MLP_base_MAE,42,3,38,0.0010000000474974513,5.18951940536499,6.071041107177734,5.154088020324707,6.035569190979004
MLP_base_MAE,42,3,39,0.0010000000474974513,5.168827533721924,6.077299118041992,5.133314609527588,6.041740417480469
MLP_base_MAE,42,3,40,0.0010000000474974513,5.132027626037598,6.070601463317871,5.096434593200684,6.034969806671143
MLP_base_MAE,42,3,41,0.0010000000474974513,5.13471794128418,6.083532810211182,5.099049091339111,6.047823905944824
MLP_base_MAE,42,3,42,0.0010000000474974513,5.106400012969971,6.053289413452148,5.070653438568115,6.017502307891846
MLP_base_MAE,42,3,43,0.0010000000474974513,5.071567058563232,6.046671390533447,5.035747051239014,6.010814666748047
MLP_base_MAE,42,3,44,0.0010000000474974513,5.1345343589782715,6.0685858726501465,5.098636627197266,6.032639503479004
MLP_base_MAE,42,3,45,0.0010000000474974513,5.111696720123291,6.064684867858887,5.075716972351074,6.028666973114014
MLP_base_MAE,42,3,46,0.0010000000474974513,5.082556247711182,6.0487799644470215,5.046504974365234,6.01269006729126
MLP_base_MAE,42,3,47,0.0010000000474974513,5.0733819007873535,6.132238388061523,5.03725528717041,6.096068382263184
MLP_base_MAE,42,4,1,0.0010000000474974513,8.084833145141602,8.079523086547852,8.052653312683105,8.047280311584473
MLP_base_MAE,42,4,2,0.0010000000474974513,7.530290126800537,7.71307373046875,7.497999668121338,7.680736064910889
MLP_base_MAE,42,4,3,0.0010000000474974513,7.106211185455322,7.576479911804199,7.073832035064697,7.544053554534912
MLP_base_MAE,42,4,4,0.0010000000474974513,6.754199981689453,7.323946952819824,6.7217302322387695,7.291428565979004
MLP_base_MAE,42,4,5,0.0010000000474974513,6.409448623657227,7.064634323120117,6.376888751983643,7.032027244567871
MLP_base_MAE,42,4,6,0.0010000000474974513,6.165174961090088,6.812259674072266,6.132528305053711,6.779567241668701
MLP_base_MAE,42,4,7,0.0010000000474974513,5.996186256408691,6.581422328948975,5.9634504318237305,6.548635482788086
MLP_base_MAE,42,4,8,0.0010000000474974513,5.8672943115234375,6.368663311004639,5.834464073181152,6.335781574249268
MLP_base_MAE,42,4,9,0.0010000000474974513,5.7314043045043945,6.242215156555176,5.698482513427734,6.2092509269714355
MLP_base_MAE,42,4,10,0.0010000000474974513,5.691620349884033,6.032773971557617,5.658619403839111,5.999729156494141
MLP_base_MAE,42,4,11,0.0010000000474974513,5.644716739654541,6.074146270751953,5.611632823944092,6.041015625
MLP_base_MAE,42,4,12,0.0010000000474974513,5.619731426239014,5.96157169342041,5.5865583419799805,5.928354263305664
MLP_base_MAE,42,4,13,0.0010000000474974513,5.572416305541992,5.943736553192139,5.539163112640381,5.910435199737549
MLP_base_MAE,42,4,14,0.0010000000474974513,5.547863006591797,5.8984808921813965,5.514517307281494,5.865086078643799
MLP_base_MAE,42,4,15,0.0010000000474974513,5.505119323730469,5.841390609741211,5.471689224243164,5.807916164398193
MLP_base_MAE,42,4,16,0.0010000000474974513,5.545486927032471,5.8543500900268555,5.511970043182373,5.82078218460083
MLP_base_MAE,42,4,17,0.0010000000474974513,5.461306095123291,5.895157814025879,5.427697658538818,5.861506938934326
MLP_base_MAE,42,4,18,0.0010000000474974513,5.479212284088135,5.804479598999023,5.445527076721191,5.770750045776367
MLP_base_MAE,42,4,19,0.0010000000474974513,5.432822227478027,5.823995113372803,5.399053573608398,5.79018497467041
MLP_base_MAE,42,4,20,0.0010000000474974513,5.445964336395264,5.812475681304932,5.412116527557373,5.77858304977417
MLP_base_MAE,42,4,21,0.0010000000474974513,5.417211055755615,5.774256706237793,5.383275985717773,5.740272521972656
MLP_base_MAE,42,4,22,0.0010000000474974513,5.452721118927002,5.799520015716553,5.418688774108887,5.7654337882995605
MLP_base_MAE,42,4,23,0.0010000000474974513,5.402782917022705,5.805756568908691,5.368657112121582,5.771587371826172
MLP_base_MAE,42,4,24,0.0010000000474974513,5.412771701812744,5.785843372344971,5.378566265106201,5.751598834991455
MLP_base_MAE,42,4,25,0.0010000000474974513,5.3787455558776855,5.803015232086182,5.344459533691406,5.768683910369873
MLP_base_MAE,42,4,26,0.0010000000474974513,5.361751556396484,5.830877780914307,5.327384948730469,5.7964701652526855
MLP_base_MAE,42,4,27,0.0010000000474974513,5.328433990478516,5.784823894500732,5.2939887046813965,5.750329971313477
MLP_base_MAE,42,4,28,0.0010000000474974513,5.36317253112793,5.754142761230469,5.328639507293701,5.719563007354736
MLP_base_MAE,42,4,29,0.0010000000474974513,5.328670024871826,5.76069450378418,5.294048309326172,5.726025581359863
MLP_base_MAE,42,4,30,0.0010000000474974513,5.306303977966309,5.7833757400512695,5.271599769592285,5.748630523681641
MLP_base_MAE,42,4,31,0.0010000000474974513,5.332066535949707,5.767228126525879,5.297280311584473,5.732391834259033
MLP_base_MAE,42,4,32,0.0010000000474974513,5.304713726043701,5.805542469024658,5.269833564758301,5.770616054534912
MLP_base_MAE,42,4,33,0.0010000000474974513,5.293308258056641,5.785358428955078,5.258344650268555,5.750349044799805
MLP_base_MAE,42,4,34,0.0010000000474974513,5.2901225090026855,5.8102803230285645,5.255075931549072,5.775190353393555
MLP_base_MAE,42,4,35,0.0010000000474974513,5.277277946472168,5.790321350097656,5.242147922515869,5.755147933959961
MLP_base_MAE,42,4,36,0.0010000000474974513,5.26506233215332,5.819331169128418,5.229855537414551,5.784083366394043
MLP_base_MAE,42,4,37,0.0010000000474974513,5.229358196258545,5.824069023132324,5.194074630737305,5.7887444496154785
MLP_base_MAE,42,4,38,0.0010000000474974513,5.221092700958252,5.847411155700684,5.185732841491699,5.812008857727051
MLP_base_MAE,42,4,39,0.0010000000474974513,5.214842796325684,5.8258819580078125,5.179403781890869,5.790401458740234
MLP_base_MAE,42,4,40,0.0010000000474974513,5.195493698120117,5.8387532234191895,5.159976482391357,5.803194522857666
MLP_base_MAE,42,4,41,0.0010000000474974513,5.1866068840026855,5.845388412475586,5.151012420654297,5.809751033782959
MLP_base_MAE,42,4,42,0.0010000000474974513,5.204659461975098,5.855510711669922,5.168987274169922,5.819794178009033
MLP_base_MAE,42,4,43,0.0010000000474974513,5.181825160980225,5.872539520263672,5.1460723876953125,5.836746692657471
MLP_base_MAE,42,4,44,0.0010000000474974513,5.176777362823486,5.830183506011963,5.140942096710205,5.794299602508545
MLP_base_MAE,42,4,45,0.0010000000474974513,5.170121669769287,5.869503498077393,5.134200096130371,5.8335347175598145
MLP_base_MAE,42,4,46,0.0010000000474974513,5.113280773162842,5.845849514007568,5.077278137207031,5.809805870056152
MLP_base_MAE,42,4,47,0.0010000000474974513,5.127214431762695,5.855457305908203,5.091125965118408,5.8193182945251465
MLP_base_MAE,42,4,48,0.0010000000474974513,5.139891624450684,5.863287925720215,5.103713512420654,5.8270649909973145
MLP_base_MAE,42,4,49,0.0010000000474974513,5.134576320648193,5.837416172027588,5.098315715789795,5.801113605499268
MLP_base_MAE,42,4,50,0.0010000000474974513,5.095439434051514,5.830706596374512,5.059103488922119,5.7943291664123535
MLP_base_MAE,42,4,51,0.0010000000474974513,5.116491317749023,5.8254876136779785,5.080072402954102,5.789022922515869
MLP_base_MAE,42,4,52,0.0010000000474974513,5.054593086242676,5.841790199279785,5.018093109130859,5.805243015289307
MLP_base_MAE,42,4,53,0.0010000000474974513,5.133894920349121,5.8654069900512695,5.097306251525879,5.828771114349365
MLP_base_MAE,42,5,1,0.0010000000474974513,8.654359817504883,8.362062454223633,8.62209701538086,8.32974910736084
MLP_base_MAE,42,5,2,0.0010000000474974513,8.027013778686523,8.0370454788208,7.9946608543396,8.00464916229248
MLP_base_MAE,42,5,3,0.0010000000474974513,7.529535293579102,7.803979396820068,7.497097492218018,7.771493911743164
MLP_base_MAE,42,5,4,0.0010000000474974513,7.036412715911865,7.495899200439453,7.0038886070251465,7.463336944580078
MLP_base_MAE,42,5,5,0.0010000000474974513,6.674357891082764,7.230742454528809,6.641759395599365,7.198101997375488
MLP_base_MAE,42,5,6,0.0010000000474974513,6.370786666870117,6.917811393737793,6.338107585906982,6.885084629058838
MLP_base_MAE,42,5,7,0.0010000000474974513,6.132185459136963,6.722963333129883,6.099416255950928,6.690142631530762
MLP_base_MAE,42,5,8,0.0010000000474974513,5.97540807723999,6.466521263122559,5.942538261413574,6.433597564697266
MLP_base_MAE,42,5,9,0.0010000000474974513,5.809704780578613,6.328049659729004,5.776731491088867,6.295022964477539
MLP_base_MAE,42,5,10,0.0010000000474974513,5.751779079437256,6.234691143035889,5.7187066078186035,6.201562881469727
MLP_base_MAE,42,5,11,0.0010000000474974513,5.655395984649658,6.044662952423096,5.622220993041992,6.0114359855651855
MLP_base_MAE,42,5,12,0.0010000000474974513,5.6836652755737305,6.101016521453857,5.650393486022949,6.067691326141357
MLP_base_MAE,42,5,13,0.0010000000474974513,5.593998432159424,6.060628890991211,5.5606279373168945,6.027210235595703
MLP_base_MAE,42,5,14,0.0010000000474974513,5.58274507522583,6.006210803985596,5.549288749694824,5.972713470458984
MLP_base_MAE,42,5,15,0.0010000000474974513,5.548766136169434,6.0114006996154785,5.5152268409729,5.977814197540283
MLP_base_MAE,42,5,16,0.0010000000474974513,5.533431529998779,5.916245937347412,5.499809265136719,5.882580280303955
MLP_base_MAE,42,5,17,0.0010000000474974513,5.54284143447876,5.940070152282715,5.509132385253906,5.906310558319092
MLP_base_MAE,42,5,18,0.0010000000474974513,5.49694299697876,5.948409557342529,5.463141918182373,5.914559841156006
MLP_base_MAE,42,5,19,0.0010000000474974513,5.490323543548584,5.916126728057861,5.456432819366455,5.882187366485596
MLP_base_MAE,42,5,20,0.0010000000474974513,5.485979080200195,5.905080795288086,5.451998710632324,5.8710503578186035
MLP_base_MAE,42,5,21,0.0010000000474974513,5.49476432800293,5.910451412200928,5.460689067840576,5.876327037811279
MLP_base_MAE,42,5,22,0.0010000000474974513,5.453603744506836,5.90554666519165,5.41943359375,5.871329307556152
MLP_base_MAE,42,5,23,0.0010000000474974513,5.417659282684326,5.896524906158447,5.383400917053223,5.862218856811523
MLP_base_MAE,42,5,24,0.0010000000474974513,5.408424377441406,5.8682379722595215,5.374080181121826,5.8338470458984375
MLP_base_MAE,42,5,25,0.0010000000474974513,5.426743030548096,5.85288667678833,5.39231538772583,5.818418502807617
MLP_base_MAE,42,5,26,0.0010000000474974513,5.4005126953125,5.856594085693359,5.36600399017334,5.82203483581543
MLP_base_MAE,42,5,27,0.0010000000474974513,5.376065254211426,5.879351615905762,5.341464519500732,5.844710826873779
MLP_base_MAE,42,5,28,0.0010000000474974513,5.342593193054199,5.869630336761475,5.307910442352295,5.834897994995117
MLP_base_MAE,42,5,29,0.0010000000474974513,5.358153343200684,5.849130153656006,5.323374271392822,5.814298152923584
MLP_base_MAE,42,5,30,0.0010000000474974513,5.281965255737305,5.852276802062988,5.247089862823486,5.817352771759033
MLP_base_MAE,42,5,31,0.0010000000474974513,5.332529544830322,5.838558197021484,5.2975568771362305,5.803531646728516
MLP_base_MAE,42,5,32,0.0010000000474974513,5.327061653137207,5.871314525604248,5.291994571685791,5.836199760437012
MLP_base_MAE,42,5,33,0.0010000000474974513,5.327141761779785,5.864693641662598,5.291982173919678,5.829484462738037
MLP_base_MAE,42,5,34,0.0010000000474974513,5.3103861808776855,5.858802795410156,5.275139331817627,5.823511123657227
MLP_base_MAE,42,5,35,0.0010000000474974513,5.329626083374023,5.863372325897217,5.294289588928223,5.827993869781494
MLP_base_MAE,42,5,36,0.0010000000474974513,5.32785701751709,5.87141752243042,5.2924323081970215,5.835942268371582
MLP_base_MAE,42,5,37,0.0010000000474974513,5.2952752113342285,5.854481220245361,5.259762287139893,5.8189287185668945
MLP_base_MAE,42,5,38,0.0010000000474974513,5.316953659057617,5.912760257720947,5.281361103057861,5.8771209716796875
MLP_base_MAE,42,5,39,0.0010000000474974513,5.25996208190918,5.8995585441589355,5.224277019500732,5.86382532119751
MLP_base_MAE,42,5,40,0.0010000000474974513,5.260087490081787,5.8642578125,5.224318027496338,5.828442573547363
MLP_base_MAE,42,5,41,0.0010000000474974513,5.241520881652832,5.853249549865723,5.205663681030273,5.817348480224609
MLP_base_MAE,42,5,42,0.0010000000474974513,5.233327388763428,5.922473907470703,5.1973772048950195,5.886467456817627
MLP_base_MAE,42,5,43,0.0010000000474974513,5.197969436645508,5.888796806335449,5.161918640136719,5.8527021408081055
MLP_base_MAE,42,5,44,0.0010000000474974513,5.211491584777832,5.8862104415893555,5.17535400390625,5.850021839141846
MLP_base_MAE,42,5,45,0.0010000000474974513,5.189777374267578,5.937009811401367,5.153544902801514,5.900726795196533
MLP_base_MAE,42,5,46,0.0010000000474974513,5.181244850158691,5.936267375946045,5.144919395446777,5.899891376495361
MLP_base_MAE,42,5,47,0.0010000000474974513,5.164377689361572,5.916354656219482,5.127957344055176,5.879889965057373
MLP_base_MAE,42,5,48,0.0010000000474974513,5.187671661376953,5.905179023742676,5.151165962219238,5.868625164031982
MLP_base_MAE,42,5,49,0.0010000000474974513,5.1799468994140625,5.945154666900635,5.143345355987549,5.908498764038086
MLP_base_MAE,42,5,50,0.0010000000474974513,5.09873104095459,5.905224800109863,5.062033176422119,5.868481159210205
MLP_base_MAE,42,5,51,0.0010000000474974513,5.156795501708984,5.947500705718994,5.120013236999512,5.910670757293701
MLP_base_MAE,42,5,52,0.0010000000474974513,5.101752281188965,5.908637523651123,5.064879894256592,5.871717929840088
MLP_base_MAE,42,5,53,0.0010000000474974513,5.128178119659424,5.9189863204956055,5.091212749481201,5.881968975067139
MLP_base_MAE,42,5,54,0.0010000000474974513,5.114092826843262,5.910186767578125,5.077028751373291,5.873068332672119
MLP_base_MAE,42,5,55,0.0010000000474974513,5.137223243713379,5.92872953414917,5.100058078765869,5.891514301300049
MLP_base_MAE,42,5,56,0.0010000000474974513,5.128477096557617,5.940307140350342,5.091209888458252,5.902978897094727
MLP_small_RLR_MAE,42,1,1,0.0010000000474974513,8.348909378051758,8.51253890991211,8.293417930603027,8.457077026367188
MLP_small_RLR_MAE,42,1,2,0.0010000000474974513,8.096660614013672,8.284150123596191,8.041207313537598,8.228711128234863
MLP_small_RLR_MAE,42,1,3,0.0010000000474974513,7.891500473022461,8.065948486328125,7.836070537567139,8.010531425476074
MLP_small_RLR_MAE,42,1,4,0.0010000000474974513,7.68801212310791,7.961660385131836,7.632604598999023,7.9062604904174805
MLP_small_RLR_MAE,42,1,5,0.0010000000474974513,7.557733058929443,7.891526699066162,7.502333641052246,7.836122512817383
MLP_small_RLR_MAE,42,1,6,0.0010000000474974513,7.374275207519531,7.871953964233398,7.318866729736328,7.816539287567139
MLP_small_RLR_MAE,42,1,7,0.0010000000474974513,7.169843673706055,7.778316020965576,7.114424705505371,7.722892761230469
MLP_small_RLR_MAE,42,1,8,0.0010000000474974513,6.992148399353027,7.6169633865356445,6.9367194175720215,7.561529159545898
MLP_small_RLR_MAE,42,1,9,0.0010000000474974513,6.85692834854126,7.432429313659668,6.801489353179932,7.376979351043701
MLP_small_RLR_MAE,42,1,10,0.0010000000474974513,6.685187339782715,7.289697170257568,6.629725933074951,7.234227180480957
MLP_small_RLR_MAE,42,1,11,0.0010000000474974513,6.581161975860596,7.150578498840332,6.525681495666504,7.095086574554443
MLP_small_RLR_MAE,42,1,12,0.0010000000474974513,6.422846794128418,7.0565643310546875,6.367344379425049,7.001047134399414
MLP_small_RLR_MAE,42,1,13,0.0010000000474974513,6.331752777099609,6.907167911529541,6.276228904724121,6.851634979248047
MLP_small_RLR_MAE,42,1,14,0.0010000000474974513,6.196650981903076,6.827611446380615,6.141110897064209,6.772064208984375
MLP_small_RLR_MAE,42,1,15,0.0010000000474974513,6.118417739868164,6.765133380889893,6.062856674194336,6.7095561027526855
MLP_small_RLR_MAE,42,1,16,0.0010000000474974513,6.100914001464844,6.675937175750732,6.045319080352783,6.620321750640869
MLP_small_RLR_MAE,42,1,17,0.0010000000474974513,5.995002746582031,6.556041240692139,5.939379692077637,6.500411033630371
MLP_small_RLR_MAE,42,1,18,0.0010000000474974513,5.996393203735352,6.386414051055908,5.940756320953369,6.330776214599609
MLP_small_RLR_MAE,42,1,19,0.0010000000474974513,5.900449752807617,6.215216159820557,5.844812393188477,6.159582138061523
MLP_small_RLR_MAE,42,1,20,0.0010000000474974513,5.865027904510498,6.159391403198242,5.809398651123047,6.103762626647949
MLP_small_RLR_MAE,42,1,21,0.0010000000474974513,5.833361625671387,6.10950231552124,5.777730941772461,6.053865909576416
MLP_small_RLR_MAE,42,1,22,0.0010000000474974513,5.8268890380859375,6.042818069458008,5.771247386932373,5.987168312072754
MLP_small_RLR_MAE,42,1,23,0.0010000000474974513,5.756567478179932,5.956191062927246,5.700915813446045,5.900537490844727
MLP_small_RLR_MAE,42,1,24,0.0010000000474974513,5.786712169647217,5.931926727294922,5.731057643890381,5.876271724700928
MLP_small_RLR_MAE,42,1,25,0.0010000000474974513,5.728927135467529,5.946774959564209,5.673272132873535,5.89111852645874
MLP_small_RLR_MAE,42,1,26,0.0010000000474974513,5.730081081390381,5.900806427001953,5.674420356750488,5.845136642456055
MLP_small_RLR_MAE,42,1,27,0.0010000000474974513,5.780326843261719,5.8856048583984375,5.724650859832764,5.829920291900635
MLP_small_RLR_MAE,42,1,28,0.0010000000474974513,5.692203521728516,5.899827003479004,5.636513710021973,5.844135761260986
MLP_small_RLR_MAE,42,1,29,0.0010000000474974513,5.658453464508057,5.88718843460083,5.602766513824463,5.831508636474609
MLP_small_RLR_MAE,42,1,30,0.0010000000474974513,5.729847431182861,5.855780601501465,5.674173355102539,5.800108909606934
MLP_small_RLR_MAE,42,1,31,0.0010000000474974513,5.7217793464660645,5.8198065757751465,5.666106224060059,5.764127254486084
MLP_small_RLR_MAE,42,1,32,0.0010000000474974513,5.663264274597168,5.810946464538574,5.607583522796631,5.75526237487793
MLP_small_RLR_MAE,42,1,33,0.0010000000474974513,5.67148494720459,5.782847881317139,5.615797519683838,5.727160453796387
MLP_small_RLR_MAE,42,1,34,0.0010000000474974513,5.750091552734375,5.7616705894470215,5.694409370422363,5.705993175506592
MLP_small_RLR_MAE,42,1,35,0.0010000000474974513,5.654975414276123,5.75004768371582,5.59930419921875,5.694381237030029
MLP_small_RLR_MAE,42,1,36,0.0010000000474974513,5.609324932098389,5.761457443237305,5.553654670715332,5.705777168273926
MLP_small_RLR_MAE,42,1,37,0.0010000000474974513,5.644562721252441,5.768122673034668,5.588876724243164,5.712429523468018
MLP_small_RLR_MAE,42,1,38,0.0010000000474974513,5.663490295410156,5.740800857543945,5.607795715332031,5.685103416442871
MLP_small_RLR_MAE,42,1,39,0.0010000000474974513,5.700865745544434,5.747798442840576,5.6451616287231445,5.692082405090332
MLP_small_RLR_MAE,42,1,40,0.0010000000474974513,5.604013442993164,5.742953300476074,5.548287391662598,5.687219619750977
MLP_small_RLR_MAE,42,1,41,0.0010000000474974513,5.654106616973877,5.7439398765563965,5.598368167877197,5.688198089599609
MLP_small_RLR_MAE,42,1,42,0.0010000000474974513,5.645240306854248,5.752116680145264,5.589500904083252,5.696383476257324
MLP_small_RLR_MAE,42,1,43,0.0010000000474974513,5.657020092010498,5.752500534057617,5.601287364959717,5.696770668029785
MLP_small_RLR_MAE,42,1,44,0.0010000000474974513,5.560692310333252,5.767254829406738,5.504964351654053,5.711529731750488
MLP_small_RLR_MAE,42,1,45,0.0010000000474974513,5.631824016571045,5.770188331604004,5.5760955810546875,5.714455604553223
MLP_small_RLR_MAE,42,1,46,0.0010000000474974513,5.5657806396484375,5.766006946563721,5.510048866271973,5.710277080535889
MLP_small_RLR_MAE,42,1,47,0.0005000000237487257,5.616162300109863,5.753454208374023,5.560436248779297,5.697732925415039
MLP_small_RLR_MAE,42,1,48,0.0005000000237487257,5.510094165802002,5.75751256942749,5.454377174377441,5.701803207397461
MLP_small_RLR_MAE,42,1,49,0.0005000000237487257,5.607945919036865,5.755826950073242,5.552238464355469,5.700125217437744
MLP_small_RLR_MAE,42,1,50,0.0005000000237487257,5.637476444244385,5.747222423553467,5.581782817840576,5.691539287567139
MLP_small_RLR_MAE,42,1,51,0.0005000000237487257,5.585799217224121,5.7515459060668945,5.530125141143799,5.695886135101318
MLP_small_RLR_MAE,42,1,52,0.0005000000237487257,5.635258197784424,5.750824451446533,5.579610347747803,5.6951904296875
MLP_small_RLR_MAE,42,1,53,0.0005000000237487257,5.572421550750732,5.752108097076416,5.5167927742004395,5.696485996246338
MLP_small_RLR_MAE,42,1,54,0.0005000000237487257,5.640129089355469,5.759932994842529,5.5845136642456055,5.70432710647583
MLP_small_RLR_MAE,42,1,55,0.0002500000118743628,5.551837921142578,5.757940292358398,5.4962358474731445,5.702347278594971
MLP_small_RLR_MAE,42,1,56,0.0002500000118743628,5.478866100311279,5.751962661743164,5.42327880859375,5.696383953094482
MLP_small_RLR_MAE,42,1,57,0.0002500000118743628,5.570480823516846,5.742998123168945,5.514909744262695,5.687437534332275
MLP_small_RLR_MAE,42,1,58,0.0002500000118743628,5.613330364227295,5.7457404136657715,5.55777645111084,5.690191745758057
MLP_small_RLR_MAE,42,1,59,0.0002500000118743628,5.55549430847168,5.750411033630371,5.499948024749756,5.694870471954346
MLP_small_RLR_MAE,42,1,60,0.0002500000118743628,5.583516597747803,5.751786231994629,5.527978897094727,5.696255207061768
MLP_small_RLR_MAE,42,1,61,0.0002500000118743628,5.543475151062012,5.748517990112305,5.487949848175049,5.692998886108398
MLP_small_RLR_MAE,42,1,62,0.0002500000118743628,5.554018497467041,5.744077682495117,5.498503684997559,5.688567161560059
MLP_small_RLR_MAE,42,1,63,0.0001250000059371814,5.502407550811768,5.741372108459473,5.446899890899658,5.685867786407471
MLP_small_RLR_MAE,42,2,1,0.0010000000474974513,8.959623336791992,8.741209983825684,8.9033784866333,8.685023307800293
MLP_small_RLR_MAE,42,2,2,0.0010000000474974513,8.70515251159668,8.572229385375977,8.648992538452148,8.516095161437988
MLP_small_RLR_MAE,42,2,3,0.0010000000474974513,8.444893836975098,8.394926071166992,8.388779640197754,8.338833808898926
MLP_small_RLR_MAE,42,2,4,0.0010000000474974513,8.20340633392334,8.237320899963379,8.147336959838867,8.1812744140625
MLP_small_RLR_MAE,42,2,5,0.0010000000474974513,7.988499641418457,8.113736152648926,7.932464599609375,8.057714462280273
MLP_small_RLR_MAE,42,2,6,0.0010000000474974513,7.788687705993652,7.999301910400391,7.732675075531006,7.943302631378174
MLP_small_RLR_MAE,42,2,7,0.0010000000474974513,7.595564365386963,7.782661437988281,7.539574146270752,7.726683139801025
MLP_small_RLR_MAE,42,2,8,0.0010000000474974513,7.382382869720459,7.620650768280029,7.326407432556152,7.564675807952881
MLP_small_RLR_MAE,42,2,9,0.0010000000474974513,7.213821887969971,7.493104934692383,7.1578450202941895,7.437132358551025
MLP_small_RLR_MAE,42,2,10,0.0010000000474974513,7.030747890472412,7.337959289550781,6.974781036376953,7.2819976806640625
MLP_small_RLR_MAE,42,2,11,0.0010000000474974513,6.868132591247559,7.154595851898193,6.812172889709473,7.098638534545898
MLP_small_RLR_MAE,42,2,12,0.0010000000474974513,6.660295009613037,6.986791610717773,6.604341983795166,6.930843830108643
MLP_small_RLR_MAE,42,2,13,0.0010000000474974513,6.5522966384887695,6.848935127258301,6.496357440948486,6.793008327484131
MLP_small_RLR_MAE,42,2,14,0.0010000000474974513,6.461981296539307,6.640228748321533,6.406073570251465,6.5843400955200195
MLP_small_RLR_MAE,42,2,15,0.0010000000474974513,6.335831165313721,6.469027042388916,6.27994966506958,6.4131550788879395
MLP_small_RLR_MAE,42,2,16,0.0010000000474974513,6.270298004150391,6.303946018218994,6.2144365310668945,6.248096466064453
MLP_small_RLR_MAE,42,2,17,0.0010000000474974513,6.158533096313477,6.301047325134277,6.102680683135986,6.245187282562256
MLP_small_RLR_MAE,42,2,18,0.0010000000474974513,6.037468910217285,6.2820820808410645,5.981606960296631,6.226226329803467
MLP_small_RLR_MAE,42,2,19,0.0010000000474974513,5.9944844245910645,6.1474199295043945,5.938638687133789,6.091587066650391
MLP_small_RLR_MAE,42,2,20,0.0010000000474974513,5.915214538574219,6.071905136108398,5.8593854904174805,6.016082286834717
MLP_small_RLR_MAE,42,2,21,0.0010000000474974513,5.916726112365723,6.015155792236328,5.8609089851379395,5.9593424797058105
MLP_small_RLR_MAE,42,2,22,0.0010000000474974513,5.877527236938477,6.005414962768555,5.821717262268066,5.949610233306885
MLP_small_RLR_MAE,42,2,23,0.0010000000474974513,5.868835926055908,5.974027633666992,5.813040256500244,5.918237686157227
MLP_small_RLR_MAE,42,2,24,0.0010000000474974513,5.794888019561768,5.931487560272217,5.739109992980957,5.875728130340576
MLP_small_RLR_MAE,42,2,25,0.0010000000474974513,5.787609577178955,5.91813325881958,5.731870651245117,5.8624114990234375
MLP_small_RLR_MAE,42,2,26,0.0010000000474974513,5.776843070983887,5.898423671722412,5.721126556396484,5.842720031738281
MLP_small_RLR_MAE,42,2,27,0.0010000000474974513,5.750988006591797,5.860546112060547,5.695300579071045,5.804873943328857
MLP_small_RLR_MAE,42,2,28,0.0010000000474974513,5.741306304931641,5.8558549880981445,5.685647964477539,5.800214767456055
MLP_small_RLR_MAE,42,2,29,0.0010000000474974513,5.701388359069824,5.839076995849609,5.645751953125,5.783442974090576
MLP_small_RLR_MAE,42,2,30,0.0010000000474974513,5.728516578674316,5.847565650939941,5.672878742218018,5.791930675506592
MLP_small_RLR_MAE,42,2,31,0.0010000000474974513,5.752386569976807,5.8593831062316895,5.6967620849609375,5.803770542144775
MLP_small_RLR_MAE,42,2,32,0.0010000000474974513,5.690896987915039,5.85321044921875,5.6352996826171875,5.797632217407227
MLP_small_RLR_MAE,42,2,33,0.0010000000474974513,5.6639604568481445,5.852302551269531,5.608391761779785,5.7967448234558105
MLP_small_RLR_MAE,42,2,34,0.0010000000474974513,5.724360466003418,5.847623348236084,5.668804168701172,5.792067527770996
MLP_small_RLR_MAE,42,2,35,0.0010000000474974513,5.688374042510986,5.855884552001953,5.632826328277588,5.800346374511719
MLP_small_RLR_MAE,42,2,36,0.0010000000474974513,5.6456098556518555,5.840176582336426,5.590086936950684,5.784672260284424
MLP_small_RLR_MAE,42,2,37,0.0010000000474974513,5.654971599578857,5.8369550704956055,5.599475860595703,5.781461715698242
MLP_small_RLR_MAE,42,2,38,0.0010000000474974513,5.63301420211792,5.827357769012451,5.577529430389404,5.771889686584473
MLP_small_RLR_MAE,42,2,39,0.0010000000474974513,5.672868728637695,5.824529647827148,5.617417812347412,5.769094944000244
MLP_small_RLR_MAE,42,2,40,0.0010000000474974513,5.605518341064453,5.821096897125244,5.550095558166504,5.765691757202148
MLP_small_RLR_MAE,42,2,41,0.0010000000474974513,5.610172271728516,5.831979274749756,5.554785251617432,5.776606559753418
MLP_small_RLR_MAE,42,2,42,0.0010000000474974513,5.6450629234313965,5.8534440994262695,5.589697360992432,5.798089981079102
MLP_small_RLR_MAE,42,2,43,0.0010000000474974513,5.624998092651367,5.850648403167725,5.569651126861572,5.79530668258667
MLP_small_RLR_MAE,42,2,44,0.0010000000474974513,5.599593639373779,5.858675003051758,5.54425573348999,5.8033366203308105
MLP_small_RLR_MAE,42,2,45,0.0010000000474974513,5.6175665855407715,5.845291614532471,5.56223201751709,5.789960861206055
MLP_small_RLR_MAE,42,2,46,0.0010000000474974513,5.5807695388793945,5.851269721984863,5.525450706481934,5.795961380004883
MLP_small_RLR_MAE,42,2,47,0.0010000000474974513,5.639504432678223,5.8610382080078125,5.58420467376709,5.805750370025635
MLP_small_RLR_MAE,42,2,48,0.0010000000474974513,5.603909015655518,5.852072715759277,5.5486297607421875,5.7967963218688965
MLP_small_RLR_MAE,42,2,49,0.0005000000237487257,5.608915328979492,5.847124099731445,5.553650856018066,5.791876792907715
MLP_small_RLR_MAE,42,2,50,0.0005000000237487257,5.541118144989014,5.839321136474609,5.485888481140137,5.784111022949219
MLP_small_RLR_MAE,42,2,51,0.0005000000237487257,5.5799713134765625,5.838550567626953,5.524776458740234,5.7833733558654785
MLP_small_RLR_MAE,42,2,52,0.0005000000237487257,5.579259872436523,5.846863269805908,5.52409553527832,5.791715145111084
MLP_small_RLR_MAE,42,2,53,0.0005000000237487257,5.610302448272705,5.851872444152832,5.555169105529785,5.796756267547607
MLP_small_RLR_MAE,42,2,54,0.0005000000237487257,5.582206726074219,5.852743625640869,5.527104377746582,5.7976555824279785
MLP_small_RLR_MAE,42,2,55,0.0005000000237487257,5.549045085906982,5.851988315582275,5.49397087097168,5.796926975250244
MLP_small_RLR_MAE,42,2,56,0.0005000000237487257,5.600124835968018,5.8483147621154785,5.545071125030518,5.793269157409668
MLP_small_RLR_MAE,42,2,57,0.0002500000118743628,5.5644850730896,5.84633731842041,5.509446144104004,5.791305065155029
MLP_small_RLR_MAE,42,2,58,0.0002500000118743628,5.5804057121276855,5.848804473876953,5.5253825187683105,5.793791770935059
MLP_small_RLR_MAE,42,2,59,0.0002500000118743628,5.52862548828125,5.850572109222412,5.473622798919678,5.795582294464111
MLP_small_RLR_MAE,42,2,60,0.0002500000118743628,5.552817344665527,5.853072643280029,5.497838020324707,5.798102378845215
MLP_small_RLR_MAE,42,2,61,0.0002500000118743628,5.57167387008667,5.8538408279418945,5.5167107582092285,5.798888683319092
MLP_small_RLR_MAE,42,2,62,0.0002500000118743628,5.545797824859619,5.851068019866943,5.490853786468506,5.796133041381836
MLP_small_RLR_MAE,42,2,63,0.0002500000118743628,5.525794506072998,5.8516387939453125,5.47086763381958,5.796721935272217
MLP_small_RLR_MAE,42,2,64,0.0002500000118743628,5.538601398468018,5.852659702301025,5.483696460723877,5.797765731811523
MLP_small_RLR_MAE,42,2,65,0.0001250000059371814,5.514856338500977,5.8536200523376465,5.459968566894531,5.798738479614258
MLP_small_RLR_MAE,42,3,1,0.0010000000474974513,8.955521583557129,8.365047454833984,8.899836540222168,8.309418678283691
MLP_small_RLR_MAE,42,3,2,0.0010000000474974513,8.656434059143066,8.119386672973633,8.600841522216797,8.063838958740234
MLP_small_RLR_MAE,42,3,3,0.0010000000474974513,8.39491081237793,7.898955821990967,8.339402198791504,7.843489646911621
MLP_small_RLR_MAE,42,3,4,0.0010000000474974513,8.119260787963867,7.701923370361328,8.063830375671387,7.6465301513671875
MLP_small_RLR_MAE,42,3,5,0.0010000000474974513,7.899684906005859,7.495847702026367,7.84432315826416,7.44052267074585
MLP_small_RLR_MAE,42,3,6,0.0010000000474974513,7.664813041687012,7.444343090057373,7.609516620635986,7.389071464538574
MLP_small_RLR_MAE,42,3,7,0.0010000000474974513,7.458989143371582,7.45002555847168,7.403726577758789,7.394772529602051
MLP_small_RLR_MAE,42,3,8,0.0010000000474974513,7.253974437713623,7.370051383972168,7.198733329772949,7.314820766448975
MLP_small_RLR_MAE,42,3,9,0.0010000000474974513,7.043661594390869,7.277080059051514,6.988426685333252,7.221837043762207
MLP_small_RLR_MAE,42,3,10,0.0010000000474974513,6.848108768463135,7.066977024078369,6.792857646942139,7.011723041534424
MLP_small_RLR_MAE,42,3,11,0.0010000000474974513,6.668121814727783,6.796718120574951,6.612862586975098,6.741456508636475
MLP_small_RLR_MAE,42,3,12,0.0010000000474974513,6.499347686767578,6.650524616241455,6.444086074829102,6.595266819000244
MLP_small_RLR_MAE,42,3,13,0.0010000000474974513,6.353957176208496,6.565164566040039,6.298695087432861,6.509896755218506
MLP_small_RLR_MAE,42,3,14,0.0010000000474974513,6.231516361236572,6.4505743980407715,6.176242351531982,6.395293712615967
MLP_small_RLR_MAE,42,3,15,0.0010000000474974513,6.127110004425049,6.384690761566162,6.071820259094238,6.329390048980713
MLP_small_RLR_MAE,42,3,16,0.0010000000474974513,6.058498859405518,6.381979465484619,6.003187656402588,6.326646327972412
MLP_small_RLR_MAE,42,3,17,0.0010000000474974513,5.968356609344482,6.283112049102783,5.9130072593688965,6.227749824523926
MLP_small_RLR_MAE,42,3,18,0.0010000000474974513,5.902951240539551,6.258093357086182,5.84758996963501,6.2027411460876465
MLP_small_RLR_MAE,42,3,19,0.0010000000474974513,5.871925354003906,6.184858322143555,5.816582679748535,6.1295247077941895
MLP_small_RLR_MAE,42,3,20,0.0010000000474974513,5.850705146789551,6.099894046783447,5.795373439788818,6.044558525085449
MLP_small_RLR_MAE,42,3,21,0.0010000000474974513,5.812903881072998,6.093384265899658,5.757567882537842,6.0380473136901855
MLP_small_RLR_MAE,42,3,22,0.0010000000474974513,5.780736923217773,6.055428504943848,5.725396633148193,6.000081539154053
MLP_small_RLR_MAE,42,3,23,0.0010000000474974513,5.791480541229248,6.03373908996582,5.7361226081848145,5.978374481201172
MLP_small_RLR_MAE,42,3,24,0.0010000000474974513,5.781763553619385,6.045194625854492,5.726396560668945,5.989828109741211
MLP_small_RLR_MAE,42,3,25,0.0010000000474974513,5.766575336456299,6.021695613861084,5.7112202644348145,5.9663519859313965
MLP_small_RLR_MAE,42,3,26,0.0010000000474974513,5.755810260772705,6.022012710571289,5.700480937957764,5.966700077056885
MLP_small_RLR_MAE,42,3,27,0.0010000000474974513,5.757946491241455,6.0140275955200195,5.702651023864746,5.958752155303955
MLP_small_RLR_MAE,42,3,28,0.0010000000474974513,5.727840900421143,5.99793815612793,5.672579765319824,5.942685604095459
MLP_small_RLR_MAE,42,3,29,0.0010000000474974513,5.717558860778809,5.993588447570801,5.662308216094971,5.938344955444336
MLP_small_RLR_MAE,42,3,30,0.0010000000474974513,5.717157363891602,6.005494594573975,5.661922931671143,5.950266361236572
MLP_small_RLR_MAE,42,3,31,0.0010000000474974513,5.731277942657471,6.002491474151611,5.676055431365967,5.9472784996032715
MLP_small_RLR_MAE,42,3,32,0.0010000000474974513,5.710788249969482,6.002549648284912,5.6555986404418945,5.947386741638184
MLP_small_RLR_MAE,42,3,33,0.0010000000474974513,5.717822551727295,6.006135940551758,5.662680625915527,5.9510064125061035
MLP_small_RLR_MAE,42,3,34,0.0010000000474974513,5.6883087158203125,6.013167858123779,5.633190155029297,5.958066463470459
MLP_small_RLR_MAE,42,3,35,0.0010000000474974513,5.703829288482666,6.01639986038208,5.648731231689453,5.961308002471924
MLP_small_RLR_MAE,42,3,36,0.0010000000474974513,5.663122177124023,6.001876354217529,5.608052730560303,5.946822643280029
MLP_small_RLR_MAE,42,3,37,0.0010000000474974513,5.638614177703857,5.993713855743408,5.5835747718811035,5.938689708709717
MLP_small_RLR_MAE,42,3,38,0.0005000000237487257,5.6288042068481445,5.996509552001953,5.573794364929199,5.941519737243652
MLP_small_RLR_MAE,42,3,39,0.0005000000237487257,5.6898932456970215,6.015498161315918,5.634922981262207,5.960548400878906
MLP_small_RLR_MAE,42,3,40,0.0005000000237487257,5.620788097381592,6.011794567108154,5.56585693359375,5.956881999969482
MLP_small_RLR_MAE,42,3,41,0.0005000000237487257,5.612410545349121,6.006272792816162,5.557511806488037,5.951388359069824
MLP_small_RLR_MAE,42,3,42,0.0005000000237487257,5.628765106201172,6.003125190734863,5.573897838592529,5.948277950286865
MLP_small_RLR_MAE,42,3,43,0.0005000000237487257,5.676452159881592,6.016731262207031,5.621627330780029,5.961929798126221
MLP_small_RLR_MAE,42,3,44,0.0005000000237487257,5.675937652587891,6.013557434082031,5.62115478515625,5.958793640136719
MLP_small_RLR_MAE,42,3,45,0.0005000000237487257,5.677926540374756,6.0127105712890625,5.623180866241455,5.957983016967773
MLP_small_RLR_MAE,42,3,46,0.0002500000118743628,5.62628698348999,6.009150981903076,5.571568489074707,5.954444408416748
MLP_small_RLR_MAE,42,3,47,0.0002500000118743628,5.649148464202881,6.008910179138184,5.594451904296875,5.95422887802124
MLP_small_RLR_MAE,42,3,48,0.0002500000118743628,5.627155780792236,6.014082908630371,5.572488307952881,5.959432601928711
MLP_small_RLR_MAE,42,3,49,0.0002500000118743628,5.579793453216553,6.014767169952393,5.5251569747924805,5.960147380828857
MLP_small_RLR_MAE,42,3,50,0.0002500000118743628,5.569441318511963,6.010251522064209,5.514832496643066,5.9556565284729
MLP_small_RLR_MAE,42,3,51,0.0002500000118743628,5.624993801116943,6.011934757232666,5.570413112640381,5.957365989685059
MLP_small_RLR_MAE,42,3,52,0.0002500000118743628,5.6193976402282715,6.021298408508301,5.564842224121094,5.9667582511901855
MLP_small_RLR_MAE,42,3,53,0.0002500000118743628,5.624162673950195,6.020524501800537,5.569634914398193,5.96600866317749
MLP_small_RLR_MAE,42,3,54,0.0001250000059371814,5.651123523712158,6.016388893127441,5.596614360809326,5.961886405944824
MLP_small_RLR_MAE,42,4,1,0.0010000000474974513,8.331446647644043,8.283387184143066,8.276208877563477,8.22816276550293
MLP_small_RLR_MAE,42,4,2,0.0010000000474974513,8.006969451904297,8.080662727355957,7.951743125915527,8.02544116973877
MLP_small_RLR_MAE,42,4,3,0.0010000000474974513,7.706618785858154,7.78825044631958,7.651407718658447,7.733053207397461
MLP_small_RLR_MAE,42,4,4,0.0010000000474974513,7.459408283233643,7.60470724105835,7.404222011566162,7.549528121948242
MLP_small_RLR_MAE,42,4,5,0.0010000000474974513,7.209229469299316,7.4124755859375,7.154054164886475,7.357301712036133
MLP_small_RLR_MAE,42,4,6,0.0010000000474974513,6.991571426391602,7.20526647567749,6.936393737792969,7.150082588195801
MLP_small_RLR_MAE,42,4,7,0.0010000000474974513,6.7738165855407715,7.028750896453857,6.718628883361816,6.973561763763428
MLP_small_RLR_MAE,42,4,8,0.0010000000474974513,6.610433101654053,6.855064868927002,6.555246829986572,6.79987907409668
MLP_small_RLR_MAE,42,4,9,0.0010000000474974513,6.470750331878662,6.670594215393066,6.415555953979492,6.615394592285156
MLP_small_RLR_MAE,42,4,10,0.0010000000474974513,6.370497703552246,6.530582427978516,6.315299987792969,6.475390911102295
MLP_small_RLR_MAE,42,4,11,0.0010000000474974513,6.207238674163818,6.374660015106201,6.152057647705078,6.319482803344727
MLP_small_RLR_MAE,42,4,12,0.0010000000474974513,6.133098125457764,6.220016002655029,6.0779337882995605,6.164860248565674
MLP_small_RLR_MAE,42,4,13,0.0010000000474974513,6.058535575866699,6.158879280090332,6.003389358520508,6.103739261627197
MLP_small_RLR_MAE,42,4,14,0.0010000000474974513,5.966017723083496,6.060250759124756,5.910886764526367,6.005131721496582
MLP_small_RLR_MAE,42,4,15,0.0010000000474974513,5.94161319732666,6.010422229766846,5.886510372161865,5.955334663391113
MLP_small_RLR_MAE,42,4,16,0.0010000000474974513,5.915683746337891,5.99003791809082,5.860611915588379,5.934981346130371
MLP_small_RLR_MAE,42,4,17,0.0010000000474974513,5.8868632316589355,5.939714431762695,5.831818103790283,5.884675025939941
MLP_small_RLR_MAE,42,4,18,0.0010000000474974513,5.805729866027832,5.899174690246582,5.750702857971191,5.844160556793213
MLP_small_RLR_MAE,42,4,19,0.0010000000474974513,5.825491905212402,5.860698223114014,5.770495414733887,5.80571174621582
MLP_small_RLR_MAE,42,4,20,0.0010000000474974513,5.809553623199463,5.847357749938965,5.754579067230225,5.792392730712891
MLP_small_RLR_MAE,42,4,21,0.0010000000474974513,5.778553009033203,5.839676856994629,5.723605632781982,5.784740447998047
MLP_small_RLR_MAE,42,4,22,0.0010000000474974513,5.76626443862915,5.832162857055664,5.711346626281738,5.777258396148682
MLP_small_RLR_MAE,42,4,23,0.0010000000474974513,5.74752140045166,5.816838264465332,5.692628383636475,5.761950969696045
MLP_small_RLR_MAE,42,4,24,0.0010000000474974513,5.772884845733643,5.7885050773620605,5.718012809753418,5.733651161193848
MLP_small_RLR_MAE,42,4,25,0.0010000000474974513,5.793342590332031,5.7848219871521,5.738505840301514,5.73000431060791
MLP_small_RLR_MAE,42,4,26,0.0010000000474974513,5.78434944152832,5.7758073806762695,5.729553699493408,5.721030235290527
MLP_small_RLR_MAE,42,4,27,0.0010000000474974513,5.744616985321045,5.786336421966553,5.689858913421631,5.73159122467041
MLP_small_RLR_MAE,42,4,28,0.0010000000474974513,5.748744964599609,5.786334991455078,5.6940107345581055,5.731605529785156
MLP_small_RLR_MAE,42,4,29,0.0010000000474974513,5.760406970977783,5.768111228942871,5.705682277679443,5.7133941650390625
MLP_small_RLR_MAE,42,4,30,0.0010000000474974513,5.718909740447998,5.75855827331543,5.664202690124512,5.703855991363525
MLP_small_RLR_MAE,42,4,31,0.0010000000474974513,5.737981796264648,5.767778396606445,5.683298110961914,5.713112831115723
MLP_small_RLR_MAE,42,4,32,0.0010000000474974513,5.727927207946777,5.756783962249756,5.67327880859375,5.702156066894531
MLP_small_RLR_MAE,42,4,33,0.0010000000474974513,5.703463554382324,5.7638115882873535,5.648852348327637,5.709219455718994
MLP_small_RLR_MAE,42,4,34,0.0010000000474974513,5.707087993621826,5.752846717834473,5.652518272399902,5.698301792144775
MLP_small_RLR_MAE,42,4,35,0.0010000000474974513,5.719649791717529,5.7709503173828125,5.665115833282471,5.716422080993652
MLP_small_RLR_MAE,42,4,36,0.0010000000474974513,5.679866790771484,5.7707037925720215,5.625351428985596,5.716197967529297
MLP_small_RLR_MAE,42,4,37,0.0010000000474974513,5.712768077850342,5.771803855895996,5.658271312713623,5.717310905456543
MLP_small_RLR_MAE,42,4,38,0.0010000000474974513,5.723913192749023,5.789091110229492,5.669439315795898,5.7346320152282715
MLP_small_RLR_MAE,42,4,39,0.0010000000474974513,5.651079177856445,5.7901458740234375,5.596640110015869,5.735718250274658
MLP_small_RLR_MAE,42,4,40,0.0010000000474974513,5.650280952453613,5.786168575286865,5.595864772796631,5.731751918792725
MLP_small_RLR_MAE,42,4,41,0.0010000000474974513,5.692122936248779,5.777995586395264,5.637712478637695,5.7235822677612305
MLP_small_RLR_MAE,42,4,42,0.0010000000474974513,5.683908939361572,5.788261890411377,5.62949800491333,5.733853816986084
MLP_small_RLR_MAE,42,4,43,0.0005000000237487257,5.6132307052612305,5.785773754119873,5.558833122253418,5.731390476226807
MLP_small_RLR_MAE,42,4,44,0.0005000000237487257,5.681899547576904,5.7844672203063965,5.627532005310059,5.73011589050293
MLP_small_RLR_MAE,42,4,45,0.0005000000237487257,5.647377014160156,5.779890537261963,5.593047142028809,5.7255859375
MLP_small_RLR_MAE,42,4,46,0.0005000000237487257,5.670624732971191,5.786996364593506,5.616339206695557,5.73272705078125
MLP_small_RLR_MAE,42,4,47,0.0005000000237487257,5.634178638458252,5.78828763961792,5.579926013946533,5.7340497970581055
MLP_small_RLR_MAE,42,4,48,0.0005000000237487257,5.64193868637085,5.788053512573242,5.587716102600098,5.733850002288818
MLP_small_RLR_MAE,42,4,49,0.0005000000237487257,5.6652374267578125,5.780944347381592,5.611048698425293,5.72676944732666
MLP_small_RLR_MAE,42,4,50,0.0005000000237487257,5.605198383331299,5.7735137939453125,5.551042079925537,5.719376087188721
MLP_small_RLR_MAE,42,4,51,0.0002500000118743628,5.643811225891113,5.773953914642334,5.589683532714844,5.719837188720703
MLP_small_RLR_MAE,42,4,52,0.0002500000118743628,5.621035099029541,5.777291297912598,5.566929817199707,5.7231950759887695
MLP_small_RLR_MAE,42,4,53,0.0002500000118743628,5.635649681091309,5.779571056365967,5.58156681060791,5.725499153137207
MLP_small_RLR_MAE,42,4,54,0.0002500000118743628,5.627591133117676,5.775815010070801,5.573530197143555,5.721765518188477
MLP_small_RLR_MAE,42,4,55,0.0002500000118743628,5.6074018478393555,5.7775492668151855,5.553361415863037,5.723518371582031
MLP_small_RLR_MAE,42,4,56,0.0002500000118743628,5.634575366973877,5.780673980712891,5.580557346343994,5.726667881011963
MLP_small_RLR_MAE,42,4,57,0.0002500000118743628,5.631798267364502,5.7870306968688965,5.577800750732422,5.733041763305664
MLP_small_RLR_MAE,42,4,58,0.0002500000118743628,5.631957530975342,5.7917256355285645,5.577978610992432,5.737758636474609
MLP_small_RLR_MAE,42,4,59,0.0001250000059371814,5.575467109680176,5.789239406585693,5.521505355834961,5.735284805297852
MLP_small_RLR_MAE,42,5,1,0.0010000000474974513,8.73873233795166,8.480474472045898,8.683104515075684,8.424886703491211
MLP_small_RLR_MAE,42,5,2,0.0010000000474974513,8.330409049987793,8.186753273010254,8.27485466003418,8.131235122680664
MLP_small_RLR_MAE,42,5,3,0.0010000000474974513,8.010028839111328,7.944337368011475,7.954532146453857,7.8888678550720215
MLP_small_RLR_MAE,42,5,4,0.0010000000474974513,7.727027416229248,7.717709541320801,7.671572208404541,7.662271499633789
MLP_small_RLR_MAE,42,5,5,0.0010000000474974513,7.425907135009766,7.600096702575684,7.370477199554443,7.544674873352051
MLP_small_RLR_MAE,42,5,6,0.0010000000474974513,7.163328170776367,7.43405294418335,7.107910633087158,7.378644943237305
MLP_small_RLR_MAE,42,5,7,0.0010000000474974513,6.96904993057251,7.277989864349365,6.913651943206787,7.222591876983643
MLP_small_RLR_MAE,42,5,8,0.0010000000474974513,6.764499187469482,7.099069595336914,6.70910120010376,7.043676853179932
MLP_small_RLR_MAE,42,5,9,0.0010000000474974513,6.560323715209961,6.900364875793457,6.50492525100708,6.844959735870361
MLP_small_RLR_MAE,42,5,10,0.0010000000474974513,6.396409511566162,6.685731887817383,6.341001510620117,6.630318641662598
MLP_small_RLR_MAE,42,5,11,0.0010000000474974513,6.263982772827148,6.5563201904296875,6.208563804626465,6.500896453857422
MLP_small_RLR_MAE,42,5,12,0.0010000000474974513,6.150778293609619,6.386833190917969,6.095354080200195,6.331406593322754
MLP_small_RLR_MAE,42,5,13,0.0010000000474974513,6.094058036804199,6.232097625732422,6.038640975952148,6.176695823669434
MLP_small_RLR_MAE,42,5,14,0.0010000000474974513,5.986873626708984,6.1691155433654785,5.93149471282959,6.113761901855469
MLP_small_RLR_MAE,42,5,15,0.0010000000474974513,5.887165069580078,6.097350120544434,5.831835746765137,6.04204797744751
MLP_small_RLR_MAE,42,5,16,0.0010000000474974513,5.8746466636657715,6.045724391937256,5.819358825683594,5.990450382232666
MLP_small_RLR_MAE,42,5,17,0.0010000000474974513,5.869706153869629,6.013992786407471,5.814443111419678,5.958744049072266
MLP_small_RLR_MAE,42,5,18,0.0010000000474974513,5.866147518157959,5.980776786804199,5.810924530029297,5.92558479309082
MLP_small_RLR_MAE,42,5,19,0.0010000000474974513,5.852546691894531,5.9466328620910645,5.797362327575684,5.8914570808410645
MLP_small_RLR_MAE,42,5,20,0.0010000000474974513,5.81764554977417,5.921074867248535,5.762482643127441,5.865922451019287
MLP_small_RLR_MAE,42,5,21,0.0010000000474974513,5.791703701019287,5.8843536376953125,5.736576557159424,5.829250335693359
MLP_small_RLR_MAE,42,5,22,0.0010000000474974513,5.832237720489502,5.8868584632873535,5.777151584625244,5.831789493560791
MLP_small_RLR_MAE,42,5,23,0.0010000000474974513,5.752971172332764,5.870189189910889,5.69791841506958,5.815151214599609
MLP_small_RLR_MAE,42,5,24,0.0010000000474974513,5.785891532897949,5.872307300567627,5.730871200561523,5.817307949066162
MLP_small_RLR_MAE,42,5,25,0.0010000000474974513,5.747390270233154,5.867686748504639,5.69241189956665,5.812725067138672
MLP_small_RLR_MAE,42,5,26,0.0010000000474974513,5.7786545753479,5.849140167236328,5.723707675933838,5.79420804977417
MLP_small_RLR_MAE,42,5,27,0.0010000000474974513,5.71593713760376,5.832620143890381,5.661027908325195,5.777744293212891
MLP_small_RLR_MAE,42,5,28,0.0010000000474974513,5.717703819274902,5.844336986541748,5.662854194641113,5.7895002365112305
MLP_small_RLR_MAE,42,5,29,0.0010000000474974513,5.767632007598877,5.855113506317139,5.712806701660156,5.800308704376221
MLP_small_RLR_MAE,42,5,30,0.0010000000474974513,5.731481552124023,5.854001998901367,5.676701068878174,5.799249649047852
MLP_small_RLR_MAE,42,5,31,0.0010000000474974513,5.728998184204102,5.849723815917969,5.674269676208496,5.795012474060059
MLP_small_RLR_MAE,42,5,32,0.0010000000474974513,5.690286636352539,5.84268045425415,5.635592937469482,5.787991523742676
MLP_small_RLR_MAE,42,5,33,0.0010000000474974513,5.748067855834961,5.851181507110596,5.693394184112549,5.796525478363037
MLP_small_RLR_MAE,42,5,34,0.0010000000474974513,5.724416732788086,5.857086658477783,5.66977596282959,5.802460193634033
MLP_small_RLR_MAE,42,5,35,0.0010000000474974513,5.699202537536621,5.847797393798828,5.644603252410889,5.793231010437012
MLP_small_RLR_MAE,42,5,36,0.0005000000237487257,5.718436241149902,5.839535713195801,5.663887023925781,5.78500509262085
MLP_small_RLR_MAE,42,5,37,0.0005000000237487257,5.712578296661377,5.838817596435547,5.6580657958984375,5.784326076507568
MLP_small_RLR_MAE,42,5,38,0.0005000000237487257,5.6931304931640625,5.843899726867676,5.6386542320251465,5.789443492889404
MLP_small_RLR_MAE,42,5,39,0.0005000000237487257,5.700085639953613,5.843506813049316,5.645653247833252,5.789102077484131
MLP_small_RLR_MAE,42,5,40,0.0005000000237487257,5.706337928771973,5.845367908477783,5.651956081390381,5.791013717651367
MLP_small_RLR_MAE,42,5,41,0.0005000000237487257,5.717964172363281,5.848963737487793,5.663630962371826,5.794647216796875
MLP_small_RLR_MAE,42,5,42,0.0005000000237487257,5.67201042175293,5.849340915679932,5.61771297454834,5.795068740844727
MLP_small_RLR_MAE,42,5,43,0.0005000000237487257,5.697660446166992,5.849000930786133,5.643415927886963,5.79478645324707
MLP_small_RLR_MAE,42,5,44,0.0002500000118743628,5.654647350311279,5.8480329513549805,5.600448131561279,5.793848514556885
MLP_small_RLR_MAE,42,5,45,0.0002500000118743628,5.692020416259766,5.846677780151367,5.637847900390625,5.792518138885498
MLP_small_RLR_MAE,42,5,46,0.0002500000118743628,5.716832160949707,5.844074249267578,5.662683010101318,5.789938449859619
MLP_small_RLR_MAE,42,5,47,0.0002500000118743628,5.682889461517334,5.845688343048096,5.6287689208984375,5.791585922241211
MLP_small_RLR_MAE,42,5,48,0.0002500000118743628,5.670243740081787,5.842507839202881,5.616158485412598,5.7884440422058105
MLP_small_RLR_MAE,42,5,49,0.0002500000118743628,5.673591613769531,5.843228340148926,5.619542598724365,5.789193630218506
MLP_small_RLR_MAE,42,5,50,0.0002500000118743628,5.678583145141602,5.841603755950928,5.624562740325928,5.787599086761475
MLP_small_RLR_MAE,42,5,51,0.0002500000118743628,5.686817646026611,5.840140342712402,5.632827281951904,5.786168575286865
MLP_small_RLR_MAE,42,5,52,0.0001250000059371814,5.693224906921387,5.839815616607666,5.639260768890381,5.785861968994141
MLP_small_RLR_Huber,42,1,1,0.0010000000474974513,7.8679094314575195,8.04178237915039,8.292118072509766,8.460018157958984
MLP_small_RLR_Huber,42,1,2,0.0010000000474974513,7.6170654296875,7.8157958984375,8.038578987121582,8.240534782409668
MLP_small_RLR_Huber,42,1,3,0.0010000000474974513,7.416341781616211,7.606232643127441,7.836860656738281,8.033177375793457
MLP_small_RLR_Huber,42,1,4,0.0010000000474974513,7.208667755126953,7.508062839508057,7.629164218902588,7.935678482055664
MLP_small_RLR_Huber,42,1,5,0.0010000000474974513,7.07389497756958,7.445871353149414,7.496828556060791,7.873652935028076
MLP_small_RLR_Huber,42,1,6,0.0010000000474974513,6.892891883850098,7.430143356323242,7.3139119148254395,7.857128620147705
MLP_small_RLR_Huber,42,1,7,0.0010000000474974513,6.687187194824219,7.342153549194336,7.10784912109375,7.769885540008545
MLP_small_RLR_Huber,42,1,8,0.0010000000474974513,6.509796142578125,7.1758599281311035,6.931628704071045,7.602502346038818
MLP_small_RLR_Huber,42,1,9,0.0010000000474974513,6.372541904449463,6.988348484039307,6.792521953582764,7.413456439971924
MLP_small_RLR_Huber,42,1,10,0.0010000000474974513,6.19703483581543,6.847022533416748,6.6183247566223145,7.2744317054748535
MLP_small_RLR_Huber,42,1,11,0.0010000000474974513,6.095681190490723,6.716888904571533,6.516324996948242,7.142454624176025
MLP_small_RLR_Huber,42,1,12,0.0010000000474974513,5.943991661071777,6.607249736785889,6.363709449768066,7.030804634094238
MLP_small_RLR_Huber,42,1,13,0.0010000000474974513,5.84723424911499,6.427077293395996,6.267237663269043,6.845893859863281
MLP_small_RLR_Huber,42,1,14,0.0010000000474974513,5.717050075531006,6.327972412109375,6.1365885734558105,6.747827053070068
MLP_small_RLR_Huber,42,1,15,0.0010000000474974513,5.632457256317139,6.243483543395996,6.052736282348633,6.664350509643555
MLP_small_RLR_Huber,42,1,16,0.0010000000474974513,5.611526012420654,6.157068252563477,6.030006408691406,6.5769429206848145
MLP_small_RLR_Huber,42,1,17,0.0010000000474974513,5.513690948486328,6.052059650421143,5.935098648071289,6.4719624519348145
MLP_small_RLR_Huber,42,1,18,0.0010000000474974513,5.497467994689941,5.90717077255249,5.918943405151367,6.322592735290527
MLP_small_RLR_Huber,42,1,19,0.0010000000474974513,5.420665740966797,5.746604919433594,5.840663909912109,6.1577019691467285
MLP_small_RLR_Huber,42,1,20,0.0010000000474974513,5.372644424438477,5.674511909484863,5.793392181396484,6.086068153381348
MLP_small_RLR_Huber,42,1,21,0.0010000000474974513,5.3612284660339355,5.612405300140381,5.781400680541992,6.025531768798828
MLP_small_RLR_Huber,42,1,22,0.0010000000474974513,5.337048053741455,5.5677103996276855,5.759355545043945,5.982996463775635
MLP_small_RLR_Huber,42,1,23,0.0010000000474974513,5.277642250061035,5.484318256378174,5.699586868286133,5.897192001342773
MLP_small_RLR_Huber,42,1,24,0.0010000000474974513,5.307082176208496,5.467977523803711,5.730279445648193,5.882782936096191
MLP_small_RLR_Huber,42,1,25,0.0010000000474974513,5.246640205383301,5.464509963989258,5.668832302093506,5.8794965744018555
MLP_small_RLR_Huber,42,1,26,0.0010000000474974513,5.227327346801758,5.417685508728027,5.649578094482422,5.831005096435547
MLP_small_RLR_Huber,42,1,27,0.0010000000474974513,5.290877819061279,5.409065246582031,5.713876247406006,5.820272922515869
MLP_small_RLR_Huber,42,1,28,0.0010000000474974513,5.215527534484863,5.408303260803223,5.639813423156738,5.8184814453125
MLP_small_RLR_Huber,42,1,29,0.0010000000474974513,5.166109085083008,5.368171215057373,5.5894293785095215,5.777245998382568
MLP_small_RLR_Huber,42,1,30,0.0010000000474974513,5.249203681945801,5.347716331481934,5.673901081085205,5.757816314697266
MLP_small_RLR_Huber,42,1,31,0.0010000000474974513,5.225285053253174,5.335119247436523,5.646338939666748,5.745335578918457
MLP_small_RLR_Huber,42,1,32,0.0010000000474974513,5.188792705535889,5.326730251312256,5.610461235046387,5.74023962020874
MLP_small_RLR_Huber,42,1,33,0.0010000000474974513,5.1880340576171875,5.301468372344971,5.61051082611084,5.7180562019348145
MLP_small_RLR_Huber,42,1,34,0.0010000000474974513,5.2651591300964355,5.28781270980835,5.689169406890869,5.7054948806762695
MLP_small_RLR_Huber,42,1,35,0.0010000000474974513,5.165797710418701,5.278454780578613,5.5881428718566895,5.695434093475342
MLP_small_RLR_Huber,42,1,36,0.0010000000474974513,5.14178466796875,5.29572868347168,5.566052436828613,5.714145183563232
MLP_small_RLR_Huber,42,1,37,0.0010000000474974513,5.174266338348389,5.28271484375,5.5984416007995605,5.701889991760254
MLP_small_RLR_Huber,42,1,38,0.0010000000474974513,5.182746887207031,5.257237434387207,5.606325149536133,5.678049564361572
MLP_small_RLR_Huber,42,1,39,0.0010000000474974513,5.204007625579834,5.275120258331299,5.627231121063232,5.696223735809326
MLP_small_RLR_Huber,42,1,40,0.0010000000474974513,5.137118339538574,5.26973295211792,5.560122489929199,5.6911702156066895
MLP_small_RLR_Huber,42,1,41,0.0010000000474974513,5.167250633239746,5.270493984222412,5.592690467834473,5.691383361816406
MLP_small_RLR_Huber,42,1,42,0.0010000000474974513,5.149308681488037,5.285238742828369,5.574913024902344,5.706408500671387
MLP_small_RLR_Huber,42,1,43,0.0010000000474974513,5.169200897216797,5.275834083557129,5.59171199798584,5.6957173347473145
MLP_small_RLR_Huber,42,1,44,0.0010000000474974513,5.069774150848389,5.280908584594727,5.490498065948486,5.700103282928467
MLP_small_RLR_Huber,42,1,45,0.0010000000474974513,5.153628349304199,5.278848171234131,5.577191352844238,5.698216438293457
MLP_small_RLR_Huber,42,1,46,0.0010000000474974513,5.087252616882324,5.2892913818359375,5.513936519622803,5.709052562713623
MLP_small_RLR_Huber,42,1,47,0.0005000000237487257,5.125181674957275,5.278597831726074,5.546906471252441,5.698584079742432
MLP_small_RLR_Huber,42,1,48,0.0005000000237487257,5.0412373542785645,5.27699089050293,5.464106559753418,5.697482109069824
MLP_small_RLR_Huber,42,1,49,0.0005000000237487257,5.128455638885498,5.2776899337768555,5.54991340637207,5.699732780456543
MLP_small_RLR_Huber,42,1,50,0.0005000000237487257,5.160633087158203,5.265925407409668,5.584009647369385,5.688119888305664
MLP_small_RLR_Huber,42,1,51,0.0005000000237487257,5.113499641418457,5.258504867553711,5.537089824676514,5.680713176727295
MLP_small_RLR_Huber,42,1,52,0.0005000000237487257,5.14927339553833,5.250350475311279,5.572132110595703,5.672554969787598
MLP_small_RLR_Huber,42,1,53,0.0005000000237487257,5.086843967437744,5.2447638511657715,5.509825229644775,5.667442321777344
MLP_small_RLR_Huber,42,1,54,0.0005000000237487257,5.168306350708008,5.243959903717041,5.593797206878662,5.666886329650879
MLP_small_RLR_Huber,42,1,55,0.0005000000237487257,5.079039573669434,5.240647315979004,5.50302267074585,5.664548397064209
MLP_small_RLR_Huber,42,1,56,0.0005000000237487257,5.0099406242370605,5.2298150062561035,5.431501865386963,5.653816223144531
MLP_small_RLR_Huber,42,1,57,0.0005000000237487257,5.100784778594971,5.2222161293029785,5.525524616241455,5.647101879119873
MLP_small_RLR_Huber,42,1,58,0.0005000000237487257,5.135393142700195,5.229737758636475,5.557781219482422,5.6551666259765625
MLP_small_RLR_Huber,42,1,59,0.0005000000237487257,5.070471286773682,5.243199825286865,5.493241310119629,5.669428825378418
MLP_small_RLR_Huber,42,1,60,0.0005000000237487257,5.106236457824707,5.246151447296143,5.5287017822265625,5.6717963218688965
MLP_small_RLR_Huber,42,1,61,0.0005000000237487257,5.068248271942139,5.235101222991943,5.493910312652588,5.6600470542907715
MLP_small_RLR_Huber,42,1,62,0.0005000000237487257,5.05409574508667,5.226230144500732,5.477490425109863,5.648690700531006
MLP_small_RLR_Huber,42,1,63,0.0005000000237487257,5.013569355010986,5.225125789642334,5.437414169311523,5.6467695236206055
MLP_small_RLR_Huber,42,1,64,0.0005000000237487257,5.016202449798584,5.2173357009887695,5.440881729125977,5.639899253845215
MLP_small_RLR_Huber,42,1,65,0.0005000000237487257,5.0263543128967285,5.214868068695068,5.451529026031494,5.637136936187744
MLP_small_RLR_Huber,42,1,66,0.0005000000237487257,5.0341410636901855,5.228234767913818,5.4571099281311035,5.650628089904785
MLP_small_RLR_Huber,42,1,67,0.0005000000237487257,5.074709415435791,5.23348331451416,5.496725082397461,5.656619548797607
MLP_small_RLR_Huber,42,1,68,0.0005000000237487257,5.002475738525391,5.240545749664307,5.424914360046387,5.663262367248535
MLP_small_RLR_Huber,42,1,69,0.0005000000237487257,5.056927680969238,5.235819339752197,5.480587482452393,5.658170700073242
MLP_small_RLR_Huber,42,1,70,0.0005000000237487257,5.062232494354248,5.232409477233887,5.485507965087891,5.656237602233887
MLP_small_RLR_Huber,42,1,71,0.0005000000237487257,5.037755489349365,5.239295959472656,5.461184024810791,5.662679195404053
MLP_small_RLR_Huber,42,1,72,0.0005000000237487257,5.031301975250244,5.241626739501953,5.454431056976318,5.665142059326172
MLP_small_RLR_Huber,42,1,73,0.0005000000237487257,5.017723560333252,5.243307590484619,5.440424919128418,5.667479038238525
MLP_small_RLR_Huber,42,1,74,0.0002500000118743628,5.008848190307617,5.242696285247803,5.430397033691406,5.666921615600586
MLP_small_RLR_Huber,42,1,75,0.0002500000118743628,5.065840244293213,5.240265369415283,5.486891269683838,5.664784908294678
MLP_small_RLR_Huber,42,1,76,0.0002500000118743628,4.989185333251953,5.24247407913208,5.414079666137695,5.666984558105469
MLP_small_RLR_Huber,42,1,77,0.0002500000118743628,5.061336994171143,5.248746871948242,5.484899044036865,5.672680854797363
MLP_small_RLR_Huber,42,1,78,0.0002500000118743628,5.035998344421387,5.253085613250732,5.456698417663574,5.677393436431885
MLP_small_RLR_Huber,42,1,79,0.0002500000118743628,5.00549840927124,5.2561354637146,5.429133892059326,5.680870532989502
MLP_small_RLR_Huber,42,1,80,0.0002500000118743628,5.003414154052734,5.257100582122803,5.426473617553711,5.681941032409668
MLP_small_RLR_Huber,42,1,81,0.0002500000118743628,4.965250015258789,5.250428199768066,5.388581275939941,5.675187587738037
MLP_small_RLR_Huber,42,1,82,0.0001250000059371814,5.001911640167236,5.248873710632324,5.424673557281494,5.67387056350708
MLP_small_RLR_Huber,42,1,83,0.0001250000059371814,5.011688709259033,5.246380805969238,5.434708118438721,5.671420574188232
MLP_small_RLR_Huber,42,1,84,0.0001250000059371814,5.038205623626709,5.241804599761963,5.462707042694092,5.6665544509887695
MLP_small_RLR_Huber,42,1,85,0.0001250000059371814,5.000162124633789,5.239105224609375,5.420211315155029,5.663833141326904
MLP_small_RLR_Huber,42,1,86,0.0001250000059371814,5.013635635375977,5.238352298736572,5.438895225524902,5.662661552429199
MLP_small_RLR_Huber,42,1,87,0.0001250000059371814,4.978122711181641,5.239121437072754,5.40308141708374,5.663222312927246
MLP_small_RLR_Huber,42,1,88,0.0001250000059371814,4.98655891418457,5.2407121658325195,5.408742427825928,5.664906024932861
MLP_small_RLR_Huber,42,1,89,0.0001250000059371814,5.033806324005127,5.239127159118652,5.458006381988525,5.663451194763184
MLP_small_RLR_Huber,42,1,90,6.25000029685907e-05,5.035855770111084,5.239569664001465,5.4596357345581055,5.663787841796875
MLP_small_RLR_Huber,42,2,1,0.0010000000474974513,8.476164817810059,8.270173072814941,8.903170585632324,8.694408416748047
MLP_small_RLR_Huber,42,2,2,0.0010000000474974513,8.222573280334473,8.121419906616211,8.647758483886719,8.544798851013184
MLP_small_RLR_Huber,42,2,3,0.0010000000474974513,7.961419582366943,7.945209503173828,8.388128280639648,8.370532989501953
MLP_small_RLR_Huber,42,2,4,0.0010000000474974513,7.721175670623779,7.794557571411133,8.145400047302246,8.21958065032959
MLP_small_RLR_Huber,42,2,5,0.0010000000474974513,7.504644393920898,7.646664619445801,7.929590225219727,8.072440147399902
MLP_small_RLR_Huber,42,2,6,0.0010000000474974513,7.3024001121521,7.518067836761475,7.727659702301025,7.944916725158691
MLP_small_RLR_Huber,42,2,7,0.0010000000474974513,7.109719276428223,7.3132171630859375,7.532992362976074,7.740994453430176
MLP_small_RLR_Huber,42,2,8,0.0010000000474974513,6.897226333618164,7.151742458343506,7.319988250732422,7.576910495758057
MLP_small_RLR_Huber,42,2,9,0.0010000000474974513,6.728612899780273,7.012775421142578,7.150679588317871,7.4372172355651855
MLP_small_RLR_Huber,42,2,10,0.0010000000474974513,6.546397686004639,6.860105991363525,6.967675685882568,7.285210609436035
MLP_small_RLR_Huber,42,2,11,0.0010000000474974513,6.383349418640137,6.7238616943359375,6.802112579345703,7.1485676765441895
MLP_small_RLR_Huber,42,2,12,0.0010000000474974513,6.1839680671691895,6.537546157836914,6.6017937660217285,6.959682464599609
MLP_small_RLR_Huber,42,2,13,0.0010000000474974513,6.07089900970459,6.411527633666992,6.489719390869141,6.829801082611084
MLP_small_RLR_Huber,42,2,14,0.0010000000474974513,5.978257179260254,6.199577331542969,6.397027969360352,6.613005638122559
MLP_small_RLR_Huber,42,2,15,0.0010000000474974513,5.853931903839111,5.998245716094971,6.2722063064575195,6.408810138702393
MLP_small_RLR_Huber,42,2,16,0.0010000000474974513,5.785109043121338,5.820422172546387,6.202760219573975,6.230443477630615
MLP_small_RLR_Huber,42,2,17,0.0010000000474974513,5.677130222320557,5.842535972595215,6.094979763031006,6.25272798538208
MLP_small_RLR_Huber,42,2,18,0.0010000000474974513,5.563530445098877,5.825894832611084,5.980764389038086,6.239514350891113
MLP_small_RLR_Huber,42,2,19,0.0010000000474974513,5.513320446014404,5.70280122756958,5.931313514709473,6.119630336761475
MLP_small_RLR_Huber,42,2,20,0.0010000000474974513,5.4335503578186035,5.6089324951171875,5.850887298583984,6.031221389770508
MLP_small_RLR_Huber,42,2,21,0.0010000000474974513,5.433126926422119,5.5393266677856445,5.853606700897217,5.960210800170898
MLP_small_RLR_Huber,42,2,22,0.0010000000474974513,5.406444549560547,5.520664215087891,5.828598499298096,5.9431023597717285
MLP_small_RLR_Huber,42,2,23,0.0010000000474974513,5.377480983734131,5.494208335876465,5.800229549407959,5.917126655578613
MLP_small_RLR_Huber,42,2,24,0.0010000000474974513,5.310616493225098,5.463138103485107,5.731513500213623,5.8848795890808105
MLP_small_RLR_Huber,42,2,25,0.0010000000474974513,5.309237003326416,5.449456691741943,5.7330169677734375,5.872466564178467
MLP_small_RLR_Huber,42,2,26,0.0010000000474974513,5.28400182723999,5.4290266036987305,5.7068891525268555,5.851749897003174
MLP_small_RLR_Huber,42,2,27,0.0010000000474974513,5.265975475311279,5.386026859283447,5.688575744628906,5.809845924377441
MLP_small_RLR_Huber,42,2,28,0.0010000000474974513,5.254030704498291,5.36983585357666,5.676242828369141,5.792856216430664
MLP_small_RLR_Huber,42,2,29,0.0010000000474974513,5.226240634918213,5.358687400817871,5.648209095001221,5.7811055183410645
MLP_small_RLR_Huber,42,2,30,0.0010000000474974513,5.254325866699219,5.368964672088623,5.676640510559082,5.790804386138916
MLP_small_RLR_Huber,42,2,31,0.0010000000474974513,5.27313756942749,5.367814540863037,5.697233200073242,5.790760517120361
MLP_small_RLR_Huber,42,2,32,0.0010000000474974513,5.199275970458984,5.3786749839782715,5.6232476234436035,5.8031816482543945
MLP_small_RLR_Huber,42,2,33,0.0010000000474974513,5.179169178009033,5.366699695587158,5.603872299194336,5.790655612945557
MLP_small_RLR_Huber,42,2,34,0.0010000000474974513,5.235981464385986,5.362184047698975,5.661754608154297,5.783440589904785
MLP_small_RLR_Huber,42,2,35,0.0010000000474974513,5.22401237487793,5.372961044311523,5.6474199295043945,5.79512882232666
MLP_small_RLR_Huber,42,2,36,0.0010000000474974513,5.148993015289307,5.362772464752197,5.5730366706848145,5.78312349319458
MLP_small_RLR_Huber,42,2,37,0.0010000000474974513,5.177628040313721,5.357550621032715,5.602941036224365,5.780284404754639
MLP_small_RLR_Huber,42,2,38,0.0010000000474974513,5.143962860107422,5.3626813888549805,5.566656112670898,5.784213066101074
MLP_small_RLR_Huber,42,2,39,0.0010000000474974513,5.206003665924072,5.3536376953125,5.631618976593018,5.774213790893555
MLP_small_RLR_Huber,42,2,40,0.0010000000474974513,5.1156487464904785,5.345895290374756,5.536752223968506,5.766874313354492
MLP_small_RLR_Huber,42,2,41,0.0010000000474974513,5.120935440063477,5.349001407623291,5.545297145843506,5.770351409912109
MLP_small_RLR_Huber,42,2,42,0.0010000000474974513,5.166904926300049,5.364852428436279,5.591479778289795,5.7866597175598145
MLP_small_RLR_Huber,42,2,43,0.0010000000474974513,5.144925117492676,5.350935935974121,5.568395614624023,5.7739644050598145
MLP_small_RLR_Huber,42,2,44,0.0010000000474974513,5.118265151977539,5.342383861541748,5.5424089431762695,5.765249252319336
MLP_small_RLR_Huber,42,2,45,0.0010000000474974513,5.128903865814209,5.342261791229248,5.553576469421387,5.766568183898926
MLP_small_RLR_Huber,42,2,46,0.0010000000474974513,5.092504024505615,5.358044624328613,5.51560115814209,5.781050205230713
MLP_small_RLR_Huber,42,2,47,0.0010000000474974513,5.14754056930542,5.3617963790893555,5.573354244232178,5.786993026733398
MLP_small_RLR_Huber,42,2,48,0.0010000000474974513,5.1353230476379395,5.3444037437438965,5.5588483810424805,5.768702983856201
MLP_small_RLR_Huber,42,2,49,0.0010000000474974513,5.131292819976807,5.343103885650635,5.55625581741333,5.7662835121154785
MLP_small_RLR_Huber,42,2,50,0.0010000000474974513,5.059744358062744,5.339518070220947,5.482359409332275,5.7613677978515625
MLP_small_RLR_Huber,42,2,51,0.0010000000474974513,5.1086955070495605,5.3326263427734375,5.5318193435668945,5.753515243530273
MLP_small_RLR_Huber,42,2,52,0.0010000000474974513,5.089680194854736,5.339083671569824,5.51437520980835,5.7610673904418945
MLP_small_RLR_Huber,42,2,53,0.0010000000474974513,5.10714054107666,5.340928077697754,5.532169818878174,5.763662815093994
MLP_small_RLR_Huber,42,2,54,0.0010000000474974513,5.090533256530762,5.33994197845459,5.5142340660095215,5.763731002807617
MLP_small_RLR_Huber,42,2,55,0.0010000000474974513,5.0628981590271,5.351550579071045,5.486876487731934,5.777187347412109
MLP_small_RLR_Huber,42,2,56,0.0010000000474974513,5.122561454772949,5.331465244293213,5.547794818878174,5.755962371826172
MLP_small_RLR_Huber,42,2,57,0.0010000000474974513,5.064187526702881,5.337102890014648,5.4876298904418945,5.761441230773926
MLP_small_RLR_Huber,42,2,58,0.0010000000474974513,5.092446804046631,5.352384090423584,5.516595840454102,5.774166584014893
MLP_small_RLR_Huber,42,2,59,0.0010000000474974513,5.059597969055176,5.347881317138672,5.483198165893555,5.768249034881592
MLP_small_RLR_Huber,42,2,60,0.0010000000474974513,5.053345203399658,5.355019569396973,5.476748943328857,5.7767252922058105
MLP_small_RLR_Huber,42,2,61,0.0010000000474974513,5.074493408203125,5.360508441925049,5.4987006187438965,5.782897472381592
MLP_small_RLR_Huber,42,2,62,0.0010000000474974513,5.030578136444092,5.337008476257324,5.456109523773193,5.75748348236084
MLP_small_RLR_Huber,42,2,63,0.0010000000474974513,5.025888442993164,5.345020294189453,5.448028564453125,5.768893241882324
MLP_small_RLR_Huber,42,2,64,0.0010000000474974513,5.049876689910889,5.351495742797852,5.472780227661133,5.776510715484619
MLP_small_RLR_Huber,42,2,65,0.0005000000237487257,5.011193752288818,5.350461959838867,5.433398723602295,5.775681972503662
MLP_small_RLR_Huber,42,2,66,0.0005000000237487257,5.095648765563965,5.353291988372803,5.519976615905762,5.780420303344727
MLP_small_RLR_Huber,42,2,67,0.0005000000237487257,5.041819095611572,5.351290702819824,5.4634108543396,5.775954246520996
MLP_small_RLR_Huber,42,2,68,0.0005000000237487257,4.990855693817139,5.350199222564697,5.41327428817749,5.773983478546143
MLP_small_RLR_Huber,42,2,69,0.0005000000237487257,5.029922008514404,5.350980758666992,5.455939769744873,5.774308681488037
MLP_small_RLR_Huber,42,2,70,0.0005000000237487257,5.031582355499268,5.353261470794678,5.454246997833252,5.7755842208862305
MLP_small_RLR_Huber,42,2,71,0.0005000000237487257,5.002251148223877,5.352261543273926,5.425236701965332,5.775203227996826
MLP_small_RLR_Huber,42,2,72,0.0005000000237487257,5.020196437835693,5.348105430603027,5.44145393371582,5.77301025390625
MLP_small_RLR_Huber,42,2,73,0.0002500000118743628,5.02250862121582,5.348566055297852,5.447589874267578,5.773279666900635
MLP_small_RLR_Huber,42,2,74,0.0002500000118743628,5.005249500274658,5.350205421447754,5.42819356918335,5.774900913238525
MLP_small_RLR_Huber,42,2,75,0.0002500000118743628,5.023481845855713,5.349609375,5.4471845626831055,5.774412155151367
MLP_small_RLR_Huber,42,2,76,0.0002500000118743628,5.01854133605957,5.350897312164307,5.441272258758545,5.775525093078613
MLP_small_RLR_Huber,42,2,77,0.0002500000118743628,4.946521282196045,5.355566024780273,5.3705339431762695,5.78041410446167
MLP_small_RLR_Huber,42,2,78,0.0002500000118743628,4.939633846282959,5.3532867431640625,5.363387107849121,5.778309345245361
MLP_small_RLR_Huber,42,2,79,0.0002500000118743628,5.011209487915039,5.354169845581055,5.434953689575195,5.779822826385498
MLP_small_RLR_Huber,42,2,80,0.0002500000118743628,5.062734127044678,5.354829788208008,5.4877800941467285,5.7801032066345215
MLP_small_RLR_Huber,42,2,81,0.0001250000059371814,4.949038505554199,5.353796005249023,5.372369289398193,5.778872966766357
MLP_small_RLR_Huber,42,3,1,0.0010000000474974513,8.473467826843262,7.905457973480225,8.89818000793457,8.31753158569336
MLP_small_RLR_Huber,42,3,2,0.0010000000474974513,8.172900199890137,7.649264335632324,8.596770286560059,8.068191528320312
MLP_small_RLR_Huber,42,3,3,0.0010000000474974513,7.912120819091797,7.417991638183594,8.336947441101074,7.837701320648193
MLP_small_RLR_Huber,42,3,4,0.0010000000474974513,7.634132385253906,7.248796463012695,8.056999206542969,7.665823459625244
MLP_small_RLR_Huber,42,3,5,0.0010000000474974513,7.411611557006836,7.051163673400879,7.834887981414795,7.466773986816406
MLP_small_RLR_Huber,42,3,6,0.0010000000474974513,7.175772666931152,7.011118412017822,7.597353935241699,7.424859046936035
MLP_small_RLR_Huber,42,3,7,0.0010000000474974513,6.971064567565918,7.007351398468018,7.391583442687988,7.419737339019775
MLP_small_RLR_Huber,42,3,8,0.0010000000474974513,6.759586811065674,6.9033637046813965,7.181264400482178,7.315661430358887
MLP_small_RLR_Huber,42,3,9,0.0010000000474974513,6.553789138793945,6.775073051452637,6.975521087646484,7.185832977294922
MLP_small_RLR_Huber,42,3,10,0.0010000000474974513,6.355511665344238,6.5414581298828125,6.77591609954834,6.955345630645752
MLP_small_RLR_Huber,42,3,11,0.0010000000474974513,6.179736614227295,6.300211429595947,6.598768711090088,6.7110276222229
MLP_small_RLR_Huber,42,3,12,0.0010000000474974513,6.022862911224365,6.166023254394531,6.440445423126221,6.5807204246521
MLP_small_RLR_Huber,42,3,13,0.0010000000474974513,5.870210647583008,6.065656661987305,6.287729740142822,6.478931903839111
MLP_small_RLR_Huber,42,3,14,0.0010000000474974513,5.753462314605713,5.971912860870361,6.170647144317627,6.385435581207275
MLP_small_RLR_Huber,42,3,15,0.0010000000474974513,5.648844242095947,5.890659332275391,6.067177772521973,6.305960178375244
MLP_small_RLR_Huber,42,3,16,0.0010000000474974513,5.574782848358154,5.876464366912842,5.993014335632324,6.292086124420166
MLP_small_RLR_Huber,42,3,17,0.0010000000474974513,5.495143413543701,5.785374641418457,5.9144415855407715,6.205841064453125
MLP_small_RLR_Huber,42,3,18,0.0010000000474974513,5.414980888366699,5.763805866241455,5.834122180938721,6.186618804931641
MLP_small_RLR_Huber,42,3,19,0.0010000000474974513,5.392287731170654,5.66722297668457,5.814249515533447,6.090256690979004
MLP_small_RLR_Huber,42,3,20,0.0010000000474974513,5.3570380210876465,5.590834617614746,5.779327392578125,6.011568546295166
MLP_small_RLR_Huber,42,3,21,0.0010000000474974513,5.3297200202941895,5.578760623931885,5.752299785614014,5.997893333435059
MLP_small_RLR_Huber,42,3,22,0.0010000000474974513,5.2843217849731445,5.536656856536865,5.707091808319092,5.959418773651123
MLP_small_RLR_Huber,42,3,23,0.0010000000474974513,5.301523208618164,5.524759292602539,5.724629878997803,5.949772834777832
MLP_small_RLR_Huber,42,3,24,0.0010000000474974513,5.292181491851807,5.532762050628662,5.716192245483398,5.956432342529297
MLP_small_RLR_Huber,42,3,25,0.0010000000474974513,5.261935710906982,5.517987251281738,5.6844706535339355,5.9443182945251465
MLP_small_RLR_Huber,42,3,26,0.0010000000474974513,5.265806674957275,5.51362419128418,5.6893205642700195,5.939757347106934
MLP_small_RLR_Huber,42,3,27,0.0010000000474974513,5.263518810272217,5.511860370635986,5.68761682510376,5.936590194702148
MLP_small_RLR_Huber,42,3,28,0.0010000000474974513,5.226126670837402,5.492953300476074,5.648809432983398,5.917164325714111
MLP_small_RLR_Huber,42,3,29,0.0010000000474974513,5.2253737449646,5.485769271850586,5.652374267578125,5.909308433532715
MLP_small_RLR_Huber,42,3,30,0.0010000000474974513,5.236777305603027,5.495871067047119,5.662137031555176,5.919487953186035
MLP_small_RLR_Huber,42,3,31,0.0010000000474974513,5.228116035461426,5.490513801574707,5.654208183288574,5.914546489715576
MLP_small_RLR_Huber,42,3,32,0.0010000000474974513,5.223564147949219,5.483026504516602,5.64868688583374,5.905961036682129
MLP_small_RLR_Huber,42,3,33,0.0010000000474974513,5.224160671234131,5.491642951965332,5.647137641906738,5.914603233337402
MLP_small_RLR_Huber,42,3,34,0.0010000000474974513,5.1871113777160645,5.492800235748291,5.612227916717529,5.9153733253479
MLP_small_RLR_Huber,42,3,35,0.0010000000474974513,5.218055248260498,5.49418830871582,5.643110752105713,5.917974948883057
MLP_small_RLR_Huber,42,3,36,0.0010000000474974513,5.172216415405273,5.476272106170654,5.596578598022461,5.8991899490356445
MLP_small_RLR_Huber,42,3,37,0.0010000000474974513,5.1476545333862305,5.476716041564941,5.573513031005859,5.897670745849609
MLP_small_RLR_Huber,42,3,38,0.0010000000474974513,5.139242172241211,5.487429618835449,5.562932968139648,5.9096574783325195
MLP_small_RLR_Huber,42,3,39,0.0010000000474974513,5.202028274536133,5.516357898712158,5.626064300537109,5.938678741455078
MLP_small_RLR_Huber,42,3,40,0.0010000000474974513,5.136102676391602,5.5027689933776855,5.559261322021484,5.926124095916748
MLP_small_RLR_Huber,42,3,41,0.0010000000474974513,5.127456188201904,5.493582725524902,5.551367282867432,5.915330410003662
MLP_small_RLR_Huber,42,3,42,0.0010000000474974513,5.1298675537109375,5.477783679962158,5.554280757904053,5.899718761444092
MLP_small_RLR_Huber,42,3,43,0.0010000000474974513,5.161935806274414,5.498298645019531,5.58803129196167,5.9210524559021
MLP_small_RLR_Huber,42,3,44,0.0010000000474974513,5.173418998718262,5.4966349601745605,5.597652435302734,5.91913366317749
MLP_small_RLR_Huber,42,3,45,0.0005000000237487257,5.163940906524658,5.501803398132324,5.5896124839782715,5.924424648284912
MLP_small_RLR_Huber,42,3,46,0.0005000000237487257,5.131780624389648,5.497524261474609,5.556650638580322,5.920607089996338
MLP_small_RLR_Huber,42,3,47,0.0005000000237487257,5.1391754150390625,5.490332126617432,5.564228057861328,5.913135528564453
MLP_small_RLR_Huber,42,3,48,0.0005000000237487257,5.1176958084106445,5.491090297698975,5.5438055992126465,5.9150166511535645
MLP_small_RLR_Huber,42,3,49,0.0005000000237487257,5.064650058746338,5.4954423904418945,5.488086223602295,5.91998815536499
MLP_small_RLR_Huber,42,3,50,0.0005000000237487257,5.063075542449951,5.49135160446167,5.488879680633545,5.915192604064941
MLP_small_RLR_Huber,42,3,51,0.0005000000237487257,5.117058753967285,5.500431537628174,5.540483474731445,5.924825668334961
MLP_small_RLR_Huber,42,3,52,0.0005000000237487257,5.098370552062988,5.51601505279541,5.524079322814941,5.940823078155518
MLP_small_RLR_Huber,42,3,53,0.0002500000118743628,5.10672664642334,5.515161514282227,5.531739234924316,5.939750671386719
MLP_small_RLR_Huber,42,3,54,0.0002500000118743628,5.130307197570801,5.509138584136963,5.555798530578613,5.933777332305908
MLP_small_RLR_Huber,42,3,55,0.0002500000118743628,5.089202404022217,5.510926723480225,5.512889862060547,5.935846328735352
MLP_small_RLR_Huber,42,3,56,0.0002500000118743628,5.042446136474609,5.522510528564453,5.465853214263916,5.947060585021973
MLP_small_RLR_Huber,42,3,57,0.0002500000118743628,5.071006774902344,5.521468639373779,5.494797229766846,5.946683406829834
MLP_small_RLR_Huber,42,3,58,0.0002500000118743628,5.066559791564941,5.522899627685547,5.490143299102783,5.947845458984375
MLP_small_RLR_Huber,42,3,59,0.0002500000118743628,5.084441184997559,5.5263190269470215,5.5086565017700195,5.951904773712158
MLP_small_RLR_Huber,42,3,60,0.0002500000118743628,5.064510345458984,5.529529094696045,5.488778114318848,5.955092430114746
MLP_small_RLR_Huber,42,3,61,0.0001250000059371814,5.085407733917236,5.530004024505615,5.510957717895508,5.955539703369141
MLP_small_RLR_Huber,42,4,1,0.0010000000474974513,7.850480556488037,7.806051731109619,8.276834487915039,8.233220100402832
MLP_small_RLR_Huber,42,4,2,0.0010000000474974513,7.521376609802246,7.598796844482422,7.947289943695068,8.027620315551758
MLP_small_RLR_Huber,42,4,3,0.0010000000474974513,7.2185821533203125,7.311952590942383,7.645473480224609,7.737335681915283
MLP_small_RLR_Huber,42,4,4,0.0010000000474974513,6.9773688316345215,7.137193202972412,7.399953842163086,7.5620622634887695
MLP_small_RLR_Huber,42,4,5,0.0010000000474974513,6.728389263153076,6.9578857421875,7.152144908905029,7.3842549324035645
MLP_small_RLR_Huber,42,4,6,0.0010000000474974513,6.509194374084473,6.762225151062012,6.932514190673828,7.187771797180176
MLP_small_RLR_Huber,42,4,7,0.0010000000474974513,6.298468589782715,6.560749530792236,6.72019624710083,6.984439849853516
MLP_small_RLR_Huber,42,4,8,0.0010000000474974513,6.1272711753845215,6.385731220245361,6.549663543701172,6.80753231048584
MLP_small_RLR_Huber,42,4,9,0.0010000000474974513,5.993582725524902,6.210490703582764,6.416182518005371,6.626772403717041
MLP_small_RLR_Huber,42,4,10,0.0010000000474974513,5.892385005950928,6.058054447174072,6.313048839569092,6.471648693084717
MLP_small_RLR_Huber,42,4,11,0.0010000000474974513,5.728985786437988,5.896485805511475,6.149281978607178,6.309150695800781
MLP_small_RLR_Huber,42,4,12,0.0010000000474974513,5.651097297668457,5.763111114501953,6.071656227111816,6.172651290893555
MLP_small_RLR_Huber,42,4,13,0.0010000000474974513,5.5771379470825195,5.695408344268799,5.998020172119141,6.106497764587402
MLP_small_RLR_Huber,42,4,14,0.0010000000474974513,5.486815929412842,5.594876766204834,5.907732963562012,6.010613918304443
MLP_small_RLR_Huber,42,4,15,0.0010000000474974513,5.458102226257324,5.522443771362305,5.881049633026123,5.940573692321777
MLP_small_RLR_Huber,42,4,16,0.0010000000474974513,5.441623210906982,5.496632099151611,5.864875793457031,5.917219161987305
MLP_small_RLR_Huber,42,4,17,0.0010000000474974513,5.3999223709106445,5.451740741729736,5.823855400085449,5.87594747543335
MLP_small_RLR_Huber,42,4,18,0.0010000000474974513,5.325427055358887,5.407934665679932,5.750338554382324,5.833365440368652
MLP_small_RLR_Huber,42,4,19,0.0010000000474974513,5.333494186401367,5.375370502471924,5.759202480316162,5.799698352813721
MLP_small_RLR_Huber,42,4,20,0.0010000000474974513,5.328438758850098,5.365760803222656,5.751866340637207,5.78859806060791
MLP_small_RLR_Huber,42,4,21,0.0010000000474974513,5.290416240692139,5.352136135101318,5.717612266540527,5.774810314178467
MLP_small_RLR_Huber,42,4,22,0.0010000000474974513,5.284235954284668,5.344232082366943,5.709249496459961,5.766491413116455
MLP_small_RLR_Huber,42,4,23,0.0010000000474974513,5.273879051208496,5.324836730957031,5.698677062988281,5.745431423187256
MLP_small_RLR_Huber,42,4,24,0.0010000000474974513,5.287518501281738,5.308578968048096,5.7126383781433105,5.730676651000977
MLP_small_RLR_Huber,42,4,25,0.0010000000474974513,5.314696311950684,5.312026500701904,5.739933967590332,5.734579086303711
MLP_small_RLR_Huber,42,4,26,0.0010000000474974513,5.294877529144287,5.294350624084473,5.721028804779053,5.7164764404296875
MLP_small_RLR_Huber,42,4,27,0.0010000000474974513,5.256594657897949,5.303104877471924,5.683431148529053,5.725093841552734
MLP_small_RLR_Huber,42,4,28,0.0010000000474974513,5.268687725067139,5.304276943206787,5.6941142082214355,5.726613521575928
MLP_small_RLR_Huber,42,4,29,0.0010000000474974513,5.276214122772217,5.2850494384765625,5.7036590576171875,5.707942485809326
MLP_small_RLR_Huber,42,4,30,0.0010000000474974513,5.220647811889648,5.279747009277344,5.646993160247803,5.70235013961792
MLP_small_RLR_Huber,42,4,31,0.0010000000474974513,5.248470783233643,5.282756328582764,5.673935890197754,5.704685211181641
MLP_small_RLR_Huber,42,4,32,0.0010000000474974513,5.259643077850342,5.289198398590088,5.685089588165283,5.709081649780273
MLP_small_RLR_Huber,42,4,33,0.0010000000474974513,5.221524715423584,5.308419704437256,5.646742343902588,5.729372024536133
MLP_small_RLR_Huber,42,4,34,0.0010000000474974513,5.214826583862305,5.295249938964844,5.639869689941406,5.716041088104248
MLP_small_RLR_Huber,42,4,35,0.0010000000474974513,5.241556167602539,5.299341201782227,5.668849945068359,5.719545364379883
MLP_small_RLR_Huber,42,4,36,0.0010000000474974513,5.215005397796631,5.295050621032715,5.638033390045166,5.714296340942383
MLP_small_RLR_Huber,42,4,37,0.0010000000474974513,5.204814910888672,5.2903618812561035,5.629467010498047,5.710230350494385
MLP_small_RLR_Huber,42,4,38,0.0010000000474974513,5.244596004486084,5.307183265686035,5.6705474853515625,5.7273101806640625
MLP_small_RLR_Huber,42,4,39,0.0005000000237487257,5.165320873260498,5.305418491363525,5.589756965637207,5.726526260375977
MLP_small_RLR_Huber,42,4,40,0.0005000000237487257,5.180099010467529,5.300810813903809,5.6042304039001465,5.721890926361084
MLP_small_RLR_Huber,42,4,41,0.0005000000237487257,5.203325271606445,5.2942376136779785,5.628913402557373,5.71394681930542
MLP_small_RLR_Huber,42,4,42,0.0005000000237487257,5.198418140411377,5.292465686798096,5.6239333152771,5.713073253631592
MLP_small_RLR_Huber,42,4,43,0.0005000000237487257,5.147292613983154,5.294429779052734,5.571576118469238,5.715032577514648
MLP_small_RLR_Huber,42,4,44,0.0005000000237487257,5.205782413482666,5.303023815155029,5.631103992462158,5.7244086265563965
MLP_small_RLR_Huber,42,4,45,0.0005000000237487257,5.19449520111084,5.30096435546875,5.620090961456299,5.722625255584717
MLP_small_RLR_Huber,42,4,46,0.0005000000237487257,5.18223762512207,5.302439212799072,5.608330726623535,5.7237348556518555
MLP_small_RLR_Huber,42,4,47,0.0002500000118743628,5.1310343742370605,5.2980217933654785,5.5557332038879395,5.719477653503418
MLP_small_RLR_Huber,42,4,48,0.0002500000118743628,5.159653186798096,5.295372486114502,5.585818767547607,5.716934680938721
MLP_small_RLR_Huber,42,4,49,0.0002500000118743628,5.197789192199707,5.293179512023926,5.6225786209106445,5.7145609855651855
MLP_small_RLR_Huber,42,4,50,0.0002500000118743628,5.127354145050049,5.290438652038574,5.553457736968994,5.712125301361084
MLP_small_RLR_Huber,42,4,51,0.0002500000118743628,5.1762309074401855,5.290131568908691,5.602789878845215,5.712118148803711
MLP_small_RLR_Huber,42,4,52,0.0002500000118743628,5.1636881828308105,5.293871879577637,5.588873386383057,5.715887546539307
MLP_small_RLR_Huber,42,4,53,0.0002500000118743628,5.18225622177124,5.297331809997559,5.60640811920166,5.719334602355957
MLP_small_RLR_Huber,42,4,54,0.0002500000118743628,5.163379192352295,5.298853397369385,5.588898658752441,5.721107006072998
MLP_small_RLR_Huber,42,4,55,0.0001250000059371814,5.153265953063965,5.301641464233398,5.576543807983398,5.723935604095459
MLP_small_RLR_Huber,42,5,1,0.0010000000474974513,8.252679824829102,8.014320373535156,8.678669929504395,8.440497398376465
MLP_small_RLR_Huber,42,5,2,0.0010000000474974513,7.843904972076416,7.723249435424805,8.271347999572754,8.148898124694824
MLP_small_RLR_Huber,42,5,3,0.0010000000474974513,7.527811050415039,7.497329235076904,7.953657627105713,7.921693325042725
MLP_small_RLR_Huber,42,5,4,0.0010000000474974513,7.239973545074463,7.257369518280029,7.665960788726807,7.680229663848877
MLP_small_RLR_Huber,42,5,5,0.0010000000474974513,6.942314624786377,7.114745140075684,7.366203308105469,7.535383701324463
MLP_small_RLR_Huber,42,5,6,0.0010000000474974513,6.680726051330566,6.954195499420166,7.103391170501709,7.370329856872559
MLP_small_RLR_Huber,42,5,7,0.0010000000474974513,6.483093738555908,6.789339542388916,6.905787944793701,7.199065208435059
MLP_small_RLR_Huber,42,5,8,0.0010000000474974513,6.278393745422363,6.641735553741455,6.699796676635742,7.05156946182251
MLP_small_RLR_Huber,42,5,9,0.0010000000474974513,6.072862148284912,6.42801570892334,6.494899749755859,6.838133811950684
MLP_small_RLR_Huber,42,5,10,0.0010000000474974513,5.911092281341553,6.1877217292785645,6.331500053405762,6.5999884605407715
MLP_small_RLR_Huber,42,5,11,0.0010000000474974513,5.777978897094727,6.068525791168213,6.198941707611084,6.485720157623291
MLP_small_RLR_Huber,42,5,12,0.0010000000474974513,5.660976409912109,5.893319129943848,6.081817626953125,6.305682182312012
MLP_small_RLR_Huber,42,5,13,0.0010000000474974513,5.600817680358887,5.758704662322998,6.023478031158447,6.172387599945068
MLP_small_RLR_Huber,42,5,14,0.0010000000474974513,5.513144493103027,5.697639465332031,5.933622360229492,6.11770486831665
MLP_small_RLR_Huber,42,5,15,0.0010000000474974513,5.413233757019043,5.6168622970581055,5.835711479187012,6.0417633056640625
MLP_small_RLR_Huber,42,5,16,0.0010000000474974513,5.3921122550964355,5.567083358764648,5.814364433288574,5.993027210235596
MLP_small_RLR_Huber,42,5,17,0.0010000000474974513,5.383338928222656,5.535317897796631,5.806223392486572,5.960445404052734
MLP_small_RLR_Huber,42,5,18,0.0010000000474974513,5.388270854949951,5.498600482940674,5.813958644866943,5.924803733825684
MLP_small_RLR_Huber,42,5,19,0.0010000000474974513,5.362408638000488,5.455231666564941,5.785819053649902,5.880250930786133
MLP_small_RLR_Huber,42,5,20,0.0010000000474974513,5.316816806793213,5.4260125160217285,5.740983963012695,5.85109806060791
MLP_small_RLR_Huber,42,5,21,0.0010000000474974513,5.304129600524902,5.402378082275391,5.72931432723999,5.8261494636535645
MLP_small_RLR_Huber,42,5,22,0.0010000000474974513,5.344483375549316,5.409610271453857,5.770023822784424,5.831445217132568
MLP_small_RLR_Huber,42,5,23,0.0010000000474974513,5.266994476318359,5.393806457519531,5.689687252044678,5.814392566680908
MLP_small_RLR_Huber,42,5,24,0.0010000000474974513,5.303143501281738,5.389212608337402,5.728262901306152,5.811410427093506
MLP_small_RLR_Huber,42,5,25,0.0010000000474974513,5.256866455078125,5.376865863800049,5.681376934051514,5.80030632019043
MLP_small_RLR_Huber,42,5,26,0.0010000000474974513,5.280019760131836,5.363837718963623,5.7050957679748535,5.786297798156738
MLP_small_RLR_Huber,42,5,27,0.0010000000474974513,5.228128433227539,5.349145412445068,5.6531267166137695,5.7749457359313965
MLP_small_RLR_Huber,42,5,28,0.0010000000474974513,5.239326000213623,5.355377674102783,5.6623430252075195,5.783182144165039
MLP_small_RLR_Huber,42,5,29,0.0010000000474974513,5.296400547027588,5.363919258117676,5.722353935241699,5.789517879486084
MLP_small_RLR_Huber,42,5,30,0.0010000000474974513,5.244338035583496,5.365115642547607,5.668265342712402,5.793229103088379
MLP_small_RLR_Huber,42,5,31,0.0010000000474974513,5.243260860443115,5.378615379333496,5.667929172515869,5.8063459396362305
MLP_small_RLR_Huber,42,5,32,0.0010000000474974513,5.203282356262207,5.3802361488342285,5.628131866455078,5.805912017822266
MLP_small_RLR_Huber,42,5,33,0.0010000000474974513,5.255765438079834,5.377122402191162,5.680967807769775,5.800865173339844
MLP_small_RLR_Huber,42,5,34,0.0010000000474974513,5.234752655029297,5.382412910461426,5.659735679626465,5.805148601531982
MLP_small_RLR_Huber,42,5,35,0.0010000000474974513,5.230016708374023,5.382257461547852,5.654657363891602,5.807138919830322
MLP_small_RLR_Huber,42,5,36,0.0005000000237487257,5.24015998840332,5.376082897186279,5.665153980255127,5.80105447769165
MLP_small_RLR_Huber,42,5,37,0.0005000000237487257,5.219836235046387,5.369313716888428,5.645162105560303,5.792191982269287
MLP_small_RLR_Huber,42,5,38,0.0005000000237487257,5.181600093841553,5.37255334854126,5.60706901550293,5.7963104248046875
MLP_small_RLR_Huber,42,5,39,0.0005000000237487257,5.214727878570557,5.372962951660156,5.640783786773682,5.797397136688232
MLP_small_RLR_Huber,42,5,40,0.0005000000237487257,5.2230682373046875,5.372427940368652,5.649430274963379,5.797671318054199
MLP_small_RLR_Huber,42,5,41,0.0005000000237487257,5.223080158233643,5.371982097625732,5.6485114097595215,5.796405792236328
MLP_small_RLR_Huber,42,5,42,0.0005000000237487257,5.190037250518799,5.372353553771973,5.616739749908447,5.796560764312744
MLP_small_RLR_Huber,42,5,43,0.0005000000237487257,5.198892116546631,5.37299108505249,5.625080585479736,5.796857833862305
MLP_small_RLR_Huber,42,5,44,0.0002500000118743628,5.183469295501709,5.371017932891846,5.607970237731934,5.794947624206543
MLP_small_RLR_Huber,42,5,45,0.0002500000118743628,5.210282802581787,5.369823455810547,5.635475158691406,5.7940802574157715
MLP_small_RLR_Huber,42,5,46,0.0002500000118743628,5.197063446044922,5.366938591003418,5.6224164962768555,5.790945529937744
MLP_small_RLR_Huber,42,5,47,0.0002500000118743628,5.200226306915283,5.36821985244751,5.6258649826049805,5.792964935302734
MLP_small_RLR_Huber,42,5,48,0.0002500000118743628,5.182462215423584,5.365961074829102,5.608229160308838,5.7907938957214355
MLP_small_RLR_Huber,42,5,49,0.0002500000118743628,5.181429386138916,5.367120265960693,5.60603141784668,5.79072904586792
MLP_small_RLR_Huber,42,5,50,0.0002500000118743628,5.193749904632568,5.3628973960876465,5.619382858276367,5.78592586517334
MLP_small_RLR_Huber,42,5,51,0.0002500000118743628,5.1902546882629395,5.360864162445068,5.615572452545166,5.783967018127441
MLP_small_RLR_Huber,42,5,52,0.0001250000059371814,5.191036224365234,5.361918926239014,5.6176652908325195,5.784788608551025
MLP_current_MAE,42,1,1,0.0010000000474974513,6.788132190704346,5.874821662902832,6.7318644523620605,5.818295001983643
MLP_current_MAE,42,1,2,0.0010000000474974513,6.16564416885376,5.835601329803467,6.109220027923584,5.7794189453125
MLP_current_MAE,42,1,3,0.0010000000474974513,6.020866870880127,5.772378444671631,5.964737892150879,5.716439723968506
MLP_current_MAE,42,1,4,0.0010000000474974513,5.956826686859131,5.758068084716797,5.901071071624756,5.702517032623291
MLP_current_MAE,42,1,5,0.0010000000474974513,5.939507961273193,5.735937595367432,5.884147644042969,5.680709362030029
MLP_current_MAE,42,1,6,0.0010000000474974513,5.841537952423096,5.7335286140441895,5.786561489105225,5.678760528564453
MLP_current_MAE,42,1,7,0.0010000000474974513,5.915053844451904,5.701658725738525,5.8604416847229,5.64717435836792
MLP_current_MAE,42,1,8,0.0010000000474974513,5.844856262207031,5.7173261642456055,5.790472030639648,5.663093090057373
MLP_current_MAE,42,1,9,0.0010000000474974513,5.857832908630371,5.740784645080566,5.803680419921875,5.686917304992676
MLP_current_MAE,42,1,10,0.0010000000474974513,5.799160480499268,5.724775314331055,5.745357513427734,5.671161651611328
MLP_current_MAE,42,1,11,0.0010000000474974513,5.802555561065674,5.730130195617676,5.749117851257324,5.676869869232178
MLP_current_MAE,42,1,12,0.0010000000474974513,5.813719272613525,5.662952423095703,5.760553359985352,5.609889984130859
MLP_current_MAE,42,1,13,0.0010000000474974513,5.777005672454834,5.685418605804443,5.724111080169678,5.632638454437256
MLP_current_MAE,42,1,14,0.0010000000474974513,5.791683673858643,5.686086177825928,5.738956928253174,5.633510589599609
MLP_current_MAE,42,1,15,0.0010000000474974513,5.763399124145508,5.717333793640137,5.710944175720215,5.665022373199463
MLP_current_MAE,42,1,16,0.0010000000474974513,5.721971035003662,5.721665859222412,5.669747829437256,5.669553279876709
MLP_current_MAE,42,1,17,0.0010000000474974513,5.736037254333496,5.775219440460205,5.6840081214904785,5.723384380340576
MLP_current_MAE,42,1,18,0.0010000000474974513,5.761909484863281,5.671031951904297,5.710123538970947,5.619295120239258
MLP_current_MAE,42,1,19,0.0010000000474974513,5.759125709533691,5.7315449714660645,5.707487106323242,5.6800923347473145
MLP_current_MAE,42,1,20,0.0010000000474974513,5.673025131225586,5.7387518882751465,5.621567726135254,5.687447547912598
MLP_current_MAE,42,2,1,0.0010000000474974513,6.973935604095459,5.961297512054443,6.917038917541504,5.904090404510498
MLP_current_MAE,42,2,2,0.0010000000474974513,6.2659196853637695,5.934759616851807,6.208833694458008,5.877950191497803
MLP_current_MAE,42,2,3,0.0010000000474974513,6.090611934661865,5.900336265563965,6.033873558044434,5.843615531921387
MLP_current_MAE,42,2,4,0.0010000000474974513,5.997094631195068,5.893415451049805,5.940640926361084,5.8370890617370605
MLP_current_MAE,42,2,5,0.0010000000474974513,5.978437900543213,5.881970405578613,5.922304153442383,5.825971603393555
MLP_current_MAE,42,2,6,0.0010000000474974513,5.943917751312256,5.88482666015625,5.888143062591553,5.829132556915283
MLP_current_MAE,42,2,7,0.0010000000474974513,5.939501762390137,5.908594608306885,5.884033203125,5.85319185256958
MLP_current_MAE,42,2,8,0.0010000000474974513,5.871067047119141,5.8648552894592285,5.815875053405762,5.809803485870361
MLP_current_MAE,42,2,9,0.0010000000474974513,5.865776062011719,5.8506855964660645,5.810806751251221,5.795831680297852
MLP_current_MAE,42,2,10,0.0010000000474974513,5.847227573394775,5.8621015548706055,5.792607307434082,5.807534694671631
MLP_current_MAE,42,2,11,0.0010000000474974513,5.890367031097412,5.880936145782471,5.836014270782471,5.826632499694824
MLP_current_MAE,42,2,12,0.0010000000474974513,5.837669372558594,5.870079517364502,5.783569812774658,5.816049575805664
MLP_current_MAE,42,2,13,0.0010000000474974513,5.818953514099121,5.8868255615234375,5.765143871307373,5.833056449890137
MLP_current_MAE,42,2,14,0.0010000000474974513,5.761631011962891,5.8722920417785645,5.708003520965576,5.818775653839111
MLP_current_MAE,42,2,15,0.0010000000474974513,5.854273796081543,5.87556791305542,5.801018714904785,5.822358131408691
MLP_current_MAE,42,2,16,0.0010000000474974513,5.806370258331299,5.854557991027832,5.75346040725708,5.801720142364502
MLP_current_MAE,42,2,17,0.0010000000474974513,5.745312690734863,5.861777305603027,5.692592620849609,5.809049606323242
MLP_current_MAE,42,3,1,0.0010000000474974513,6.919177055358887,6.0476555824279785,6.862610340118408,5.990809440612793
MLP_current_MAE,42,3,2,0.0010000000474974513,6.161784648895264,6.069265365600586,6.105021953582764,6.01269006729126
MLP_current_MAE,42,3,3,0.0010000000474974513,5.982975959777832,5.989319801330566,5.926755905151367,5.933407783508301
MLP_current_MAE,42,3,4,0.0010000000474974513,5.956717014312744,6.01897668838501,5.901063442230225,5.963633060455322
MLP_current_MAE,42,3,5,0.0010000000474974513,6.029481887817383,6.022229194641113,5.9744954109191895,5.967436790466309
MLP_current_MAE,42,3,6,0.0010000000474974513,5.915910720825195,5.971071720123291,5.861518859863281,5.916900634765625
MLP_current_MAE,42,3,7,0.0010000000474974513,5.8819427490234375,5.949531555175781,5.828089237213135,5.895964622497559
MLP_current_MAE,42,3,8,0.0010000000474974513,5.847549915313721,5.955938339233398,5.794264316558838,5.902877330780029
MLP_current_MAE,42,3,9,0.0010000000474974513,5.888378620147705,5.9860100746154785,5.8354268074035645,5.933262825012207
MLP_current_MAE,42,3,10,0.0010000000474974513,5.8452019691467285,6.053670883178711,5.79274320602417,6.001224517822266
MLP_current_MAE,42,3,11,0.0010000000474974513,5.83639669418335,5.959323406219482,5.784246444702148,5.9073991775512695
MLP_current_MAE,42,3,12,0.0010000000474974513,5.815698623657227,5.975934028625488,5.764056205749512,5.924479961395264
MLP_current_MAE,42,3,13,0.0010000000474974513,5.799063682556152,5.958057880401611,5.747815132141113,5.906834125518799
MLP_current_MAE,42,3,14,0.0010000000474974513,5.802213191986084,5.9586029052734375,5.751197814941406,5.907739162445068
MLP_current_MAE,42,3,15,0.0010000000474974513,5.761889457702637,6.0116143226623535,5.711275100708008,5.9611897468566895
MLP_current_MAE,42,4,1,0.0010000000474974513,6.692216396331787,5.857308387756348,6.636172771453857,5.801239967346191
MLP_current_MAE,42,4,2,0.0010000000474974513,6.0945539474487305,5.853157043457031,6.038575649261475,5.7975568771362305
MLP_current_MAE,42,4,3,0.0010000000474974513,5.995167255401611,5.8244781494140625,5.939789772033691,5.769399642944336
MLP_current_MAE,42,4,4,0.0010000000474974513,5.968620777130127,5.8014445304870605,5.913762092590332,5.746947765350342
MLP_current_MAE,42,4,5,0.0010000000474974513,5.979063034057617,5.824089050292969,5.9247307777404785,5.770029544830322
MLP_current_MAE,42,4,6,0.0010000000474974513,5.884648323059082,5.815596580505371,5.830795764923096,5.762033462524414
MLP_current_MAE,42,4,7,0.0010000000474974513,5.91179084777832,5.798264503479004,5.858304500579834,5.7450385093688965
MLP_current_MAE,42,4,8,0.0010000000474974513,5.8237833976745605,5.806670188903809,5.770719051361084,5.753863334655762
MLP_current_MAE,42,4,9,0.0010000000474974513,5.866937160491943,5.849320888519287,5.814264297485352,5.796947479248047
MLP_current_MAE,42,4,10,0.0010000000474974513,5.872307300567627,5.778519630432129,5.820035457611084,5.726415157318115
MLP_current_MAE,42,4,11,0.0010000000474974513,5.78609037399292,5.786442756652832,5.734145164489746,5.734713554382324
MLP_current_MAE,42,4,12,0.0010000000474974513,5.804636478424072,5.800642490386963,5.752992630004883,5.749200820922852
MLP_current_MAE,42,4,13,0.0010000000474974513,5.776200771331787,5.766695499420166,5.724856853485107,5.715482234954834
MLP_current_MAE,42,4,14,0.0010000000474974513,5.825095176696777,5.795387268066406,5.774033069610596,5.744506359100342
MLP_current_MAE,42,4,15,0.0010000000474974513,5.792388439178467,5.748602867126465,5.7415337562561035,5.697874546051025
MLP_current_MAE,42,4,16,0.0010000000474974513,5.746167182922363,5.735970973968506,5.695483207702637,5.6853766441345215
MLP_current_MAE,42,4,17,0.0010000000474974513,5.789453983306885,5.744839668273926,5.738961219787598,5.694416522979736
MLP_current_MAE,42,4,18,0.0010000000474974513,5.7797627449035645,5.726652145385742,5.729404449462891,5.676426410675049
MLP_current_MAE,42,4,19,0.0010000000474974513,5.775643348693848,5.794309139251709,5.725456237792969,5.744255065917969
MLP_current_MAE,42,4,20,0.0010000000474974513,5.748353481292725,5.742286205291748,5.698331832885742,5.692394256591797
MLP_current_MAE,42,4,21,0.0010000000474974513,5.7297892570495605,5.7602458000183105,5.680001258850098,5.710621356964111
MLP_current_MAE,42,4,22,0.0010000000474974513,5.716029644012451,5.716217041015625,5.666451930999756,5.666589736938477
MLP_current_MAE,42,4,23,0.0010000000474974513,5.741612911224365,5.7307868003845215,5.692036151885986,5.68130350112915
MLP_current_MAE,42,4,24,0.0010000000474974513,5.734992980957031,5.720828533172607,5.685561656951904,5.671536445617676
MLP_current_MAE,42,4,25,0.0010000000474974513,5.688375473022461,5.72153377532959,5.6391706466674805,5.672319412231445
MLP_current_MAE,42,4,26,0.0010000000474974513,5.7066240310668945,5.745940685272217,5.657458782196045,5.696738243103027
MLP_current_MAE,42,4,27,0.0010000000474974513,5.69062614440918,5.726715087890625,5.6414361000061035,5.677613258361816
MLP_current_MAE,42,4,28,0.0010000000474974513,5.6732587814331055,5.75676965713501,5.624152183532715,5.707601547241211
MLP_current_MAE,42,4,29,0.0010000000474974513,5.702704906463623,5.714184284210205,5.653540134429932,5.665033340454102
MLP_current_MAE,42,4,30,0.0010000000474974513,5.651737689971924,5.748357772827148,5.602616786956787,5.699343204498291
MLP_current_MAE,42,4,31,0.0010000000474974513,5.640982627868652,5.712177753448486,5.591954708099365,5.6631083488464355
MLP_current_MAE,42,4,32,0.0010000000474974513,5.659925937652588,5.743420124053955,5.610947132110596,5.694498538970947
MLP_current_MAE,42,4,33,0.0010000000474974513,5.667934417724609,5.721850395202637,5.618894577026367,5.67283821105957
MLP_current_MAE,42,4,34,0.0010000000474974513,5.67334508895874,5.715549945831299,5.624407768249512,5.666499614715576
MLP_current_MAE,42,4,35,0.0010000000474974513,5.641244888305664,5.7067179679870605,5.592252731323242,5.657749652862549
MLP_current_MAE,42,4,36,0.0010000000474974513,5.673167705535889,5.711435794830322,5.624178886413574,5.662343978881836
MLP_current_MAE,42,4,37,0.0010000000474974513,5.68433952331543,5.731228351593018,5.635334491729736,5.682275772094727
MLP_current_MAE,42,4,38,0.0010000000474974513,5.618290901184082,5.719981670379639,5.569265842437744,5.670870304107666
MLP_current_MAE,42,4,39,0.0010000000474974513,5.633998394012451,5.718679428100586,5.584834575653076,5.669445037841797
MLP_current_MAE,42,4,40,0.0010000000474974513,5.688400745391846,5.730863094329834,5.639209270477295,5.681624889373779
MLP_current_MAE,42,4,41,0.0010000000474974513,5.584611892700195,5.723273754119873,5.53533935546875,5.673875331878662
MLP_current_MAE,42,4,42,0.0010000000474974513,5.625781059265137,5.735573768615723,5.576579570770264,5.686410903930664
MLP_current_MAE,42,4,43,0.0010000000474974513,5.598108291625977,5.72800350189209,5.548896312713623,5.678735733032227
MLP_current_MAE,42,5,1,0.0010000000474974513,6.678160190582275,6.0201005935668945,6.621832847595215,5.963809490203857
MLP_current_MAE,42,5,2,0.0010000000474974513,6.12283992767334,6.012043476104736,6.066714286804199,5.956437587738037
MLP_current_MAE,42,5,3,0.0010000000474974513,6.0101165771484375,5.994883060455322,5.954656600952148,5.939866065979004
MLP_current_MAE,42,5,4,0.0010000000474974513,5.9759674072265625,5.962624549865723,5.921117782592773,5.908249378204346
MLP_current_MAE,42,5,5,0.0010000000474974513,5.920297145843506,5.983358383178711,5.866120338439941,5.9296555519104
MLP_current_MAE,42,5,6,0.0010000000474974513,5.894565582275391,5.983540058135986,5.840915679931641,5.930383682250977
MLP_current_MAE,42,5,7,0.0010000000474974513,5.948190689086914,5.910367012023926,5.895167350769043,5.857685565948486
MLP_current_MAE,42,5,8,0.0010000000474974513,5.848711967468262,5.94606351852417,5.796196937561035,5.894011497497559
MLP_current_MAE,42,5,9,0.0010000000474974513,5.893192768096924,5.891940116882324,5.841267108917236,5.8403120040893555
MLP_current_MAE,42,5,10,0.0010000000474974513,5.872384548187256,5.9177350997924805,5.820897102355957,5.866580963134766
MLP_current_MAE,42,5,11,0.0010000000474974513,5.841281414031982,5.900128364562988,5.790200233459473,5.849349021911621
MLP_current_MAE,42,5,12,0.0010000000474974513,5.794703483581543,5.903227806091309,5.744112968444824,5.852978706359863
MLP_current_MAE,42,5,13,0.0010000000474974513,5.8267316818237305,5.907174110412598,5.776650428771973,5.8574066162109375
MLP_current_MAE,42,5,14,0.0010000000474974513,5.792793273925781,5.874262809753418,5.743095874786377,5.8247785568237305
MLP_current_MAE,42,5,15,0.0010000000474974513,5.782643795013428,5.875699043273926,5.733362197875977,5.826731204986572
MLP_current_MAE,42,5,16,0.0010000000474974513,5.787087440490723,5.878207683563232,5.738272190093994,5.829592704772949
MLP_current_MAE,42,5,17,0.0010000000474974513,5.774750709533691,5.873301982879639,5.726187229156494,5.824909210205078
MLP_current_MAE,42,5,18,0.0010000000474974513,5.753116130828857,5.891684532165527,5.704747200012207,5.84358549118042
MLP_current_MAE,42,5,19,0.0010000000474974513,5.706270217895508,5.906505584716797,5.658156871795654,5.85856294631958
MLP_current_MAE,42,5,20,0.0010000000474974513,5.744772434234619,5.909700393676758,5.696789741516113,5.861932754516602
MLP_current_MAE,42,5,21,0.0010000000474974513,5.693589210510254,5.850837230682373,5.6457839012146,5.803083896636963
MLP_current_MAE,42,5,22,0.0010000000474974513,5.703407287597656,5.875974655151367,5.655763149261475,5.8284406661987305
MLP_current_MAE,42,5,23,0.0010000000474974513,5.704909324645996,5.86023473739624,5.65731954574585,5.812691688537598
MLP_current_MAE,42,5,24,0.0010000000474974513,5.7153167724609375,5.898762226104736,5.667818546295166,5.851438522338867
MLP_current_MAE,42,5,25,0.0010000000474974513,5.701831817626953,5.897791385650635,5.65455436706543,5.850666522979736
MLP_current_MAE,42,5,26,0.0010000000474974513,5.720884323120117,5.891225337982178,5.67371940612793,5.84409761428833
MLP_current_MAE,42,5,27,0.0010000000474974513,5.657882213592529,5.852923393249512,5.610769748687744,5.805856227874756
MLP_current_MAE,42,5,28,0.0010000000474974513,5.696304798126221,5.975133419036865,5.649216651916504,5.928190231323242
MLP_current_MAE,42,5,29,0.0010000000474974513,5.681341171264648,5.892453193664551,5.6342854499816895,5.845405101776123
