model,seed,fold,epoch,learning_rate,train_loss,validation_loss,train_mae,validation_mae
MLP_base_MAE,42,1,1,0.0010000000474974513,8.758753776550293,8.615398406982422,8.726689338684082,8.583293914794922
MLP_base_MAE,42,1,2,0.0010000000474974513,8.298200607299805,8.468049049377441,8.266060829162598,8.435868263244629
MLP_base_MAE,42,1,3,0.0010000000474974513,7.906334400177002,8.34862995147705,7.874125003814697,8.316387176513672
MLP_base_MAE,42,1,4,0.0010000000474974513,7.548818588256836,8.18106460571289,7.5165510177612305,8.148767471313477
MLP_base_MAE,42,1,5,0.0010000000474974513,7.255453109741211,8.121628761291504,7.223129749298096,8.089271545410156
MLP_base_MAE,42,1,6,0.0010000000474974513,6.98884916305542,7.921224117279053,6.956465244293213,7.888803482055664
MLP_base_MAE,42,1,7,0.0010000000474974513,6.70768404006958,7.730571746826172,6.675234794616699,7.698087692260742
MLP_base_MAE,42,1,8,0.0010000000474974513,6.509551048278809,7.335593223571777,6.477038860321045,7.30304479598999
MLP_base_MAE,42,1,9,0.0010000000474974513,6.282815933227539,7.132885456085205,6.250234127044678,7.100263595581055
MLP_base_MAE,42,1,10,0.0010000000474974513,6.107810974121094,7.0058064460754395,6.075155258178711,6.973111152648926
MLP_base_MAE,42,1,11,0.0010000000474974513,5.967905044555664,6.765292644500732,5.935178756713867,6.732527732849121
MLP_base_MAE,42,1,12,0.0010000000474974513,5.833948135375977,6.691650867462158,5.801152229309082,6.658814907073975
MLP_base_MAE,42,1,13,0.0010000000474974513,5.77968692779541,6.768772602081299,5.746817111968994,6.735860347747803
MLP_base_MAE,42,1,14,0.0010000000474974513,5.690110206604004,6.4367780685424805,5.657163143157959,6.4037909507751465
MLP_base_MAE,42,1,15,0.0010000000474974513,5.609167098999023,6.281073570251465,5.576145648956299,6.24800968170166
MLP_base_MAE,42,1,16,0.0010000000474974513,5.581347465515137,6.328704357147217,5.548247337341309,6.295561790466309
MLP_base_MAE,42,1,17,0.0010000000474974513,5.482104301452637,6.184535980224609,5.448925971984863,6.151309490203857
MLP_base_MAE,42,1,18,0.0010000000474974513,5.422296524047852,6.1870012283325195,5.389030933380127,6.153690338134766
MLP_base_MAE,42,1,19,0.0010000000474974513,5.450306415557861,6.0463032722473145,5.416962146759033,6.012913703918457
MLP_base_MAE,42,1,20,0.0010000000474974513,5.425778388977051,6.028769016265869,5.3923492431640625,5.9952898025512695
MLP_base_MAE,42,1,21,0.0010000000474974513,5.42145299911499,6.061117172241211,5.387937545776367,6.027553081512451
MLP_base_MAE,42,1,22,0.0010000000474974513,5.3567962646484375,6.091203689575195,5.323195934295654,6.057558059692383
MLP_base_MAE,42,1,23,0.0010000000474974513,5.338927268981934,6.021613597869873,5.305246353149414,5.987889289855957
MLP_base_MAE,42,1,24,0.0010000000474974513,5.315439701080322,5.939374923706055,5.281683921813965,5.905582904815674
MLP_base_MAE,42,1,25,0.0010000000474974513,5.301076889038086,5.841223239898682,5.26725435256958,5.807362079620361
MLP_base_MAE,42,1,26,0.0010000000474974513,5.2867255210876465,5.841638565063477,5.252831935882568,5.807705879211426
MLP_base_MAE,42,1,27,0.0010000000474974513,5.277949810028076,5.8002777099609375,5.243983745574951,5.766267776489258
MLP_base_MAE,42,1,28,0.0010000000474974513,5.30945348739624,5.843924045562744,5.275407791137695,5.80983304977417
MLP_base_MAE,42,1,29,0.0010000000474974513,5.241981506347656,5.812934875488281,5.207852840423584,5.77876091003418
MLP_base_MAE,42,1,30,0.0010000000474974513,5.248046875,5.856962203979492,5.213842391967773,5.822720527648926
MLP_base_MAE,42,1,31,0.0010000000474974513,5.230676651000977,5.816620349884033,5.196406841278076,5.782310962677002
MLP_base_MAE,42,1,32,0.0010000000474974513,5.209122657775879,5.810758590698242,5.1747822761535645,5.776381492614746
MLP_base_MAE,42,1,33,0.0010000000474974513,5.236985683441162,5.8213419914245605,5.20258092880249,5.78690242767334
MLP_base_MAE,42,1,34,0.0010000000474974513,5.158151626586914,5.823801040649414,5.123682498931885,5.789294242858887
MLP_base_MAE,42,1,35,0.0010000000474974513,5.187132358551025,5.799066066741943,5.152592658996582,5.764486789703369
MLP_base_MAE,42,1,36,0.0010000000474974513,5.130397319793701,5.8177876472473145,5.095781326293945,5.7831292152404785
MLP_base_MAE,42,1,37,0.0010000000474974513,5.132848739624023,5.882888317108154,5.098160743713379,5.848166465759277
MLP_base_MAE,42,1,38,0.0010000000474974513,5.109005451202393,5.851550102233887,5.07425594329834,5.816766262054443
MLP_base_MAE,42,1,39,0.0010000000474974513,5.0403828620910645,5.835392475128174,5.0055694580078125,5.800541400909424
MLP_base_MAE,42,1,40,0.0010000000474974513,5.0546369552612305,5.92894983291626,5.0197553634643555,5.894030570983887
MLP_base_MAE,42,1,41,0.0010000000474974513,5.014225482940674,5.964987277984619,4.979274272918701,5.929997444152832
MLP_base_MAE,42,1,42,0.0010000000474974513,5.092566967010498,6.016455173492432,5.057544708251953,5.981395244598389
MLP_base_MAE,42,1,43,0.0010000000474974513,5.100900173187256,5.942752838134766,5.065811634063721,5.907628536224365
MLP_base_MAE,42,1,44,0.0010000000474974513,5.05054235458374,5.9472246170043945,5.01538610458374,5.912030220031738
MLP_base_MAE,42,1,45,0.0010000000474974513,5.090745449066162,5.886702537536621,5.0555219650268555,5.851439952850342
MLP_base_MAE,42,1,46,0.0010000000474974513,5.066286087036133,5.946092128753662,5.0309858322143555,5.9107489585876465
MLP_base_MAE,42,1,47,0.0010000000474974513,4.941102981567383,5.8883137702941895,4.905728340148926,5.852901935577393
MLP_base_MAE,42,1,48,0.0010000000474974513,5.059348106384277,5.860739231109619,5.023908615112305,5.825268268585205
MLP_base_MAE,42,1,49,0.0010000000474974513,5.000845432281494,5.928025245666504,4.96535062789917,5.8924970626831055
MLP_base_MAE,42,1,50,0.0010000000474974513,4.929847240447998,5.852491855621338,4.894288063049316,5.816891193389893
MLP_base_MAE,42,1,51,0.0010000000474974513,4.971200942993164,5.910719871520996,4.935570240020752,5.875054359436035
MLP_base_MAE,42,1,52,0.0010000000474974513,4.978408336639404,5.881824970245361,4.942713260650635,5.846095561981201
MLP_base_MAE,42,1,53,0.0010000000474974513,4.945247173309326,5.868834972381592,4.909489631652832,5.833044052124023
MLP_base_MAE,42,1,54,0.0010000000474974513,4.9301629066467285,5.936916828155518,4.894340515136719,5.901054382324219
MLP_base_MAE,42,1,55,0.0010000000474974513,4.967756748199463,5.948591232299805,4.931862831115723,5.912661552429199
MLP_base_MAE,42,1,56,0.0010000000474974513,4.8605170249938965,5.887704372406006,4.824559211730957,5.851710796356201
MLP_base_MAE,42,1,57,0.0010000000474974513,4.897280216217041,5.938708305358887,4.861256122589111,5.902645587921143
MLP_base_MAE,42,1,58,0.0010000000474974513,4.895730495452881,5.9102983474731445,4.859638214111328,5.874171257019043
MLP_base_MAE,42,1,59,0.0010000000474974513,4.879306316375732,5.907674312591553,4.843151092529297,5.87148380279541
MLP_base_MAE,42,1,60,0.0010000000474974513,4.942931652069092,5.938546180725098,4.906709671020508,5.902282238006592
MLP_base_MAE,42,2,1,0.0010000000474974513,8.990067481994629,8.484325408935547,8.957906723022461,8.452132225036621
MLP_base_MAE,42,2,2,0.0010000000474974513,8.503393173217773,8.280529022216797,8.471172332763672,8.24827766418457
MLP_base_MAE,42,2,3,0.0010000000474974513,8.075272560119629,8.039852142333984,8.042998313903809,8.007553100585938
MLP_base_MAE,42,2,4,0.0010000000474974513,7.6994123458862305,8.003724098205566,7.667091369628906,7.971377849578857
MLP_base_MAE,42,2,5,0.0010000000474974513,7.359025478363037,7.82515287399292,7.326657772064209,7.792758941650391
MLP_base_MAE,42,2,6,0.0010000000474974513,7.044136047363281,7.635188579559326,7.011717319488525,7.60274076461792
MLP_base_MAE,42,2,7,0.0010000000474974513,6.762493133544922,7.308082103729248,6.730020523071289,7.275578022003174
MLP_base_MAE,42,2,8,0.0010000000474974513,6.489852428436279,7.22196626663208,6.457319259643555,7.189396858215332
MLP_base_MAE,42,2,9,0.0010000000474974513,6.266051292419434,6.9606451988220215,6.233452320098877,6.928010940551758
MLP_base_MAE,42,2,10,0.0010000000474974513,6.10039758682251,6.824738502502441,6.067729473114014,6.7920331954956055
MLP_base_MAE,42,2,11,0.0010000000474974513,5.928750991821289,6.5817036628723145,5.8960113525390625,6.54892635345459
MLP_base_MAE,42,2,12,0.0010000000474974513,5.838000774383545,6.469566822052002,5.8051910400390625,6.436717987060547
MLP_base_MAE,42,2,13,0.0010000000474974513,5.724202632904053,6.3353271484375,5.691318511962891,6.302400588989258
MLP_base_MAE,42,2,14,0.0010000000474974513,5.601561546325684,6.186567306518555,5.568596839904785,6.153558731079102
MLP_base_MAE,42,2,15,0.0010000000474974513,5.553692817687988,6.239674091339111,5.52064847946167,6.2065839767456055
MLP_base_MAE,42,2,16,0.0010000000474974513,5.510284900665283,6.128280162811279,5.477158069610596,6.095107078552246
MLP_base_MAE,42,2,17,0.0010000000474974513,5.48825216293335,6.114115238189697,5.455033779144287,6.080843925476074
MLP_base_MAE,42,2,18,0.0010000000474974513,5.435186386108398,6.134507179260254,5.4018778800964355,6.10115385055542
MLP_base_MAE,42,2,19,0.0010000000474974513,5.416546821594238,6.069838047027588,5.383153915405273,6.036396026611328
MLP_base_MAE,42,2,20,0.0010000000474974513,5.427047252655029,6.0237627029418945,5.393562316894531,5.990231513977051
MLP_base_MAE,42,2,21,0.0010000000474974513,5.359373569488525,5.9638872146606445,5.325804233551025,5.930271625518799
MLP_base_MAE,42,2,22,0.0010000000474974513,5.354435920715332,5.981403350830078,5.3207783699035645,5.947694301605225
MLP_base_MAE,42,2,23,0.0010000000474974513,5.343504905700684,5.949311256408691,5.309754848480225,5.915515899658203
MLP_base_MAE,42,2,24,0.0010000000474974513,5.2564568519592285,5.960722923278809,5.222623825073242,5.926848411560059
MLP_base_MAE,42,2,25,0.0010000000474974513,5.302977561950684,5.910562992095947,5.269067287445068,5.876610279083252
MLP_base_MAE,42,2,26,0.0010000000474974513,5.29708194732666,5.9355058670043945,5.26309061050415,5.901464462280273
MLP_base_MAE,42,2,27,0.0010000000474974513,5.2847795486450195,5.928134918212891,5.250697612762451,5.894008636474609
MLP_base_MAE,42,2,28,0.0010000000474974513,5.206428050994873,5.921142578125,5.172272205352783,5.886949062347412
MLP_base_MAE,42,2,29,0.0010000000474974513,5.241809368133545,5.9135236740112305,5.20758056640625,5.879251003265381
MLP_base_MAE,42,2,30,0.0010000000474974513,5.2080888748168945,5.903051376342773,5.173778057098389,5.8686957359313965
MLP_base_MAE,42,2,31,0.0010000000474974513,5.193941593170166,5.914040565490723,5.159544944763184,5.879601001739502
MLP_base_MAE,42,2,32,0.0010000000474974513,5.147995471954346,5.905089855194092,5.113523006439209,5.870579242706299
MLP_base_MAE,42,2,33,0.0010000000474974513,5.144415378570557,5.926904678344727,5.109869480133057,5.892313480377197
MLP_base_MAE,42,2,34,0.0010000000474974513,5.14290189743042,5.942135334014893,5.108267307281494,5.907454013824463
MLP_base_MAE,42,2,35,0.0010000000474974513,5.129861831665039,5.948264122009277,5.095144271850586,5.913504123687744
MLP_base_MAE,42,2,36,0.0010000000474974513,5.1414055824279785,5.935341835021973,5.1066107749938965,5.9005045890808105
MLP_base_MAE,42,2,37,0.0010000000474974513,5.113314628601074,5.967332363128662,5.0784382820129395,5.932412624359131
MLP_base_MAE,42,2,38,0.0010000000474974513,5.0577521324157715,5.984837055206299,5.022798538208008,5.949845790863037
MLP_base_MAE,42,2,39,0.0010000000474974513,5.1096625328063965,5.9911909103393555,5.074636459350586,5.956128120422363
MLP_base_MAE,42,2,40,0.0010000000474974513,5.074217319488525,5.970219135284424,5.039114952087402,5.935067653656006
MLP_base_MAE,42,2,41,0.0010000000474974513,5.101294994354248,5.9949445724487305,5.066103458404541,5.959712028503418
MLP_base_MAE,42,2,42,0.0010000000474974513,5.070783615112305,5.974834442138672,5.035520076751709,5.93953275680542
MLP_base_MAE,42,2,43,0.0010000000474974513,5.0702314376831055,5.9907755851745605,5.034891128540039,5.955389499664307
MLP_base_MAE,42,2,44,0.0010000000474974513,5.00449275970459,6.000116348266602,4.969074726104736,5.964662551879883
MLP_base_MAE,42,2,45,0.0010000000474974513,4.963619232177734,6.0009684562683105,4.928133964538574,5.965447425842285
MLP_base_MAE,42,2,46,0.0010000000474974513,5.05224609375,6.004087448120117,5.016689777374268,5.9684906005859375
MLP_base_MAE,42,2,47,0.0010000000474974513,4.942502498626709,6.011740684509277,4.906872749328613,5.976068496704102
MLP_base_MAE,42,2,48,0.0010000000474974513,4.990503311157227,5.982988357543945,4.954789161682129,5.947229385375977
MLP_base_MAE,42,2,49,0.0010000000474974513,4.97154426574707,6.006666660308838,4.935751914978027,5.9708333015441895
MLP_base_MAE,42,2,50,0.0010000000474974513,4.949143886566162,5.954359531402588,4.913269996643066,5.91843843460083
MLP_base_MAE,42,2,51,0.0010000000474974513,4.995508193969727,5.959959506988525,4.959554195404053,5.923969268798828
MLP_base_MAE,42,2,52,0.0010000000474974513,4.92060661315918,5.950915336608887,4.884583473205566,5.914851665496826
MLP_base_MAE,42,2,53,0.0010000000474974513,4.938294887542725,5.945718288421631,4.902194499969482,5.909578323364258
MLP_base_MAE,42,2,54,0.0010000000474974513,4.938624382019043,5.959050178527832,4.902449607849121,5.922837257385254
MLP_base_MAE,42,2,55,0.0010000000474974513,4.951443195343018,5.963520050048828,4.915197849273682,5.927236557006836
MLP_base_MAE,42,3,1,0.0010000000474974513,8.789361953735352,8.114771842956543,8.757057189941406,8.082427024841309
MLP_base_MAE,42,3,2,0.0010000000474974513,8.287616729736328,7.839102745056152,8.255239486694336,7.806692600250244
MLP_base_MAE,42,3,3,0.0010000000474974513,7.858693599700928,7.764219760894775,7.826253890991211,7.731745719909668
MLP_base_MAE,42,3,4,0.0010000000474974513,7.430741310119629,7.600528717041016,7.398232936859131,7.5679826736450195
MLP_base_MAE,42,3,5,0.0010000000474974513,7.0592803955078125,7.344818115234375,7.026702880859375,7.312202453613281
MLP_base_MAE,42,3,6,0.0010000000474974513,6.753913402557373,7.061232566833496,6.721261024475098,7.028536319732666
MLP_base_MAE,42,3,7,0.0010000000474974513,6.477734088897705,6.861048698425293,6.444997787475586,6.828263759613037
MLP_base_MAE,42,3,8,0.0010000000474974513,6.257805347442627,6.793570041656494,6.224977016448975,6.7606916427612305
MLP_base_MAE,42,3,9,0.0010000000474974513,6.022790908813477,6.532012939453125,5.989874839782715,6.499053478240967
MLP_base_MAE,42,3,10,0.0010000000474974513,5.888677597045898,6.431099891662598,5.855677604675293,6.398046016693115
MLP_base_MAE,42,3,11,0.0010000000474974513,5.774117469787598,6.288044452667236,5.741018295288086,6.254894733428955
MLP_base_MAE,42,3,12,0.0010000000474974513,5.687768459320068,6.174123287200928,5.6545796394348145,6.140891075134277
MLP_base_MAE,42,3,13,0.0010000000474974513,5.615501403808594,6.0704665184021,5.58223295211792,6.037155628204346
MLP_base_MAE,42,3,14,0.0010000000474974513,5.572056770324707,6.143470764160156,5.538703441619873,6.110069274902344
MLP_base_MAE,42,3,15,0.0010000000474974513,5.5254292488098145,6.054771900177002,5.491986274719238,6.02128267288208
MLP_base_MAE,42,3,16,0.0010000000474974513,5.489287376403809,6.016115665435791,5.455756664276123,5.982535362243652
MLP_base_MAE,42,3,17,0.0010000000474974513,5.46111536026001,6.011834621429443,5.427493572235107,5.978170394897461
MLP_base_MAE,42,3,18,0.0010000000474974513,5.491104602813721,5.993875026702881,5.457400321960449,5.960119247436523
MLP_base_MAE,42,3,19,0.0010000000474974513,5.4623212814331055,6.020415306091309,5.428520202636719,5.98656702041626
MLP_base_MAE,42,3,20,0.0010000000474974513,5.403182506561279,5.964252471923828,5.369293212890625,5.930317401885986
MLP_base_MAE,42,3,21,0.0010000000474974513,5.3853983879089355,6.014932155609131,5.351417541503906,5.980903148651123
MLP_base_MAE,42,3,22,0.0010000000474974513,5.406490325927734,5.961519241333008,5.3724188804626465,5.927402973175049
MLP_base_MAE,42,3,23,0.0010000000474974513,5.357517242431641,6.022228717803955,5.323357105255127,5.98801851272583
MLP_base_MAE,42,3,24,0.0010000000474974513,5.326735496520996,6.013926982879639,5.292480945587158,5.97962760925293
MLP_base_MAE,42,3,25,0.0010000000474974513,5.383623123168945,5.98732328414917,5.3492817878723145,5.952929973602295
MLP_base_MAE,42,3,26,0.0010000000474974513,5.284222602844238,6.027279376983643,5.249792098999023,5.9928083419799805
MLP_base_MAE,42,3,27,0.0010000000474974513,5.310186386108398,6.00266170501709,5.275677680969238,5.9681077003479
MLP_base_MAE,42,3,28,0.0010000000474974513,5.294862747192383,5.982562065124512,5.260264873504639,5.947919845581055
MLP_base_MAE,42,3,29,0.0010000000474974513,5.292766571044922,5.99733829498291,5.258083820343018,5.96260929107666
MLP_base_MAE,42,3,30,0.0010000000474974513,5.290724754333496,5.9992852210998535,5.255958557128906,5.9644775390625
MLP_base_MAE,42,3,31,0.0010000000474974513,5.272332668304443,6.01838493347168,5.237485885620117,5.983493804931641
MLP_base_MAE,42,3,32,0.0010000000474974513,5.243213176727295,6.048240661621094,5.208283424377441,6.013266086578369
MLP_base_MAE,42,3,33,0.0010000000474974513,5.24215841293335,6.050143241882324,5.207144737243652,6.015084743499756
MLP_base_MAE,42,3,34,0.0010000000474974513,5.211452960968018,6.008784770965576,5.176356792449951,5.973642349243164
MLP_base_MAE,42,3,35,0.0010000000474974513,5.183000564575195,6.0112624168396,5.147815704345703,5.9760332107543945
MLP_base_MAE,42,3,36,0.0010000000474974513,5.166666030883789,6.058684825897217,5.131400108337402,6.023371696472168
MLP_base_MAE,42,3,37,0.0010000000474974513,5.243439197540283,6.087234973907471,5.208087921142578,6.051840305328369
MLP_base_MAE,42,3,38,0.0010000000474974513,5.18951940536499,6.071041107177734,5.154088020324707,6.035569190979004
MLP_base_MAE,42,3,39,0.0010000000474974513,5.168827533721924,6.077299118041992,5.133314609527588,6.041740417480469
MLP_base_MAE,42,3,40,0.0010000000474974513,5.132027626037598,6.070601463317871,5.096434593200684,6.034969806671143
MLP_base_MAE,42,3,41,0.0010000000474974513,5.13471794128418,6.083532810211182,5.099049091339111,6.047823905944824
MLP_base_MAE,42,3,42,0.0010000000474974513,5.106400012969971,6.053289413452148,5.070653438568115,6.017502307891846
MLP_base_MAE,42,3,43,0.0010000000474974513,5.071567058563232,6.046671390533447,5.035747051239014,6.010814666748047
MLP_base_MAE,42,3,44,0.0010000000474974513,5.1345343589782715,6.0685858726501465,5.098636627197266,6.032639503479004
MLP_base_MAE,42,3,45,0.0010000000474974513,5.111696720123291,6.064684867858887,5.075716972351074,6.028666973114014
MLP_base_MAE,42,3,46,0.0010000000474974513,5.082556247711182,6.0487799644470215,5.046504974365234,6.01269006729126
MLP_base_MAE,42,3,47,0.0010000000474974513,5.0733819007873535,6.132238388061523,5.03725528717041,6.096068382263184
MLP_base_MAE,42,4,1,0.0010000000474974513,8.084833145141602,8.079523086547852,8.052653312683105,8.047280311584473
MLP_base_MAE,42,4,2,0.0010000000474974513,7.530290126800537,7.71307373046875,7.497999668121338,7.680736064910889
MLP_base_MAE,42,4,3,0.0010000000474974513,7.106211185455322,7.576479911804199,7.073832035064697,7.544053554534912
MLP_base_MAE,42,4,4,0.0010000000474974513,6.754199981689453,7.323946952819824,6.7217302322387695,7.291428565979004
MLP_base_MAE,42,4,5,0.0010000000474974513,6.409448623657227,7.064634323120117,6.376888751983643,7.032027244567871
MLP_base_MAE,42,4,6,0.0010000000474974513,6.165174961090088,6.812259674072266,6.132528305053711,6.779567241668701
MLP_base_MAE,42,4,7,0.0010000000474974513,5.996186256408691,6.581422328948975,5.9634504318237305,6.548635482788086
MLP_base_MAE,42,4,8,0.0010000000474974513,5.8672943115234375,6.368663311004639,5.834464073181152,6.335781574249268
MLP_base_MAE,42,4,9,0.0010000000474974513,5.7314043045043945,6.242215156555176,5.698482513427734,6.2092509269714355
MLP_base_MAE,42,4,10,0.0010000000474974513,5.691620349884033,6.032773971557617,5.658619403839111,5.999729156494141
MLP_base_MAE,42,4,11,0.0010000000474974513,5.644716739654541,6.074146270751953,5.611632823944092,6.041015625
MLP_base_MAE,42,4,12,0.0010000000474974513,5.619731426239014,5.96157169342041,5.5865583419799805,5.928354263305664
MLP_base_MAE,42,4,13,0.0010000000474974513,5.572416305541992,5.943736553192139,5.539163112640381,5.910435199737549
MLP_base_MAE,42,4,14,0.0010000000474974513,5.547863006591797,5.8984808921813965,5.514517307281494,5.865086078643799
MLP_base_MAE,42,4,15,0.0010000000474974513,5.505119323730469,5.841390609741211,5.471689224243164,5.807916164398193
MLP_base_MAE,42,4,16,0.0010000000474974513,5.545486927032471,5.8543500900268555,5.511970043182373,5.82078218460083
MLP_base_MAE,42,4,17,0.0010000000474974513,5.461306095123291,5.895157814025879,5.427697658538818,5.861506938934326
MLP_base_MAE,42,4,18,0.0010000000474974513,5.479212284088135,5.804479598999023,5.445527076721191,5.770750045776367
MLP_base_MAE,42,4,19,0.0010000000474974513,5.432822227478027,5.823995113372803,5.399053573608398,5.79018497467041
MLP_base_MAE,42,4,20,0.0010000000474974513,5.445964336395264,5.812475681304932,5.412116527557373,5.77858304977417
MLP_base_MAE,42,4,21,0.0010000000474974513,5.417211055755615,5.774256706237793,5.383275985717773,5.740272521972656
MLP_base_MAE,42,4,22,0.0010000000474974513,5.452721118927002,5.799520015716553,5.418688774108887,5.7654337882995605
MLP_base_MAE,42,4,23,0.0010000000474974513,5.402782917022705,5.805756568908691,5.368657112121582,5.771587371826172
MLP_base_MAE,42,4,24,0.0010000000474974513,5.412771701812744,5.785843372344971,5.378566265106201,5.751598834991455
MLP_base_MAE,42,4,25,0.0010000000474974513,5.3787455558776855,5.803015232086182,5.344459533691406,5.768683910369873
MLP_base_MAE,42,4,26,0.0010000000474974513,5.361751556396484,5.830877780914307,5.327384948730469,5.7964701652526855
MLP_base_MAE,42,4,27,0.0010000000474974513,5.328433990478516,5.784823894500732,5.2939887046813965,5.750329971313477
MLP_base_MAE,42,4,28,0.0010000000474974513,5.36317253112793,5.754142761230469,5.328639507293701,5.719563007354736
MLP_base_MAE,42,4,29,0.0010000000474974513,5.328670024871826,5.76069450378418,5.294048309326172,5.726025581359863
MLP_base_MAE,42,4,30,0.0010000000474974513,5.306303977966309,5.7833757400512695,5.271599769592285,5.748630523681641
MLP_base_MAE,42,4,31,0.0010000000474974513,5.332066535949707,5.767228126525879,5.297280311584473,5.732391834259033
MLP_base_MAE,42,4,32,0.0010000000474974513,5.304713726043701,5.805542469024658,5.269833564758301,5.770616054534912
MLP_base_MAE,42,4,33,0.0010000000474974513,5.293308258056641,5.785358428955078,5.258344650268555,5.750349044799805
MLP_base_MAE,42,4,34,0.0010000000474974513,5.2901225090026855,5.8102803230285645,5.255075931549072,5.775190353393555
MLP_base_MAE,42,4,35,0.0010000000474974513,5.277277946472168,5.790321350097656,5.242147922515869,5.755147933959961
MLP_base_MAE,42,4,36,0.0010000000474974513,5.26506233215332,5.819331169128418,5.229855537414551,5.784083366394043
MLP_base_MAE,42,4,37,0.0010000000474974513,5.229358196258545,5.824069023132324,5.194074630737305,5.7887444496154785
MLP_base_MAE,42,4,38,0.0010000000474974513,5.221092700958252,5.847411155700684,5.185732841491699,5.812008857727051
MLP_base_MAE,42,4,39,0.0010000000474974513,5.214842796325684,5.8258819580078125,5.179403781890869,5.790401458740234
MLP_base_MAE,42,4,40,0.0010000000474974513,5.195493698120117,5.8387532234191895,5.159976482391357,5.803194522857666
MLP_base_MAE,42,4,41,0.0010000000474974513,5.1866068840026855,5.845388412475586,5.151012420654297,5.809751033782959
MLP_base_MAE,42,4,42,0.0010000000474974513,5.204659461975098,5.855510711669922,5.168987274169922,5.819794178009033
MLP_base_MAE,42,4,43,0.0010000000474974513,5.181825160980225,5.872539520263672,5.1460723876953125,5.836746692657471
MLP_base_MAE,42,4,44,0.0010000000474974513,5.176777362823486,5.830183506011963,5.140942096710205,5.794299602508545
MLP_base_MAE,42,4,45,0.0010000000474974513,5.170121669769287,5.869503498077393,5.134200096130371,5.8335347175598145
MLP_base_MAE,42,4,46,0.0010000000474974513,5.113280773162842,5.845849514007568,5.077278137207031,5.809805870056152
MLP_base_MAE,42,4,47,0.0010000000474974513,5.127214431762695,5.855457305908203,5.091125965118408,5.8193182945251465
MLP_base_MAE,42,4,48,0.0010000000474974513,5.139891624450684,5.863287925720215,5.103713512420654,5.8270649909973145
MLP_base_MAE,42,4,49,0.0010000000474974513,5.134576320648193,5.837416172027588,5.098315715789795,5.801113605499268
MLP_base_MAE,42,4,50,0.0010000000474974513,5.095439434051514,5.830706596374512,5.059103488922119,5.7943291664123535
MLP_base_MAE,42,4,51,0.0010000000474974513,5.116491317749023,5.8254876136779785,5.080072402954102,5.789022922515869
MLP_base_MAE,42,4,52,0.0010000000474974513,5.054593086242676,5.841790199279785,5.018093109130859,5.805243015289307
MLP_base_MAE,42,4,53,0.0010000000474974513,5.133894920349121,5.8654069900512695,5.097306251525879,5.828771114349365
MLP_base_MAE,42,5,1,0.0010000000474974513,8.654359817504883,8.362062454223633,8.62209701538086,8.32974910736084
MLP_base_MAE,42,5,2,0.0010000000474974513,8.027013778686523,8.0370454788208,7.9946608543396,8.00464916229248
MLP_base_MAE,42,5,3,0.0010000000474974513,7.529535293579102,7.803979396820068,7.497097492218018,7.771493911743164
MLP_base_MAE,42,5,4,0.0010000000474974513,7.036412715911865,7.495899200439453,7.0038886070251465,7.463336944580078
MLP_base_MAE,42,5,5,0.0010000000474974513,6.674357891082764,7.230742454528809,6.641759395599365,7.198101997375488
MLP_base_MAE,42,5,6,0.0010000000474974513,6.370786666870117,6.917811393737793,6.338107585906982,6.885084629058838
MLP_base_MAE,42,5,7,0.0010000000474974513,6.132185459136963,6.722963333129883,6.099416255950928,6.690142631530762
MLP_base_MAE,42,5,8,0.0010000000474974513,5.97540807723999,6.466521263122559,5.942538261413574,6.433597564697266
MLP_base_MAE,42,5,9,0.0010000000474974513,5.809704780578613,6.328049659729004,5.776731491088867,6.295022964477539
MLP_base_MAE,42,5,10,0.0010000000474974513,5.751779079437256,6.234691143035889,5.7187066078186035,6.201562881469727
MLP_base_MAE,42,5,11,0.0010000000474974513,5.655395984649658,6.044662952423096,5.622220993041992,6.0114359855651855
MLP_base_MAE,42,5,12,0.0010000000474974513,5.6836652755737305,6.101016521453857,5.650393486022949,6.067691326141357
MLP_base_MAE,42,5,13,0.0010000000474974513,5.593998432159424,6.060628890991211,5.5606279373168945,6.027210235595703
MLP_base_MAE,42,5,14,0.0010000000474974513,5.58274507522583,6.006210803985596,5.549288749694824,5.972713470458984
MLP_base_MAE,42,5,15,0.0010000000474974513,5.548766136169434,6.0114006996154785,5.5152268409729,5.977814197540283
MLP_base_MAE,42,5,16,0.0010000000474974513,5.533431529998779,5.916245937347412,5.499809265136719,5.882580280303955
MLP_base_MAE,42,5,17,0.0010000000474974513,5.54284143447876,5.940070152282715,5.509132385253906,5.906310558319092
MLP_base_MAE,42,5,18,0.0010000000474974513,5.49694299697876,5.948409557342529,5.463141918182373,5.914559841156006
MLP_base_MAE,42,5,19,0.0010000000474974513,5.490323543548584,5.916126728057861,5.456432819366455,5.882187366485596
MLP_base_MAE,42,5,20,0.0010000000474974513,5.485979080200195,5.905080795288086,5.451998710632324,5.8710503578186035
MLP_base_MAE,42,5,21,0.0010000000474974513,5.49476432800293,5.910451412200928,5.460689067840576,5.876327037811279
MLP_base_MAE,42,5,22,0.0010000000474974513,5.453603744506836,5.90554666519165,5.41943359375,5.871329307556152
MLP_base_MAE,42,5,23,0.0010000000474974513,5.417659282684326,5.896524906158447,5.383400917053223,5.862218856811523
MLP_base_MAE,42,5,24,0.0010000000474974513,5.408424377441406,5.8682379722595215,5.374080181121826,5.8338470458984375
MLP_base_MAE,42,5,25,0.0010000000474974513,5.426743030548096,5.85288667678833,5.39231538772583,5.818418502807617
MLP_base_MAE,42,5,26,0.0010000000474974513,5.4005126953125,5.856594085693359,5.36600399017334,5.82203483581543
MLP_base_MAE,42,5,27,0.0010000000474974513,5.376065254211426,5.879351615905762,5.341464519500732,5.844710826873779
MLP_base_MAE,42,5,28,0.0010000000474974513,5.342593193054199,5.869630336761475,5.307910442352295,5.834897994995117
MLP_base_MAE,42,5,29,0.0010000000474974513,5.358153343200684,5.849130153656006,5.323374271392822,5.814298152923584
MLP_base_MAE,42,5,30,0.0010000000474974513,5.281965255737305,5.852276802062988,5.247089862823486,5.817352771759033
MLP_base_MAE,42,5,31,0.0010000000474974513,5.332529544830322,5.838558197021484,5.2975568771362305,5.803531646728516
MLP_base_MAE,42,5,32,0.0010000000474974513,5.327061653137207,5.871314525604248,5.291994571685791,5.836199760437012
MLP_base_MAE,42,5,33,0.0010000000474974513,5.327141761779785,5.864693641662598,5.291982173919678,5.829484462738037
MLP_base_MAE,42,5,34,0.0010000000474974513,5.3103861808776855,5.858802795410156,5.275139331817627,5.823511123657227
MLP_base_MAE,42,5,35,0.0010000000474974513,5.329626083374023,5.863372325897217,5.294289588928223,5.827993869781494
MLP_base_MAE,42,5,36,0.0010000000474974513,5.32785701751709,5.87141752243042,5.2924323081970215,5.835942268371582
MLP_base_MAE,42,5,37,0.0010000000474974513,5.2952752113342285,5.854481220245361,5.259762287139893,5.8189287185668945
MLP_base_MAE,42,5,38,0.0010000000474974513,5.316953659057617,5.912760257720947,5.281361103057861,5.8771209716796875
MLP_base_MAE,42,5,39,0.0010000000474974513,5.25996208190918,5.8995585441589355,5.224277019500732,5.86382532119751
MLP_base_MAE,42,5,40,0.0010000000474974513,5.260087490081787,5.8642578125,5.224318027496338,5.828442573547363
MLP_base_MAE,42,5,41,0.0010000000474974513,5.241520881652832,5.853249549865723,5.205663681030273,5.817348480224609
MLP_base_MAE,42,5,42,0.0010000000474974513,5.233327388763428,5.922473907470703,5.1973772048950195,5.886467456817627
MLP_base_MAE,42,5,43,0.0010000000474974513,5.197969436645508,5.888796806335449,5.161918640136719,5.8527021408081055
MLP_base_MAE,42,5,44,0.0010000000474974513,5.211491584777832,5.8862104415893555,5.17535400390625,5.850021839141846
MLP_base_MAE,42,5,45,0.0010000000474974513,5.189777374267578,5.937009811401367,5.153544902801514,5.900726795196533
MLP_base_MAE,42,5,46,0.0010000000474974513,5.181244850158691,5.936267375946045,5.144919395446777,5.899891376495361
MLP_base_MAE,42,5,47,0.0010000000474974513,5.164377689361572,5.916354656219482,5.127957344055176,5.879889965057373
MLP_base_MAE,42,5,48,0.0010000000474974513,5.187671661376953,5.905179023742676,5.151165962219238,5.868625164031982
MLP_base_MAE,42,5,49,0.0010000000474974513,5.1799468994140625,5.945154666900635,5.143345355987549,5.908498764038086
MLP_base_MAE,42,5,50,0.0010000000474974513,5.09873104095459,5.905224800109863,5.062033176422119,5.868481159210205
MLP_base_MAE,42,5,51,0.0010000000474974513,5.156795501708984,5.947500705718994,5.120013236999512,5.910670757293701
MLP_base_MAE,42,5,52,0.0010000000474974513,5.101752281188965,5.908637523651123,5.064879894256592,5.871717929840088
MLP_base_MAE,42,5,53,0.0010000000474974513,5.128178119659424,5.9189863204956055,5.091212749481201,5.881968975067139
MLP_base_MAE,42,5,54,0.0010000000474974513,5.114092826843262,5.910186767578125,5.077028751373291,5.873068332672119
MLP_base_MAE,42,5,55,0.0010000000474974513,5.137223243713379,5.92872953414917,5.100058078765869,5.891514301300049
MLP_base_MAE,42,5,56,0.0010000000474974513,5.128477096557617,5.940307140350342,5.091209888458252,5.902978897094727
MLP_base_MAE,123,1,1,0.0010000000474974513,8.113225936889648,8.529675483703613,8.080796241760254,8.497204780578613
MLP_base_MAE,123,1,2,0.0010000000474974513,7.6523542404174805,8.33163833618164,7.619846343994141,8.299090385437012
MLP_base_MAE,123,1,3,0.0010000000474974513,7.3397955894470215,8.147467613220215,7.307219505310059,8.114858627319336
MLP_base_MAE,123,1,4,0.0010000000474974513,6.990254878997803,7.882131576538086,6.9576215744018555,7.849468231201172
MLP_base_MAE,123,1,5,0.0010000000474974513,6.690402030944824,7.65403938293457,6.657711982727051,7.621316432952881
MLP_base_MAE,123,1,6,0.0010000000474974513,6.480404376983643,7.327426910400391,6.447653770446777,7.294643402099609
MLP_base_MAE,123,1,7,0.0010000000474974513,6.285445690155029,7.118097305297852,6.252633094787598,7.0852508544921875
MLP_base_MAE,123,1,8,0.0010000000474974513,6.104394912719727,7.002627372741699,6.071518421173096,6.969715118408203
MLP_base_MAE,123,1,9,0.0010000000474974513,5.9564642906188965,6.842597007751465,5.923526763916016,6.809627056121826
MLP_base_MAE,123,1,10,0.0010000000474974513,5.825270175933838,6.578784942626953,5.792272567749023,6.54575252532959
MLP_base_MAE,123,1,11,0.0010000000474974513,5.746487617492676,6.513534069061279,5.713423252105713,6.480429172515869
MLP_base_MAE,123,1,12,0.0010000000474974513,5.6486077308654785,6.353411674499512,5.615472793579102,6.320239543914795
MLP_base_MAE,123,1,13,0.0010000000474974513,5.584423542022705,6.218752384185791,5.551215648651123,6.185498237609863
MLP_base_MAE,123,1,14,0.0010000000474974513,5.578221797943115,6.280140399932861,5.544932842254639,6.246808052062988
MLP_base_MAE,123,1,15,0.0010000000474974513,5.470345973968506,6.0952019691467285,5.436977863311768,6.061790943145752
MLP_base_MAE,123,1,16,0.0010000000474974513,5.428466320037842,6.068572044372559,5.395024299621582,6.035090446472168
MLP_base_MAE,123,1,17,0.0010000000474974513,5.3688859939575195,6.0248918533325195,5.335372447967529,5.991336822509766
MLP_base_MAE,123,1,18,0.0010000000474974513,5.40225076675415,5.9224419593811035,5.368653774261475,5.888791084289551
MLP_base_MAE,123,1,19,0.0010000000474974513,5.437417030334473,5.9853010177612305,5.403726577758789,5.951565742492676
MLP_base_MAE,123,1,20,0.0010000000474974513,5.372677803039551,5.919952392578125,5.338906288146973,5.886141300201416
MLP_base_MAE,123,1,21,0.0010000000474974513,5.304948806762695,5.911398410797119,5.2711052894592285,5.8775129318237305
MLP_base_MAE,123,1,22,0.0010000000474974513,5.39016580581665,5.849191188812256,5.356245517730713,5.815227508544922
MLP_base_MAE,123,1,23,0.0010000000474974513,5.304182052612305,5.855846405029297,5.2701849937438965,5.821808815002441
MLP_base_MAE,123,1,24,0.0010000000474974513,5.310909271240234,5.854377269744873,5.276841163635254,5.820267200469971
MLP_base_MAE,123,1,25,0.0010000000474974513,5.257035732269287,5.807640552520752,5.222890853881836,5.773453712463379
MLP_base_MAE,123,1,26,0.0010000000474974513,5.342792987823486,5.833807468414307,5.308570861816406,5.799543857574463
MLP_base_MAE,123,1,27,0.0010000000474974513,5.298011302947998,5.9193806648254395,5.263716220855713,5.885043144226074
MLP_base_MAE,123,1,28,0.0010000000474974513,5.1953582763671875,5.890976905822754,5.160987377166748,5.856565952301025
MLP_base_MAE,123,1,29,0.0010000000474974513,5.228647708892822,5.828142166137695,5.194207191467285,5.793668746948242
MLP_base_MAE,123,1,30,0.0010000000474974513,5.201322078704834,5.811486721038818,5.166821479797363,5.776954174041748
MLP_base_MAE,123,1,31,0.0010000000474974513,5.224397659301758,5.8319807052612305,5.189836502075195,5.797384262084961
MLP_base_MAE,123,1,32,0.0010000000474974513,5.2667694091796875,5.847780227661133,5.232144832611084,5.813117980957031
MLP_base_MAE,123,1,33,0.0010000000474974513,5.17619514465332,5.8496928215026855,5.1415019035339355,5.8149638175964355
MLP_base_MAE,123,1,34,0.0010000000474974513,5.158969402313232,5.863453388214111,5.124209880828857,5.8286614418029785
MLP_base_MAE,123,1,35,0.0010000000474974513,5.160113334655762,5.829076290130615,5.1252923011779785,5.794219970703125
MLP_base_MAE,123,1,36,0.0010000000474974513,5.1340107917785645,5.822982311248779,5.099122524261475,5.788057327270508
MLP_base_MAE,123,1,37,0.0010000000474974513,5.063600540161133,5.858885288238525,5.028648376464844,5.823899269104004
MLP_base_MAE,123,1,38,0.0010000000474974513,5.125147342681885,5.870609760284424,5.090129852294922,5.835553169250488
MLP_base_MAE,123,1,39,0.0010000000474974513,5.174046039581299,5.9062676429748535,5.138956069946289,5.871140003204346
MLP_base_MAE,123,1,40,0.0010000000474974513,5.065420627593994,5.868338108062744,5.030266284942627,5.833149433135986
MLP_base_MAE,123,1,41,0.0010000000474974513,5.031538486480713,5.903504848480225,4.996319770812988,5.868245601654053
MLP_base_MAE,123,1,42,0.0010000000474974513,5.101210594177246,5.850799560546875,5.065918922424316,5.815472602844238
MLP_base_MAE,123,1,43,0.0010000000474974513,5.038208484649658,5.833272933959961,5.002854347229004,5.797884941101074
MLP_base_MAE,123,1,44,0.0010000000474974513,4.993947982788086,5.829646587371826,4.958530902862549,5.794194221496582
MLP_base_MAE,123,1,45,0.0010000000474974513,5.0540571212768555,5.81455659866333,5.018576145172119,5.7790374755859375
MLP_base_MAE,123,1,46,0.0010000000474974513,5.030465126037598,5.7982258796691895,4.9949140548706055,5.762636661529541
MLP_base_MAE,123,1,47,0.0010000000474974513,5.031693935394287,5.837148666381836,4.996071815490723,5.801492214202881
MLP_base_MAE,123,1,48,0.0010000000474974513,5.039878845214844,5.873134613037109,5.004191875457764,5.837409019470215
MLP_base_MAE,123,1,49,0.0010000000474974513,4.983889102935791,5.853766441345215,4.948131084442139,5.817970275878906
MLP_base_MAE,123,1,50,0.0010000000474974513,4.943449020385742,5.888165473937988,4.907625675201416,5.852308750152588
MLP_base_MAE,123,1,51,0.0010000000474974513,5.041621208190918,5.870305061340332,5.005732536315918,5.834377288818359
MLP_base_MAE,123,1,52,0.0010000000474974513,4.938573360443115,5.864224910736084,4.902615547180176,5.828227519989014
MLP_base_MAE,123,1,53,0.0010000000474974513,4.9752607345581055,5.880660533905029,4.939232349395752,5.844593524932861
MLP_base_MAE,123,1,54,0.0010000000474974513,4.924894332885742,5.866326332092285,4.888798713684082,5.830192565917969
MLP_base_MAE,123,1,55,0.0010000000474974513,4.8832783699035645,5.8751115798950195,4.847114562988281,5.838908672332764
MLP_base_MAE,123,1,56,0.0010000000474974513,4.929328441619873,5.849303245544434,4.893096446990967,5.8130364418029785
MLP_base_MAE,123,1,57,0.0010000000474974513,4.901682376861572,5.889795780181885,4.865391254425049,5.853473663330078
MLP_base_MAE,123,1,58,0.0010000000474974513,4.938066005706787,5.892894744873047,4.901716232299805,5.856508731842041
MLP_base_MAE,123,1,59,0.0010000000474974513,4.911859035491943,5.870579242706299,4.875443935394287,5.834128379821777
MLP_base_MAE,123,1,60,0.0010000000474974513,4.910346984863281,5.884185314178467,4.873867034912109,5.8476691246032715
MLP_base_MAE,123,1,61,0.0010000000474974513,4.852169990539551,5.89141321182251,4.815624713897705,5.854828357696533
MLP_base_MAE,123,1,62,0.0010000000474974513,4.862534046173096,5.862576484680176,4.825918674468994,5.825926303863525
MLP_base_MAE,123,1,63,0.0010000000474974513,4.883312225341797,5.910423755645752,4.846632480621338,5.87370491027832
MLP_base_MAE,123,1,64,0.0010000000474974513,4.7705183029174805,5.913145542144775,4.733770370483398,5.876360893249512
MLP_base_MAE,123,1,65,0.0010000000474974513,4.817731857299805,5.959103107452393,4.780918598175049,5.922253608703613
MLP_base_MAE,123,1,66,0.0010000000474974513,4.859597206115723,5.9670329093933105,4.822718143463135,5.930117130279541
MLP_base_MAE,123,1,67,0.0010000000474974513,4.82007360458374,5.968017101287842,4.783127307891846,5.931032657623291
MLP_base_MAE,123,1,68,0.0010000000474974513,4.772080898284912,5.874942302703857,4.735067367553711,5.837890625
MLP_base_MAE,123,1,69,0.0010000000474974513,4.7560529708862305,5.889243125915527,4.718967914581299,5.852119445800781
MLP_base_MAE,123,1,70,0.0010000000474974513,4.7496232986450195,5.891108989715576,4.71246862411499,5.853914260864258
MLP_base_MAE,123,1,71,0.0010000000474974513,4.83801794052124,5.911455154418945,4.8007917404174805,5.874190807342529
MLP_base_MAE,123,2,1,0.0010000000474974513,8.411626815795898,8.187169075012207,8.379365921020508,8.154861450195312
MLP_base_MAE,123,2,2,0.0010000000474974513,7.9100141525268555,8.089766502380371,7.877665042877197,8.057374000549316
MLP_base_MAE,123,2,3,0.0010000000474974513,7.499237060546875,7.993918418884277,7.46681022644043,7.961454391479492
MLP_base_MAE,123,2,4,0.0010000000474974513,7.141041278839111,7.850388526916504,7.1085429191589355,7.817846298217773
MLP_base_MAE,123,2,5,0.0010000000474974513,6.848247528076172,7.607402801513672,6.815670490264893,7.5747809410095215
MLP_base_MAE,123,2,6,0.0010000000474974513,6.5019025802612305,7.302172660827637,6.469247817993164,7.269479274749756
MLP_base_MAE,123,2,7,0.0010000000474974513,6.279450416564941,7.001641750335693,6.246718883514404,6.968870162963867
MLP_base_MAE,123,2,8,0.0010000000474974513,6.083311080932617,6.794325828552246,6.050508499145508,6.761488914489746
MLP_base_MAE,123,2,9,0.0010000000474974513,5.943163871765137,6.576959133148193,5.910292148590088,6.5440473556518555
MLP_base_MAE,123,2,10,0.0010000000474974513,5.802181243896484,6.534723281860352,5.7692341804504395,6.501735687255859
MLP_base_MAE,123,2,11,0.0010000000474974513,5.736817836761475,6.3091325759887695,5.703793525695801,6.276065349578857
MLP_base_MAE,123,2,12,0.0010000000474974513,5.663905620574951,6.196372032165527,5.630801677703857,6.163225173950195
MLP_base_MAE,123,2,13,0.0010000000474974513,5.570842266082764,6.184080600738525,5.537660598754883,6.1508588790893555
MLP_base_MAE,123,2,14,0.0010000000474974513,5.510793209075928,6.099955081939697,5.477541446685791,6.066666126251221
MLP_base_MAE,123,2,15,0.0010000000474974513,5.551235675811768,5.994599342346191,5.517917156219482,5.961244583129883
MLP_base_MAE,123,2,16,0.0010000000474974513,5.479544639587402,6.026760101318359,5.446152210235596,5.993325710296631
MLP_base_MAE,123,2,17,0.0010000000474974513,5.475545883178711,5.946191787719727,5.442080974578857,5.912686347961426
MLP_base_MAE,123,2,18,0.0010000000474974513,5.464522838592529,6.027358055114746,5.430980682373047,5.993775844573975
MLP_base_MAE,123,2,19,0.0010000000474974513,5.407470226287842,5.9165425300598145,5.373856544494629,5.882890701293945
MLP_base_MAE,123,2,20,0.0010000000474974513,5.393325328826904,5.908347129821777,5.3596415519714355,5.874628067016602
MLP_base_MAE,123,2,21,0.0010000000474974513,5.377826690673828,5.890107154846191,5.344078540802002,5.8563232421875
MLP_base_MAE,123,2,22,0.0010000000474974513,5.402026176452637,5.910280227661133,5.3682098388671875,5.8764262199401855
MLP_base_MAE,123,2,23,0.0010000000474974513,5.338018894195557,5.9171142578125,5.304130554199219,5.883181571960449
MLP_base_MAE,123,2,24,0.0010000000474974513,5.229846477508545,5.935682773590088,5.195870399475098,5.901661396026611
MLP_base_MAE,123,2,25,0.0010000000474974513,5.378155708312988,5.9346818923950195,5.344095230102539,5.900575637817383
MLP_base_MAE,123,2,26,0.0010000000474974513,5.248570919036865,5.914650917053223,5.214428424835205,5.880467891693115
MLP_base_MAE,123,2,27,0.0010000000474974513,5.224929332733154,5.86956787109375,5.190711498260498,5.835311412811279
MLP_base_MAE,123,2,28,0.0010000000474974513,5.23108434677124,5.895563125610352,5.196793079376221,5.861232757568359
MLP_base_MAE,123,2,29,0.0010000000474974513,5.308102607727051,5.913323879241943,5.273736000061035,5.878917217254639
MLP_base_MAE,123,2,30,0.0010000000474974513,5.189326763153076,5.922332286834717,5.154884338378906,5.887850284576416
MLP_base_MAE,123,2,31,0.0010000000474974513,5.241690158843994,5.937633037567139,5.207172393798828,5.903073310852051
MLP_base_MAE,123,2,32,0.0010000000474974513,5.199899196624756,5.940239906311035,5.165311336517334,5.905619144439697
MLP_base_MAE,123,2,33,0.0010000000474974513,5.223508834838867,5.94480037689209,5.1888532638549805,5.910106658935547
MLP_base_MAE,123,2,34,0.0010000000474974513,5.17588472366333,5.929276943206787,5.141162395477295,5.8945183753967285
MLP_base_MAE,123,2,35,0.0010000000474974513,5.182562828063965,5.950728893280029,5.147773265838623,5.915904521942139
MLP_base_MAE,123,2,36,0.0010000000474974513,5.1828293800354,5.9781975746154785,5.147975921630859,5.943307399749756
MLP_base_MAE,123,2,37,0.0010000000474974513,5.136374473571777,5.9961347579956055,5.10145378112793,5.961177349090576
MLP_base_MAE,123,2,38,0.0010000000474974513,5.116380214691162,5.997152805328369,5.081391334533691,5.962128639221191
MLP_base_MAE,123,2,39,0.0010000000474974513,5.153409481048584,5.984019756317139,5.11835241317749,5.9489240646362305
MLP_base_MAE,123,2,40,0.0010000000474974513,5.113565444946289,5.980384349822998,5.078432083129883,5.945207118988037
MLP_base_MAE,123,2,41,0.0010000000474974513,5.124293804168701,5.9663286209106445,5.08908224105835,5.931078910827637
MLP_base_MAE,123,2,42,0.0010000000474974513,5.051033973693848,5.946145534515381,5.015749454498291,5.910821437835693
MLP_base_MAE,123,2,43,0.0010000000474974513,5.025210380554199,5.934094429016113,4.989852428436279,5.898698806762695
MLP_base_MAE,123,2,44,0.0010000000474974513,5.059579849243164,5.98408842086792,5.024155616760254,5.9486308097839355
MLP_base_MAE,123,2,45,0.0010000000474974513,5.019811630249023,5.990536212921143,4.9843220710754395,5.9550065994262695
MLP_base_MAE,123,2,46,0.0010000000474974513,5.015820026397705,6.0207085609436035,4.980259418487549,5.9851155281066895
MLP_base_MAE,123,2,47,0.0010000000474974513,5.016570091247559,6.049278736114502,4.980947494506836,6.013615131378174
MLP_base_MAE,123,2,48,0.0010000000474974513,5.061038494110107,6.006495952606201,5.025339126586914,5.970759391784668
MLP_base_MAE,123,2,49,0.0010000000474974513,4.965610027313232,6.037345886230469,4.9298415184021,6.001541614532471
MLP_base_MAE,123,2,50,0.0010000000474974513,4.977105617523193,6.005888938903809,4.941267490386963,5.970014572143555
MLP_base_MAE,123,2,51,0.0010000000474974513,5.027754306793213,6.026716709136963,4.991846084594727,5.99076509475708
MLP_base_MAE,123,2,52,0.0010000000474974513,4.95831823348999,6.033947944641113,4.92233419418335,5.997931480407715
MLP_base_MAE,123,3,1,0.0010000000474974513,8.7261381149292,8.246665000915527,8.693790435791016,8.214268684387207
MLP_base_MAE,123,3,2,0.0010000000474974513,8.177225112915039,7.980251312255859,8.144791603088379,7.947780609130859
MLP_base_MAE,123,3,3,0.0010000000474974513,7.739700794219971,7.778994083404541,7.707198143005371,7.746455669403076
MLP_base_MAE,123,3,4,0.0010000000474974513,7.328821182250977,7.66178035736084,7.296253204345703,7.629176616668701
MLP_base_MAE,123,3,5,0.0010000000474974513,6.987757682800293,7.301494121551514,6.95512056350708,7.268815994262695
MLP_base_MAE,123,3,6,0.0010000000474974513,6.6548285484313965,7.111320495605469,6.622114181518555,7.0785651206970215
MLP_base_MAE,123,3,7,0.0010000000474974513,6.425302505493164,6.8733439445495605,6.392512321472168,6.840515613555908
MLP_base_MAE,123,3,8,0.0010000000474974513,6.201755046844482,6.683660507202148,6.168893814086914,6.650763511657715
MLP_base_MAE,123,3,9,0.0010000000474974513,5.987974166870117,6.465828895568848,5.9550461769104,6.432863235473633
MLP_base_MAE,123,3,10,0.0010000000474974513,5.856191635131836,6.317587852478027,5.823190689086914,6.284542560577393
MLP_base_MAE,123,3,11,0.0010000000474974513,5.74898624420166,6.213326454162598,5.715902328491211,6.1801958084106445
MLP_base_MAE,123,3,12,0.0010000000474974513,5.63539457321167,6.20733118057251,5.602224349975586,6.174117088317871
MLP_base_MAE,123,3,13,0.0010000000474974513,5.619330883026123,6.10915470123291,5.5860795974731445,6.075859069824219
MLP_base_MAE,123,3,14,0.0010000000474974513,5.580722808837891,6.054386138916016,5.547382831573486,6.020996570587158
MLP_base_MAE,123,3,15,0.0010000000474974513,5.516449928283691,6.043158054351807,5.483023643493652,6.009693145751953
MLP_base_MAE,123,3,16,0.0010000000474974513,5.5230302810668945,6.036749839782715,5.489531517028809,6.003209590911865
MLP_base_MAE,123,3,17,0.0010000000474974513,5.4738945960998535,5.9987921714782715,5.440314769744873,5.965168476104736
MLP_base_MAE,123,3,18,0.0010000000474974513,5.448801517486572,6.019983768463135,5.415134429931641,5.98626708984375
MLP_base_MAE,123,3,19,0.0010000000474974513,5.46375036239624,6.017023086547852,5.429992198944092,5.983216762542725
MLP_base_MAE,123,3,20,0.0010000000474974513,5.410126209259033,5.991771221160889,5.376283645629883,5.9578857421875
MLP_base_MAE,123,3,21,0.0010000000474974513,5.440856456756592,5.996731281280518,5.406927108764648,5.962751388549805
MLP_base_MAE,123,3,22,0.0010000000474974513,5.369777679443359,5.969383239746094,5.335762977600098,5.935328960418701
MLP_base_MAE,123,3,23,0.0010000000474974513,5.351200580596924,5.971439838409424,5.317113876342773,5.937313556671143
MLP_base_MAE,123,3,24,0.0010000000474974513,5.3043718338012695,6.013828277587891,5.270208358764648,5.9796223640441895
MLP_base_MAE,123,3,25,0.0010000000474974513,5.3677287101745605,6.022855758666992,5.33348274230957,5.988561153411865
MLP_base_MAE,123,3,26,0.0010000000474974513,5.3058600425720215,6.023092746734619,5.2715253829956055,5.988718032836914
MLP_base_MAE,123,3,27,0.0010000000474974513,5.298684597015381,6.082432746887207,5.2642741203308105,6.04797887802124
MLP_base_MAE,123,3,28,0.0010000000474974513,5.282186508178711,6.028885364532471,5.247696399688721,5.994358539581299
MLP_base_MAE,123,3,29,0.0010000000474974513,5.212521076202393,6.021816730499268,5.177957534790039,5.987209796905518
MLP_base_MAE,123,3,30,0.0010000000474974513,5.295561790466309,6.033761024475098,5.260918617248535,5.999078750610352
MLP_base_MAE,123,3,31,0.0010000000474974513,5.2393903732299805,5.987825393676758,5.2046709060668945,5.953064441680908
MLP_base_MAE,123,3,32,0.0010000000474974513,5.220946311950684,6.014707565307617,5.186149597167969,5.979865074157715
MLP_base_MAE,123,3,33,0.0010000000474974513,5.261743545532227,6.0268874168396,5.226863861083984,5.991967678070068
MLP_base_MAE,123,3,34,0.0010000000474974513,5.200117588043213,5.984906196594238,5.165166854858398,5.9499077796936035
MLP_base_MAE,123,3,35,0.0010000000474974513,5.200119495391846,6.103133201599121,5.165083885192871,6.068063735961914
MLP_base_MAE,123,3,36,0.0010000000474974513,5.163694858551025,6.044946193695068,5.128592491149902,6.009806156158447
MLP_base_MAE,123,3,37,0.0010000000474974513,5.22305154800415,6.117008686065674,5.187875747680664,6.081794738769531
MLP_base_MAE,123,3,38,0.0010000000474974513,5.177030563354492,6.061914443969727,5.141782283782959,6.026628494262695
MLP_base_MAE,123,3,39,0.0010000000474974513,5.1603498458862305,6.084979057312012,5.125031471252441,6.049623012542725
MLP_base_MAE,123,3,40,0.0010000000474974513,5.1665263175964355,6.097023010253906,5.131130695343018,6.061578750610352
MLP_base_MAE,123,3,41,0.0010000000474974513,5.1353373527526855,6.137859344482422,5.099852561950684,6.10233736038208
MLP_base_MAE,123,3,42,0.0010000000474974513,5.136340618133545,6.096377372741699,5.1007843017578125,6.0607781410217285
MLP_base_MAE,123,3,43,0.0010000000474974513,5.111973285675049,6.079766750335693,5.076337814331055,6.044088840484619
MLP_base_MAE,123,3,44,0.0010000000474974513,5.149138450622559,6.1089186668396,5.113420486450195,6.073155879974365
MLP_base_MAE,123,3,45,0.0010000000474974513,5.119561195373535,6.1066083908081055,5.0837626457214355,6.070771217346191
MLP_base_MAE,123,3,46,0.0010000000474974513,5.046281814575195,6.124392032623291,5.010415077209473,6.088492393493652
MLP_base_MAE,123,3,47,0.0010000000474974513,5.09503173828125,6.130384922027588,5.059101104736328,6.094411373138428
MLP_base_MAE,123,4,1,0.0010000000474974513,9.184639930725098,8.28993034362793,9.152717590332031,8.257978439331055
MLP_base_MAE,123,4,2,0.0010000000474974513,8.592329978942871,8.09903335571289,8.560346603393555,8.06701374053955
MLP_base_MAE,123,4,3,0.0010000000474974513,8.045686721801758,8.0408296585083,8.013638496398926,8.008743286132812
MLP_base_MAE,123,4,4,0.0010000000474974513,7.588370323181152,7.861978054046631,7.556248664855957,7.829814910888672
MLP_base_MAE,123,4,5,0.0010000000474974513,7.186171054840088,7.625167369842529,7.153970241546631,7.59292459487915
MLP_base_MAE,123,4,6,0.0010000000474974513,6.845250129699707,7.252187728881836,6.812969207763672,7.219854354858398
MLP_base_MAE,123,4,7,0.0010000000474974513,6.520086765289307,7.04295015335083,6.4877119064331055,7.010528564453125
MLP_base_MAE,123,4,8,0.0010000000474974513,6.280083656311035,6.759641170501709,6.247625350952148,6.727137565612793
MLP_base_MAE,123,4,9,0.0010000000474974513,6.088525772094727,6.535482883453369,6.055985450744629,6.502901077270508
MLP_base_MAE,123,4,10,0.0010000000474974513,5.8979597091674805,6.327728748321533,5.865338325500488,6.2950544357299805
MLP_base_MAE,123,4,11,0.0010000000474974513,5.818314075469971,6.242969512939453,5.785592555999756,6.2101922035217285
MLP_base_MAE,123,4,12,0.0010000000474974513,5.7134108543396,6.067174911499023,5.680586814880371,6.034298419952393
MLP_base_MAE,123,4,13,0.0010000000474974513,5.669099807739258,6.0503692626953125,5.636181354522705,6.017402648925781
MLP_base_MAE,123,4,14,0.0010000000474974513,5.605255126953125,5.912479877471924,5.572237968444824,5.879399299621582
MLP_base_MAE,123,4,15,0.0010000000474974513,5.603132247924805,5.9171600341796875,5.5699992179870605,5.8839640617370605
MLP_base_MAE,123,4,16,0.0010000000474974513,5.52286958694458,5.879180908203125,5.489628314971924,5.84588623046875
MLP_base_MAE,123,4,17,0.0010000000474974513,5.509123802185059,5.901164531707764,5.475778579711914,5.867758274078369
MLP_base_MAE,123,4,18,0.0010000000474974513,5.464923858642578,5.861694812774658,5.431469917297363,5.828189849853516
MLP_base_MAE,123,4,19,0.0010000000474974513,5.475168704986572,5.875282287597656,5.441622734069824,5.841681480407715
MLP_base_MAE,123,4,20,0.0010000000474974513,5.434779644012451,5.8052449226379395,5.401130676269531,5.771544456481934
MLP_base_MAE,123,4,21,0.0010000000474974513,5.438775062561035,5.810633659362793,5.405032157897949,5.7768402099609375
MLP_base_MAE,123,4,22,0.0010000000474974513,5.417346000671387,5.809296131134033,5.383504867553711,5.77540397644043
MLP_base_MAE,123,4,23,0.0010000000474974513,5.39732551574707,5.812441825866699,5.36338472366333,5.778438568115234
MLP_base_MAE,123,4,24,0.0010000000474974513,5.37384033203125,5.788032054901123,5.339794635772705,5.753941059112549
MLP_base_MAE,123,4,25,0.0010000000474974513,5.3599138259887695,5.793464183807373,5.325778007507324,5.759270668029785
MLP_base_MAE,123,4,26,0.0010000000474974513,5.345738887786865,5.822213649749756,5.311500549316406,5.787927627563477
MLP_base_MAE,123,4,27,0.0010000000474974513,5.337311744689941,5.812138557434082,5.302985191345215,5.777761459350586
MLP_base_MAE,123,4,28,0.0010000000474974513,5.334452152252197,5.857922077178955,5.300039768218994,5.823470592498779
MLP_base_MAE,123,4,29,0.0010000000474974513,5.354724407196045,5.878551959991455,5.320235252380371,5.8440165519714355
MLP_base_MAE,123,4,30,0.0010000000474974513,5.298088550567627,5.857310771942139,5.263514518737793,5.822691917419434
MLP_base_MAE,123,4,31,0.0010000000474974513,5.302292346954346,5.8489990234375,5.267635345458984,5.814296245574951
MLP_base_MAE,123,4,32,0.0010000000474974513,5.259942531585693,5.8611555099487305,5.225199222564697,5.826362133026123
MLP_base_MAE,123,4,33,0.0010000000474974513,5.264321327209473,5.842638969421387,5.229483604431152,5.807748794555664
MLP_base_MAE,123,4,34,0.0010000000474974513,5.250854015350342,5.821948528289795,5.2159223556518555,5.786970138549805
MLP_base_MAE,123,4,35,0.0010000000474974513,5.210322856903076,5.8920578956604,5.175301551818848,5.856990337371826
MLP_base_MAE,123,4,36,0.0010000000474974513,5.200888156890869,5.856481552124023,5.16577672958374,5.821315288543701
MLP_base_MAE,123,4,37,0.0010000000474974513,5.2030558586120605,5.854880332946777,5.167850494384766,5.819629669189453
MLP_base_MAE,123,4,38,0.0010000000474974513,5.184356212615967,5.895456790924072,5.149056434631348,5.860105037689209
MLP_base_MAE,123,4,39,0.0010000000474974513,5.210334777832031,5.871781826019287,5.174943447113037,5.836342811584473
MLP_base_MAE,123,4,40,0.0010000000474974513,5.187775135040283,5.826290607452393,5.15229606628418,5.790763854980469
MLP_base_MAE,123,4,41,0.0010000000474974513,5.1581597328186035,5.852193355560303,5.122589588165283,5.816574573516846
MLP_base_MAE,123,4,42,0.0010000000474974513,5.126135349273682,5.8255133628845215,5.090478897094727,5.789812088012695
MLP_base_MAE,123,4,43,0.0010000000474974513,5.180072784423828,5.798777103424072,5.144331455230713,5.762984275817871
MLP_base_MAE,123,4,44,0.0010000000474974513,5.128334045410156,5.854896068572998,5.0924973487854,5.819004535675049
MLP_base_MAE,123,4,45,0.0010000000474974513,5.150580406188965,5.863716125488281,5.114647388458252,5.827730655670166
MLP_base_MAE,123,4,46,0.0010000000474974513,5.136619567871094,5.827089309692383,5.100590229034424,5.791018009185791
MLP_base_MAE,123,4,47,0.0010000000474974513,5.10374641418457,5.894044399261475,5.067637920379639,5.857887268066406
MLP_base_MAE,123,4,48,0.0010000000474974513,5.04444694519043,5.8610076904296875,5.00825309753418,5.82477331161499
MLP_base_MAE,123,4,49,0.0010000000474974513,5.044539451599121,5.887482166290283,5.00826358795166,5.851159572601318
MLP_base_MAE,123,5,1,0.0010000000474974513,8.942554473876953,8.41539478302002,8.91018295288086,8.382978439331055
MLP_base_MAE,123,5,2,0.0010000000474974513,8.298236846923828,8.011197090148926,8.265785217285156,7.978707313537598
MLP_base_MAE,123,5,3,0.0010000000474974513,7.7536749839782715,7.916703701019287,7.721151828765869,7.884140968322754
MLP_base_MAE,123,5,4,0.0010000000474974513,7.2694091796875,7.751785755157471,7.236809730529785,7.719139099121094
MLP_base_MAE,123,5,5,0.0010000000474974513,6.868454456329346,7.562093734741211,6.83575963973999,7.5293426513671875
MLP_base_MAE,123,5,6,0.0010000000474974513,6.536790370941162,7.252873420715332,6.5039896965026855,7.220016956329346
MLP_base_MAE,123,5,7,0.0010000000474974513,6.266531944274902,6.866011142730713,6.233626365661621,6.833050727844238
MLP_base_MAE,123,5,8,0.0010000000474974513,6.039170265197754,6.6962971687316895,6.006162643432617,6.663233757019043
MLP_base_MAE,123,5,9,0.0010000000474974513,5.882429122924805,6.4999260902404785,5.8493218421936035,6.466765403747559
MLP_base_MAE,123,5,10,0.0010000000474974513,5.804673671722412,6.2917985916137695,5.771469593048096,6.258542537689209
MLP_base_MAE,123,5,11,0.0010000000474974513,5.679344177246094,6.215057373046875,5.646042346954346,6.181705951690674
MLP_base_MAE,123,5,12,0.0010000000474974513,5.637663841247559,6.162923336029053,5.604273796081543,6.129489898681641
MLP_base_MAE,123,5,13,0.0010000000474974513,5.6423726081848145,6.035760879516602,5.608895301818848,6.002228736877441
MLP_base_MAE,123,5,14,0.0010000000474974513,5.5962982177734375,6.03592586517334,5.562721252441406,6.00230073928833
MLP_base_MAE,123,5,15,0.0010000000474974513,5.604764461517334,5.965856075286865,5.5710930824279785,5.932135581970215
MLP_base_MAE,123,5,16,0.0010000000474974513,5.543110370635986,5.923096179962158,5.5093536376953125,5.88930082321167
MLP_base_MAE,123,5,17,0.0010000000474974513,5.562474250793457,5.900844097137451,5.528643608093262,5.866970539093018
MLP_base_MAE,123,5,18,0.0010000000474974513,5.568321704864502,5.940587520599365,5.534407138824463,5.906623363494873
MLP_base_MAE,123,5,19,0.0010000000474974513,5.509064674377441,5.881622314453125,5.475061416625977,5.847579479217529
MLP_base_MAE,123,5,20,0.0010000000474974513,5.487392902374268,5.90231466293335,5.453314781188965,5.868190288543701
MLP_base_MAE,123,5,21,0.0010000000474974513,5.45542573928833,5.881985664367676,5.421262741088867,5.847779750823975
MLP_base_MAE,123,5,22,0.0010000000474974513,5.467459201812744,5.82979679107666,5.433215141296387,5.7955121994018555
MLP_base_MAE,123,5,23,0.0010000000474974513,5.4602227210998535,5.875156402587891,5.425897121429443,5.840780735015869
MLP_base_MAE,123,5,24,0.0010000000474974513,5.449864864349365,5.850464344024658,5.415447235107422,5.81599760055542
MLP_base_MAE,123,5,25,0.0010000000474974513,5.43306827545166,5.844046592712402,5.398557662963867,5.80949068069458
MLP_base_MAE,123,5,26,0.0010000000474974513,5.385290145874023,5.898161888122559,5.350698947906494,5.863528251647949
MLP_base_MAE,123,5,27,0.0010000000474974513,5.384469985961914,5.860405921936035,5.349799633026123,5.825688362121582
MLP_base_MAE,123,5,28,0.0010000000474974513,5.390017032623291,5.864907264709473,5.355260848999023,5.830104351043701
MLP_base_MAE,123,5,29,0.0010000000474974513,5.383417129516602,5.8804192543029785,5.348568916320801,5.845524787902832
MLP_base_MAE,123,5,30,0.0010000000474974513,5.381037712097168,5.86022424697876,5.346109867095947,5.825255870819092
MLP_base_MAE,123,5,31,0.0010000000474974513,5.388710021972656,5.928403377532959,5.353702545166016,5.893350124359131
MLP_base_MAE,123,5,32,0.0010000000474974513,5.303208827972412,5.856503963470459,5.268120765686035,5.821375370025635
MLP_base_MAE,123,5,33,0.0010000000474974513,5.299880027770996,5.865817546844482,5.264711856842041,5.830601215362549
MLP_base_MAE,123,5,34,0.0010000000474974513,5.358819484710693,5.873202323913574,5.32356595993042,5.837904453277588
MLP_base_MAE,123,5,35,0.0010000000474974513,5.336325168609619,5.902190208435059,5.300983905792236,5.866795539855957
MLP_base_MAE,123,5,36,0.0010000000474974513,5.274497032165527,5.908381462097168,5.239059925079346,5.872897148132324
MLP_base_MAE,123,5,37,0.0010000000474974513,5.313440322875977,5.918623447418213,5.27791166305542,5.883042335510254
MLP_base_MAE,123,5,38,0.0010000000474974513,5.307619571685791,5.911495208740234,5.271996021270752,5.875824451446533
MLP_base_MAE,123,5,39,0.0010000000474974513,5.320405006408691,5.926122188568115,5.28469181060791,5.8903608322143555
MLP_base_MAE,123,5,40,0.0010000000474974513,5.23301362991333,5.888463973999023,5.197216510772705,5.852627277374268
MLP_base_MAE,123,5,41,0.0010000000474974513,5.277188301086426,5.936550140380859,5.241312026977539,5.90062141418457
MLP_base_MAE,123,5,42,0.0010000000474974513,5.2045063972473145,5.9191694259643555,5.1685357093811035,5.88314962387085
MLP_base_MAE,123,5,43,0.0010000000474974513,5.26682186126709,5.885641098022461,5.230753421783447,5.849520206451416
MLP_base_MAE,123,5,44,0.0010000000474974513,5.262602806091309,5.922957897186279,5.226438045501709,5.8867387771606445
MLP_base_MAE,123,5,45,0.0010000000474974513,5.206802845001221,5.908171653747559,5.170539855957031,5.871861934661865
MLP_base_MAE,123,5,46,0.0010000000474974513,5.144934177398682,5.950714588165283,5.108583450317383,5.914316654205322
MLP_base_MAE,123,5,47,0.0010000000474974513,5.17977237701416,5.967889785766602,5.143334865570068,5.931400299072266
MLP_base_MAE,2026,1,1,0.0010000000474974513,8.593990325927734,8.498468399047852,8.56180477142334,8.466238021850586
MLP_base_MAE,2026,1,2,0.0010000000474974513,8.147928237915039,8.323978424072266,8.115660667419434,8.291669845581055
MLP_base_MAE,2026,1,3,0.0010000000474974513,7.7523722648620605,8.349003791809082,7.720034599304199,8.316629409790039
MLP_base_MAE,2026,1,4,0.0010000000474974513,7.418828010559082,8.21448802947998,7.386425971984863,8.182049751281738
MLP_base_MAE,2026,1,5,0.0010000000474974513,7.103835582733154,7.923807144165039,7.0713701248168945,7.8913092613220215
MLP_base_MAE,2026,1,6,0.0010000000474974513,6.797896385192871,7.752308368682861,6.7653727531433105,7.719750881195068
MLP_base_MAE,2026,1,7,0.0010000000474974513,6.608549118041992,7.479893684387207,6.575965404510498,7.447277069091797
MLP_base_MAE,2026,1,8,0.0010000000474974513,6.412741661071777,7.317207336425781,6.380096912384033,7.2845258712768555
MLP_base_MAE,2026,1,9,0.0010000000474974513,6.186899662017822,7.097358703613281,6.154189109802246,7.06461238861084
MLP_base_MAE,2026,1,10,0.0010000000474974513,6.029119968414307,7.002685070037842,5.996343612670898,6.969872951507568
MLP_base_MAE,2026,1,11,0.0010000000474974513,5.911015033721924,6.729287147521973,5.878174304962158,6.696410179138184
MLP_base_MAE,2026,1,12,0.0010000000474974513,5.83152437210083,6.6900315284729,5.798620223999023,6.657093048095703
MLP_base_MAE,2026,1,13,0.0010000000474974513,5.756882667541504,6.461201190948486,5.723913192749023,6.42819356918335
MLP_base_MAE,2026,1,14,0.0010000000474974513,5.648449897766113,6.388400077819824,5.615411281585693,6.355321884155273
MLP_base_MAE,2026,1,15,0.0010000000474974513,5.626461982727051,6.470306396484375,5.593349456787109,6.437155723571777
MLP_base_MAE,2026,1,16,0.0010000000474974513,5.5299601554870605,6.307783603668213,5.4967780113220215,6.274562835693359
MLP_base_MAE,2026,1,17,0.0010000000474974513,5.482662200927734,6.162494659423828,5.449411869049072,6.12920618057251
MLP_base_MAE,2026,1,18,0.0010000000474974513,5.513841152191162,6.030016899108887,5.4805145263671875,5.996644020080566
MLP_base_MAE,2026,1,19,0.0010000000474974513,5.439682483673096,6.039077281951904,5.40627384185791,6.0056257247924805
MLP_base_MAE,2026,1,20,0.0010000000474974513,5.3903727531433105,6.014579772949219,5.3568878173828125,5.981051445007324
MLP_base_MAE,2026,1,21,0.0010000000474974513,5.41496467590332,5.98588228225708,5.381402492523193,5.9522786140441895
MLP_base_MAE,2026,1,22,0.0010000000474974513,5.340497970581055,5.937007427215576,5.306858539581299,5.903322696685791
MLP_base_MAE,2026,1,23,0.0010000000474974513,5.359702110290527,5.982852458953857,5.325981140136719,5.949090480804443
MLP_base_MAE,2026,1,24,0.0010000000474974513,5.319315433502197,5.885496139526367,5.285525321960449,5.851673126220703
MLP_base_MAE,2026,1,25,0.0010000000474974513,5.296550750732422,5.83369255065918,5.262697696685791,5.799800395965576
MLP_base_MAE,2026,1,26,0.0010000000474974513,5.334499359130859,5.860349655151367,5.300573348999023,5.826381683349609
MLP_base_MAE,2026,1,27,0.0010000000474974513,5.348163604736328,5.906876564025879,5.31416130065918,5.872831344604492
MLP_base_MAE,2026,1,28,0.0010000000474974513,5.291675567626953,5.896929740905762,5.257599353790283,5.862816333770752
MLP_base_MAE,2026,1,29,0.0010000000474974513,5.256122589111328,5.866275310516357,5.221982479095459,5.832103729248047
MLP_base_MAE,2026,1,30,0.0010000000474974513,5.227623462677002,5.839210033416748,5.193422317504883,5.80497407913208
MLP_base_MAE,2026,1,31,0.0010000000474974513,5.205696105957031,5.8117570877075195,5.171430587768555,5.777454376220703
MLP_base_MAE,2026,1,32,0.0010000000474974513,5.222644805908203,5.768238544464111,5.188313007354736,5.7338690757751465
MLP_base_MAE,2026,1,33,0.0010000000474974513,5.2007832527160645,5.7896599769592285,5.166385173797607,5.755224227905273
MLP_base_MAE,2026,1,34,0.0010000000474974513,5.1309661865234375,5.874557018280029,5.096499443054199,5.840052127838135
MLP_base_MAE,2026,1,35,0.0010000000474974513,5.198359489440918,5.802700042724609,5.163816928863525,5.768116474151611
MLP_base_MAE,2026,1,36,0.0010000000474974513,5.13484001159668,5.832845211029053,5.100224494934082,5.798192977905273
MLP_base_MAE,2026,1,37,0.0010000000474974513,5.120117664337158,5.797947406768799,5.085434913635254,5.763227462768555
MLP_base_MAE,2026,1,38,0.0010000000474974513,5.204287528991699,5.815140247344971,5.169538497924805,5.7803544998168945
MLP_base_MAE,2026,1,39,0.0010000000474974513,5.098659992218018,5.907315731048584,5.063843727111816,5.872463703155518
MLP_base_MAE,2026,1,40,0.0010000000474974513,5.130924701690674,5.7890448570251465,5.096042156219482,5.754124641418457
MLP_base_MAE,2026,1,41,0.0010000000474974513,5.0954670906066895,5.845512390136719,5.060518741607666,5.810530662536621
MLP_base_MAE,2026,1,42,0.0010000000474974513,5.108811378479004,5.8343119621276855,5.073801040649414,5.7992634773254395
MLP_base_MAE,2026,1,43,0.0010000000474974513,5.045279026031494,5.867740154266357,5.010200023651123,5.832622528076172
MLP_base_MAE,2026,1,44,0.0010000000474974513,5.1078972816467285,5.910444259643555,5.072751522064209,5.875262260437012
MLP_base_MAE,2026,1,45,0.0010000000474974513,5.016804218292236,5.888648509979248,4.981588840484619,5.8533935546875
MLP_base_MAE,2026,1,46,0.0010000000474974513,4.9647111892700195,5.9124603271484375,4.929426670074463,5.877140998840332
MLP_base_MAE,2026,1,47,0.0010000000474974513,5.039443016052246,5.89632511138916,5.004093170166016,5.860935211181641
MLP_base_MAE,2026,1,48,0.0010000000474974513,5.033321857452393,5.842204570770264,4.997898578643799,5.8067402839660645
MLP_base_MAE,2026,1,49,0.0010000000474974513,5.015982151031494,5.834807395935059,4.980485916137695,5.799271583557129
MLP_base_MAE,2026,1,50,0.0010000000474974513,5.022961139678955,5.7992963790893555,4.987391948699951,5.763689041137695
MLP_base_MAE,2026,1,51,0.0010000000474974513,5.006690979003906,5.854586601257324,4.9710516929626465,5.818905353546143
MLP_base_MAE,2026,1,52,0.0010000000474974513,4.942598819732666,5.971746921539307,4.906881809234619,5.9359869956970215
MLP_base_MAE,2026,1,53,0.0010000000474974513,4.956045627593994,6.005524635314941,4.920253753662109,5.969694137573242
MLP_base_MAE,2026,1,54,0.0010000000474974513,5.01448917388916,5.85811710357666,4.978628158569336,5.822218418121338
MLP_base_MAE,2026,1,55,0.0010000000474974513,4.957186222076416,5.856988906860352,4.921254634857178,5.821018695831299
MLP_base_MAE,2026,1,56,0.0010000000474974513,4.922338962554932,5.882026195526123,4.886338233947754,5.8459882736206055
MLP_base_MAE,2026,1,57,0.0010000000474974513,5.003849506378174,5.884703636169434,4.967780590057373,5.848597526550293
MLP_base_MAE,2026,2,1,0.0010000000474974513,8.477441787719727,8.360382080078125,8.44550609588623,8.328396797180176
MLP_base_MAE,2026,2,2,0.0010000000474974513,7.994658946990967,8.176993370056152,7.962629795074463,8.144918441772461
MLP_base_MAE,2026,2,3,0.0010000000474974513,7.567499160766602,8.003206253051758,7.535390853881836,7.971060276031494
MLP_base_MAE,2026,2,4,0.0010000000474974513,7.170666694641113,7.751032829284668,7.138487339019775,7.718812465667725
MLP_base_MAE,2026,2,5,0.0010000000474974513,6.856621265411377,7.641608238220215,6.824366569519043,7.609313488006592
MLP_base_MAE,2026,2,6,0.0010000000474974513,6.5627665519714355,7.3669023513793945,6.530436038970947,7.334530353546143
MLP_base_MAE,2026,2,7,0.0010000000474974513,6.324573516845703,7.106085777282715,6.292165279388428,7.073638439178467
MLP_base_MAE,2026,2,8,0.0010000000474974513,6.1239776611328125,6.797197341918945,6.091498851776123,6.764681339263916
MLP_base_MAE,2026,2,9,0.0010000000474974513,5.984453201293945,6.6710028648376465,5.951903820037842,6.638410568237305
MLP_base_MAE,2026,2,10,0.0010000000474974513,5.843100070953369,6.615610122680664,5.8104705810546875,6.582939147949219
MLP_base_MAE,2026,2,11,0.0010000000474974513,5.772266864776611,6.429656028747559,5.739559173583984,6.396908283233643
MLP_base_MAE,2026,2,12,0.0010000000474974513,5.623882293701172,6.220651149749756,5.591102123260498,6.187831878662109
MLP_base_MAE,2026,2,13,0.0010000000474974513,5.587229251861572,6.1482133865356445,5.554372310638428,6.115311145782471
MLP_base_MAE,2026,2,14,0.0010000000474974513,5.548531532287598,6.089690208435059,5.515590190887451,6.056708335876465
MLP_base_MAE,2026,2,15,0.0010000000474974513,5.507452487945557,5.999288082122803,5.4744367599487305,5.966230392456055
MLP_base_MAE,2026,2,16,0.0010000000474974513,5.452020645141602,6.037420749664307,5.418922424316406,6.004278182983398
MLP_base_MAE,2026,2,17,0.0010000000474974513,5.483256816864014,5.91640043258667,5.450083255767822,5.883188247680664
MLP_base_MAE,2026,2,18,0.0010000000474974513,5.408092975616455,6.012221336364746,5.374841213226318,5.9789228439331055
MLP_base_MAE,2026,2,19,0.0010000000474974513,5.376770973205566,5.920223712921143,5.343437671661377,5.886853218078613
MLP_base_MAE,2026,2,20,0.0010000000474974513,5.420109748840332,5.933536052703857,5.386704444885254,5.900090217590332
MLP_base_MAE,2026,2,21,0.0010000000474974513,5.407449722290039,5.962230205535889,5.373965740203857,5.928705215454102
MLP_base_MAE,2026,2,22,0.0010000000474974513,5.370767593383789,5.981810092926025,5.337210655212402,5.948214530944824
MLP_base_MAE,2026,2,23,0.0010000000474974513,5.330270767211914,5.942471504211426,5.296640396118164,5.9087982177734375
MLP_base_MAE,2026,2,24,0.0010000000474974513,5.272153377532959,5.9321370124816895,5.2384443283081055,5.898388862609863
MLP_base_MAE,2026,2,25,0.0010000000474974513,5.318497657775879,5.921247959136963,5.284714698791504,5.887423515319824
MLP_base_MAE,2026,2,26,0.0010000000474974513,5.244678974151611,5.965099334716797,5.210819244384766,5.9311981201171875
MLP_base_MAE,2026,2,27,0.0010000000474974513,5.194613933563232,5.953073501586914,5.160676002502441,5.919089317321777
MLP_base_MAE,2026,2,28,0.0010000000474974513,5.240462303161621,5.960696220397949,5.206442356109619,5.926635265350342
MLP_base_MAE,2026,2,29,0.0010000000474974513,5.265589237213135,5.95497465133667,5.2314934730529785,5.920837879180908
MLP_base_MAE,2026,2,30,0.0010000000474974513,5.25175142288208,5.94755220413208,5.2175774574279785,5.9133381843566895
MLP_base_MAE,2026,2,31,0.0010000000474974513,5.214745044708252,5.964823246002197,5.180500030517578,5.930543422698975
MLP_base_MAE,2026,2,32,0.0010000000474974513,5.139939308166504,6.0078864097595215,5.10562801361084,5.973536968231201
MLP_base_MAE,2026,2,33,0.0010000000474974513,5.189552307128906,5.925594806671143,5.1551713943481445,5.89117431640625
MLP_base_MAE,2026,2,34,0.0010000000474974513,5.172121047973633,5.928050994873047,5.137664794921875,5.893553256988525
MLP_base_MAE,2026,2,35,0.0010000000474974513,5.122712135314941,5.96366024017334,5.088181972503662,5.929094314575195
MLP_base_MAE,2026,2,36,0.0010000000474974513,5.158079147338867,5.953920364379883,5.123482704162598,5.919285297393799
MLP_base_MAE,2026,2,37,0.0010000000474974513,5.099343299865723,5.970151901245117,5.064672946929932,5.9354400634765625
MLP_base_MAE,2026,2,38,0.0010000000474974513,5.158932685852051,5.960601329803467,5.124186992645264,5.9258198738098145
MLP_base_MAE,2026,2,39,0.0010000000474974513,5.077652931213379,5.965719699859619,5.0428385734558105,5.930862903594971
MLP_base_MAE,2026,2,40,0.0010000000474974513,5.146554946899414,5.954131603240967,5.111670017242432,5.919211387634277
MLP_base_MAE,2026,2,41,0.0010000000474974513,5.072057247161865,5.965427875518799,5.037106037139893,5.930440425872803
MLP_base_MAE,2026,2,42,0.0010000000474974513,5.150690078735352,5.949569225311279,5.115670204162598,5.9145097732543945
MLP_base_MAE,2026,3,1,0.0010000000474974513,8.675095558166504,8.23507308959961,8.64305591583252,8.202990531921387
MLP_base_MAE,2026,3,2,0.0010000000474974513,8.16382122039795,7.993799686431885,8.13170337677002,7.961646556854248
MLP_base_MAE,2026,3,3,0.0010000000474974513,7.723703384399414,7.634256839752197,7.691524505615234,7.602046489715576
MLP_base_MAE,2026,3,4,0.0010000000474974513,7.342077732086182,7.395383358001709,7.30983829498291,7.3631086349487305
MLP_base_MAE,2026,3,5,0.0010000000474974513,6.97686243057251,7.209699630737305,6.944554805755615,7.177350997924805
MLP_base_MAE,2026,3,6,0.0010000000474974513,6.638956546783447,7.02260160446167,6.606571674346924,6.990177631378174
MLP_base_MAE,2026,3,7,0.0010000000474974513,6.38028621673584,6.699634552001953,6.347825527191162,6.667133331298828
MLP_base_MAE,2026,3,8,0.0010000000474974513,6.159049987792969,6.523287773132324,6.126509189605713,6.490703105926514
MLP_base_MAE,2026,3,9,0.0010000000474974513,5.9814772605896,6.403518199920654,5.948855876922607,6.370852947235107
MLP_base_MAE,2026,3,10,0.0010000000474974513,5.834729194641113,6.28800630569458,5.802022933959961,6.255255222320557
MLP_base_MAE,2026,3,11,0.0010000000474974513,5.7126312255859375,6.268559455871582,5.679839611053467,6.235723495483398
MLP_base_MAE,2026,3,12,0.0010000000474974513,5.658941268920898,6.1407151222229,5.626064300537109,6.107789516448975
MLP_base_MAE,2026,3,13,0.0010000000474974513,5.542603492736816,6.072924613952637,5.509636402130127,6.039912223815918
MLP_base_MAE,2026,3,14,0.0010000000474974513,5.581928253173828,6.012657165527344,5.548871994018555,5.979553699493408
MLP_base_MAE,2026,3,15,0.0010000000474974513,5.546609401702881,6.011105060577393,5.513460159301758,5.977904796600342
MLP_base_MAE,2026,3,16,0.0010000000474974513,5.4492950439453125,6.035033702850342,5.416045188903809,6.0017290115356445
MLP_base_MAE,2026,3,17,0.0010000000474974513,5.4420061111450195,6.045989036560059,5.408660888671875,6.012596130371094
MLP_base_MAE,2026,3,18,0.0010000000474974513,5.431607723236084,6.019486427307129,5.3981709480285645,5.985999584197998
MLP_base_MAE,2026,3,19,0.0010000000474974513,5.402477264404297,6.020158767700195,5.3689470291137695,5.986580848693848
MLP_base_MAE,2026,3,20,0.0010000000474974513,5.434422969818115,6.0609540939331055,5.400803565979004,6.027286529541016
MLP_base_MAE,2026,3,21,0.0010000000474974513,5.378787517547607,5.991560459136963,5.345081329345703,5.957808017730713
MLP_base_MAE,2026,3,22,0.0010000000474974513,5.382596015930176,6.006893157958984,5.348804473876953,5.973055839538574
MLP_base_MAE,2026,3,23,0.0010000000474974513,5.362935543060303,6.009993553161621,5.329056262969971,5.976067543029785
MLP_base_MAE,2026,3,24,0.0010000000474974513,5.320507049560547,5.971624851226807,5.2865471839904785,5.937625408172607
MLP_base_MAE,2026,3,25,0.0010000000474974513,5.307498931884766,5.994884967803955,5.273462295532227,5.960809707641602
MLP_base_MAE,2026,3,26,0.0010000000474974513,5.316718578338623,6.041572093963623,5.282608509063721,6.007421493530273
MLP_base_MAE,2026,3,27,0.0010000000474974513,5.3161420822143555,6.020010471343994,5.28195333480835,5.985775947570801
MLP_base_MAE,2026,3,28,0.0010000000474974513,5.258929252624512,6.026642322540283,5.22465181350708,5.99232292175293
MLP_base_MAE,2026,3,29,0.0010000000474974513,5.25103235244751,6.030194282531738,5.216679096221924,5.9957990646362305
MLP_base_MAE,2026,3,30,0.0010000000474974513,5.275904178619385,6.000758171081543,5.241466522216797,5.9662699699401855
MLP_base_MAE,2026,3,31,0.0010000000474974513,5.2046427726745605,6.036997318267822,5.170118808746338,6.00242805480957
MLP_base_MAE,2026,3,32,0.0010000000474974513,5.243539810180664,6.041109085083008,5.208929538726807,6.0064568519592285
MLP_base_MAE,2026,3,33,0.0010000000474974513,5.17563009262085,6.060624599456787,5.140944004058838,6.0259013175964355
MLP_base_MAE,2026,3,34,0.0010000000474974513,5.1392364501953125,6.085738182067871,5.104477405548096,6.050939559936523
MLP_base_MAE,2026,3,35,0.0010000000474974513,5.223087310791016,6.095945358276367,5.188249111175537,6.061058044433594
MLP_base_MAE,2026,3,36,0.0010000000474974513,5.127238750457764,6.062586784362793,5.09231424331665,6.027622222900391
MLP_base_MAE,2026,3,37,0.0010000000474974513,5.11406946182251,6.093070983886719,5.079071521759033,6.058037757873535
MLP_base_MAE,2026,3,38,0.0010000000474974513,5.134780406951904,6.088892459869385,5.099711894989014,6.053781509399414
MLP_base_MAE,2026,3,39,0.0010000000474974513,5.117493152618408,6.0842132568359375,5.0823469161987305,6.049027919769287
MLP_base_MAE,2026,3,40,0.0010000000474974513,5.140700817108154,6.038249492645264,5.10547399520874,6.002979278564453
MLP_base_MAE,2026,3,41,0.0010000000474974513,5.075816631317139,6.033335208892822,5.040510654449463,5.997988224029541
MLP_base_MAE,2026,3,42,0.0010000000474974513,5.072735786437988,6.085712432861328,5.037350177764893,6.050284385681152
MLP_base_MAE,2026,3,43,0.0010000000474974513,5.118041038513184,6.079638957977295,5.082576274871826,6.044131278991699
MLP_base_MAE,2026,3,44,0.0010000000474974513,5.093917369842529,6.126380920410156,5.0583720207214355,6.090795040130615
MLP_base_MAE,2026,3,45,0.0010000000474974513,5.040320873260498,6.130709171295166,5.004701614379883,6.09505558013916
MLP_base_MAE,2026,3,46,0.0010000000474974513,4.99159049987793,6.167841911315918,4.955908298492432,6.132124423980713
MLP_base_MAE,2026,3,47,0.0010000000474974513,5.011862277984619,6.083260536193848,4.976101398468018,6.047449111938477
MLP_base_MAE,2026,3,48,0.0010000000474974513,5.030365943908691,6.131389141082764,4.994512557983398,6.095491409301758
MLP_base_MAE,2026,3,49,0.0010000000474974513,5.001901626586914,6.124034881591797,4.96596622467041,6.088054180145264
MLP_base_MAE,2026,4,1,0.0010000000474974513,8.80579662322998,8.267457008361816,8.773578643798828,8.235201835632324
MLP_base_MAE,2026,4,2,0.0010000000474974513,8.212132453918457,8.000064849853516,8.179842948913574,7.967739105224609
MLP_base_MAE,2026,4,3,0.0010000000474974513,7.7067670822143555,7.771108627319336,7.674411773681641,7.738714694976807
MLP_base_MAE,2026,4,4,0.0010000000474974513,7.225407600402832,7.5987019538879395,7.192976951599121,7.566228866577148
MLP_base_MAE,2026,4,5,0.0010000000474974513,6.865716934204102,7.313222408294678,6.833201885223389,7.280657768249512
MLP_base_MAE,2026,4,6,0.0010000000474974513,6.592787742614746,7.088325500488281,6.560183525085449,7.055672645568848
MLP_base_MAE,2026,4,7,0.0010000000474974513,6.301027297973633,6.71790885925293,6.268335342407227,6.685173511505127
MLP_base_MAE,2026,4,8,0.0010000000474974513,6.119988441467285,6.612181186676025,6.087213516235352,6.579363822937012
MLP_base_MAE,2026,4,9,0.0010000000474974513,5.958250999450684,6.332728385925293,5.925395965576172,6.299830913543701
MLP_base_MAE,2026,4,10,0.0010000000474974513,5.818800449371338,6.308452129364014,5.785865306854248,6.27547025680542
MLP_base_MAE,2026,4,11,0.0010000000474974513,5.715210437774658,6.006939888000488,5.682194232940674,5.97388219833374
MLP_base_MAE,2026,4,12,0.0010000000474974513,5.696841716766357,6.058694839477539,5.663745403289795,6.025550842285156
MLP_base_MAE,2026,4,13,0.0010000000474974513,5.65042781829834,5.97192907333374,5.617233753204346,5.938679218292236
MLP_base_MAE,2026,4,14,0.0010000000474974513,5.635246753692627,5.871912002563477,5.601954460144043,5.838572025299072
MLP_base_MAE,2026,4,15,0.0010000000474974513,5.572067737579346,5.929137229919434,5.538684844970703,5.8957085609436035
MLP_base_MAE,2026,4,16,0.0010000000474974513,5.567997455596924,5.8250837326049805,5.534531116485596,5.791574478149414
MLP_base_MAE,2026,4,17,0.0010000000474974513,5.55115270614624,5.833289623260498,5.5176005363464355,5.799686431884766
MLP_base_MAE,2026,4,18,0.0010000000474974513,5.528219223022461,5.8222503662109375,5.4945759773254395,5.788562774658203
MLP_base_MAE,2026,4,19,0.0010000000474974513,5.4831223487854,5.835133075714111,5.449395656585693,5.801362991333008
MLP_base_MAE,2026,4,20,0.0010000000474974513,5.489289283752441,5.822696685791016,5.455483436584473,5.788854598999023
MLP_base_MAE,2026,4,21,0.0010000000474974513,5.504304885864258,5.811252593994141,5.470434188842773,5.777342796325684
MLP_base_MAE,2026,4,22,0.0010000000474974513,5.465621471405029,5.780470371246338,5.431674957275391,5.7464823722839355
MLP_base_MAE,2026,4,23,0.0010000000474974513,5.418199062347412,5.76207971572876,5.384178161621094,5.728020668029785
MLP_base_MAE,2026,4,24,0.0010000000474974513,5.4093732833862305,5.802813529968262,5.375276565551758,5.768675327301025
MLP_base_MAE,2026,4,25,0.0010000000474974513,5.378032207489014,5.79827880859375,5.3438615798950195,5.764066696166992
MLP_base_MAE,2026,4,26,0.0010000000474974513,5.368871688842773,5.800763130187988,5.334621906280518,5.76646614074707
MLP_base_MAE,2026,4,27,0.0010000000474974513,5.413259029388428,5.7989420890808105,5.378915786743164,5.764549732208252
MLP_base_MAE,2026,4,28,0.0010000000474974513,5.350579738616943,5.810262203216553,5.316148281097412,5.775783061981201
MLP_base_MAE,2026,4,29,0.0010000000474974513,5.385146141052246,5.8032145500183105,5.350625514984131,5.768640518188477
MLP_base_MAE,2026,4,30,0.0010000000474974513,5.3664870262146,5.8325276374816895,5.33186674118042,5.797861576080322
MLP_base_MAE,2026,4,31,0.0010000000474974513,5.368571758270264,5.807670593261719,5.333866596221924,5.772922992706299
MLP_base_MAE,2026,4,32,0.0010000000474974513,5.303369045257568,5.824831962585449,5.268587112426758,5.790008068084717
MLP_base_MAE,2026,4,33,0.0010000000474974513,5.237183570861816,5.825461387634277,5.2023234367370605,5.790555000305176
MLP_base_MAE,2026,4,34,0.0010000000474974513,5.273214340209961,5.817041397094727,5.238267421722412,5.782043933868408
MLP_base_MAE,2026,4,35,0.0010000000474974513,5.296537399291992,5.796818733215332,5.261504650115967,5.761744499206543
MLP_base_MAE,2026,4,36,0.0010000000474974513,5.278378009796143,5.848407745361328,5.243263244628906,5.813251495361328
MLP_base_MAE,2026,4,37,0.0010000000474974513,5.218497276306152,5.833982944488525,5.183305740356445,5.798745155334473
MLP_base_MAE,2026,4,38,0.0010000000474974513,5.273228168487549,5.832634449005127,5.237947940826416,5.797306537628174
MLP_base_MAE,2026,4,39,0.0010000000474974513,5.18833065032959,5.836230278015137,5.152960777282715,5.800808906555176
MLP_base_MAE,2026,4,40,0.0010000000474974513,5.168440818786621,5.87009334564209,5.132977485656738,5.834582328796387
MLP_base_MAE,2026,4,41,0.0010000000474974513,5.230194568634033,5.845312595367432,5.194645881652832,5.809717655181885
MLP_base_MAE,2026,4,42,0.0010000000474974513,5.218095302581787,5.869673728942871,5.182460784912109,5.833992004394531
MLP_base_MAE,2026,4,43,0.0010000000474974513,5.215637683868408,5.864257335662842,5.179916858673096,5.828488349914551
MLP_base_MAE,2026,4,44,0.0010000000474974513,5.193726539611816,5.870219707489014,5.157913684844971,5.834357738494873
MLP_base_MAE,2026,4,45,0.0010000000474974513,5.165650844573975,5.886165142059326,5.129746913909912,5.8502116203308105
MLP_base_MAE,2026,4,46,0.0010000000474974513,5.128000736236572,5.913773536682129,5.092008590698242,5.8777384757995605
MLP_base_MAE,2026,4,47,0.0010000000474974513,5.176434516906738,5.916774272918701,5.140357494354248,5.880643367767334
MLP_base_MAE,2026,4,48,0.0010000000474974513,5.17918586730957,5.923995018005371,5.14301061630249,5.887772560119629
MLP_base_MAE,2026,5,1,0.0010000000474974513,8.707473754882812,8.416461944580078,8.675439834594727,8.384384155273438
MLP_base_MAE,2026,5,2,0.0010000000474974513,8.107314109802246,8.032877922058105,8.075197219848633,8.000724792480469
MLP_base_MAE,2026,5,3,0.0010000000474974513,7.559088706970215,7.807064533233643,7.526897430419922,7.7748284339904785
MLP_base_MAE,2026,5,4,0.0010000000474974513,7.1255784034729,7.699368000030518,7.093297004699707,7.667033672332764
MLP_base_MAE,2026,5,5,0.0010000000474974513,6.72518253326416,7.309994697570801,6.692800521850586,7.277558326721191
MLP_base_MAE,2026,5,6,0.0010000000474974513,6.406799793243408,7.009646415710449,6.374312400817871,6.977100849151611
MLP_base_MAE,2026,5,7,0.0010000000474974513,6.138828754425049,6.751864910125732,6.106235027313232,6.7192158699035645
MLP_base_MAE,2026,5,8,0.0010000000474974513,5.947968006134033,6.491128921508789,5.915267467498779,6.458370685577393
MLP_base_MAE,2026,5,9,0.0010000000474974513,5.822207927703857,6.4331254959106445,5.789403438568115,6.400269031524658
MLP_base_MAE,2026,5,10,0.0010000000474974513,5.725054740905762,6.184809684753418,5.6921539306640625,6.151850700378418
MLP_base_MAE,2026,5,11,0.0010000000474974513,5.660650730133057,6.130373477935791,5.627640724182129,6.0973076820373535
MLP_base_MAE,2026,5,12,0.0010000000474974513,5.614020347595215,6.083153247833252,5.58090877532959,6.04999303817749
MLP_base_MAE,2026,5,13,0.0010000000474974513,5.5789875984191895,6.0002946853637695,5.545784950256348,5.967034339904785
MLP_base_MAE,2026,5,14,0.0010000000474974513,5.625981330871582,5.9807515144348145,5.592671871185303,5.947385311126709
MLP_base_MAE,2026,5,15,0.0010000000474974513,5.53312349319458,5.94809627532959,5.499704837799072,5.9146246910095215
MLP_base_MAE,2026,5,16,0.0010000000474974513,5.505702495574951,5.897520542144775,5.472184658050537,5.863949298858643
MLP_base_MAE,2026,5,17,0.0010000000474974513,5.495291233062744,5.847348690032959,5.461679458618164,5.81369161605835
MLP_base_MAE,2026,5,18,0.0010000000474974513,5.509028911590576,5.845830917358398,5.475334167480469,5.812091827392578
MLP_base_MAE,2026,5,19,0.0010000000474974513,5.478349685668945,5.826042175292969,5.444571018218994,5.792213439941406
MLP_base_MAE,2026,5,20,0.0010000000474974513,5.434085369110107,5.821351051330566,5.400212287902832,5.787426948547363
MLP_base_MAE,2026,5,21,0.0010000000474974513,5.475501537322998,5.832114219665527,5.441533088684082,5.79809045791626
MLP_base_MAE,2026,5,22,0.0010000000474974513,5.412454128265381,5.801093578338623,5.378386497497559,5.766979217529297
MLP_base_MAE,2026,5,23,0.0010000000474974513,5.4284987449646,5.840184211730957,5.394343376159668,5.805980682373047
MLP_base_MAE,2026,5,24,0.0010000000474974513,5.401939392089844,5.842979907989502,5.36769437789917,5.808681964874268
MLP_base_MAE,2026,5,25,0.0010000000474974513,5.394231796264648,5.855664253234863,5.359885215759277,5.8212690353393555
MLP_base_MAE,2026,5,26,0.0010000000474974513,5.368418216705322,5.856109619140625,5.333983898162842,5.821625232696533
MLP_base_MAE,2026,5,27,0.0010000000474974513,5.361362934112549,5.839037895202637,5.326835632324219,5.804472923278809
MLP_base_MAE,2026,5,28,0.0010000000474974513,5.372128009796143,5.86522912979126,5.337527751922607,5.8305840492248535
MLP_base_MAE,2026,5,29,0.0010000000474974513,5.353403568267822,5.84868860244751,5.3187127113342285,5.813942909240723
MLP_base_MAE,2026,5,30,0.0010000000474974513,5.343154430389404,5.855826377868652,5.308361530303955,5.820980072021484
MLP_base_MAE,2026,5,31,0.0010000000474974513,5.314198017120361,5.870450973510742,5.279305934906006,5.835507869720459
MLP_base_MAE,2026,5,32,0.0010000000474974513,5.284111022949219,5.8650617599487305,5.2491230964660645,5.830022811889648
MLP_base_MAE,2026,5,33,0.0010000000474974513,5.31566858291626,5.866222858428955,5.280585765838623,5.831086158752441
MLP_base_MAE,2026,5,34,0.0010000000474974513,5.298679351806641,5.867903232574463,5.2634992599487305,5.8326735496521
MLP_base_MAE,2026,5,35,0.0010000000474974513,5.237843990325928,5.896790504455566,5.202570915222168,5.861464023590088
MLP_base_MAE,2026,5,36,0.0010000000474974513,5.267598628997803,5.858470439910889,5.232231616973877,5.823054790496826
MLP_base_MAE,2026,5,37,0.0010000000474974513,5.25654411315918,5.881201267242432,5.2210822105407715,5.845692157745361
MLP_base_MAE,2026,5,38,0.0010000000474974513,5.27408504486084,5.860260486602783,5.238527774810791,5.824645042419434
MLP_base_MAE,2026,5,39,0.0010000000474974513,5.187002658843994,5.906149864196777,5.151344299316406,5.870438098907471
MLP_base_MAE,2026,5,40,0.0010000000474974513,5.227862358093262,5.883437633514404,5.192108631134033,5.8476362228393555
MLP_base_MAE,2026,5,41,0.0010000000474974513,5.205177307128906,5.8906049728393555,5.169327735900879,5.854696273803711
MLP_base_MAE,2026,5,42,0.0010000000474974513,5.183749198913574,5.875558376312256,5.1477952003479,5.839550971984863
MLP_base_MAE,2026,5,43,0.0010000000474974513,5.196002960205078,5.884734630584717,5.1599507331848145,5.848625659942627
MLP_base_MAE,2026,5,44,0.0010000000474974513,5.1808624267578125,5.8940324783325195,5.144706726074219,5.857829570770264
MLP_base_MAE,2026,5,45,0.0010000000474974513,5.191468715667725,5.8755903244018555,5.155218601226807,5.839287757873535
MLP_base_MAE,2026,5,46,0.0010000000474974513,5.116213321685791,5.922396659851074,5.079866886138916,5.885993480682373
MLP_base_MAE,2026,5,47,0.0010000000474974513,5.143490791320801,5.931532382965088,5.107045650482178,5.89504337310791
MLP_small_RLR_MAE,42,1,1,0.0010000000474974513,8.348909378051758,8.51253890991211,8.293417930603027,8.457077026367188
MLP_small_RLR_MAE,42,1,2,0.0010000000474974513,8.096660614013672,8.284150123596191,8.041207313537598,8.228711128234863
MLP_small_RLR_MAE,42,1,3,0.0010000000474974513,7.891500473022461,8.065948486328125,7.836070537567139,8.010531425476074
MLP_small_RLR_MAE,42,1,4,0.0010000000474974513,7.68801212310791,7.961660385131836,7.632604598999023,7.9062604904174805
MLP_small_RLR_MAE,42,1,5,0.0010000000474974513,7.557733058929443,7.891526699066162,7.502333641052246,7.836122512817383
MLP_small_RLR_MAE,42,1,6,0.0010000000474974513,7.374275207519531,7.871953964233398,7.318866729736328,7.816539287567139
MLP_small_RLR_MAE,42,1,7,0.0010000000474974513,7.169843673706055,7.778316020965576,7.114424705505371,7.722892761230469
MLP_small_RLR_MAE,42,1,8,0.0010000000474974513,6.992148399353027,7.6169633865356445,6.9367194175720215,7.561529159545898
MLP_small_RLR_MAE,42,1,9,0.0010000000474974513,6.85692834854126,7.432429313659668,6.801489353179932,7.376979351043701
MLP_small_RLR_MAE,42,1,10,0.0010000000474974513,6.685187339782715,7.289697170257568,6.629725933074951,7.234227180480957
MLP_small_RLR_MAE,42,1,11,0.0010000000474974513,6.581161975860596,7.150578498840332,6.525681495666504,7.095086574554443
MLP_small_RLR_MAE,42,1,12,0.0010000000474974513,6.422846794128418,7.0565643310546875,6.367344379425049,7.001047134399414
MLP_small_RLR_MAE,42,1,13,0.0010000000474974513,6.331752777099609,6.907167911529541,6.276228904724121,6.851634979248047
MLP_small_RLR_MAE,42,1,14,0.0010000000474974513,6.196650981903076,6.827611446380615,6.141110897064209,6.772064208984375
MLP_small_RLR_MAE,42,1,15,0.0010000000474974513,6.118417739868164,6.765133380889893,6.062856674194336,6.7095561027526855
MLP_small_RLR_MAE,42,1,16,0.0010000000474974513,6.100914001464844,6.675937175750732,6.045319080352783,6.620321750640869
MLP_small_RLR_MAE,42,1,17,0.0010000000474974513,5.995002746582031,6.556041240692139,5.939379692077637,6.500411033630371
MLP_small_RLR_MAE,42,1,18,0.0010000000474974513,5.996393203735352,6.386414051055908,5.940756320953369,6.330776214599609
MLP_small_RLR_MAE,42,1,19,0.0010000000474974513,5.900449752807617,6.215216159820557,5.844812393188477,6.159582138061523
MLP_small_RLR_MAE,42,1,20,0.0010000000474974513,5.865027904510498,6.159391403198242,5.809398651123047,6.103762626647949
MLP_small_RLR_MAE,42,1,21,0.0010000000474974513,5.833361625671387,6.10950231552124,5.777730941772461,6.053865909576416
MLP_small_RLR_MAE,42,1,22,0.0010000000474974513,5.8268890380859375,6.042818069458008,5.771247386932373,5.987168312072754
MLP_small_RLR_MAE,42,1,23,0.0010000000474974513,5.756567478179932,5.956191062927246,5.700915813446045,5.900537490844727
MLP_small_RLR_MAE,42,1,24,0.0010000000474974513,5.786712169647217,5.931926727294922,5.731057643890381,5.876271724700928
MLP_small_RLR_MAE,42,1,25,0.0010000000474974513,5.728927135467529,5.946774959564209,5.673272132873535,5.89111852645874
MLP_small_RLR_MAE,42,1,26,0.0010000000474974513,5.730081081390381,5.900806427001953,5.674420356750488,5.845136642456055
MLP_small_RLR_MAE,42,1,27,0.0010000000474974513,5.780326843261719,5.8856048583984375,5.724650859832764,5.829920291900635
MLP_small_RLR_MAE,42,1,28,0.0010000000474974513,5.692203521728516,5.899827003479004,5.636513710021973,5.844135761260986
MLP_small_RLR_MAE,42,1,29,0.0010000000474974513,5.658453464508057,5.88718843460083,5.602766513824463,5.831508636474609
MLP_small_RLR_MAE,42,1,30,0.0010000000474974513,5.729847431182861,5.855780601501465,5.674173355102539,5.800108909606934
MLP_small_RLR_MAE,42,1,31,0.0010000000474974513,5.7217793464660645,5.8198065757751465,5.666106224060059,5.764127254486084
MLP_small_RLR_MAE,42,1,32,0.0010000000474974513,5.663264274597168,5.810946464538574,5.607583522796631,5.75526237487793
MLP_small_RLR_MAE,42,1,33,0.0010000000474974513,5.67148494720459,5.782847881317139,5.615797519683838,5.727160453796387
MLP_small_RLR_MAE,42,1,34,0.0010000000474974513,5.750091552734375,5.7616705894470215,5.694409370422363,5.705993175506592
MLP_small_RLR_MAE,42,1,35,0.0010000000474974513,5.654975414276123,5.75004768371582,5.59930419921875,5.694381237030029
MLP_small_RLR_MAE,42,1,36,0.0010000000474974513,5.609324932098389,5.761457443237305,5.553654670715332,5.705777168273926
MLP_small_RLR_MAE,42,1,37,0.0010000000474974513,5.644562721252441,5.768122673034668,5.588876724243164,5.712429523468018
MLP_small_RLR_MAE,42,1,38,0.0010000000474974513,5.663490295410156,5.740800857543945,5.607795715332031,5.685103416442871
MLP_small_RLR_MAE,42,1,39,0.0010000000474974513,5.700865745544434,5.747798442840576,5.6451616287231445,5.692082405090332
MLP_small_RLR_MAE,42,1,40,0.0010000000474974513,5.604013442993164,5.742953300476074,5.548287391662598,5.687219619750977
MLP_small_RLR_MAE,42,1,41,0.0010000000474974513,5.654106616973877,5.7439398765563965,5.598368167877197,5.688198089599609
MLP_small_RLR_MAE,42,1,42,0.0010000000474974513,5.645240306854248,5.752116680145264,5.589500904083252,5.696383476257324
MLP_small_RLR_MAE,42,1,43,0.0010000000474974513,5.657020092010498,5.752500534057617,5.601287364959717,5.696770668029785
MLP_small_RLR_MAE,42,1,44,0.0010000000474974513,5.560692310333252,5.767254829406738,5.504964351654053,5.711529731750488
MLP_small_RLR_MAE,42,1,45,0.0010000000474974513,5.631824016571045,5.770188331604004,5.5760955810546875,5.714455604553223
MLP_small_RLR_MAE,42,1,46,0.0010000000474974513,5.5657806396484375,5.766006946563721,5.510048866271973,5.710277080535889
MLP_small_RLR_MAE,42,1,47,0.0005000000237487257,5.616162300109863,5.753454208374023,5.560436248779297,5.697732925415039
MLP_small_RLR_MAE,42,1,48,0.0005000000237487257,5.510094165802002,5.75751256942749,5.454377174377441,5.701803207397461
MLP_small_RLR_MAE,42,1,49,0.0005000000237487257,5.607945919036865,5.755826950073242,5.552238464355469,5.700125217437744
MLP_small_RLR_MAE,42,1,50,0.0005000000237487257,5.637476444244385,5.747222423553467,5.581782817840576,5.691539287567139
MLP_small_RLR_MAE,42,1,51,0.0005000000237487257,5.585799217224121,5.7515459060668945,5.530125141143799,5.695886135101318
MLP_small_RLR_MAE,42,1,52,0.0005000000237487257,5.635258197784424,5.750824451446533,5.579610347747803,5.6951904296875
MLP_small_RLR_MAE,42,1,53,0.0005000000237487257,5.572421550750732,5.752108097076416,5.5167927742004395,5.696485996246338
MLP_small_RLR_MAE,42,1,54,0.0005000000237487257,5.640129089355469,5.759932994842529,5.5845136642456055,5.70432710647583
MLP_small_RLR_MAE,42,1,55,0.0002500000118743628,5.551837921142578,5.757940292358398,5.4962358474731445,5.702347278594971
MLP_small_RLR_MAE,42,1,56,0.0002500000118743628,5.478866100311279,5.751962661743164,5.42327880859375,5.696383953094482
MLP_small_RLR_MAE,42,1,57,0.0002500000118743628,5.570480823516846,5.742998123168945,5.514909744262695,5.687437534332275
MLP_small_RLR_MAE,42,1,58,0.0002500000118743628,5.613330364227295,5.7457404136657715,5.55777645111084,5.690191745758057
MLP_small_RLR_MAE,42,1,59,0.0002500000118743628,5.55549430847168,5.750411033630371,5.499948024749756,5.694870471954346
MLP_small_RLR_MAE,42,1,60,0.0002500000118743628,5.583516597747803,5.751786231994629,5.527978897094727,5.696255207061768
MLP_small_RLR_MAE,42,1,61,0.0002500000118743628,5.543475151062012,5.748517990112305,5.487949848175049,5.692998886108398
MLP_small_RLR_MAE,42,1,62,0.0002500000118743628,5.554018497467041,5.744077682495117,5.498503684997559,5.688567161560059
MLP_small_RLR_MAE,42,1,63,0.0001250000059371814,5.502407550811768,5.741372108459473,5.446899890899658,5.685867786407471
MLP_small_RLR_MAE,42,2,1,0.0010000000474974513,8.959623336791992,8.741209983825684,8.9033784866333,8.685023307800293
MLP_small_RLR_MAE,42,2,2,0.0010000000474974513,8.70515251159668,8.572229385375977,8.648992538452148,8.516095161437988
MLP_small_RLR_MAE,42,2,3,0.0010000000474974513,8.444893836975098,8.394926071166992,8.388779640197754,8.338833808898926
MLP_small_RLR_MAE,42,2,4,0.0010000000474974513,8.20340633392334,8.237320899963379,8.147336959838867,8.1812744140625
MLP_small_RLR_MAE,42,2,5,0.0010000000474974513,7.988499641418457,8.113736152648926,7.932464599609375,8.057714462280273
MLP_small_RLR_MAE,42,2,6,0.0010000000474974513,7.788687705993652,7.999301910400391,7.732675075531006,7.943302631378174
MLP_small_RLR_MAE,42,2,7,0.0010000000474974513,7.595564365386963,7.782661437988281,7.539574146270752,7.726683139801025
MLP_small_RLR_MAE,42,2,8,0.0010000000474974513,7.382382869720459,7.620650768280029,7.326407432556152,7.564675807952881
MLP_small_RLR_MAE,42,2,9,0.0010000000474974513,7.213821887969971,7.493104934692383,7.1578450202941895,7.437132358551025
MLP_small_RLR_MAE,42,2,10,0.0010000000474974513,7.030747890472412,7.337959289550781,6.974781036376953,7.2819976806640625
MLP_small_RLR_MAE,42,2,11,0.0010000000474974513,6.868132591247559,7.154595851898193,6.812172889709473,7.098638534545898
MLP_small_RLR_MAE,42,2,12,0.0010000000474974513,6.660295009613037,6.986791610717773,6.604341983795166,6.930843830108643
MLP_small_RLR_MAE,42,2,13,0.0010000000474974513,6.5522966384887695,6.848935127258301,6.496357440948486,6.793008327484131
MLP_small_RLR_MAE,42,2,14,0.0010000000474974513,6.461981296539307,6.640228748321533,6.406073570251465,6.5843400955200195
MLP_small_RLR_MAE,42,2,15,0.0010000000474974513,6.335831165313721,6.469027042388916,6.27994966506958,6.4131550788879395
MLP_small_RLR_MAE,42,2,16,0.0010000000474974513,6.270298004150391,6.303946018218994,6.2144365310668945,6.248096466064453
MLP_small_RLR_MAE,42,2,17,0.0010000000474974513,6.158533096313477,6.301047325134277,6.102680683135986,6.245187282562256
MLP_small_RLR_MAE,42,2,18,0.0010000000474974513,6.037468910217285,6.2820820808410645,5.981606960296631,6.226226329803467
MLP_small_RLR_MAE,42,2,19,0.0010000000474974513,5.9944844245910645,6.1474199295043945,5.938638687133789,6.091587066650391
MLP_small_RLR_MAE,42,2,20,0.0010000000474974513,5.915214538574219,6.071905136108398,5.8593854904174805,6.016082286834717
MLP_small_RLR_MAE,42,2,21,0.0010000000474974513,5.916726112365723,6.015155792236328,5.8609089851379395,5.9593424797058105
MLP_small_RLR_MAE,42,2,22,0.0010000000474974513,5.877527236938477,6.005414962768555,5.821717262268066,5.949610233306885
MLP_small_RLR_MAE,42,2,23,0.0010000000474974513,5.868835926055908,5.974027633666992,5.813040256500244,5.918237686157227
MLP_small_RLR_MAE,42,2,24,0.0010000000474974513,5.794888019561768,5.931487560272217,5.739109992980957,5.875728130340576
MLP_small_RLR_MAE,42,2,25,0.0010000000474974513,5.787609577178955,5.91813325881958,5.731870651245117,5.8624114990234375
MLP_small_RLR_MAE,42,2,26,0.0010000000474974513,5.776843070983887,5.898423671722412,5.721126556396484,5.842720031738281
MLP_small_RLR_MAE,42,2,27,0.0010000000474974513,5.750988006591797,5.860546112060547,5.695300579071045,5.804873943328857
MLP_small_RLR_MAE,42,2,28,0.0010000000474974513,5.741306304931641,5.8558549880981445,5.685647964477539,5.800214767456055
MLP_small_RLR_MAE,42,2,29,0.0010000000474974513,5.701388359069824,5.839076995849609,5.645751953125,5.783442974090576
MLP_small_RLR_MAE,42,2,30,0.0010000000474974513,5.728516578674316,5.847565650939941,5.672878742218018,5.791930675506592
MLP_small_RLR_MAE,42,2,31,0.0010000000474974513,5.752386569976807,5.8593831062316895,5.6967620849609375,5.803770542144775
MLP_small_RLR_MAE,42,2,32,0.0010000000474974513,5.690896987915039,5.85321044921875,5.6352996826171875,5.797632217407227
MLP_small_RLR_MAE,42,2,33,0.0010000000474974513,5.6639604568481445,5.852302551269531,5.608391761779785,5.7967448234558105
MLP_small_RLR_MAE,42,2,34,0.0010000000474974513,5.724360466003418,5.847623348236084,5.668804168701172,5.792067527770996
MLP_small_RLR_MAE,42,2,35,0.0010000000474974513,5.688374042510986,5.855884552001953,5.632826328277588,5.800346374511719
MLP_small_RLR_MAE,42,2,36,0.0010000000474974513,5.6456098556518555,5.840176582336426,5.590086936950684,5.784672260284424
MLP_small_RLR_MAE,42,2,37,0.0010000000474974513,5.654971599578857,5.8369550704956055,5.599475860595703,5.781461715698242
MLP_small_RLR_MAE,42,2,38,0.0010000000474974513,5.63301420211792,5.827357769012451,5.577529430389404,5.771889686584473
MLP_small_RLR_MAE,42,2,39,0.0010000000474974513,5.672868728637695,5.824529647827148,5.617417812347412,5.769094944000244
MLP_small_RLR_MAE,42,2,40,0.0010000000474974513,5.605518341064453,5.821096897125244,5.550095558166504,5.765691757202148
MLP_small_RLR_MAE,42,2,41,0.0010000000474974513,5.610172271728516,5.831979274749756,5.554785251617432,5.776606559753418
MLP_small_RLR_MAE,42,2,42,0.0010000000474974513,5.6450629234313965,5.8534440994262695,5.589697360992432,5.798089981079102
MLP_small_RLR_MAE,42,2,43,0.0010000000474974513,5.624998092651367,5.850648403167725,5.569651126861572,5.79530668258667
MLP_small_RLR_MAE,42,2,44,0.0010000000474974513,5.599593639373779,5.858675003051758,5.54425573348999,5.8033366203308105
MLP_small_RLR_MAE,42,2,45,0.0010000000474974513,5.6175665855407715,5.845291614532471,5.56223201751709,5.789960861206055
MLP_small_RLR_MAE,42,2,46,0.0010000000474974513,5.5807695388793945,5.851269721984863,5.525450706481934,5.795961380004883
MLP_small_RLR_MAE,42,2,47,0.0010000000474974513,5.639504432678223,5.8610382080078125,5.58420467376709,5.805750370025635
MLP_small_RLR_MAE,42,2,48,0.0010000000474974513,5.603909015655518,5.852072715759277,5.5486297607421875,5.7967963218688965
MLP_small_RLR_MAE,42,2,49,0.0005000000237487257,5.608915328979492,5.847124099731445,5.553650856018066,5.791876792907715
MLP_small_RLR_MAE,42,2,50,0.0005000000237487257,5.541118144989014,5.839321136474609,5.485888481140137,5.784111022949219
MLP_small_RLR_MAE,42,2,51,0.0005000000237487257,5.5799713134765625,5.838550567626953,5.524776458740234,5.7833733558654785
MLP_small_RLR_MAE,42,2,52,0.0005000000237487257,5.579259872436523,5.846863269805908,5.52409553527832,5.791715145111084
MLP_small_RLR_MAE,42,2,53,0.0005000000237487257,5.610302448272705,5.851872444152832,5.555169105529785,5.796756267547607
MLP_small_RLR_MAE,42,2,54,0.0005000000237487257,5.582206726074219,5.852743625640869,5.527104377746582,5.7976555824279785
MLP_small_RLR_MAE,42,2,55,0.0005000000237487257,5.549045085906982,5.851988315582275,5.49397087097168,5.796926975250244
MLP_small_RLR_MAE,42,2,56,0.0005000000237487257,5.600124835968018,5.8483147621154785,5.545071125030518,5.793269157409668
MLP_small_RLR_MAE,42,2,57,0.0002500000118743628,5.5644850730896,5.84633731842041,5.509446144104004,5.791305065155029
MLP_small_RLR_MAE,42,2,58,0.0002500000118743628,5.5804057121276855,5.848804473876953,5.5253825187683105,5.793791770935059
MLP_small_RLR_MAE,42,2,59,0.0002500000118743628,5.52862548828125,5.850572109222412,5.473622798919678,5.795582294464111
MLP_small_RLR_MAE,42,2,60,0.0002500000118743628,5.552817344665527,5.853072643280029,5.497838020324707,5.798102378845215
MLP_small_RLR_MAE,42,2,61,0.0002500000118743628,5.57167387008667,5.8538408279418945,5.5167107582092285,5.798888683319092
MLP_small_RLR_MAE,42,2,62,0.0002500000118743628,5.545797824859619,5.851068019866943,5.490853786468506,5.796133041381836
MLP_small_RLR_MAE,42,2,63,0.0002500000118743628,5.525794506072998,5.8516387939453125,5.47086763381958,5.796721935272217
MLP_small_RLR_MAE,42,2,64,0.0002500000118743628,5.538601398468018,5.852659702301025,5.483696460723877,5.797765731811523
MLP_small_RLR_MAE,42,2,65,0.0001250000059371814,5.514856338500977,5.8536200523376465,5.459968566894531,5.798738479614258
MLP_small_RLR_MAE,42,3,1,0.0010000000474974513,8.955521583557129,8.365047454833984,8.899836540222168,8.309418678283691
MLP_small_RLR_MAE,42,3,2,0.0010000000474974513,8.656434059143066,8.119386672973633,8.600841522216797,8.063838958740234
MLP_small_RLR_MAE,42,3,3,0.0010000000474974513,8.39491081237793,7.898955821990967,8.339402198791504,7.843489646911621
MLP_small_RLR_MAE,42,3,4,0.0010000000474974513,8.119260787963867,7.701923370361328,8.063830375671387,7.6465301513671875
MLP_small_RLR_MAE,42,3,5,0.0010000000474974513,7.899684906005859,7.495847702026367,7.84432315826416,7.44052267074585
MLP_small_RLR_MAE,42,3,6,0.0010000000474974513,7.664813041687012,7.444343090057373,7.609516620635986,7.389071464538574
MLP_small_RLR_MAE,42,3,7,0.0010000000474974513,7.458989143371582,7.45002555847168,7.403726577758789,7.394772529602051
MLP_small_RLR_MAE,42,3,8,0.0010000000474974513,7.253974437713623,7.370051383972168,7.198733329772949,7.314820766448975
MLP_small_RLR_MAE,42,3,9,0.0010000000474974513,7.043661594390869,7.277080059051514,6.988426685333252,7.221837043762207
MLP_small_RLR_MAE,42,3,10,0.0010000000474974513,6.848108768463135,7.066977024078369,6.792857646942139,7.011723041534424
MLP_small_RLR_MAE,42,3,11,0.0010000000474974513,6.668121814727783,6.796718120574951,6.612862586975098,6.741456508636475
MLP_small_RLR_MAE,42,3,12,0.0010000000474974513,6.499347686767578,6.650524616241455,6.444086074829102,6.595266819000244
MLP_small_RLR_MAE,42,3,13,0.0010000000474974513,6.353957176208496,6.565164566040039,6.298695087432861,6.509896755218506
MLP_small_RLR_MAE,42,3,14,0.0010000000474974513,6.231516361236572,6.4505743980407715,6.176242351531982,6.395293712615967
MLP_small_RLR_MAE,42,3,15,0.0010000000474974513,6.127110004425049,6.384690761566162,6.071820259094238,6.329390048980713
MLP_small_RLR_MAE,42,3,16,0.0010000000474974513,6.058498859405518,6.381979465484619,6.003187656402588,6.326646327972412
MLP_small_RLR_MAE,42,3,17,0.0010000000474974513,5.968356609344482,6.283112049102783,5.9130072593688965,6.227749824523926
MLP_small_RLR_MAE,42,3,18,0.0010000000474974513,5.902951240539551,6.258093357086182,5.84758996963501,6.2027411460876465
MLP_small_RLR_MAE,42,3,19,0.0010000000474974513,5.871925354003906,6.184858322143555,5.816582679748535,6.1295247077941895
MLP_small_RLR_MAE,42,3,20,0.0010000000474974513,5.850705146789551,6.099894046783447,5.795373439788818,6.044558525085449
MLP_small_RLR_MAE,42,3,21,0.0010000000474974513,5.812903881072998,6.093384265899658,5.757567882537842,6.0380473136901855
MLP_small_RLR_MAE,42,3,22,0.0010000000474974513,5.780736923217773,6.055428504943848,5.725396633148193,6.000081539154053
MLP_small_RLR_MAE,42,3,23,0.0010000000474974513,5.791480541229248,6.03373908996582,5.7361226081848145,5.978374481201172
MLP_small_RLR_MAE,42,3,24,0.0010000000474974513,5.781763553619385,6.045194625854492,5.726396560668945,5.989828109741211
MLP_small_RLR_MAE,42,3,25,0.0010000000474974513,5.766575336456299,6.021695613861084,5.7112202644348145,5.9663519859313965
MLP_small_RLR_MAE,42,3,26,0.0010000000474974513,5.755810260772705,6.022012710571289,5.700480937957764,5.966700077056885
MLP_small_RLR_MAE,42,3,27,0.0010000000474974513,5.757946491241455,6.0140275955200195,5.702651023864746,5.958752155303955
MLP_small_RLR_MAE,42,3,28,0.0010000000474974513,5.727840900421143,5.99793815612793,5.672579765319824,5.942685604095459
MLP_small_RLR_MAE,42,3,29,0.0010000000474974513,5.717558860778809,5.993588447570801,5.662308216094971,5.938344955444336
MLP_small_RLR_MAE,42,3,30,0.0010000000474974513,5.717157363891602,6.005494594573975,5.661922931671143,5.950266361236572
MLP_small_RLR_MAE,42,3,31,0.0010000000474974513,5.731277942657471,6.002491474151611,5.676055431365967,5.9472784996032715
MLP_small_RLR_MAE,42,3,32,0.0010000000474974513,5.710788249969482,6.002549648284912,5.6555986404418945,5.947386741638184
MLP_small_RLR_MAE,42,3,33,0.0010000000474974513,5.717822551727295,6.006135940551758,5.662680625915527,5.9510064125061035
MLP_small_RLR_MAE,42,3,34,0.0010000000474974513,5.6883087158203125,6.013167858123779,5.633190155029297,5.958066463470459
MLP_small_RLR_MAE,42,3,35,0.0010000000474974513,5.703829288482666,6.01639986038208,5.648731231689453,5.961308002471924
MLP_small_RLR_MAE,42,3,36,0.0010000000474974513,5.663122177124023,6.001876354217529,5.608052730560303,5.946822643280029
MLP_small_RLR_MAE,42,3,37,0.0010000000474974513,5.638614177703857,5.993713855743408,5.5835747718811035,5.938689708709717
MLP_small_RLR_MAE,42,3,38,0.0005000000237487257,5.6288042068481445,5.996509552001953,5.573794364929199,5.941519737243652
MLP_small_RLR_MAE,42,3,39,0.0005000000237487257,5.6898932456970215,6.015498161315918,5.634922981262207,5.960548400878906
MLP_small_RLR_MAE,42,3,40,0.0005000000237487257,5.620788097381592,6.011794567108154,5.56585693359375,5.956881999969482
MLP_small_RLR_MAE,42,3,41,0.0005000000237487257,5.612410545349121,6.006272792816162,5.557511806488037,5.951388359069824
MLP_small_RLR_MAE,42,3,42,0.0005000000237487257,5.628765106201172,6.003125190734863,5.573897838592529,5.948277950286865
MLP_small_RLR_MAE,42,3,43,0.0005000000237487257,5.676452159881592,6.016731262207031,5.621627330780029,5.961929798126221
MLP_small_RLR_MAE,42,3,44,0.0005000000237487257,5.675937652587891,6.013557434082031,5.62115478515625,5.958793640136719
MLP_small_RLR_MAE,42,3,45,0.0005000000237487257,5.677926540374756,6.0127105712890625,5.623180866241455,5.957983016967773
MLP_small_RLR_MAE,42,3,46,0.0002500000118743628,5.62628698348999,6.009150981903076,5.571568489074707,5.954444408416748
MLP_small_RLR_MAE,42,3,47,0.0002500000118743628,5.649148464202881,6.008910179138184,5.594451904296875,5.95422887802124
MLP_small_RLR_MAE,42,3,48,0.0002500000118743628,5.627155780792236,6.014082908630371,5.572488307952881,5.959432601928711
MLP_small_RLR_MAE,42,3,49,0.0002500000118743628,5.579793453216553,6.014767169952393,5.5251569747924805,5.960147380828857
MLP_small_RLR_MAE,42,3,50,0.0002500000118743628,5.569441318511963,6.010251522064209,5.514832496643066,5.9556565284729
MLP_small_RLR_MAE,42,3,51,0.0002500000118743628,5.624993801116943,6.011934757232666,5.570413112640381,5.957365989685059
MLP_small_RLR_MAE,42,3,52,0.0002500000118743628,5.6193976402282715,6.021298408508301,5.564842224121094,5.9667582511901855
MLP_small_RLR_MAE,42,3,53,0.0002500000118743628,5.624162673950195,6.020524501800537,5.569634914398193,5.96600866317749
MLP_small_RLR_MAE,42,3,54,0.0001250000059371814,5.651123523712158,6.016388893127441,5.596614360809326,5.961886405944824
MLP_small_RLR_MAE,42,4,1,0.0010000000474974513,8.331446647644043,8.283387184143066,8.276208877563477,8.22816276550293
MLP_small_RLR_MAE,42,4,2,0.0010000000474974513,8.006969451904297,8.080662727355957,7.951743125915527,8.02544116973877
MLP_small_RLR_MAE,42,4,3,0.0010000000474974513,7.706618785858154,7.78825044631958,7.651407718658447,7.733053207397461
MLP_small_RLR_MAE,42,4,4,0.0010000000474974513,7.459408283233643,7.60470724105835,7.404222011566162,7.549528121948242
MLP_small_RLR_MAE,42,4,5,0.0010000000474974513,7.209229469299316,7.4124755859375,7.154054164886475,7.357301712036133
MLP_small_RLR_MAE,42,4,6,0.0010000000474974513,6.991571426391602,7.20526647567749,6.936393737792969,7.150082588195801
MLP_small_RLR_MAE,42,4,7,0.0010000000474974513,6.7738165855407715,7.028750896453857,6.718628883361816,6.973561763763428
MLP_small_RLR_MAE,42,4,8,0.0010000000474974513,6.610433101654053,6.855064868927002,6.555246829986572,6.79987907409668
MLP_small_RLR_MAE,42,4,9,0.0010000000474974513,6.470750331878662,6.670594215393066,6.415555953979492,6.615394592285156
MLP_small_RLR_MAE,42,4,10,0.0010000000474974513,6.370497703552246,6.530582427978516,6.315299987792969,6.475390911102295
MLP_small_RLR_MAE,42,4,11,0.0010000000474974513,6.207238674163818,6.374660015106201,6.152057647705078,6.319482803344727
MLP_small_RLR_MAE,42,4,12,0.0010000000474974513,6.133098125457764,6.220016002655029,6.0779337882995605,6.164860248565674
MLP_small_RLR_MAE,42,4,13,0.0010000000474974513,6.058535575866699,6.158879280090332,6.003389358520508,6.103739261627197
MLP_small_RLR_MAE,42,4,14,0.0010000000474974513,5.966017723083496,6.060250759124756,5.910886764526367,6.005131721496582
MLP_small_RLR_MAE,42,4,15,0.0010000000474974513,5.94161319732666,6.010422229766846,5.886510372161865,5.955334663391113
MLP_small_RLR_MAE,42,4,16,0.0010000000474974513,5.915683746337891,5.99003791809082,5.860611915588379,5.934981346130371
MLP_small_RLR_MAE,42,4,17,0.0010000000474974513,5.8868632316589355,5.939714431762695,5.831818103790283,5.884675025939941
MLP_small_RLR_MAE,42,4,18,0.0010000000474974513,5.805729866027832,5.899174690246582,5.750702857971191,5.844160556793213
MLP_small_RLR_MAE,42,4,19,0.0010000000474974513,5.825491905212402,5.860698223114014,5.770495414733887,5.80571174621582
MLP_small_RLR_MAE,42,4,20,0.0010000000474974513,5.809553623199463,5.847357749938965,5.754579067230225,5.792392730712891
MLP_small_RLR_MAE,42,4,21,0.0010000000474974513,5.778553009033203,5.839676856994629,5.723605632781982,5.784740447998047
MLP_small_RLR_MAE,42,4,22,0.0010000000474974513,5.76626443862915,5.832162857055664,5.711346626281738,5.777258396148682
MLP_small_RLR_MAE,42,4,23,0.0010000000474974513,5.74752140045166,5.816838264465332,5.692628383636475,5.761950969696045
MLP_small_RLR_MAE,42,4,24,0.0010000000474974513,5.772884845733643,5.7885050773620605,5.718012809753418,5.733651161193848
MLP_small_RLR_MAE,42,4,25,0.0010000000474974513,5.793342590332031,5.7848219871521,5.738505840301514,5.73000431060791
MLP_small_RLR_MAE,42,4,26,0.0010000000474974513,5.78434944152832,5.7758073806762695,5.729553699493408,5.721030235290527
MLP_small_RLR_MAE,42,4,27,0.0010000000474974513,5.744616985321045,5.786336421966553,5.689858913421631,5.73159122467041
MLP_small_RLR_MAE,42,4,28,0.0010000000474974513,5.748744964599609,5.786334991455078,5.6940107345581055,5.731605529785156
MLP_small_RLR_MAE,42,4,29,0.0010000000474974513,5.760406970977783,5.768111228942871,5.705682277679443,5.7133941650390625
MLP_small_RLR_MAE,42,4,30,0.0010000000474974513,5.718909740447998,5.75855827331543,5.664202690124512,5.703855991363525
MLP_small_RLR_MAE,42,4,31,0.0010000000474974513,5.737981796264648,5.767778396606445,5.683298110961914,5.713112831115723
MLP_small_RLR_MAE,42,4,32,0.0010000000474974513,5.727927207946777,5.756783962249756,5.67327880859375,5.702156066894531
MLP_small_RLR_MAE,42,4,33,0.0010000000474974513,5.703463554382324,5.7638115882873535,5.648852348327637,5.709219455718994
MLP_small_RLR_MAE,42,4,34,0.0010000000474974513,5.707087993621826,5.752846717834473,5.652518272399902,5.698301792144775
MLP_small_RLR_MAE,42,4,35,0.0010000000474974513,5.719649791717529,5.7709503173828125,5.665115833282471,5.716422080993652
MLP_small_RLR_MAE,42,4,36,0.0010000000474974513,5.679866790771484,5.7707037925720215,5.625351428985596,5.716197967529297
MLP_small_RLR_MAE,42,4,37,0.0010000000474974513,5.712768077850342,5.771803855895996,5.658271312713623,5.717310905456543
MLP_small_RLR_MAE,42,4,38,0.0010000000474974513,5.723913192749023,5.789091110229492,5.669439315795898,5.7346320152282715
MLP_small_RLR_MAE,42,4,39,0.0010000000474974513,5.651079177856445,5.7901458740234375,5.596640110015869,5.735718250274658
MLP_small_RLR_MAE,42,4,40,0.0010000000474974513,5.650280952453613,5.786168575286865,5.595864772796631,5.731751918792725
MLP_small_RLR_MAE,42,4,41,0.0010000000474974513,5.692122936248779,5.777995586395264,5.637712478637695,5.7235822677612305
MLP_small_RLR_MAE,42,4,42,0.0010000000474974513,5.683908939361572,5.788261890411377,5.62949800491333,5.733853816986084
MLP_small_RLR_MAE,42,4,43,0.0005000000237487257,5.6132307052612305,5.785773754119873,5.558833122253418,5.731390476226807
MLP_small_RLR_MAE,42,4,44,0.0005000000237487257,5.681899547576904,5.7844672203063965,5.627532005310059,5.73011589050293
MLP_small_RLR_MAE,42,4,45,0.0005000000237487257,5.647377014160156,5.779890537261963,5.593047142028809,5.7255859375
MLP_small_RLR_MAE,42,4,46,0.0005000000237487257,5.670624732971191,5.786996364593506,5.616339206695557,5.73272705078125
MLP_small_RLR_MAE,42,4,47,0.0005000000237487257,5.634178638458252,5.78828763961792,5.579926013946533,5.7340497970581055
MLP_small_RLR_MAE,42,4,48,0.0005000000237487257,5.64193868637085,5.788053512573242,5.587716102600098,5.733850002288818
MLP_small_RLR_MAE,42,4,49,0.0005000000237487257,5.6652374267578125,5.780944347381592,5.611048698425293,5.72676944732666
MLP_small_RLR_MAE,42,4,50,0.0005000000237487257,5.605198383331299,5.7735137939453125,5.551042079925537,5.719376087188721
MLP_small_RLR_MAE,42,4,51,0.0002500000118743628,5.643811225891113,5.773953914642334,5.589683532714844,5.719837188720703
MLP_small_RLR_MAE,42,4,52,0.0002500000118743628,5.621035099029541,5.777291297912598,5.566929817199707,5.7231950759887695
MLP_small_RLR_MAE,42,4,53,0.0002500000118743628,5.635649681091309,5.779571056365967,5.58156681060791,5.725499153137207
MLP_small_RLR_MAE,42,4,54,0.0002500000118743628,5.627591133117676,5.775815010070801,5.573530197143555,5.721765518188477
MLP_small_RLR_MAE,42,4,55,0.0002500000118743628,5.6074018478393555,5.7775492668151855,5.553361415863037,5.723518371582031
MLP_small_RLR_MAE,42,4,56,0.0002500000118743628,5.634575366973877,5.780673980712891,5.580557346343994,5.726667881011963
MLP_small_RLR_MAE,42,4,57,0.0002500000118743628,5.631798267364502,5.7870306968688965,5.577800750732422,5.733041763305664
MLP_small_RLR_MAE,42,4,58,0.0002500000118743628,5.631957530975342,5.7917256355285645,5.577978610992432,5.737758636474609
MLP_small_RLR_MAE,42,4,59,0.0001250000059371814,5.575467109680176,5.789239406585693,5.521505355834961,5.735284805297852
MLP_small_RLR_MAE,42,5,1,0.0010000000474974513,8.73873233795166,8.480474472045898,8.683104515075684,8.424886703491211
MLP_small_RLR_MAE,42,5,2,0.0010000000474974513,8.330409049987793,8.186753273010254,8.27485466003418,8.131235122680664
MLP_small_RLR_MAE,42,5,3,0.0010000000474974513,8.010028839111328,7.944337368011475,7.954532146453857,7.8888678550720215
MLP_small_RLR_MAE,42,5,4,0.0010000000474974513,7.727027416229248,7.717709541320801,7.671572208404541,7.662271499633789
MLP_small_RLR_MAE,42,5,5,0.0010000000474974513,7.425907135009766,7.600096702575684,7.370477199554443,7.544674873352051
MLP_small_RLR_MAE,42,5,6,0.0010000000474974513,7.163328170776367,7.43405294418335,7.107910633087158,7.378644943237305
MLP_small_RLR_MAE,42,5,7,0.0010000000474974513,6.96904993057251,7.277989864349365,6.913651943206787,7.222591876983643
MLP_small_RLR_MAE,42,5,8,0.0010000000474974513,6.764499187469482,7.099069595336914,6.70910120010376,7.043676853179932
MLP_small_RLR_MAE,42,5,9,0.0010000000474974513,6.560323715209961,6.900364875793457,6.50492525100708,6.844959735870361
MLP_small_RLR_MAE,42,5,10,0.0010000000474974513,6.396409511566162,6.685731887817383,6.341001510620117,6.630318641662598
MLP_small_RLR_MAE,42,5,11,0.0010000000474974513,6.263982772827148,6.5563201904296875,6.208563804626465,6.500896453857422
MLP_small_RLR_MAE,42,5,12,0.0010000000474974513,6.150778293609619,6.386833190917969,6.095354080200195,6.331406593322754
MLP_small_RLR_MAE,42,5,13,0.0010000000474974513,6.094058036804199,6.232097625732422,6.038640975952148,6.176695823669434
MLP_small_RLR_MAE,42,5,14,0.0010000000474974513,5.986873626708984,6.1691155433654785,5.93149471282959,6.113761901855469
MLP_small_RLR_MAE,42,5,15,0.0010000000474974513,5.887165069580078,6.097350120544434,5.831835746765137,6.04204797744751
MLP_small_RLR_MAE,42,5,16,0.0010000000474974513,5.8746466636657715,6.045724391937256,5.819358825683594,5.990450382232666
MLP_small_RLR_MAE,42,5,17,0.0010000000474974513,5.869706153869629,6.013992786407471,5.814443111419678,5.958744049072266
MLP_small_RLR_MAE,42,5,18,0.0010000000474974513,5.866147518157959,5.980776786804199,5.810924530029297,5.92558479309082
MLP_small_RLR_MAE,42,5,19,0.0010000000474974513,5.852546691894531,5.9466328620910645,5.797362327575684,5.8914570808410645
MLP_small_RLR_MAE,42,5,20,0.0010000000474974513,5.81764554977417,5.921074867248535,5.762482643127441,5.865922451019287
MLP_small_RLR_MAE,42,5,21,0.0010000000474974513,5.791703701019287,5.8843536376953125,5.736576557159424,5.829250335693359
MLP_small_RLR_MAE,42,5,22,0.0010000000474974513,5.832237720489502,5.8868584632873535,5.777151584625244,5.831789493560791
MLP_small_RLR_MAE,42,5,23,0.0010000000474974513,5.752971172332764,5.870189189910889,5.69791841506958,5.815151214599609
MLP_small_RLR_MAE,42,5,24,0.0010000000474974513,5.785891532897949,5.872307300567627,5.730871200561523,5.817307949066162
MLP_small_RLR_MAE,42,5,25,0.0010000000474974513,5.747390270233154,5.867686748504639,5.69241189956665,5.812725067138672
MLP_small_RLR_MAE,42,5,26,0.0010000000474974513,5.7786545753479,5.849140167236328,5.723707675933838,5.79420804977417
MLP_small_RLR_MAE,42,5,27,0.0010000000474974513,5.71593713760376,5.832620143890381,5.661027908325195,5.777744293212891
MLP_small_RLR_MAE,42,5,28,0.0010000000474974513,5.717703819274902,5.844336986541748,5.662854194641113,5.7895002365112305
MLP_small_RLR_MAE,42,5,29,0.0010000000474974513,5.767632007598877,5.855113506317139,5.712806701660156,5.800308704376221
MLP_small_RLR_MAE,42,5,30,0.0010000000474974513,5.731481552124023,5.854001998901367,5.676701068878174,5.799249649047852
MLP_small_RLR_MAE,42,5,31,0.0010000000474974513,5.728998184204102,5.849723815917969,5.674269676208496,5.795012474060059
MLP_small_RLR_MAE,42,5,32,0.0010000000474974513,5.690286636352539,5.84268045425415,5.635592937469482,5.787991523742676
MLP_small_RLR_MAE,42,5,33,0.0010000000474974513,5.748067855834961,5.851181507110596,5.693394184112549,5.796525478363037
MLP_small_RLR_MAE,42,5,34,0.0010000000474974513,5.724416732788086,5.857086658477783,5.66977596282959,5.802460193634033
MLP_small_RLR_MAE,42,5,35,0.0010000000474974513,5.699202537536621,5.847797393798828,5.644603252410889,5.793231010437012
MLP_small_RLR_MAE,42,5,36,0.0005000000237487257,5.718436241149902,5.839535713195801,5.663887023925781,5.78500509262085
MLP_small_RLR_MAE,42,5,37,0.0005000000237487257,5.712578296661377,5.838817596435547,5.6580657958984375,5.784326076507568
MLP_small_RLR_MAE,42,5,38,0.0005000000237487257,5.6931304931640625,5.843899726867676,5.6386542320251465,5.789443492889404
MLP_small_RLR_MAE,42,5,39,0.0005000000237487257,5.700085639953613,5.843506813049316,5.645653247833252,5.789102077484131
MLP_small_RLR_MAE,42,5,40,0.0005000000237487257,5.706337928771973,5.845367908477783,5.651956081390381,5.791013717651367
MLP_small_RLR_MAE,42,5,41,0.0005000000237487257,5.717964172363281,5.848963737487793,5.663630962371826,5.794647216796875
MLP_small_RLR_MAE,42,5,42,0.0005000000237487257,5.67201042175293,5.849340915679932,5.61771297454834,5.795068740844727
MLP_small_RLR_MAE,42,5,43,0.0005000000237487257,5.697660446166992,5.849000930786133,5.643415927886963,5.79478645324707
MLP_small_RLR_MAE,42,5,44,0.0002500000118743628,5.654647350311279,5.8480329513549805,5.600448131561279,5.793848514556885
MLP_small_RLR_MAE,42,5,45,0.0002500000118743628,5.692020416259766,5.846677780151367,5.637847900390625,5.792518138885498
MLP_small_RLR_MAE,42,5,46,0.0002500000118743628,5.716832160949707,5.844074249267578,5.662683010101318,5.789938449859619
MLP_small_RLR_MAE,42,5,47,0.0002500000118743628,5.682889461517334,5.845688343048096,5.6287689208984375,5.791585922241211
MLP_small_RLR_MAE,42,5,48,0.0002500000118743628,5.670243740081787,5.842507839202881,5.616158485412598,5.7884440422058105
MLP_small_RLR_MAE,42,5,49,0.0002500000118743628,5.673591613769531,5.843228340148926,5.619542598724365,5.789193630218506
MLP_small_RLR_MAE,42,5,50,0.0002500000118743628,5.678583145141602,5.841603755950928,5.624562740325928,5.787599086761475
MLP_small_RLR_MAE,42,5,51,0.0002500000118743628,5.686817646026611,5.840140342712402,5.632827281951904,5.786168575286865
MLP_small_RLR_MAE,42,5,52,0.0001250000059371814,5.693224906921387,5.839815616607666,5.639260768890381,5.785861968994141
MLP_small_RLR_MAE,123,1,1,0.0010000000474974513,8.495351791381836,8.753129959106445,8.439491271972656,8.697297096252441
MLP_small_RLR_MAE,123,1,2,0.0010000000474974513,8.219202041625977,8.571659088134766,8.163373947143555,8.515844345092773
MLP_small_RLR_MAE,123,1,3,0.0010000000474974513,8.00949478149414,8.352893829345703,7.953689098358154,8.297106742858887
MLP_small_RLR_MAE,123,1,4,0.0010000000474974513,7.775687217712402,8.154267311096191,7.719912528991699,8.098509788513184
MLP_small_RLR_MAE,123,1,5,0.0010000000474974513,7.640615940093994,7.982855796813965,7.5848708152771,7.927122592926025
MLP_small_RLR_MAE,123,1,6,0.0010000000474974513,7.443389415740967,7.86160945892334,7.3876566886901855,7.805875301361084
MLP_small_RLR_MAE,123,1,7,0.0010000000474974513,7.2324748039245605,7.745432376861572,7.176738739013672,7.689695358276367
MLP_small_RLR_MAE,123,1,8,0.0010000000474974513,7.065427780151367,7.637521266937256,7.009690761566162,7.581785202026367
MLP_small_RLR_MAE,123,1,9,0.0010000000474974513,6.940532207489014,7.563642501831055,6.88478946685791,7.5078887939453125
MLP_small_RLR_MAE,123,1,10,0.0010000000474974513,6.773859977722168,7.476060390472412,6.718101501464844,7.420297145843506
MLP_small_RLR_MAE,123,1,11,0.0010000000474974513,6.661412715911865,7.368878364562988,6.6056437492370605,7.313104629516602
MLP_small_RLR_MAE,123,1,12,0.0010000000474974513,6.5049543380737305,7.19625997543335,6.4491729736328125,7.14047384262085
MLP_small_RLR_MAE,123,1,13,0.0010000000474974513,6.388154029846191,7.005859375,6.3323655128479,6.950063705444336
MLP_small_RLR_MAE,123,1,14,0.0010000000474974513,6.313684463500977,6.803982257843018,6.257877826690674,6.748163223266602
MLP_small_RLR_MAE,123,1,15,0.0010000000474974513,6.222806453704834,6.719825267791748,6.166976451873779,6.663987159729004
MLP_small_RLR_MAE,123,1,16,0.0010000000474974513,6.166189670562744,6.59574031829834,6.110350608825684,6.5399041175842285
MLP_small_RLR_MAE,123,1,17,0.0010000000474974513,6.064938545227051,6.48450231552124,6.00909948348999,6.428657531738281
MLP_small_RLR_MAE,123,1,18,0.0010000000474974513,6.009528160095215,6.44793701171875,5.953672885894775,6.392072677612305
MLP_small_RLR_MAE,123,1,19,0.0010000000474974513,5.967136859893799,6.40272331237793,5.911262512207031,6.346841335296631
MLP_small_RLR_MAE,123,1,20,0.0010000000474974513,5.881503105163574,6.300503730773926,5.825623035430908,6.244636535644531
MLP_small_RLR_MAE,123,1,21,0.0010000000474974513,5.862508296966553,6.189269065856934,5.806649208068848,6.133419990539551
MLP_small_RLR_MAE,123,1,22,0.0010000000474974513,5.818187236785889,6.14716911315918,5.7623443603515625,6.091331958770752
MLP_small_RLR_MAE,123,1,23,0.0010000000474974513,5.826335906982422,6.089022636413574,5.7704997062683105,6.0331854820251465
MLP_small_RLR_MAE,123,1,24,0.0010000000474974513,5.769646644592285,6.067689418792725,5.713812828063965,6.011857032775879
MLP_small_RLR_MAE,123,1,25,0.0010000000474974513,5.719217777252197,6.046692371368408,5.6633782386779785,5.990847587585449
MLP_small_RLR_MAE,123,1,26,0.0010000000474974513,5.77933931350708,5.9794111251831055,5.7234930992126465,5.923563480377197
MLP_small_RLR_MAE,123,1,27,0.0010000000474974513,5.735079765319824,5.927634239196777,5.679232120513916,5.871791362762451
MLP_small_RLR_MAE,123,1,28,0.0010000000474974513,5.717510223388672,5.906952381134033,5.661665439605713,5.851111888885498
MLP_small_RLR_MAE,123,1,29,0.0010000000474974513,5.770381450653076,5.897923946380615,5.71453857421875,5.842074871063232
MLP_small_RLR_MAE,123,1,30,0.0010000000474974513,5.730319499969482,5.901055335998535,5.674463748931885,5.845194339752197
MLP_small_RLR_MAE,123,1,31,0.0010000000474974513,5.75004768371582,5.9005208015441895,5.694186210632324,5.844656467437744
MLP_small_RLR_MAE,123,1,32,0.0010000000474974513,5.726619720458984,5.8830413818359375,5.670753479003906,5.827171325683594
MLP_small_RLR_MAE,123,1,33,0.0010000000474974513,5.762300491333008,5.866211891174316,5.706427574157715,5.810338973999023
MLP_small_RLR_MAE,123,1,34,0.0010000000474974513,5.666747570037842,5.878161907196045,5.610873699188232,5.8222880363464355
MLP_small_RLR_MAE,123,1,35,0.0010000000474974513,5.669708251953125,5.843334197998047,5.613831520080566,5.78745698928833
MLP_small_RLR_MAE,123,1,36,0.0010000000474974513,5.654166221618652,5.817795753479004,5.5982866287231445,5.761911869049072
MLP_small_RLR_MAE,123,1,37,0.0010000000474974513,5.651566028594971,5.780956745147705,5.595682144165039,5.725074291229248
MLP_small_RLR_MAE,123,1,38,0.0010000000474974513,5.6150078773498535,5.761473178863525,5.559131622314453,5.705601215362549
MLP_small_RLR_MAE,123,1,39,0.0010000000474974513,5.689487457275391,5.788106918334961,5.6336140632629395,5.732229232788086
MLP_small_RLR_MAE,123,1,40,0.0010000000474974513,5.693704128265381,5.793549060821533,5.637821674346924,5.737660884857178
MLP_small_RLR_MAE,123,1,41,0.0010000000474974513,5.62997579574585,5.779237747192383,5.574087619781494,5.723354339599609
MLP_small_RLR_MAE,123,1,42,0.0010000000474974513,5.603000640869141,5.782356262207031,5.547121047973633,5.726473808288574
MLP_small_RLR_MAE,123,1,43,0.0010000000474974513,5.609085559844971,5.779553413391113,5.553201198577881,5.723663330078125
MLP_small_RLR_MAE,123,1,44,0.0010000000474974513,5.647499084472656,5.7593231201171875,5.591606140136719,5.703430652618408
MLP_small_RLR_MAE,123,1,45,0.0010000000474974513,5.593382358551025,5.756716251373291,5.5374956130981445,5.700838088989258
MLP_small_RLR_MAE,123,1,46,0.0010000000474974513,5.667163848876953,5.752396106719971,5.61129093170166,5.696526527404785
MLP_small_RLR_MAE,123,1,47,0.0010000000474974513,5.637032508850098,5.747377395629883,5.58115816116333,5.691497325897217
MLP_small_RLR_MAE,123,1,48,0.0010000000474974513,5.58452033996582,5.741615295410156,5.528637409210205,5.68573522567749
MLP_small_RLR_MAE,123,1,49,0.0010000000474974513,5.569454669952393,5.724177360534668,5.513578414916992,5.668309211730957
MLP_small_RLR_MAE,123,1,50,0.0010000000474974513,5.587846279144287,5.71856689453125,5.531990051269531,5.662724494934082
MLP_small_RLR_MAE,123,1,51,0.0010000000474974513,5.586100101470947,5.742520809173584,5.530258655548096,5.686678886413574
MLP_small_RLR_MAE,123,1,52,0.0010000000474974513,5.5353169441223145,5.760406017303467,5.479474067687988,5.704566955566406
MLP_small_RLR_MAE,123,1,53,0.0010000000474974513,5.5704569816589355,5.743657112121582,5.514618873596191,5.68781852722168
MLP_small_RLR_MAE,123,1,54,0.0010000000474974513,5.5468316078186035,5.739361763000488,5.49098539352417,5.683511734008789
MLP_small_RLR_MAE,123,1,55,0.0010000000474974513,5.550061225891113,5.7397942543029785,5.494204044342041,5.683927536010742
MLP_small_RLR_MAE,123,1,56,0.0010000000474974513,5.5823283195495605,5.733025550842285,5.526458263397217,5.677151203155518
MLP_small_RLR_MAE,123,1,57,0.0010000000474974513,5.5637054443359375,5.7394185066223145,5.5078325271606445,5.6835527420043945
MLP_small_RLR_MAE,123,1,58,0.0010000000474974513,5.576206207275391,5.7630839347839355,5.520342826843262,5.707221508026123
MLP_small_RLR_MAE,123,1,59,0.0005000000237487257,5.562230587005615,5.753512382507324,5.506367206573486,5.697650909423828
MLP_small_RLR_MAE,123,1,60,0.0005000000237487257,5.551173210144043,5.7238922119140625,5.495316982269287,5.6680474281311035
MLP_small_RLR_MAE,123,1,61,0.0005000000237487257,5.586198806762695,5.727874279022217,5.530364513397217,5.672051906585693
MLP_small_RLR_MAE,123,1,62,0.0005000000237487257,5.50967264175415,5.728819847106934,5.453861236572266,5.673020362854004
MLP_small_RLR_MAE,123,1,63,0.0005000000237487257,5.552915573120117,5.738893985748291,5.497125625610352,5.683116912841797
MLP_small_RLR_MAE,123,1,64,0.0005000000237487257,5.51961612701416,5.7407917976379395,5.463847637176514,5.685032844543457
MLP_small_RLR_MAE,123,1,65,0.0005000000237487257,5.530391693115234,5.743836879730225,5.474639892578125,5.688094139099121
MLP_small_RLR_MAE,123,1,66,0.0005000000237487257,5.493009567260742,5.747239112854004,5.437276363372803,5.691517353057861
MLP_small_RLR_MAE,123,1,67,0.0002500000118743628,5.505690097808838,5.750594615936279,5.4499735832214355,5.694885730743408
MLP_small_RLR_MAE,123,1,68,0.0002500000118743628,5.536585330963135,5.747526168823242,5.480884552001953,5.691834449768066
MLP_small_RLR_MAE,123,1,69,0.0002500000118743628,5.564266681671143,5.745246410369873,5.508581161499023,5.6895670890808105
MLP_small_RLR_MAE,123,1,70,0.0002500000118743628,5.4764814376831055,5.7477874755859375,5.4208083152771,5.6921210289001465
MLP_small_RLR_MAE,123,1,71,0.0002500000118743628,5.496597766876221,5.750181674957275,5.4409379959106445,5.694530010223389
MLP_small_RLR_MAE,123,1,72,0.0002500000118743628,5.488081932067871,5.75059700012207,5.432436466217041,5.6949591636657715
MLP_small_RLR_MAE,123,1,73,0.0002500000118743628,5.545930862426758,5.751866817474365,5.490296840667725,5.696239471435547
MLP_small_RLR_MAE,123,1,74,0.0002500000118743628,5.497666358947754,5.754820346832275,5.442043304443359,5.6992058753967285
MLP_small_RLR_MAE,123,1,75,0.0001250000059371814,5.457203388214111,5.7566680908203125,5.401592254638672,5.701061248779297
MLP_small_RLR_MAE,123,2,1,0.0010000000474974513,8.477367401123047,8.370589256286621,8.421642303466797,8.314862251281738
MLP_small_RLR_MAE,123,2,2,0.0010000000474974513,8.119415283203125,8.005775451660156,8.06367015838623,7.950018405914307
MLP_small_RLR_MAE,123,2,3,0.0010000000474974513,7.851205825805664,7.7546000480651855,7.7954421043396,7.698832035064697
MLP_small_RLR_MAE,123,2,4,0.0010000000474974513,7.6186113357543945,7.697797775268555,7.562832355499268,7.642006874084473
MLP_small_RLR_MAE,123,2,5,0.0010000000474974513,7.409390926361084,7.65987491607666,7.353586196899414,7.604058742523193
MLP_small_RLR_MAE,123,2,6,0.0010000000474974513,7.173611640930176,7.505948543548584,7.117784023284912,7.450108051300049
MLP_small_RLR_MAE,123,2,7,0.0010000000474974513,6.976337909698486,7.327690124511719,6.92048454284668,7.271817684173584
MLP_small_RLR_MAE,123,2,8,0.0010000000474974513,6.785015106201172,7.192702293395996,6.7291340827941895,7.136809349060059
MLP_small_RLR_MAE,123,2,9,0.0010000000474974513,6.644568920135498,7.007801055908203,6.58867073059082,6.951894760131836
MLP_small_RLR_MAE,123,2,10,0.0010000000474974513,6.4444146156311035,6.801610469818115,6.388497352600098,6.745680332183838
MLP_small_RLR_MAE,123,2,11,0.0010000000474974513,6.304436683654785,6.660192012786865,6.248497486114502,6.6042399406433105
MLP_small_RLR_MAE,123,2,12,0.0010000000474974513,6.202391624450684,6.493298530578613,6.146430015563965,6.437325954437256
MLP_small_RLR_MAE,123,2,13,0.0010000000474974513,6.149101734161377,6.400318145751953,6.093114376068115,6.344308376312256
MLP_small_RLR_MAE,123,2,14,0.0010000000474974513,6.076809883117676,6.322355270385742,6.020784378051758,6.266316890716553
MLP_small_RLR_MAE,123,2,15,0.0010000000474974513,5.963444709777832,6.201228141784668,5.907407283782959,6.1451945304870605
MLP_small_RLR_MAE,123,2,16,0.0010000000474974513,5.959212779998779,6.155362129211426,5.903179168701172,6.099330902099609
MLP_small_RLR_MAE,123,2,17,0.0010000000474974513,5.890949249267578,6.071924209594727,5.834921836853027,6.015901565551758
MLP_small_RLR_MAE,123,2,18,0.0010000000474974513,5.825953483581543,6.073916435241699,5.76992130279541,6.0178728103637695
MLP_small_RLR_MAE,123,2,19,0.0010000000474974513,5.840042591094971,6.044528961181641,5.783993721008301,5.9884748458862305
MLP_small_RLR_MAE,123,2,20,0.0010000000474974513,5.750296592712402,6.029942035675049,5.694250106811523,5.973908424377441
MLP_small_RLR_MAE,123,2,21,0.0010000000474974513,5.79819917678833,5.999398708343506,5.742175579071045,5.943378448486328
MLP_small_RLR_MAE,123,2,22,0.0010000000474974513,5.74327278137207,5.974935054779053,5.687266826629639,5.918941974639893
MLP_small_RLR_MAE,123,2,23,0.0010000000474974513,5.747675895690918,5.938032627105713,5.6916937828063965,5.882069110870361
MLP_small_RLR_MAE,123,2,24,0.0010000000474974513,5.77241849899292,5.916115760803223,5.7164716720581055,5.8601837158203125
MLP_small_RLR_MAE,123,2,25,0.0010000000474974513,5.691482067108154,5.9194231033325195,5.635550498962402,5.863490581512451
MLP_small_RLR_MAE,123,2,26,0.0010000000474974513,5.705163955688477,5.919466018676758,5.649232387542725,5.8635358810424805
MLP_small_RLR_MAE,123,2,27,0.0010000000474974513,5.668279647827148,5.904999732971191,5.612361431121826,5.849091053009033
MLP_small_RLR_MAE,123,2,28,0.0010000000474974513,5.679412841796875,5.889180660247803,5.623507022857666,5.833278179168701
MLP_small_RLR_MAE,123,2,29,0.0010000000474974513,5.727151393890381,5.881580352783203,5.671248435974121,5.825674057006836
MLP_small_RLR_MAE,123,2,30,0.0010000000474974513,5.669114589691162,5.881194114685059,5.61320686340332,5.825284957885742
MLP_small_RLR_MAE,123,2,31,0.0010000000474974513,5.648907661437988,5.888391971588135,5.592999458312988,5.832491397857666
MLP_small_RLR_MAE,123,2,32,0.0010000000474974513,5.6304426193237305,5.875838756561279,5.574553489685059,5.8199615478515625
MLP_small_RLR_MAE,123,2,33,0.0010000000474974513,5.628668308258057,5.877121925354004,5.572793483734131,5.821248531341553
MLP_small_RLR_MAE,123,2,34,0.0010000000474974513,5.694069862365723,5.8813276290893555,5.638200283050537,5.825461387634277
MLP_small_RLR_MAE,123,2,35,0.0010000000474974513,5.668453216552734,5.886865615844727,5.612598419189453,5.831027030944824
MLP_small_RLR_MAE,123,2,36,0.0010000000474974513,5.671699523925781,5.8891706466674805,5.615875720977783,5.833363056182861
MLP_small_RLR_MAE,123,2,37,0.0010000000474974513,5.6590070724487305,5.898677349090576,5.603212356567383,5.842896938323975
MLP_small_RLR_MAE,123,2,38,0.0010000000474974513,5.58284854888916,5.905622959136963,5.52707052230835,5.849852085113525
MLP_small_RLR_MAE,123,2,39,0.0010000000474974513,5.699985980987549,5.906649112701416,5.6442155838012695,5.850881576538086
MLP_small_RLR_MAE,123,2,40,0.0010000000474974513,5.624312877655029,5.907506465911865,5.56854772567749,5.851739406585693
MLP_small_RLR_MAE,123,2,41,0.0005000000237487257,5.604050636291504,5.8995184898376465,5.54829216003418,5.843773365020752
MLP_small_RLR_MAE,123,2,42,0.0005000000237487257,5.641961097717285,5.887621879577637,5.586228847503662,5.831906318664551
MLP_small_RLR_MAE,123,2,43,0.0005000000237487257,5.59228515625,5.8803815841674805,5.5365800857543945,5.824685096740723
MLP_small_RLR_MAE,123,2,44,0.0005000000237487257,5.597014427185059,5.8817362785339355,5.541329860687256,5.826065540313721
MLP_small_RLR_MAE,123,2,45,0.0005000000237487257,5.604925632476807,5.880675792694092,5.549264430999756,5.825026512145996
MLP_small_RLR_MAE,123,2,46,0.0005000000237487257,5.5664520263671875,5.8801350593566895,5.510813236236572,5.824502468109131
MLP_small_RLR_MAE,123,2,47,0.0005000000237487257,5.56436014175415,5.884200572967529,5.508733749389648,5.828584671020508
MLP_small_RLR_MAE,123,2,48,0.0005000000237487257,5.615082263946533,5.890020370483398,5.5594801902771,5.83443546295166
MLP_small_RLR_MAE,123,2,49,0.0002500000118743628,5.5720648765563965,5.886237144470215,5.5164899826049805,5.830674648284912
MLP_small_RLR_MAE,123,2,50,0.0002500000118743628,5.592689514160156,5.883308410644531,5.537135124206543,5.827764511108398
MLP_small_RLR_MAE,123,2,51,0.0002500000118743628,5.553498268127441,5.883938789367676,5.4979634284973145,5.828413486480713
MLP_small_RLR_MAE,123,2,52,0.0002500000118743628,5.5289506912231445,5.878404140472412,5.473433017730713,5.822895050048828
MLP_small_RLR_MAE,123,2,53,0.0002500000118743628,5.536782741546631,5.876824855804443,5.481283187866211,5.8213348388671875
MLP_small_RLR_MAE,123,2,54,0.0002500000118743628,5.581132888793945,5.876084327697754,5.5256524085998535,5.820611000061035
MLP_small_RLR_MAE,123,2,55,0.0002500000118743628,5.543519973754883,5.878571510314941,5.4880547523498535,5.823118686676025
MLP_small_RLR_MAE,123,2,56,0.0002500000118743628,5.616011142730713,5.878899574279785,5.56056547164917,5.823461055755615
MLP_small_RLR_MAE,123,2,57,0.0001250000059371814,5.598825931549072,5.878971576690674,5.543391227722168,5.823542594909668
MLP_small_RLR_MAE,123,3,1,0.0010000000474974513,8.531597137451172,8.008718490600586,8.475504875183105,7.952637195587158
MLP_small_RLR_MAE,123,3,2,0.0010000000474974513,8.194973945617676,7.839718341827393,8.138884544372559,7.783627033233643
MLP_small_RLR_MAE,123,3,3,0.0010000000474974513,7.963751316070557,7.681272029876709,7.907665729522705,7.625190734863281
MLP_small_RLR_MAE,123,3,4,0.0010000000474974513,7.70326566696167,7.5271687507629395,7.647190093994141,7.471100807189941
MLP_small_RLR_MAE,123,3,5,0.0010000000474974513,7.459472179412842,7.381435871124268,7.4034104347229,7.325378894805908
MLP_small_RLR_MAE,123,3,6,0.0010000000474974513,7.233681678771973,7.273367881774902,7.17762565612793,7.217315196990967
MLP_small_RLR_MAE,123,3,7,0.0010000000474974513,6.984847068786621,7.082717418670654,6.928793907165527,7.026658058166504
MLP_small_RLR_MAE,123,3,8,0.0010000000474974513,6.824077606201172,7.009942054748535,6.768012046813965,6.953869342803955
MLP_small_RLR_MAE,123,3,9,0.0010000000474974513,6.680841445922852,6.882427215576172,6.624765396118164,6.826344966888428
MLP_small_RLR_MAE,123,3,10,0.0010000000474974513,6.463629722595215,6.7071146965026855,6.407537460327148,6.651010036468506
MLP_small_RLR_MAE,123,3,11,0.0010000000474974513,6.312582969665527,6.562397480010986,6.256474494934082,6.506287097930908
MLP_small_RLR_MAE,123,3,12,0.0010000000474974513,6.2358574867248535,6.462754249572754,6.179747104644775,6.4066386222839355
MLP_small_RLR_MAE,123,3,13,0.0010000000474974513,6.136425018310547,6.346918106079102,6.08030366897583,6.290791034698486
MLP_small_RLR_MAE,123,3,14,0.0010000000474974513,6.027287483215332,6.26406717300415,5.971156597137451,6.207932472229004
MLP_small_RLR_MAE,123,3,15,0.0010000000474974513,6.013067722320557,6.207555770874023,5.956934928894043,6.151426315307617
MLP_small_RLR_MAE,123,3,16,0.0010000000474974513,5.9360480308532715,6.179679870605469,5.879918575286865,6.1235504150390625
MLP_small_RLR_MAE,123,3,17,0.0010000000474974513,5.878953456878662,6.123608112335205,5.822829723358154,6.067487716674805
MLP_small_RLR_MAE,123,3,18,0.0010000000474974513,5.834272384643555,6.088996410369873,5.7781572341918945,6.0328826904296875
MLP_small_RLR_MAE,123,3,19,0.0010000000474974513,5.7911295890808105,6.062288761138916,5.735026836395264,6.006198406219482
MLP_small_RLR_MAE,123,3,20,0.0010000000474974513,5.774374008178711,6.05527400970459,5.718299388885498,5.999216556549072
MLP_small_RLR_MAE,123,3,21,0.0010000000474974513,5.779708385467529,6.0413055419921875,5.723672866821289,5.98528528213501
MLP_small_RLR_MAE,123,3,22,0.0010000000474974513,5.7450714111328125,6.031867027282715,5.689057350158691,5.975858211517334
MLP_small_RLR_MAE,123,3,23,0.0010000000474974513,5.757206916809082,6.016733646392822,5.701205730438232,5.960744857788086
MLP_small_RLR_MAE,123,3,24,0.0010000000474974513,5.759613513946533,6.031838893890381,5.703629970550537,5.975861072540283
MLP_small_RLR_MAE,123,3,25,0.0010000000474974513,5.785500526428223,6.017149448394775,5.72952938079834,5.9611897468566895
MLP_small_RLR_MAE,123,3,26,0.0010000000474974513,5.738879680633545,6.002201557159424,5.682933330535889,5.946272373199463
MLP_small_RLR_MAE,123,3,27,0.0010000000474974513,5.689141273498535,6.005913257598877,5.633227348327637,5.950017929077148
MLP_small_RLR_MAE,123,3,28,0.0010000000474974513,5.7370171546936035,6.021023750305176,5.6811323165893555,5.965153217315674
MLP_small_RLR_MAE,123,3,29,0.0010000000474974513,5.708809852600098,6.017673492431641,5.652950763702393,5.961826324462891
MLP_small_RLR_MAE,123,3,30,0.0010000000474974513,5.727914810180664,6.023331165313721,5.672078609466553,5.967505931854248
MLP_small_RLR_MAE,123,3,31,0.0010000000474974513,5.69365119934082,6.012758731842041,5.63783597946167,5.956954479217529
MLP_small_RLR_MAE,123,3,32,0.0010000000474974513,5.701421737670898,6.012358665466309,5.645637512207031,5.956585884094238
MLP_small_RLR_MAE,123,3,33,0.0010000000474974513,5.706873416900635,6.022810935974121,5.651113033294678,5.967064380645752
MLP_small_RLR_MAE,123,3,34,0.0010000000474974513,5.653777599334717,6.03289270401001,5.598053455352783,5.977184295654297
MLP_small_RLR_MAE,123,3,35,0.0005000000237487257,5.714274883270264,6.019564628601074,5.658575057983398,5.963876247406006
MLP_small_RLR_MAE,123,3,36,0.0005000000237487257,5.68413782119751,6.015462875366211,5.628464698791504,5.959806442260742
MLP_small_RLR_MAE,123,3,37,0.0005000000237487257,5.6318278312683105,6.008537292480469,5.576186180114746,5.952910900115967
MLP_small_RLR_MAE,123,3,38,0.0005000000237487257,5.660488605499268,6.008932113647461,5.604876518249512,5.953337669372559
MLP_small_RLR_MAE,123,3,39,0.0005000000237487257,5.670752048492432,6.021647930145264,5.615169525146484,5.9660797119140625
MLP_small_RLR_MAE,123,3,40,0.0005000000237487257,5.638709545135498,6.025119781494141,5.583154678344727,5.969581604003906
MLP_small_RLR_MAE,123,3,41,0.0005000000237487257,5.652373313903809,6.040074825286865,5.596854209899902,5.9845757484436035
MLP_small_RLR_MAE,123,3,42,0.0005000000237487257,5.66566276550293,6.055061340332031,5.610185146331787,5.9996018409729
MLP_small_RLR_MAE,123,3,43,0.0002500000118743628,5.669466972351074,6.047641754150391,5.614015579223633,5.992199420928955
MLP_small_RLR_MAE,123,3,44,0.0002500000118743628,5.680842876434326,6.03687858581543,5.6254096031188965,5.9814558029174805
MLP_small_RLR_MAE,123,3,45,0.0002500000118743628,5.714776992797852,6.028922080993652,5.659364700317383,5.9735236167907715
MLP_small_RLR_MAE,123,3,46,0.0002500000118743628,5.6222076416015625,6.029885292053223,5.566819190979004,5.974510192871094
MLP_small_RLR_MAE,123,3,47,0.0002500000118743628,5.64628267288208,6.030528545379639,5.590918064117432,5.975175380706787
MLP_small_RLR_MAE,123,3,48,0.0002500000118743628,5.6363372802734375,6.025057315826416,5.580995082855225,5.9697265625
MLP_small_RLR_MAE,123,3,49,0.0002500000118743628,5.69307804107666,6.0228352546691895,5.637757301330566,5.967523574829102
MLP_small_RLR_MAE,123,3,50,0.0002500000118743628,5.625328063964844,6.018334865570068,5.57002592086792,5.9630446434021
MLP_small_RLR_MAE,123,3,51,0.0001250000059371814,5.664697170257568,6.020242214202881,5.609411239624023,5.964963912963867
MLP_small_RLR_MAE,123,4,1,0.0010000000474974513,9.1880464553833,8.626697540283203,9.132745742797852,8.571468353271484
MLP_small_RLR_MAE,123,4,2,0.0010000000474974513,8.829249382019043,8.359314918518066,8.774070739746094,8.304197311401367
MLP_small_RLR_MAE,123,4,3,0.0010000000474974513,8.524653434753418,8.119342803955078,8.469590187072754,8.064337730407715
MLP_small_RLR_MAE,123,4,4,0.0010000000474974513,8.253584861755371,7.943896293640137,8.198631286621094,7.889003753662109
MLP_small_RLR_MAE,123,4,5,0.0010000000474974513,8.006139755249023,7.753857612609863,7.951294422149658,7.699061393737793
MLP_small_RLR_MAE,123,4,6,0.0010000000474974513,7.756155490875244,7.536991119384766,7.701398849487305,7.482276916503906
MLP_small_RLR_MAE,123,4,7,0.0010000000474974513,7.504856109619141,7.372793197631836,7.450170040130615,7.318137168884277
MLP_small_RLR_MAE,123,4,8,0.0010000000474974513,7.2982988357543945,7.222799301147461,7.243651866912842,7.168158054351807
MLP_small_RLR_MAE,123,4,9,0.0010000000474974513,7.072964191436768,7.019202709197998,7.018337249755859,6.964590072631836
MLP_small_RLR_MAE,123,4,10,0.0010000000474974513,6.842934608459473,6.790894508361816,6.788340091705322,6.736316680908203
MLP_small_RLR_MAE,123,4,11,0.0010000000474974513,6.6725568771362305,6.730489730834961,6.61799430847168,6.675938606262207
MLP_small_RLR_MAE,123,4,12,0.0010000000474974513,6.516941547393799,6.520518779754639,6.462409973144531,6.466007709503174
MLP_small_RLR_MAE,123,4,13,0.0010000000474974513,6.369319915771484,6.332355976104736,6.314827919006348,6.2778778076171875
MLP_small_RLR_MAE,123,4,14,0.0010000000474974513,6.249029159545898,6.2450714111328125,6.194563388824463,6.190621852874756
MLP_small_RLR_MAE,123,4,15,0.0010000000474974513,6.130584716796875,6.200591564178467,6.0761518478393555,6.146176338195801
MLP_small_RLR_MAE,123,4,16,0.0010000000474974513,6.087214946746826,6.131803035736084,6.032820701599121,6.07742977142334
MLP_small_RLR_MAE,123,4,17,0.0010000000474974513,5.9857497215271,6.0537261962890625,5.931408405303955,5.999413967132568
MLP_small_RLR_MAE,123,4,18,0.0010000000474974513,5.947926998138428,6.005186557769775,5.893659591674805,5.950962066650391
MLP_small_RLR_MAE,123,4,19,0.0010000000474974513,5.901111125946045,5.973870277404785,5.846923828125,5.919715404510498
MLP_small_RLR_MAE,123,4,20,0.0010000000474974513,5.8223066329956055,5.90839147567749,5.768189907073975,5.854313850402832
MLP_small_RLR_MAE,123,4,21,0.0010000000474974513,5.836488723754883,5.865287780761719,5.782446384429932,5.8112711906433105
MLP_small_RLR_MAE,123,4,22,0.0010000000474974513,5.759896278381348,5.831659317016602,5.705898761749268,5.777682304382324
MLP_small_RLR_MAE,123,4,23,0.0010000000474974513,5.786520481109619,5.824461460113525,5.732586860656738,5.770565986633301
MLP_small_RLR_MAE,123,4,24,0.0010000000474974513,5.767457962036133,5.819603443145752,5.713601589202881,5.765774726867676
MLP_small_RLR_MAE,123,4,25,0.0010000000474974513,5.7800116539001465,5.810647010803223,5.7262139320373535,5.756873607635498
MLP_small_RLR_MAE,123,4,26,0.0010000000474974513,5.787225723266602,5.796130180358887,5.733460903167725,5.742366313934326
MLP_small_RLR_MAE,123,4,27,0.0010000000474974513,5.753945350646973,5.78508186340332,5.700196266174316,5.731348037719727
MLP_small_RLR_MAE,123,4,28,0.0010000000474974513,5.710635185241699,5.763258457183838,5.656937599182129,5.7095866203308105
MLP_small_RLR_MAE,123,4,29,0.0010000000474974513,5.725728988647461,5.763574123382568,5.6720781326293945,5.7099385261535645
MLP_small_RLR_MAE,123,4,30,0.0010000000474974513,5.743919372558594,5.782735347747803,5.690309524536133,5.729165077209473
MLP_small_RLR_MAE,123,4,31,0.0010000000474974513,5.759239673614502,5.786856174468994,5.705706596374512,5.733347415924072
MLP_small_RLR_MAE,123,4,32,0.0010000000474974513,5.727152347564697,5.762147903442383,5.673664093017578,5.708678245544434
MLP_small_RLR_MAE,123,4,33,0.0010000000474974513,5.69417142868042,5.7669758796691895,5.640728950500488,5.713554382324219
MLP_small_RLR_MAE,123,4,34,0.0010000000474974513,5.710167407989502,5.753133773803711,5.656763076782227,5.699751853942871
MLP_small_RLR_MAE,123,4,35,0.0010000000474974513,5.684302806854248,5.72903299331665,5.630954265594482,5.675721645355225
MLP_small_RLR_MAE,123,4,36,0.0010000000474974513,5.746101379394531,5.755004405975342,5.692814826965332,5.701723575592041
MLP_small_RLR_MAE,123,4,37,0.0010000000474974513,5.687454700469971,5.742170333862305,5.6341938972473145,5.688929080963135
MLP_small_RLR_MAE,123,4,38,0.0010000000474974513,5.684260368347168,5.747892379760742,5.631044864654541,5.694692134857178
MLP_small_RLR_MAE,123,4,39,0.0010000000474974513,5.677091598510742,5.763373374938965,5.623910903930664,5.710219860076904
MLP_small_RLR_MAE,123,4,40,0.0010000000474974513,5.6879448890686035,5.759556770324707,5.634828090667725,5.706467151641846
MLP_small_RLR_MAE,123,4,41,0.0010000000474974513,5.613191604614258,5.748837947845459,5.560116767883301,5.695769309997559
MLP_small_RLR_MAE,123,4,42,0.0010000000474974513,5.655514717102051,5.7483954429626465,5.602457523345947,5.6953349113464355
MLP_small_RLR_MAE,123,4,43,0.0010000000474974513,5.5777764320373535,5.741827487945557,5.524718284606934,5.68876838684082
MLP_small_RLR_MAE,123,4,44,0.0005000000237487257,5.678297996520996,5.751617908477783,5.62524938583374,5.698577880859375
MLP_small_RLR_MAE,123,4,45,0.0005000000237487257,5.587965965270996,5.758349418640137,5.5349440574646,5.705345153808594
MLP_small_RLR_MAE,123,4,46,0.0005000000237487257,5.6227707862854,5.758907318115234,5.569787979125977,5.70595121383667
MLP_small_RLR_MAE,123,4,47,0.0005000000237487257,5.661608695983887,5.752725601196289,5.608676910400391,5.699815273284912
MLP_small_RLR_MAE,123,4,48,0.0005000000237487257,5.631359100341797,5.7556681632995605,5.5784687995910645,5.702796459197998
MLP_small_RLR_MAE,123,4,49,0.0005000000237487257,5.602706432342529,5.7651143074035645,5.549854755401611,5.712284564971924
MLP_small_RLR_MAE,123,4,50,0.0005000000237487257,5.585358619689941,5.75918436050415,5.532552242279053,5.706401824951172
MLP_small_RLR_MAE,123,4,51,0.0005000000237487257,5.621273517608643,5.756629943847656,5.568517208099365,5.70389461517334
MLP_small_RLR_MAE,123,4,52,0.0002500000118743628,5.632933139801025,5.755006790161133,5.580206871032715,5.702293872833252
MLP_small_RLR_MAE,123,4,53,0.0002500000118743628,5.63998556137085,5.756348133087158,5.587287425994873,5.7036638259887695
MLP_small_RLR_MAE,123,4,54,0.0002500000118743628,5.579358100891113,5.76104211807251,5.526686191558838,5.708386421203613
MLP_small_RLR_MAE,123,4,55,0.0002500000118743628,5.636841297149658,5.759645462036133,5.584202766418457,5.707022666931152
MLP_small_RLR_MAE,123,4,56,0.0002500000118743628,5.634799003601074,5.763486385345459,5.582189083099365,5.710888862609863
MLP_small_RLR_MAE,123,4,57,0.0002500000118743628,5.575329780578613,5.767969131469727,5.522745132446289,5.71539831161499
MLP_small_RLR_MAE,123,4,58,0.0002500000118743628,5.618287563323975,5.773812770843506,5.565731525421143,5.721273422241211
MLP_small_RLR_MAE,123,4,59,0.0002500000118743628,5.60730504989624,5.779543399810791,5.554780960083008,5.72703742980957
MLP_small_RLR_MAE,123,4,60,0.0001250000059371814,5.594391345977783,5.780861854553223,5.54189395904541,5.728373050689697
MLP_small_RLR_MAE,123,5,1,0.0010000000474974513,8.698883056640625,8.701740264892578,8.642900466918945,8.645798683166504
MLP_small_RLR_MAE,123,5,2,0.0010000000474974513,8.353509902954102,8.308231353759766,8.29759693145752,8.252364158630371
MLP_small_RLR_MAE,123,5,3,0.0010000000474974513,8.04391098022461,7.996947765350342,7.988097190856934,7.9412007331848145
MLP_small_RLR_MAE,123,5,4,0.0010000000474974513,7.756648063659668,7.754847049713135,7.700949192047119,7.6991963386535645
MLP_small_RLR_MAE,123,5,5,0.0010000000474974513,7.467695713043213,7.595640659332275,7.412073135375977,7.540040969848633
MLP_small_RLR_MAE,123,5,6,0.0010000000474974513,7.236325740814209,7.41756534576416,7.180737495422363,7.361991882324219
MLP_small_RLR_MAE,123,5,7,0.0010000000474974513,7.0080952644348145,7.2504963874816895,6.952523708343506,7.194921493530273
MLP_small_RLR_MAE,123,5,8,0.0010000000474974513,6.770047664642334,7.162840843200684,6.714478969573975,7.107277870178223
MLP_small_RLR_MAE,123,5,9,0.0010000000474974513,6.5957136154174805,7.024912357330322,6.540150165557861,6.969343662261963
MLP_small_RLR_MAE,123,5,10,0.0010000000474974513,6.4033637046813965,6.762767314910889,6.347792148590088,6.70720100402832
MLP_small_RLR_MAE,123,5,11,0.0010000000474974513,6.267784118652344,6.569034576416016,6.212228775024414,6.513490200042725
MLP_small_RLR_MAE,123,5,12,0.0010000000474974513,6.171270847320557,6.426037311553955,6.115737438201904,6.370521545410156
MLP_small_RLR_MAE,123,5,13,0.0010000000474974513,6.04003381729126,6.310308933258057,5.984533309936523,6.254817008972168
MLP_small_RLR_MAE,123,5,14,0.0010000000474974513,5.952536106109619,6.279652118682861,5.897044658660889,6.224170207977295
MLP_small_RLR_MAE,123,5,15,0.0010000000474974513,5.956154823303223,6.207694053649902,5.900683403015137,6.152228355407715
MLP_small_RLR_MAE,123,5,16,0.0010000000474974513,5.883251190185547,6.1277360916137695,5.827791213989258,6.072286605834961
MLP_small_RLR_MAE,123,5,17,0.0010000000474974513,5.872958183288574,6.093112468719482,5.8175177574157715,6.037677764892578
MLP_small_RLR_MAE,123,5,18,0.0010000000474974513,5.831115245819092,6.05741548538208,5.7756853103637695,6.001994609832764
MLP_small_RLR_MAE,123,5,19,0.0010000000474974513,5.826091289520264,5.968259811401367,5.770705223083496,5.912910461425781
MLP_small_RLR_MAE,123,5,20,0.0010000000474974513,5.811045169830322,5.973255634307861,5.755706310272217,5.917925834655762
MLP_small_RLR_MAE,123,5,21,0.0010000000474974513,5.804911136627197,5.950306415557861,5.749598979949951,5.89502477645874
MLP_small_RLR_MAE,123,5,22,0.0010000000474974513,5.769932270050049,5.9184160232543945,5.714681148529053,5.86320161819458
MLP_small_RLR_MAE,123,5,23,0.0010000000474974513,5.787052631378174,5.901307582855225,5.731851100921631,5.846113681793213
MLP_small_RLR_MAE,123,5,24,0.0010000000474974513,5.746001243591309,5.887265205383301,5.690822124481201,5.8321051597595215
MLP_small_RLR_MAE,123,5,25,0.0010000000474974513,5.713872909545898,5.888636589050293,5.658740520477295,5.8335371017456055
MLP_small_RLR_MAE,123,5,26,0.0010000000474974513,5.764446258544922,5.89139986038208,5.7093634605407715,5.836327075958252
MLP_small_RLR_MAE,123,5,27,0.0010000000474974513,5.758273124694824,5.883291244506836,5.703221797943115,5.828258514404297
MLP_small_RLR_MAE,123,5,28,0.0010000000474974513,5.745147228240967,5.860636234283447,5.690128803253174,5.805636882781982
MLP_small_RLR_MAE,123,5,29,0.0010000000474974513,5.706166744232178,5.865004062652588,5.65118408203125,5.810037612915039
MLP_small_RLR_MAE,123,5,30,0.0010000000474974513,5.726037979125977,5.862518310546875,5.671102046966553,5.807606220245361
MLP_small_RLR_MAE,123,5,31,0.0010000000474974513,5.711800575256348,5.857211112976074,5.656911373138428,5.8023505210876465
MLP_small_RLR_MAE,123,5,32,0.0010000000474974513,5.705960750579834,5.842895030975342,5.651139259338379,5.788113117218018
MLP_small_RLR_MAE,123,5,33,0.0010000000474974513,5.665660381317139,5.855722904205322,5.610904693603516,5.800983905792236
MLP_small_RLR_MAE,123,5,34,0.0010000000474974513,5.728753089904785,5.8603515625,5.674023628234863,5.805628299713135
MLP_small_RLR_MAE,123,5,35,0.0010000000474974513,5.693252086639404,5.862074851989746,5.638545513153076,5.807389259338379
MLP_small_RLR_MAE,123,5,36,0.0010000000474974513,5.699092864990234,5.872818946838379,5.644416809082031,5.818153381347656
MLP_small_RLR_MAE,123,5,37,0.0010000000474974513,5.665555000305176,5.881130695343018,5.610904693603516,5.826512336730957
MLP_small_RLR_MAE,123,5,38,0.0010000000474974513,5.666774749755859,5.8649187088012695,5.612193584442139,5.810368537902832
MLP_small_RLR_MAE,123,5,39,0.0010000000474974513,5.672557830810547,5.866552829742432,5.618025302886963,5.812027454376221
MLP_small_RLR_MAE,123,5,40,0.0010000000474974513,5.704213619232178,5.8402814865112305,5.649697303771973,5.785785675048828
MLP_small_RLR_MAE,123,5,41,0.0010000000474974513,5.625401973724365,5.831663131713867,5.57094144821167,5.777221202850342
MLP_small_RLR_MAE,123,5,42,0.0010000000474974513,5.665964603424072,5.840842247009277,5.6115264892578125,5.7863993644714355
MLP_small_RLR_MAE,123,5,43,0.0010000000474974513,5.66441011428833,5.8366899490356445,5.609975814819336,5.782273292541504
MLP_small_RLR_MAE,123,5,44,0.0010000000474974513,5.640860557556152,5.854729652404785,5.586458683013916,5.8003411293029785
MLP_small_RLR_MAE,123,5,45,0.0010000000474974513,5.650628089904785,5.857308387756348,5.59626579284668,5.802969455718994
MLP_small_RLR_MAE,123,5,46,0.0010000000474974513,5.65984582901001,5.852665901184082,5.605539321899414,5.79838752746582
MLP_small_RLR_MAE,123,5,47,0.0010000000474974513,5.62652587890625,5.8468828201293945,5.5722737312316895,5.792647838592529
MLP_small_RLR_MAE,123,5,48,0.0010000000474974513,5.59078311920166,5.849124908447266,5.536566257476807,5.794932842254639
MLP_small_RLR_MAE,123,5,49,0.0010000000474974513,5.594474792480469,5.862524509429932,5.54031229019165,5.808385372161865
MLP_small_RLR_MAE,123,5,50,0.0005000000237487257,5.599098205566406,5.846906661987305,5.544980525970459,5.792814254760742
MLP_small_RLR_MAE,123,5,51,0.0005000000237487257,5.614741325378418,5.85343074798584,5.56066370010376,5.799365997314453
MLP_small_RLR_MAE,123,5,52,0.0005000000237487257,5.6609649658203125,5.845911502838135,5.606916427612305,5.791886806488037
MLP_small_RLR_MAE,123,5,53,0.0005000000237487257,5.615395545959473,5.842355728149414,5.561392784118652,5.788374423980713
MLP_small_RLR_MAE,123,5,54,0.0005000000237487257,5.581331253051758,5.851873874664307,5.527371406555176,5.797939777374268
MLP_small_RLR_MAE,123,5,55,0.0005000000237487257,5.582334995269775,5.856879234313965,5.528425693511963,5.802994728088379
MLP_small_RLR_MAE,123,5,56,0.0005000000237487257,5.572045803070068,5.868520736694336,5.518181800842285,5.814678192138672
MLP_small_RLR_MAE,123,5,57,0.0005000000237487257,5.60128927230835,5.865687370300293,5.5474629402160645,5.811881065368652
MLP_small_RLR_MAE,123,5,58,0.0002500000118743628,5.573479652404785,5.865806579589844,5.519689083099365,5.8120317459106445
MLP_small_RLR_MAE,123,5,59,0.0002500000118743628,5.562353610992432,5.864523887634277,5.508593559265137,5.810779094696045
MLP_small_RLR_MAE,123,5,60,0.0002500000118743628,5.595516204833984,5.861837387084961,5.541783809661865,5.8081207275390625
MLP_small_RLR_MAE,123,5,61,0.0002500000118743628,5.552749156951904,5.863297462463379,5.499049186706543,5.809612274169922
MLP_small_RLR_MAE,123,5,62,0.0002500000118743628,5.595764636993408,5.86453914642334,5.54209566116333,5.810885429382324
MLP_small_RLR_MAE,123,5,63,0.0002500000118743628,5.603699207305908,5.865001201629639,5.5500593185424805,5.811377048492432
MLP_small_RLR_MAE,123,5,64,0.0002500000118743628,5.561887264251709,5.867619037628174,5.508275508880615,5.81402063369751
MLP_small_RLR_MAE,123,5,65,0.0002500000118743628,5.574930667877197,5.863472938537598,5.521346092224121,5.809903621673584
MLP_small_RLR_MAE,123,5,66,0.0001250000059371814,5.616877555847168,5.863708019256592,5.563314914703369,5.810154438018799
MLP_small_RLR_MAE,2026,1,1,0.0010000000474974513,9.005331039428711,9.051780700683594,8.949044227600098,8.995519638061523
MLP_small_RLR_MAE,2026,1,2,0.0010000000474974513,8.721426963806152,8.855645179748535,8.665176391601562,8.799407958984375
MLP_small_RLR_MAE,2026,1,3,0.0010000000474974513,8.465102195739746,8.650076866149902,8.4088773727417,8.59386920928955
MLP_small_RLR_MAE,2026,1,4,0.0010000000474974513,8.232637405395508,8.418375015258789,8.176444053649902,8.362197875976562
MLP_small_RLR_MAE,2026,1,5,0.0010000000474974513,8.054561614990234,8.212141990661621,7.998400688171387,8.155996322631836
MLP_small_RLR_MAE,2026,1,6,0.0010000000474974513,7.872831344604492,8.030254364013672,7.81669807434082,7.9741363525390625
MLP_small_RLR_MAE,2026,1,7,0.0010000000474974513,7.665125370025635,7.932163238525391,7.609015464782715,7.876062870025635
MLP_small_RLR_MAE,2026,1,8,0.0010000000474974513,7.487590312957764,7.866964817047119,7.431495666503906,7.810872554779053
MLP_small_RLR_MAE,2026,1,9,0.0010000000474974513,7.283128261566162,7.684051990509033,7.227040767669678,7.627970218658447
MLP_small_RLR_MAE,2026,1,10,0.0010000000474974513,7.157834529876709,7.518046855926514,7.101752758026123,7.4619646072387695
MLP_small_RLR_MAE,2026,1,11,0.0010000000474974513,7.008297443389893,7.435002326965332,6.952207565307617,7.378904819488525
MLP_small_RLR_MAE,2026,1,12,0.0010000000474974513,6.8748459815979,7.336945533752441,6.8187432289123535,7.280838966369629
MLP_small_RLR_MAE,2026,1,13,0.0010000000474974513,6.7219557762146,7.2233452796936035,6.665846347808838,7.167232036590576
MLP_small_RLR_MAE,2026,1,14,0.0010000000474974513,6.57444953918457,7.063560962677002,6.518337249755859,7.007452011108398
MLP_small_RLR_MAE,2026,1,15,0.0010000000474974513,6.515244483947754,6.86831521987915,6.459134578704834,6.812202453613281
MLP_small_RLR_MAE,2026,1,16,0.0010000000474974513,6.387734413146973,6.732131481170654,6.331620693206787,6.676022052764893
MLP_small_RLR_MAE,2026,1,17,0.0010000000474974513,6.285921096801758,6.563699245452881,6.229812145233154,6.507593631744385
MLP_small_RLR_MAE,2026,1,18,0.0010000000474974513,6.172571182250977,6.434134483337402,6.116469383239746,6.378040790557861
MLP_small_RLR_MAE,2026,1,19,0.0010000000474974513,6.113213062286377,6.398370265960693,6.057126522064209,6.342288494110107
MLP_small_RLR_MAE,2026,1,20,0.0010000000474974513,6.048567771911621,6.399706840515137,5.99247932434082,6.343609809875488
MLP_small_RLR_MAE,2026,1,21,0.0010000000474974513,6.005878448486328,6.38004732131958,5.949769496917725,6.323929309844971
MLP_small_RLR_MAE,2026,1,22,0.0010000000474974513,5.9992570877075195,6.271420955657959,5.943141460418701,6.215307712554932
MLP_small_RLR_MAE,2026,1,23,0.0010000000474974513,5.943880558013916,6.136012554168701,5.887770175933838,6.0799055099487305
MLP_small_RLR_MAE,2026,1,24,0.0010000000474974513,5.904495716094971,6.098251819610596,5.848392963409424,6.042149066925049
MLP_small_RLR_MAE,2026,1,25,0.0010000000474974513,5.838409900665283,6.085402488708496,5.782304763793945,6.029299259185791
MLP_small_RLR_MAE,2026,1,26,0.0010000000474974513,5.82213830947876,6.028504848480225,5.766035079956055,5.972401142120361
MLP_small_RLR_MAE,2026,1,27,0.0010000000474974513,5.808872699737549,5.935173988342285,5.752773284912109,5.879079818725586
MLP_small_RLR_MAE,2026,1,28,0.0010000000474974513,5.797028541564941,5.895416736602783,5.740940570831299,5.839339733123779
MLP_small_RLR_MAE,2026,1,29,0.0010000000474974513,5.778613090515137,5.878790855407715,5.722543239593506,5.822730541229248
MLP_small_RLR_MAE,2026,1,30,0.0010000000474974513,5.733473777770996,5.8715996742248535,5.6774163246154785,5.815547943115234
MLP_small_RLR_MAE,2026,1,31,0.0010000000474974513,5.67809534072876,5.875669956207275,5.622045993804932,5.8196258544921875
MLP_small_RLR_MAE,2026,1,32,0.0010000000474974513,5.697101593017578,5.840450763702393,5.641057014465332,5.784404754638672
MLP_small_RLR_MAE,2026,1,33,0.0010000000474974513,5.775285720825195,5.82149076461792,5.71923828125,5.765439987182617
MLP_small_RLR_MAE,2026,1,34,0.0010000000474974513,5.768144607543945,5.802338123321533,5.7120866775512695,5.746273994445801
MLP_small_RLR_MAE,2026,1,35,0.0010000000474974513,5.6804518699646,5.7874979972839355,5.624390602111816,5.731439590454102
MLP_small_RLR_MAE,2026,1,36,0.0010000000474974513,5.65461540222168,5.766427516937256,5.5985565185546875,5.710367202758789
MLP_small_RLR_MAE,2026,1,37,0.0010000000474974513,5.655790328979492,5.727258205413818,5.5997314453125,5.67120361328125
MLP_small_RLR_MAE,2026,1,38,0.0010000000474974513,5.693450450897217,5.7089338302612305,5.637392997741699,5.652872562408447
MLP_small_RLR_MAE,2026,1,39,0.0010000000474974513,5.655141830444336,5.716919898986816,5.599076271057129,5.660846710205078
MLP_small_RLR_MAE,2026,1,40,0.0010000000474974513,5.683290004730225,5.741944789886475,5.6272077560424805,5.685855388641357
MLP_small_RLR_MAE,2026,1,41,0.0010000000474974513,5.587643146514893,5.726624965667725,5.531550884246826,5.670532703399658
MLP_small_RLR_MAE,2026,1,42,0.0010000000474974513,5.657100677490234,5.698879241943359,5.601012229919434,5.642790794372559
MLP_small_RLR_MAE,2026,1,43,0.0010000000474974513,5.674953937530518,5.682779788970947,5.618857383728027,5.62667989730835
MLP_small_RLR_MAE,2026,1,44,0.0010000000474974513,5.728453159332275,5.686471939086914,5.672351360321045,5.6303629875183105
MLP_small_RLR_MAE,2026,1,45,0.0010000000474974513,5.629017353057861,5.69365119934082,5.572905540466309,5.637540817260742
MLP_small_RLR_MAE,2026,1,46,0.0010000000474974513,5.562558650970459,5.6891937255859375,5.506450176239014,5.633090972900391
MLP_small_RLR_MAE,2026,1,47,0.0010000000474974513,5.606856822967529,5.704078674316406,5.5507612228393555,5.64798641204834
MLP_small_RLR_MAE,2026,1,48,0.0010000000474974513,5.614736080169678,5.716405391693115,5.558640003204346,5.660308361053467
MLP_small_RLR_MAE,2026,1,49,0.0010000000474974513,5.623805522918701,5.70180082321167,5.567712306976318,5.645716190338135
MLP_small_RLR_MAE,2026,1,50,0.0010000000474974513,5.582096099853516,5.722565650939941,5.5260138511657715,5.666484832763672
MLP_small_RLR_MAE,2026,1,51,0.0010000000474974513,5.670089244842529,5.715125560760498,5.614008903503418,5.659043788909912
MLP_small_RLR_MAE,2026,1,52,0.0005000000237487257,5.584615707397461,5.710916519165039,5.528531551361084,5.6548333168029785
MLP_small_RLR_MAE,2026,1,53,0.0005000000237487257,5.6205363273620605,5.708947658538818,5.564458847045898,5.652876853942871
MLP_small_RLR_MAE,2026,1,54,0.0005000000237487257,5.557741165161133,5.7118964195251465,5.501674175262451,5.655836582183838
MLP_small_RLR_MAE,2026,1,55,0.0005000000237487257,5.613544464111328,5.722198963165283,5.557488441467285,5.6661481857299805
MLP_small_RLR_MAE,2026,1,56,0.0005000000237487257,5.572889804840088,5.70540714263916,5.516843795776367,5.64937162399292
MLP_small_RLR_MAE,2026,1,57,0.0005000000237487257,5.566312789916992,5.696788787841797,5.510284900665283,5.640769958496094
MLP_small_RLR_MAE,2026,1,58,0.0005000000237487257,5.583709716796875,5.691050052642822,5.527698040008545,5.63504695892334
MLP_small_RLR_MAE,2026,1,59,0.0005000000237487257,5.566936016082764,5.699551582336426,5.510940074920654,5.643566131591797
MLP_small_RLR_MAE,2026,1,60,0.0002500000118743628,5.579324722290039,5.704432010650635,5.523344993591309,5.648458957672119
MLP_small_RLR_MAE,2026,1,61,0.0002500000118743628,5.532880783081055,5.706333160400391,5.476913928985596,5.6503753662109375
MLP_small_RLR_MAE,2026,1,62,0.0002500000118743628,5.518995761871338,5.705170631408691,5.463044166564941,5.649228096008301
MLP_small_RLR_MAE,2026,1,63,0.0002500000118743628,5.556045055389404,5.704857349395752,5.500107288360596,5.648927211761475
MLP_small_RLR_MAE,2026,1,64,0.0002500000118743628,5.562095642089844,5.7085113525390625,5.506171226501465,5.652595043182373
MLP_small_RLR_MAE,2026,1,65,0.0002500000118743628,5.540005683898926,5.706485271453857,5.484095096588135,5.650583744049072
MLP_small_RLR_MAE,2026,1,66,0.0002500000118743628,5.530281066894531,5.70278787612915,5.474387168884277,5.6469035148620605
MLP_small_RLR_MAE,2026,1,67,0.0002500000118743628,5.524537563323975,5.705994129180908,5.468658924102783,5.650122165679932
MLP_small_RLR_MAE,2026,1,68,0.0001250000059371814,5.502108573913574,5.707910537719727,5.446238994598389,5.652043342590332
MLP_small_RLR_MAE,2026,2,1,0.0010000000474974513,8.690557479858398,8.595662117004395,8.635034561157227,8.540157318115234
MLP_small_RLR_MAE,2026,2,2,0.0010000000474974513,8.357843399047852,8.324066162109375,8.30234146118164,8.268572807312012
MLP_small_RLR_MAE,2026,2,3,0.0010000000474974513,8.124707221984863,8.112608909606934,8.06922435760498,8.057140350341797
MLP_small_RLR_MAE,2026,2,4,0.0010000000474974513,7.896866321563721,7.890219688415527,7.841405391693115,7.8347673416137695
MLP_small_RLR_MAE,2026,2,5,0.0010000000474974513,7.665232181549072,7.734426498413086,7.609780788421631,7.6789703369140625
MLP_small_RLR_MAE,2026,2,6,0.0010000000474974513,7.420317649841309,7.6039228439331055,7.364859580993652,7.548458576202393
MLP_small_RLR_MAE,2026,2,7,0.0010000000474974513,7.246665954589844,7.439700603485107,7.19118595123291,7.384207248687744
MLP_small_RLR_MAE,2026,2,8,0.0010000000474974513,7.049903869628906,7.269409656524658,6.994402885437012,7.213901519775391
MLP_small_RLR_MAE,2026,2,9,0.0010000000474974513,6.832586765289307,7.102972507476807,6.777066230773926,7.0474348068237305
MLP_small_RLR_MAE,2026,2,10,0.0010000000474974513,6.68626070022583,6.910433292388916,6.630712509155273,6.8548736572265625
MLP_small_RLR_MAE,2026,2,11,0.0010000000474974513,6.565638065338135,6.723782539367676,6.510068416595459,6.6682000160217285
MLP_small_RLR_MAE,2026,2,12,0.0010000000474974513,6.460836410522461,6.657356262207031,6.40523624420166,6.6017351150512695
MLP_small_RLR_MAE,2026,2,13,0.0010000000474974513,6.291478157043457,6.532713413238525,6.235848426818848,6.477077007293701
MLP_small_RLR_MAE,2026,2,14,0.0010000000474974513,6.178720951080322,6.447129726409912,6.123074531555176,6.391478061676025
MLP_small_RLR_MAE,2026,2,15,0.0010000000474974513,6.129295825958252,6.357470512390137,6.073644161224365,6.301819324493408
MLP_small_RLR_MAE,2026,2,16,0.0010000000474974513,6.056482315063477,6.2971601486206055,6.0008320808410645,6.2415056228637695
MLP_small_RLR_MAE,2026,2,17,0.0010000000474974513,6.014327526092529,6.20413875579834,5.958670139312744,6.148477077484131
MLP_small_RLR_MAE,2026,2,18,0.0010000000474974513,5.926663398742676,6.131191253662109,5.870995998382568,6.0755205154418945
MLP_small_RLR_MAE,2026,2,19,0.0010000000474974513,5.916407108306885,6.111143589019775,5.860732555389404,6.055464267730713
MLP_small_RLR_MAE,2026,2,20,0.0010000000474974513,5.875510215759277,6.072065353393555,5.819833755493164,6.01639461517334
MLP_small_RLR_MAE,2026,2,21,0.0010000000474974513,5.83402681350708,6.047158241271973,5.778360843658447,5.991490840911865
MLP_small_RLR_MAE,2026,2,22,0.0010000000474974513,5.860599040985107,6.013964653015137,5.804935932159424,5.958308219909668
MLP_small_RLR_MAE,2026,2,23,0.0010000000474974513,5.782678127288818,5.9744791984558105,5.727027416229248,5.918837547302246
MLP_small_RLR_MAE,2026,2,24,0.0010000000474974513,5.813305377960205,5.947112560272217,5.757676124572754,5.891498565673828
MLP_small_RLR_MAE,2026,2,25,0.0010000000474974513,5.734525203704834,5.931817054748535,5.678920269012451,5.876220703125
MLP_small_RLR_MAE,2026,2,26,0.0010000000474974513,5.728206157684326,5.922874927520752,5.67262077331543,5.8673014640808105
MLP_small_RLR_MAE,2026,2,27,0.0010000000474974513,5.701203346252441,5.911985874176025,5.645639419555664,5.856428623199463
MLP_small_RLR_MAE,2026,2,28,0.0010000000474974513,5.695391654968262,5.901700019836426,5.639842510223389,5.846155643463135
MLP_small_RLR_MAE,2026,2,29,0.0010000000474974513,5.700442314147949,5.913037300109863,5.644906044006348,5.857510566711426
MLP_small_RLR_MAE,2026,2,30,0.0010000000474974513,5.7553791999816895,5.902389049530029,5.699854850769043,5.84686279296875
MLP_small_RLR_MAE,2026,2,31,0.0010000000474974513,5.666590690612793,5.897950649261475,5.611071586608887,5.842442035675049
MLP_small_RLR_MAE,2026,2,32,0.0010000000474974513,5.717642307281494,5.892279624938965,5.66215181350708,5.836804389953613
MLP_small_RLR_MAE,2026,2,33,0.0010000000474974513,5.694774150848389,5.884799957275391,5.639303207397461,5.829334259033203
MLP_small_RLR_MAE,2026,2,34,0.0010000000474974513,5.702178001403809,5.8791046142578125,5.646724224090576,5.8236613273620605
MLP_small_RLR_MAE,2026,2,35,0.0010000000474974513,5.702020645141602,5.899171829223633,5.646579742431641,5.8437371253967285
MLP_small_RLR_MAE,2026,2,36,0.0010000000474974513,5.689052104949951,5.899241924285889,5.633626461029053,5.843826770782471
MLP_small_RLR_MAE,2026,2,37,0.0010000000474974513,5.667178630828857,5.885596752166748,5.6117753982543945,5.830206871032715
MLP_small_RLR_MAE,2026,2,38,0.0010000000474974513,5.685965061187744,5.875265598297119,5.6305832862854,5.8198957443237305
MLP_small_RLR_MAE,2026,2,39,0.0010000000474974513,5.605920791625977,5.874934196472168,5.550559997558594,5.819585800170898
MLP_small_RLR_MAE,2026,2,40,0.0010000000474974513,5.664190292358398,5.870355129241943,5.608855724334717,5.815033435821533
MLP_small_RLR_MAE,2026,2,41,0.0010000000474974513,5.707218170166016,5.866781711578369,5.651899814605713,5.811470031738281
MLP_small_RLR_MAE,2026,2,42,0.0010000000474974513,5.664189338684082,5.858143329620361,5.608885765075684,5.8028483390808105
MLP_small_RLR_MAE,2026,2,43,0.0010000000474974513,5.60493803024292,5.862716197967529,5.549649715423584,5.807435989379883
MLP_small_RLR_MAE,2026,2,44,0.0010000000474974513,5.668450832366943,5.863098621368408,5.613174915313721,5.807826519012451
MLP_small_RLR_MAE,2026,2,45,0.0010000000474974513,5.6089396476745605,5.857553005218506,5.553668975830078,5.80228853225708
MLP_small_RLR_MAE,2026,2,46,0.0010000000474974513,5.61927604675293,5.866386413574219,5.564016819000244,5.811128616333008
MLP_small_RLR_MAE,2026,2,47,0.0010000000474974513,5.625362396240234,5.852031707763672,5.5701117515563965,5.796788692474365
MLP_small_RLR_MAE,2026,2,48,0.0010000000474974513,5.56864595413208,5.843957901000977,5.513413906097412,5.788740158081055
MLP_small_RLR_MAE,2026,2,49,0.0010000000474974513,5.628753662109375,5.850103855133057,5.573541164398193,5.794894218444824
MLP_small_RLR_MAE,2026,2,50,0.0010000000474974513,5.5957417488098145,5.864923000335693,5.540534019470215,5.809720516204834
MLP_small_RLR_MAE,2026,2,51,0.0010000000474974513,5.636767864227295,5.8832831382751465,5.581578254699707,5.8281025886535645
MLP_small_RLR_MAE,2026,2,52,0.0010000000474974513,5.609256744384766,5.881235122680664,5.554079532623291,5.826063632965088
MLP_small_RLR_MAE,2026,2,53,0.0010000000474974513,5.544881343841553,5.873662948608398,5.489715576171875,5.81850528717041
MLP_small_RLR_MAE,2026,2,54,0.0010000000474974513,5.578080654144287,5.8744401931762695,5.522932529449463,5.819299697875977
MLP_small_RLR_MAE,2026,2,55,0.0010000000474974513,5.5254082679748535,5.8842339515686035,5.470269680023193,5.829092502593994
MLP_small_RLR_MAE,2026,2,56,0.0010000000474974513,5.502121925354004,5.864898204803467,5.446977615356445,5.809759616851807
MLP_small_RLR_MAE,2026,2,57,0.0005000000237487257,5.54192590713501,5.873384475708008,5.4867939949035645,5.818262100219727
MLP_small_RLR_MAE,2026,2,58,0.0005000000237487257,5.631874084472656,5.875848293304443,5.576759338378906,5.820745944976807
MLP_small_RLR_MAE,2026,2,59,0.0005000000237487257,5.513768196105957,5.871302127838135,5.458673000335693,5.816215515136719
MLP_small_RLR_MAE,2026,2,60,0.0005000000237487257,5.565779685974121,5.868597030639648,5.51070499420166,5.813540458679199
MLP_small_RLR_MAE,2026,2,61,0.0005000000237487257,5.526012420654297,5.868741035461426,5.470969200134277,5.813711643218994
MLP_small_RLR_MAE,2026,2,62,0.0005000000237487257,5.509871006011963,5.873285293579102,5.454850673675537,5.8182783126831055
MLP_small_RLR_MAE,2026,2,63,0.0005000000237487257,5.518782138824463,5.869652271270752,5.46378231048584,5.814662933349609
MLP_small_RLR_MAE,2026,2,64,0.0005000000237487257,5.529781341552734,5.863923072814941,5.474798679351807,5.808948993682861
MLP_small_RLR_MAE,2026,2,65,0.0002500000118743628,5.544834136962891,5.862665176391602,5.489865779876709,5.807706356048584
MLP_small_RLR_MAE,2026,2,66,0.0002500000118743628,5.537684440612793,5.864531993865967,5.482733726501465,5.809589385986328
MLP_small_RLR_MAE,2026,2,67,0.0002500000118743628,5.541402816772461,5.865231513977051,5.486466884613037,5.810307025909424
MLP_small_RLR_MAE,2026,2,68,0.0002500000118743628,5.463165760040283,5.868791103363037,5.408252239227295,5.8138909339904785
MLP_small_RLR_MAE,2026,2,69,0.0002500000118743628,5.481321811676025,5.870720863342285,5.426429748535156,5.815839767456055
MLP_small_RLR_MAE,2026,2,70,0.0002500000118743628,5.534377098083496,5.874150276184082,5.479503631591797,5.819286346435547
MLP_small_RLR_MAE,2026,2,71,0.0002500000118743628,5.558229446411133,5.874286651611328,5.503373622894287,5.819438934326172
MLP_small_RLR_MAE,2026,2,72,0.0002500000118743628,5.533031940460205,5.877059459686279,5.478191375732422,5.82222843170166
MLP_small_RLR_MAE,2026,2,73,0.0001250000059371814,5.552606105804443,5.8783135414123535,5.497779846191406,5.823493957519531
MLP_small_RLR_MAE,2026,3,1,0.0010000000474974513,8.870665550231934,8.278368949890137,8.814834594726562,8.22255802154541
MLP_small_RLR_MAE,2026,3,2,0.0010000000474974513,8.528314590454102,8.092690467834473,8.47252082824707,8.036922454833984
MLP_small_RLR_MAE,2026,3,3,0.0010000000474974513,8.269411087036133,7.923080921173096,8.21367359161377,7.867380619049072
MLP_small_RLR_MAE,2026,3,4,0.0010000000474974513,8.028105735778809,7.777021408081055,7.972431182861328,7.721377372741699
MLP_small_RLR_MAE,2026,3,5,0.0010000000474974513,7.7674641609191895,7.690586566925049,7.711842060089111,7.634985446929932
MLP_small_RLR_MAE,2026,3,6,0.0010000000474974513,7.5755462646484375,7.537774562835693,7.519962310791016,7.482208728790283
MLP_small_RLR_MAE,2026,3,7,0.0010000000474974513,7.359942436218262,7.319979190826416,7.304389953613281,7.264441967010498
MLP_small_RLR_MAE,2026,3,8,0.0010000000474974513,7.152216911315918,7.2931227684021,7.096683502197266,7.237595081329346
MLP_small_RLR_MAE,2026,3,9,0.0010000000474974513,6.954700469970703,7.258718013763428,6.899177074432373,7.203192710876465
MLP_small_RLR_MAE,2026,3,10,0.0010000000474974513,6.787350177764893,7.052298069000244,6.731826305389404,6.996777534484863
MLP_small_RLR_MAE,2026,3,11,0.0010000000474974513,6.6211838722229,6.812816143035889,6.565670013427734,6.757312297821045
MLP_small_RLR_MAE,2026,3,12,0.0010000000474974513,6.4753193855285645,6.608684062957764,6.4198102951049805,6.553168296813965
MLP_small_RLR_MAE,2026,3,13,0.0010000000474974513,6.397955417633057,6.5684051513671875,6.342439651489258,6.5128889083862305
MLP_small_RLR_MAE,2026,3,14,0.0010000000474974513,6.27127742767334,6.524259567260742,6.215759754180908,6.468742847442627
MLP_small_RLR_MAE,2026,3,15,0.0010000000474974513,6.15470552444458,6.431471824645996,6.099186420440674,6.375945568084717
MLP_small_RLR_MAE,2026,3,16,0.0010000000474974513,6.078944683074951,6.33733606338501,6.023416042327881,6.281803607940674
MLP_small_RLR_MAE,2026,3,17,0.0010000000474974513,5.995817184448242,6.293200969696045,5.940284252166748,6.237661838531494
MLP_small_RLR_MAE,2026,3,18,0.0010000000474974513,5.908815860748291,6.218480587005615,5.853287220001221,6.162965774536133
MLP_small_RLR_MAE,2026,3,19,0.0010000000474974513,5.926139831542969,6.16502571105957,5.870632648468018,6.109525203704834
MLP_small_RLR_MAE,2026,3,20,0.0010000000474974513,5.831162452697754,6.142538070678711,5.775670051574707,6.087053298950195
MLP_small_RLR_MAE,2026,3,21,0.0010000000474974513,5.804793357849121,6.120765209197998,5.749314785003662,6.06528902053833
MLP_small_RLR_MAE,2026,3,22,0.0010000000474974513,5.833155632019043,6.100165843963623,5.777685642242432,6.044703483581543
MLP_small_RLR_MAE,2026,3,23,0.0010000000474974513,5.826840877532959,6.06912088394165,5.771393775939941,6.013685703277588
MLP_small_RLR_MAE,2026,3,24,0.0010000000474974513,5.772630214691162,6.065580368041992,5.71720027923584,6.010156154632568
MLP_small_RLR_MAE,2026,3,25,0.0010000000474974513,5.787115573883057,6.053833484649658,5.7316975593566895,5.998427867889404
MLP_small_RLR_MAE,2026,3,26,0.0010000000474974513,5.7404937744140625,6.0225830078125,5.6851043701171875,5.967205047607422
MLP_small_RLR_MAE,2026,3,27,0.0010000000474974513,5.73285436630249,6.016755104064941,5.677486896514893,5.961396217346191
MLP_small_RLR_MAE,2026,3,28,0.0010000000474974513,5.6908392906188965,6.002443790435791,5.635493755340576,5.947109699249268
MLP_small_RLR_MAE,2026,3,29,0.0010000000474974513,5.809695720672607,6.0065131187438965,5.754372596740723,5.9512038230896
MLP_small_RLR_MAE,2026,3,30,0.0010000000474974513,5.7572712898254395,5.995099067687988,5.701969623565674,5.939810276031494
MLP_small_RLR_MAE,2026,3,31,0.0010000000474974513,5.739773273468018,5.968813896179199,5.684488773345947,5.913546562194824
MLP_small_RLR_MAE,2026,3,32,0.0010000000474974513,5.663897514343262,5.970090389251709,5.608642101287842,5.914846897125244
MLP_small_RLR_MAE,2026,3,33,0.0010000000474974513,5.729344367980957,5.978894233703613,5.674114227294922,5.9236836433410645
MLP_small_RLR_MAE,2026,3,34,0.0010000000474974513,5.712045192718506,5.979405403137207,5.656857967376709,5.924230575561523
MLP_small_RLR_MAE,2026,3,35,0.0010000000474974513,5.734610557556152,5.990842819213867,5.679433822631836,5.935664653778076
MLP_small_RLR_MAE,2026,3,36,0.0010000000474974513,5.660956382751465,5.982645034790039,5.605790615081787,5.9275007247924805
MLP_small_RLR_MAE,2026,3,37,0.0010000000474974513,5.673642158508301,5.977633953094482,5.618507385253906,5.922506332397461
MLP_small_RLR_MAE,2026,3,38,0.0010000000474974513,5.648192882537842,6.0005412101745605,5.593072891235352,5.945428371429443
MLP_small_RLR_MAE,2026,3,39,0.0010000000474974513,5.6512980461120605,5.989441871643066,5.596192359924316,5.934342384338379
MLP_small_RLR_MAE,2026,3,40,0.0005000000237487257,5.646188735961914,5.981601238250732,5.591097831726074,5.9265241622924805
MLP_small_RLR_MAE,2026,3,41,0.0005000000237487257,5.645276069641113,5.984641075134277,5.590217590332031,5.92960262298584
MLP_small_RLR_MAE,2026,3,42,0.0005000000237487257,5.646718978881836,5.9806013107299805,5.591699123382568,5.925599575042725
MLP_small_RLR_MAE,2026,3,43,0.0005000000237487257,5.653682231903076,5.973492622375488,5.598694801330566,5.918520450592041
MLP_small_RLR_MAE,2026,3,44,0.0005000000237487257,5.624422073364258,5.981122016906738,5.569465637207031,5.926187992095947
MLP_small_RLR_MAE,2026,3,45,0.0005000000237487257,5.673795700073242,5.9861273765563965,5.618875980377197,5.931225776672363
MLP_small_RLR_MAE,2026,3,46,0.0005000000237487257,5.663983345031738,5.984652519226074,5.609093189239502,5.929779052734375
MLP_small_RLR_MAE,2026,3,47,0.0005000000237487257,5.6072235107421875,5.987354755401611,5.55237340927124,5.9325270652771
MLP_small_RLR_MAE,2026,3,48,0.0002500000118743628,5.6401591300964355,5.988205432891846,5.585344314575195,5.933401584625244
MLP_small_RLR_MAE,2026,3,49,0.0002500000118743628,5.627371788024902,5.984120845794678,5.572579383850098,5.929340839385986
MLP_small_RLR_MAE,2026,3,50,0.0002500000118743628,5.65500020980835,5.985147953033447,5.6002326011657715,5.930393695831299
MLP_small_RLR_MAE,2026,3,51,0.0002500000118743628,5.597748756408691,5.983148097991943,5.543005466461182,5.928415298461914
MLP_small_RLR_MAE,2026,3,52,0.0002500000118743628,5.564619541168213,5.9835286140441895,5.5098981857299805,5.9288201332092285
MLP_small_RLR_MAE,2026,3,53,0.0002500000118743628,5.547723293304443,5.986433029174805,5.493028163909912,5.931753635406494
MLP_small_RLR_MAE,2026,3,54,0.0002500000118743628,5.651930332183838,5.978341102600098,5.597262382507324,5.923684597015381
MLP_small_RLR_MAE,2026,3,55,0.0002500000118743628,5.605945587158203,5.977517127990723,5.551299571990967,5.922883987426758
MLP_small_RLR_MAE,2026,3,56,0.0001250000059371814,5.610518455505371,5.9772868156433105,5.55588960647583,5.922664642333984
MLP_small_RLR_MAE,2026,4,1,0.0010000000474974513,8.710613250732422,8.288939476013184,8.654373168945312,8.23271369934082
MLP_small_RLR_MAE,2026,4,2,0.0010000000474974513,8.366443634033203,8.072196006774902,8.310230255126953,8.015997886657715
MLP_small_RLR_MAE,2026,4,3,0.0010000000474974513,8.025589942932129,7.897436618804932,7.969402313232422,7.841263771057129
MLP_small_RLR_MAE,2026,4,4,0.0010000000474974513,7.729058265686035,7.700755596160889,7.672895431518555,7.644603252410889
MLP_small_RLR_MAE,2026,4,5,0.0010000000474974513,7.454722881317139,7.502996921539307,7.398575782775879,7.446842670440674
MLP_small_RLR_MAE,2026,4,6,0.0010000000474974513,7.219153881072998,7.372951030731201,7.162985324859619,7.316764831542969
MLP_small_RLR_MAE,2026,4,7,0.0010000000474974513,7.027870178222656,7.170793056488037,6.971670627593994,7.114577293395996
MLP_small_RLR_MAE,2026,4,8,0.0010000000474974513,6.782454013824463,6.983789443969727,6.726222515106201,6.927537441253662
MLP_small_RLR_MAE,2026,4,9,0.0010000000474974513,6.637238502502441,6.840879440307617,6.580965518951416,6.784583568572998
MLP_small_RLR_MAE,2026,4,10,0.0010000000474974513,6.492059230804443,6.788622856140137,6.435750961303711,6.732293128967285
MLP_small_RLR_MAE,2026,4,11,0.0010000000474974513,6.32870626449585,6.602225303649902,6.2723541259765625,6.5458478927612305
MLP_small_RLR_MAE,2026,4,12,0.0010000000474974513,6.198437213897705,6.393179893493652,6.142042636871338,6.336770534515381
MLP_small_RLR_MAE,2026,4,13,0.0010000000474974513,6.113101005554199,6.264634132385254,6.056683540344238,6.208207607269287
MLP_small_RLR_MAE,2026,4,14,0.0010000000474974513,6.050294399261475,6.195775508880615,5.993859767913818,6.1393303871154785
MLP_small_RLR_MAE,2026,4,15,0.0010000000474974513,5.955998420715332,6.154341697692871,5.8995537757873535,6.097896099090576
MLP_small_RLR_MAE,2026,4,16,0.0010000000474974513,5.9485602378845215,6.05623197555542,5.89211368560791,5.999782085418701
MLP_small_RLR_MAE,2026,4,17,0.0010000000474974513,5.9173078536987305,6.005464553833008,5.860859394073486,5.949026107788086
MLP_small_RLR_MAE,2026,4,18,0.0010000000474974513,5.858860492706299,5.944674015045166,5.802435874938965,5.88826322555542
MLP_small_RLR_MAE,2026,4,19,0.0010000000474974513,5.841296672821045,5.913040637969971,5.784894943237305,5.856647968292236
MLP_small_RLR_MAE,2026,4,20,0.0010000000474974513,5.832762718200684,5.869665622711182,5.776381969451904,5.813297271728516
MLP_small_RLR_MAE,2026,4,21,0.0010000000474974513,5.8262786865234375,5.8506011962890625,5.76992130279541,5.794258117675781
MLP_small_RLR_MAE,2026,4,22,0.0010000000474974513,5.887202739715576,5.833442687988281,5.83087158203125,5.77711820602417
MLP_small_RLR_MAE,2026,4,23,0.0010000000474974513,5.790160179138184,5.81776762008667,5.733852863311768,5.7614827156066895
MLP_small_RLR_MAE,2026,4,24,0.0010000000474974513,5.783647060394287,5.769376754760742,5.727384090423584,5.713125705718994
MLP_small_RLR_MAE,2026,4,25,0.0010000000474974513,5.769379138946533,5.760615348815918,5.713142395019531,5.704395294189453
MLP_small_RLR_MAE,2026,4,26,0.0010000000474974513,5.73122501373291,5.763670921325684,5.675018310546875,5.707479953765869
MLP_small_RLR_MAE,2026,4,27,0.0010000000474974513,5.7642741203308105,5.765198230743408,5.708099365234375,5.709042549133301
MLP_small_RLR_MAE,2026,4,28,0.0010000000474974513,5.743873596191406,5.742836952209473,5.687743663787842,5.686731338500977
MLP_small_RLR_MAE,2026,4,29,0.0010000000474974513,5.776083469390869,5.7321906089782715,5.720000743865967,5.676126003265381
MLP_small_RLR_MAE,2026,4,30,0.0010000000474974513,5.785598278045654,5.76774787902832,5.729546546936035,5.711713790893555
MLP_small_RLR_MAE,2026,4,31,0.0010000000474974513,5.805051803588867,5.747450828552246,5.7490363121032715,5.691446304321289
MLP_small_RLR_MAE,2026,4,32,0.0010000000474974513,5.7561774253845215,5.753410816192627,5.700174808502197,5.697411060333252
MLP_small_RLR_MAE,2026,4,33,0.0010000000474974513,5.800745964050293,5.7468767166137695,5.744762420654297,5.69090461730957
MLP_small_RLR_MAE,2026,4,34,0.0010000000474974513,5.723244667053223,5.742765426635742,5.667281150817871,5.686811923980713
MLP_small_RLR_MAE,2026,4,35,0.0010000000474974513,5.737222671508789,5.7603888511657715,5.6812896728515625,5.704476833343506
MLP_small_RLR_MAE,2026,4,36,0.0010000000474974513,5.714792251586914,5.773183822631836,5.6589035987854,5.717313766479492
MLP_small_RLR_MAE,2026,4,37,0.0010000000474974513,5.700240612030029,5.756219863891602,5.644381523132324,5.700362682342529
MLP_small_RLR_MAE,2026,4,38,0.0005000000237487257,5.713096618652344,5.7513957023620605,5.657246112823486,5.695557117462158
MLP_small_RLR_MAE,2026,4,39,0.0005000000237487257,5.686386585235596,5.739116191864014,5.6305646896362305,5.683312892913818
MLP_small_RLR_MAE,2026,4,40,0.0005000000237487257,5.726147174835205,5.736603260040283,5.67036247253418,5.680838108062744
MLP_small_RLR_MAE,2026,4,41,0.0005000000237487257,5.7397871017456055,5.737066268920898,5.684036731719971,5.681331157684326
MLP_small_RLR_MAE,2026,4,42,0.0005000000237487257,5.683640003204346,5.740964412689209,5.627921104431152,5.685266494750977
MLP_small_RLR_MAE,2026,4,43,0.0005000000237487257,5.720493793487549,5.743344306945801,5.664816856384277,5.687686443328857
MLP_small_RLR_MAE,2026,4,44,0.0005000000237487257,5.6889472007751465,5.747879981994629,5.633305549621582,5.692258834838867
MLP_small_RLR_MAE,2026,4,45,0.0005000000237487257,5.659775257110596,5.745264530181885,5.6041717529296875,5.68967866897583
MLP_small_RLR_MAE,2026,4,46,0.0002500000118743628,5.684488773345947,5.74519681930542,5.628913402557373,5.689635753631592
MLP_small_RLR_MAE,2026,4,47,0.0002500000118743628,5.690256595611572,5.747020244598389,5.634707450866699,5.6914825439453125
MLP_small_RLR_MAE,2026,4,48,0.0002500000118743628,5.657842636108398,5.753566265106201,5.60231876373291,5.698056221008301
MLP_small_RLR_MAE,2026,4,49,0.0002500000118743628,5.692009925842285,5.756911754608154,5.636512279510498,5.701427936553955
MLP_small_RLR_MAE,2026,4,50,0.0002500000118743628,5.716949939727783,5.754369735717773,5.661477088928223,5.698910713195801
MLP_small_RLR_MAE,2026,4,51,0.0002500000118743628,5.658821105957031,5.750402927398682,5.603374004364014,5.694969654083252
MLP_small_RLR_MAE,2026,4,52,0.0002500000118743628,5.6521759033203125,5.743478775024414,5.596753120422363,5.6880669593811035
MLP_small_RLR_MAE,2026,4,53,0.0002500000118743628,5.6603312492370605,5.736958980560303,5.604930877685547,5.6815714836120605
MLP_small_RLR_MAE,2026,4,54,0.0001250000059371814,5.6667680740356445,5.736515998840332,5.611385822296143,5.681138038635254
MLP_small_RLR_MAE,2026,5,1,0.0010000000474974513,8.56356430053711,8.371214866638184,8.508428573608398,8.31616497039795
MLP_small_RLR_MAE,2026,5,2,0.0010000000474974513,8.215380668640137,8.143983840942383,8.160356521606445,8.08899211883545
MLP_small_RLR_MAE,2026,5,3,0.0010000000474974513,7.906762599945068,7.874298095703125,7.851786136627197,7.819340705871582
MLP_small_RLR_MAE,2026,5,4,0.0010000000474974513,7.5822296142578125,7.640920162200928,7.527286529541016,7.585990905761719
MLP_small_RLR_MAE,2026,5,5,0.0010000000474974513,7.32162618637085,7.503148555755615,7.266691207885742,7.448206901550293
MLP_small_RLR_MAE,2026,5,6,0.0010000000474974513,7.090285778045654,7.364189624786377,7.035327434539795,7.30920934677124
MLP_small_RLR_MAE,2026,5,7,0.0010000000474974513,6.848198890686035,7.152742862701416,6.79319953918457,7.097729206085205
MLP_small_RLR_MAE,2026,5,8,0.0010000000474974513,6.648459434509277,6.973754405975342,6.5934343338012695,6.918705940246582
MLP_small_RLR_MAE,2026,5,9,0.0010000000474974513,6.435297966003418,6.836101531982422,6.380224704742432,6.780998706817627
MLP_small_RLR_MAE,2026,5,10,0.0010000000474974513,6.2680864334106445,6.6029181480407715,6.2129716873168945,6.547795295715332
MLP_small_RLR_MAE,2026,5,11,0.0010000000474974513,6.167552471160889,6.500546455383301,6.11242151260376,6.445404529571533
MLP_small_RLR_MAE,2026,5,12,0.0010000000474974513,6.072032451629639,6.398298263549805,6.0168843269348145,6.343145370483398
MLP_small_RLR_MAE,2026,5,13,0.0010000000474974513,5.99012565612793,6.286289691925049,5.934980869293213,6.231156826019287
MLP_small_RLR_MAE,2026,5,14,0.0010000000474974513,5.95526647567749,6.1788434982299805,5.900147438049316,6.123737335205078
MLP_small_RLR_MAE,2026,5,15,0.0010000000474974513,5.859065055847168,6.12595796585083,5.8039655685424805,6.070866107940674
MLP_small_RLR_MAE,2026,5,16,0.0010000000474974513,5.840012550354004,6.05736780166626,5.784936428070068,6.002319812774658
MLP_small_RLR_MAE,2026,5,17,0.0010000000474974513,5.853601932525635,5.99936056137085,5.798566818237305,5.944333076477051
MLP_small_RLR_MAE,2026,5,18,0.0010000000474974513,5.787425994873047,5.947176456451416,5.7324066162109375,5.89217472076416
MLP_small_RLR_MAE,2026,5,19,0.0010000000474974513,5.815345287322998,5.920421123504639,5.760361671447754,5.865454196929932
MLP_small_RLR_MAE,2026,5,20,0.0010000000474974513,5.815435409545898,5.918613910675049,5.760472297668457,5.863653659820557
MLP_small_RLR_MAE,2026,5,21,0.0010000000474974513,5.749061584472656,5.913785934448242,5.6941118240356445,5.858855247497559
MLP_small_RLR_MAE,2026,5,22,0.0010000000474974513,5.775521755218506,5.89845609664917,5.720610618591309,5.843569278717041
MLP_small_RLR_MAE,2026,5,23,0.0010000000474974513,5.766352653503418,5.881045818328857,5.711493492126465,5.826213836669922
MLP_small_RLR_MAE,2026,5,24,0.0010000000474974513,5.775172233581543,5.881985187530518,5.720369815826416,5.827203273773193
MLP_small_RLR_MAE,2026,5,25,0.0010000000474974513,5.741296291351318,5.875771999359131,5.686522960662842,5.82100248336792
MLP_small_RLR_MAE,2026,5,26,0.0010000000474974513,5.7476043701171875,5.873789310455322,5.692843437194824,5.819033145904541
MLP_small_RLR_MAE,2026,5,27,0.0010000000474974513,5.755926132202148,5.875148296356201,5.701189041137695,5.820444107055664
MLP_small_RLR_MAE,2026,5,28,0.0010000000474974513,5.762577056884766,5.878965377807617,5.707888126373291,5.824278354644775
MLP_small_RLR_MAE,2026,5,29,0.0010000000474974513,5.728397369384766,5.867563724517822,5.673734664916992,5.812928676605225
MLP_small_RLR_MAE,2026,5,30,0.0010000000474974513,5.7356276512146,5.865525245666504,5.681005477905273,5.810917854309082
MLP_small_RLR_MAE,2026,5,31,0.0010000000474974513,5.725144863128662,5.867483139038086,5.670567035675049,5.812926292419434
MLP_small_RLR_MAE,2026,5,32,0.0010000000474974513,5.718607425689697,5.873730182647705,5.664061069488525,5.8191962242126465
MLP_small_RLR_MAE,2026,5,33,0.0010000000474974513,5.683104515075684,5.871153831481934,5.628587245941162,5.816654205322266
MLP_small_RLR_MAE,2026,5,34,0.0010000000474974513,5.6695709228515625,5.850616455078125,5.61508846282959,5.796153545379639
MLP_small_RLR_MAE,2026,5,35,0.0010000000474974513,5.719559669494629,5.850654602050781,5.665107250213623,5.796211242675781
MLP_small_RLR_MAE,2026,5,36,0.0010000000474974513,5.6771321296691895,5.856692314147949,5.622705459594727,5.802281379699707
MLP_small_RLR_MAE,2026,5,37,0.0010000000474974513,5.718999862670898,5.869070529937744,5.664611339569092,5.8147053718566895
MLP_small_RLR_MAE,2026,5,38,0.0010000000474974513,5.651122570037842,5.867424011230469,5.5967793464660645,5.813103199005127
MLP_small_RLR_MAE,2026,5,39,0.0010000000474974513,5.670326232910156,5.867125511169434,5.6160359382629395,5.812859535217285
MLP_small_RLR_MAE,2026,5,40,0.0010000000474974513,5.687438488006592,5.853316783905029,5.633184432983398,5.799072265625
MLP_small_RLR_MAE,2026,5,41,0.0010000000474974513,5.677051067352295,5.855528354644775,5.622830867767334,5.801335334777832
MLP_small_RLR_MAE,2026,5,42,0.0010000000474974513,5.697474002838135,5.856777191162109,5.643296718597412,5.802615165710449
MLP_small_RLR_MAE,2026,5,43,0.0005000000237487257,5.641199588775635,5.850801944732666,5.587053298950195,5.796671390533447
MLP_small_RLR_MAE,2026,5,44,0.0005000000237487257,5.6760358810424805,5.8514838218688965,5.621922492980957,5.797389030456543
MLP_small_RLR_MAE,2026,5,45,0.0005000000237487257,5.673120021820068,5.853521823883057,5.61904239654541,5.79946231842041
MLP_small_RLR_MAE,2026,5,46,0.0005000000237487257,5.642114639282227,5.84814453125,5.588077545166016,5.79413366317749
MLP_small_RLR_MAE,2026,5,47,0.0005000000237487257,5.676830768585205,5.841493129730225,5.622845649719238,5.78753137588501
MLP_small_RLR_MAE,2026,5,48,0.0005000000237487257,5.660778999328613,5.845706939697266,5.60683536529541,5.791784286499023
MLP_small_RLR_MAE,2026,5,49,0.0005000000237487257,5.582271575927734,5.848825454711914,5.528371810913086,5.794949531555176
MLP_small_RLR_MAE,2026,5,50,0.0005000000237487257,5.622225284576416,5.847607612609863,5.568365573883057,5.793761253356934
MLP_small_RLR_MAE,2026,5,51,0.0005000000237487257,5.640315532684326,5.8477463722229,5.586484432220459,5.793936252593994
MLP_small_RLR_MAE,2026,5,52,0.0005000000237487257,5.6550188064575195,5.854196548461914,5.601230144500732,5.8004302978515625
MLP_small_RLR_MAE,2026,5,53,0.0005000000237487257,5.599090576171875,5.849967956542969,5.545345306396484,5.79624605178833
MLP_small_RLR_MAE,2026,5,54,0.0005000000237487257,5.655967712402344,5.846329212188721,5.602268218994141,5.7926506996154785
MLP_small_RLR_MAE,2026,5,55,0.0005000000237487257,5.655397891998291,5.8482513427734375,5.601738452911377,5.794614791870117
MLP_small_RLR_MAE,2026,5,56,0.0002500000118743628,5.587123870849609,5.851960182189941,5.533502101898193,5.798354148864746
MLP_small_RLR_MAE,2026,5,57,0.0002500000118743628,5.648730278015137,5.848536014556885,5.5951385498046875,5.7949604988098145
MLP_small_RLR_MAE,2026,5,58,0.0002500000118743628,5.614448070526123,5.848094463348389,5.560885906219482,5.7945427894592285
MLP_small_RLR_MAE,2026,5,59,0.0002500000118743628,5.649224758148193,5.853522300720215,5.5956854820251465,5.799996376037598
MLP_small_RLR_MAE,2026,5,60,0.0002500000118743628,5.5876922607421875,5.851309299468994,5.534175395965576,5.797802925109863
MLP_small_RLR_MAE,2026,5,61,0.0002500000118743628,5.652044296264648,5.8552470207214355,5.598551273345947,5.8017683029174805
MLP_small_RLR_MAE,2026,5,62,0.0002500000118743628,5.580836772918701,5.854196548461914,5.527372360229492,5.800746917724609
MLP_small_RLR_MAE,2026,5,63,0.0002500000118743628,5.606565475463867,5.853062629699707,5.553130626678467,5.799641132354736
MLP_small_RLR_MAE,2026,5,64,0.0001250000059371814,5.580327987670898,5.8525238037109375,5.52691125869751,5.7991132736206055
MLP_small_RLR_MAE,2026,5,65,0.0001250000059371814,5.6398186683654785,5.850714206695557,5.586414813995361,5.797318935394287
MLP_small_RLR_MAE,2026,5,66,0.0001250000059371814,5.64270544052124,5.848819255828857,5.589318752288818,5.795440673828125
MLP_small_RLR_MAE,2026,5,67,0.0001250000059371814,5.621695518493652,5.850456714630127,5.568321704864502,5.797091007232666
MLP_small_RLR_MAE,2026,5,68,0.0001250000059371814,5.586644649505615,5.853078365325928,5.533287048339844,5.799729347229004
MLP_small_RLR_MAE,2026,5,69,0.0001250000059371814,5.619567394256592,5.851810455322266,5.566224575042725,5.798475742340088
MLP_small_RLR_MAE,2026,5,70,0.0001250000059371814,5.64370584487915,5.851948261260986,5.590378284454346,5.7986273765563965
MLP_small_RLR_MAE,2026,5,71,0.0001250000059371814,5.6259965896606445,5.853662014007568,5.572681427001953,5.800354480743408
MLP_small_RLR_MAE,2026,5,72,6.25000029685907e-05,5.624451637268066,5.852904796600342,5.57114839553833,5.7996063232421875
MLP_small_RLR_Huber,42,1,1,0.0010000000474974513,7.8679094314575195,8.04178237915039,8.292118072509766,8.460018157958984
MLP_small_RLR_Huber,42,1,2,0.0010000000474974513,7.6170654296875,7.8157958984375,8.038578987121582,8.240534782409668
MLP_small_RLR_Huber,42,1,3,0.0010000000474974513,7.416341781616211,7.606232643127441,7.836860656738281,8.033177375793457
MLP_small_RLR_Huber,42,1,4,0.0010000000474974513,7.208667755126953,7.508062839508057,7.629164218902588,7.935678482055664
MLP_small_RLR_Huber,42,1,5,0.0010000000474974513,7.07389497756958,7.445871353149414,7.496828556060791,7.873652935028076
MLP_small_RLR_Huber,42,1,6,0.0010000000474974513,6.892891883850098,7.430143356323242,7.3139119148254395,7.857128620147705
MLP_small_RLR_Huber,42,1,7,0.0010000000474974513,6.687187194824219,7.342153549194336,7.10784912109375,7.769885540008545
MLP_small_RLR_Huber,42,1,8,0.0010000000474974513,6.509796142578125,7.1758599281311035,6.931628704071045,7.602502346038818
MLP_small_RLR_Huber,42,1,9,0.0010000000474974513,6.372541904449463,6.988348484039307,6.792521953582764,7.413456439971924
MLP_small_RLR_Huber,42,1,10,0.0010000000474974513,6.19703483581543,6.847022533416748,6.6183247566223145,7.2744317054748535
MLP_small_RLR_Huber,42,1,11,0.0010000000474974513,6.095681190490723,6.716888904571533,6.516324996948242,7.142454624176025
MLP_small_RLR_Huber,42,1,12,0.0010000000474974513,5.943991661071777,6.607249736785889,6.363709449768066,7.030804634094238
MLP_small_RLR_Huber,42,1,13,0.0010000000474974513,5.84723424911499,6.427077293395996,6.267237663269043,6.845893859863281
MLP_small_RLR_Huber,42,1,14,0.0010000000474974513,5.717050075531006,6.327972412109375,6.1365885734558105,6.747827053070068
MLP_small_RLR_Huber,42,1,15,0.0010000000474974513,5.632457256317139,6.243483543395996,6.052736282348633,6.664350509643555
MLP_small_RLR_Huber,42,1,16,0.0010000000474974513,5.611526012420654,6.157068252563477,6.030006408691406,6.5769429206848145
MLP_small_RLR_Huber,42,1,17,0.0010000000474974513,5.513690948486328,6.052059650421143,5.935098648071289,6.4719624519348145
MLP_small_RLR_Huber,42,1,18,0.0010000000474974513,5.497467994689941,5.90717077255249,5.918943405151367,6.322592735290527
MLP_small_RLR_Huber,42,1,19,0.0010000000474974513,5.420665740966797,5.746604919433594,5.840663909912109,6.1577019691467285
MLP_small_RLR_Huber,42,1,20,0.0010000000474974513,5.372644424438477,5.674511909484863,5.793392181396484,6.086068153381348
MLP_small_RLR_Huber,42,1,21,0.0010000000474974513,5.3612284660339355,5.612405300140381,5.781400680541992,6.025531768798828
MLP_small_RLR_Huber,42,1,22,0.0010000000474974513,5.337048053741455,5.5677103996276855,5.759355545043945,5.982996463775635
MLP_small_RLR_Huber,42,1,23,0.0010000000474974513,5.277642250061035,5.484318256378174,5.699586868286133,5.897192001342773
MLP_small_RLR_Huber,42,1,24,0.0010000000474974513,5.307082176208496,5.467977523803711,5.730279445648193,5.882782936096191
MLP_small_RLR_Huber,42,1,25,0.0010000000474974513,5.246640205383301,5.464509963989258,5.668832302093506,5.8794965744018555
MLP_small_RLR_Huber,42,1,26,0.0010000000474974513,5.227327346801758,5.417685508728027,5.649578094482422,5.831005096435547
MLP_small_RLR_Huber,42,1,27,0.0010000000474974513,5.290877819061279,5.409065246582031,5.713876247406006,5.820272922515869
MLP_small_RLR_Huber,42,1,28,0.0010000000474974513,5.215527534484863,5.408303260803223,5.639813423156738,5.8184814453125
MLP_small_RLR_Huber,42,1,29,0.0010000000474974513,5.166109085083008,5.368171215057373,5.5894293785095215,5.777245998382568
MLP_small_RLR_Huber,42,1,30,0.0010000000474974513,5.249203681945801,5.347716331481934,5.673901081085205,5.757816314697266
MLP_small_RLR_Huber,42,1,31,0.0010000000474974513,5.225285053253174,5.335119247436523,5.646338939666748,5.745335578918457
MLP_small_RLR_Huber,42,1,32,0.0010000000474974513,5.188792705535889,5.326730251312256,5.610461235046387,5.74023962020874
MLP_small_RLR_Huber,42,1,33,0.0010000000474974513,5.1880340576171875,5.301468372344971,5.61051082611084,5.7180562019348145
MLP_small_RLR_Huber,42,1,34,0.0010000000474974513,5.2651591300964355,5.28781270980835,5.689169406890869,5.7054948806762695
MLP_small_RLR_Huber,42,1,35,0.0010000000474974513,5.165797710418701,5.278454780578613,5.5881428718566895,5.695434093475342
MLP_small_RLR_Huber,42,1,36,0.0010000000474974513,5.14178466796875,5.29572868347168,5.566052436828613,5.714145183563232
MLP_small_RLR_Huber,42,1,37,0.0010000000474974513,5.174266338348389,5.28271484375,5.5984416007995605,5.701889991760254
MLP_small_RLR_Huber,42,1,38,0.0010000000474974513,5.182746887207031,5.257237434387207,5.606325149536133,5.678049564361572
MLP_small_RLR_Huber,42,1,39,0.0010000000474974513,5.204007625579834,5.275120258331299,5.627231121063232,5.696223735809326
MLP_small_RLR_Huber,42,1,40,0.0010000000474974513,5.137118339538574,5.26973295211792,5.560122489929199,5.6911702156066895
MLP_small_RLR_Huber,42,1,41,0.0010000000474974513,5.167250633239746,5.270493984222412,5.592690467834473,5.691383361816406
MLP_small_RLR_Huber,42,1,42,0.0010000000474974513,5.149308681488037,5.285238742828369,5.574913024902344,5.706408500671387
MLP_small_RLR_Huber,42,1,43,0.0010000000474974513,5.169200897216797,5.275834083557129,5.59171199798584,5.6957173347473145
MLP_small_RLR_Huber,42,1,44,0.0010000000474974513,5.069774150848389,5.280908584594727,5.490498065948486,5.700103282928467
MLP_small_RLR_Huber,42,1,45,0.0010000000474974513,5.153628349304199,5.278848171234131,5.577191352844238,5.698216438293457
MLP_small_RLR_Huber,42,1,46,0.0010000000474974513,5.087252616882324,5.2892913818359375,5.513936519622803,5.709052562713623
MLP_small_RLR_Huber,42,1,47,0.0005000000237487257,5.125181674957275,5.278597831726074,5.546906471252441,5.698584079742432
MLP_small_RLR_Huber,42,1,48,0.0005000000237487257,5.0412373542785645,5.27699089050293,5.464106559753418,5.697482109069824
MLP_small_RLR_Huber,42,1,49,0.0005000000237487257,5.128455638885498,5.2776899337768555,5.54991340637207,5.699732780456543
MLP_small_RLR_Huber,42,1,50,0.0005000000237487257,5.160633087158203,5.265925407409668,5.584009647369385,5.688119888305664
MLP_small_RLR_Huber,42,1,51,0.0005000000237487257,5.113499641418457,5.258504867553711,5.537089824676514,5.680713176727295
MLP_small_RLR_Huber,42,1,52,0.0005000000237487257,5.14927339553833,5.250350475311279,5.572132110595703,5.672554969787598
MLP_small_RLR_Huber,42,1,53,0.0005000000237487257,5.086843967437744,5.2447638511657715,5.509825229644775,5.667442321777344
MLP_small_RLR_Huber,42,1,54,0.0005000000237487257,5.168306350708008,5.243959903717041,5.593797206878662,5.666886329650879
MLP_small_RLR_Huber,42,1,55,0.0005000000237487257,5.079039573669434,5.240647315979004,5.50302267074585,5.664548397064209
MLP_small_RLR_Huber,42,1,56,0.0005000000237487257,5.0099406242370605,5.2298150062561035,5.431501865386963,5.653816223144531
MLP_small_RLR_Huber,42,1,57,0.0005000000237487257,5.100784778594971,5.2222161293029785,5.525524616241455,5.647101879119873
MLP_small_RLR_Huber,42,1,58,0.0005000000237487257,5.135393142700195,5.229737758636475,5.557781219482422,5.6551666259765625
MLP_small_RLR_Huber,42,1,59,0.0005000000237487257,5.070471286773682,5.243199825286865,5.493241310119629,5.669428825378418
MLP_small_RLR_Huber,42,1,60,0.0005000000237487257,5.106236457824707,5.246151447296143,5.5287017822265625,5.6717963218688965
MLP_small_RLR_Huber,42,1,61,0.0005000000237487257,5.068248271942139,5.235101222991943,5.493910312652588,5.6600470542907715
MLP_small_RLR_Huber,42,1,62,0.0005000000237487257,5.05409574508667,5.226230144500732,5.477490425109863,5.648690700531006
MLP_small_RLR_Huber,42,1,63,0.0005000000237487257,5.013569355010986,5.225125789642334,5.437414169311523,5.6467695236206055
MLP_small_RLR_Huber,42,1,64,0.0005000000237487257,5.016202449798584,5.2173357009887695,5.440881729125977,5.639899253845215
MLP_small_RLR_Huber,42,1,65,0.0005000000237487257,5.0263543128967285,5.214868068695068,5.451529026031494,5.637136936187744
MLP_small_RLR_Huber,42,1,66,0.0005000000237487257,5.0341410636901855,5.228234767913818,5.4571099281311035,5.650628089904785
MLP_small_RLR_Huber,42,1,67,0.0005000000237487257,5.074709415435791,5.23348331451416,5.496725082397461,5.656619548797607
MLP_small_RLR_Huber,42,1,68,0.0005000000237487257,5.002475738525391,5.240545749664307,5.424914360046387,5.663262367248535
MLP_small_RLR_Huber,42,1,69,0.0005000000237487257,5.056927680969238,5.235819339752197,5.480587482452393,5.658170700073242
MLP_small_RLR_Huber,42,1,70,0.0005000000237487257,5.062232494354248,5.232409477233887,5.485507965087891,5.656237602233887
MLP_small_RLR_Huber,42,1,71,0.0005000000237487257,5.037755489349365,5.239295959472656,5.461184024810791,5.662679195404053
MLP_small_RLR_Huber,42,1,72,0.0005000000237487257,5.031301975250244,5.241626739501953,5.454431056976318,5.665142059326172
MLP_small_RLR_Huber,42,1,73,0.0005000000237487257,5.017723560333252,5.243307590484619,5.440424919128418,5.667479038238525
MLP_small_RLR_Huber,42,1,74,0.0002500000118743628,5.008848190307617,5.242696285247803,5.430397033691406,5.666921615600586
MLP_small_RLR_Huber,42,1,75,0.0002500000118743628,5.065840244293213,5.240265369415283,5.486891269683838,5.664784908294678
MLP_small_RLR_Huber,42,1,76,0.0002500000118743628,4.989185333251953,5.24247407913208,5.414079666137695,5.666984558105469
MLP_small_RLR_Huber,42,1,77,0.0002500000118743628,5.061336994171143,5.248746871948242,5.484899044036865,5.672680854797363
MLP_small_RLR_Huber,42,1,78,0.0002500000118743628,5.035998344421387,5.253085613250732,5.456698417663574,5.677393436431885
MLP_small_RLR_Huber,42,1,79,0.0002500000118743628,5.00549840927124,5.2561354637146,5.429133892059326,5.680870532989502
MLP_small_RLR_Huber,42,1,80,0.0002500000118743628,5.003414154052734,5.257100582122803,5.426473617553711,5.681941032409668
MLP_small_RLR_Huber,42,1,81,0.0002500000118743628,4.965250015258789,5.250428199768066,5.388581275939941,5.675187587738037
MLP_small_RLR_Huber,42,1,82,0.0001250000059371814,5.001911640167236,5.248873710632324,5.424673557281494,5.67387056350708
MLP_small_RLR_Huber,42,1,83,0.0001250000059371814,5.011688709259033,5.246380805969238,5.434708118438721,5.671420574188232
MLP_small_RLR_Huber,42,1,84,0.0001250000059371814,5.038205623626709,5.241804599761963,5.462707042694092,5.6665544509887695
MLP_small_RLR_Huber,42,1,85,0.0001250000059371814,5.000162124633789,5.239105224609375,5.420211315155029,5.663833141326904
MLP_small_RLR_Huber,42,1,86,0.0001250000059371814,5.013635635375977,5.238352298736572,5.438895225524902,5.662661552429199
MLP_small_RLR_Huber,42,1,87,0.0001250000059371814,4.978122711181641,5.239121437072754,5.40308141708374,5.663222312927246
MLP_small_RLR_Huber,42,1,88,0.0001250000059371814,4.98655891418457,5.2407121658325195,5.408742427825928,5.664906024932861
MLP_small_RLR_Huber,42,1,89,0.0001250000059371814,5.033806324005127,5.239127159118652,5.458006381988525,5.663451194763184
MLP_small_RLR_Huber,42,1,90,6.25000029685907e-05,5.035855770111084,5.239569664001465,5.4596357345581055,5.663787841796875
MLP_small_RLR_Huber,42,2,1,0.0010000000474974513,8.476164817810059,8.270173072814941,8.903170585632324,8.694408416748047
MLP_small_RLR_Huber,42,2,2,0.0010000000474974513,8.222573280334473,8.121419906616211,8.647758483886719,8.544798851013184
MLP_small_RLR_Huber,42,2,3,0.0010000000474974513,7.961419582366943,7.945209503173828,8.388128280639648,8.370532989501953
MLP_small_RLR_Huber,42,2,4,0.0010000000474974513,7.721175670623779,7.794557571411133,8.145400047302246,8.21958065032959
MLP_small_RLR_Huber,42,2,5,0.0010000000474974513,7.504644393920898,7.646664619445801,7.929590225219727,8.072440147399902
MLP_small_RLR_Huber,42,2,6,0.0010000000474974513,7.3024001121521,7.518067836761475,7.727659702301025,7.944916725158691
MLP_small_RLR_Huber,42,2,7,0.0010000000474974513,7.109719276428223,7.3132171630859375,7.532992362976074,7.740994453430176
MLP_small_RLR_Huber,42,2,8,0.0010000000474974513,6.897226333618164,7.151742458343506,7.319988250732422,7.576910495758057
MLP_small_RLR_Huber,42,2,9,0.0010000000474974513,6.728612899780273,7.012775421142578,7.150679588317871,7.4372172355651855
MLP_small_RLR_Huber,42,2,10,0.0010000000474974513,6.546397686004639,6.860105991363525,6.967675685882568,7.285210609436035
MLP_small_RLR_Huber,42,2,11,0.0010000000474974513,6.383349418640137,6.7238616943359375,6.802112579345703,7.1485676765441895
MLP_small_RLR_Huber,42,2,12,0.0010000000474974513,6.1839680671691895,6.537546157836914,6.6017937660217285,6.959682464599609
MLP_small_RLR_Huber,42,2,13,0.0010000000474974513,6.07089900970459,6.411527633666992,6.489719390869141,6.829801082611084
MLP_small_RLR_Huber,42,2,14,0.0010000000474974513,5.978257179260254,6.199577331542969,6.397027969360352,6.613005638122559
MLP_small_RLR_Huber,42,2,15,0.0010000000474974513,5.853931903839111,5.998245716094971,6.2722063064575195,6.408810138702393
MLP_small_RLR_Huber,42,2,16,0.0010000000474974513,5.785109043121338,5.820422172546387,6.202760219573975,6.230443477630615
MLP_small_RLR_Huber,42,2,17,0.0010000000474974513,5.677130222320557,5.842535972595215,6.094979763031006,6.25272798538208
MLP_small_RLR_Huber,42,2,18,0.0010000000474974513,5.563530445098877,5.825894832611084,5.980764389038086,6.239514350891113
MLP_small_RLR_Huber,42,2,19,0.0010000000474974513,5.513320446014404,5.70280122756958,5.931313514709473,6.119630336761475
MLP_small_RLR_Huber,42,2,20,0.0010000000474974513,5.4335503578186035,5.6089324951171875,5.850887298583984,6.031221389770508
MLP_small_RLR_Huber,42,2,21,0.0010000000474974513,5.433126926422119,5.5393266677856445,5.853606700897217,5.960210800170898
MLP_small_RLR_Huber,42,2,22,0.0010000000474974513,5.406444549560547,5.520664215087891,5.828598499298096,5.9431023597717285
MLP_small_RLR_Huber,42,2,23,0.0010000000474974513,5.377480983734131,5.494208335876465,5.800229549407959,5.917126655578613
MLP_small_RLR_Huber,42,2,24,0.0010000000474974513,5.310616493225098,5.463138103485107,5.731513500213623,5.8848795890808105
MLP_small_RLR_Huber,42,2,25,0.0010000000474974513,5.309237003326416,5.449456691741943,5.7330169677734375,5.872466564178467
MLP_small_RLR_Huber,42,2,26,0.0010000000474974513,5.28400182723999,5.4290266036987305,5.7068891525268555,5.851749897003174
MLP_small_RLR_Huber,42,2,27,0.0010000000474974513,5.265975475311279,5.386026859283447,5.688575744628906,5.809845924377441
MLP_small_RLR_Huber,42,2,28,0.0010000000474974513,5.254030704498291,5.36983585357666,5.676242828369141,5.792856216430664
MLP_small_RLR_Huber,42,2,29,0.0010000000474974513,5.226240634918213,5.358687400817871,5.648209095001221,5.7811055183410645
MLP_small_RLR_Huber,42,2,30,0.0010000000474974513,5.254325866699219,5.368964672088623,5.676640510559082,5.790804386138916
MLP_small_RLR_Huber,42,2,31,0.0010000000474974513,5.27313756942749,5.367814540863037,5.697233200073242,5.790760517120361
MLP_small_RLR_Huber,42,2,32,0.0010000000474974513,5.199275970458984,5.3786749839782715,5.6232476234436035,5.8031816482543945
MLP_small_RLR_Huber,42,2,33,0.0010000000474974513,5.179169178009033,5.366699695587158,5.603872299194336,5.790655612945557
MLP_small_RLR_Huber,42,2,34,0.0010000000474974513,5.235981464385986,5.362184047698975,5.661754608154297,5.783440589904785
MLP_small_RLR_Huber,42,2,35,0.0010000000474974513,5.22401237487793,5.372961044311523,5.6474199295043945,5.79512882232666
MLP_small_RLR_Huber,42,2,36,0.0010000000474974513,5.148993015289307,5.362772464752197,5.5730366706848145,5.78312349319458
MLP_small_RLR_Huber,42,2,37,0.0010000000474974513,5.177628040313721,5.357550621032715,5.602941036224365,5.780284404754639
MLP_small_RLR_Huber,42,2,38,0.0010000000474974513,5.143962860107422,5.3626813888549805,5.566656112670898,5.784213066101074
MLP_small_RLR_Huber,42,2,39,0.0010000000474974513,5.206003665924072,5.3536376953125,5.631618976593018,5.774213790893555
MLP_small_RLR_Huber,42,2,40,0.0010000000474974513,5.1156487464904785,5.345895290374756,5.536752223968506,5.766874313354492
MLP_small_RLR_Huber,42,2,41,0.0010000000474974513,5.120935440063477,5.349001407623291,5.545297145843506,5.770351409912109
MLP_small_RLR_Huber,42,2,42,0.0010000000474974513,5.166904926300049,5.364852428436279,5.591479778289795,5.7866597175598145
MLP_small_RLR_Huber,42,2,43,0.0010000000474974513,5.144925117492676,5.350935935974121,5.568395614624023,5.7739644050598145
MLP_small_RLR_Huber,42,2,44,0.0010000000474974513,5.118265151977539,5.342383861541748,5.5424089431762695,5.765249252319336
MLP_small_RLR_Huber,42,2,45,0.0010000000474974513,5.128903865814209,5.342261791229248,5.553576469421387,5.766568183898926
MLP_small_RLR_Huber,42,2,46,0.0010000000474974513,5.092504024505615,5.358044624328613,5.51560115814209,5.781050205230713
MLP_small_RLR_Huber,42,2,47,0.0010000000474974513,5.14754056930542,5.3617963790893555,5.573354244232178,5.786993026733398
MLP_small_RLR_Huber,42,2,48,0.0010000000474974513,5.1353230476379395,5.3444037437438965,5.5588483810424805,5.768702983856201
MLP_small_RLR_Huber,42,2,49,0.0010000000474974513,5.131292819976807,5.343103885650635,5.55625581741333,5.7662835121154785
MLP_small_RLR_Huber,42,2,50,0.0010000000474974513,5.059744358062744,5.339518070220947,5.482359409332275,5.7613677978515625
MLP_small_RLR_Huber,42,2,51,0.0010000000474974513,5.1086955070495605,5.3326263427734375,5.5318193435668945,5.753515243530273
MLP_small_RLR_Huber,42,2,52,0.0010000000474974513,5.089680194854736,5.339083671569824,5.51437520980835,5.7610673904418945
MLP_small_RLR_Huber,42,2,53,0.0010000000474974513,5.10714054107666,5.340928077697754,5.532169818878174,5.763662815093994
MLP_small_RLR_Huber,42,2,54,0.0010000000474974513,5.090533256530762,5.33994197845459,5.5142340660095215,5.763731002807617
MLP_small_RLR_Huber,42,2,55,0.0010000000474974513,5.0628981590271,5.351550579071045,5.486876487731934,5.777187347412109
MLP_small_RLR_Huber,42,2,56,0.0010000000474974513,5.122561454772949,5.331465244293213,5.547794818878174,5.755962371826172
MLP_small_RLR_Huber,42,2,57,0.0010000000474974513,5.064187526702881,5.337102890014648,5.4876298904418945,5.761441230773926
MLP_small_RLR_Huber,42,2,58,0.0010000000474974513,5.092446804046631,5.352384090423584,5.516595840454102,5.774166584014893
MLP_small_RLR_Huber,42,2,59,0.0010000000474974513,5.059597969055176,5.347881317138672,5.483198165893555,5.768249034881592
MLP_small_RLR_Huber,42,2,60,0.0010000000474974513,5.053345203399658,5.355019569396973,5.476748943328857,5.7767252922058105
MLP_small_RLR_Huber,42,2,61,0.0010000000474974513,5.074493408203125,5.360508441925049,5.4987006187438965,5.782897472381592
MLP_small_RLR_Huber,42,2,62,0.0010000000474974513,5.030578136444092,5.337008476257324,5.456109523773193,5.75748348236084
MLP_small_RLR_Huber,42,2,63,0.0010000000474974513,5.025888442993164,5.345020294189453,5.448028564453125,5.768893241882324
MLP_small_RLR_Huber,42,2,64,0.0010000000474974513,5.049876689910889,5.351495742797852,5.472780227661133,5.776510715484619
MLP_small_RLR_Huber,42,2,65,0.0005000000237487257,5.011193752288818,5.350461959838867,5.433398723602295,5.775681972503662
MLP_small_RLR_Huber,42,2,66,0.0005000000237487257,5.095648765563965,5.353291988372803,5.519976615905762,5.780420303344727
MLP_small_RLR_Huber,42,2,67,0.0005000000237487257,5.041819095611572,5.351290702819824,5.4634108543396,5.775954246520996
MLP_small_RLR_Huber,42,2,68,0.0005000000237487257,4.990855693817139,5.350199222564697,5.41327428817749,5.773983478546143
MLP_small_RLR_Huber,42,2,69,0.0005000000237487257,5.029922008514404,5.350980758666992,5.455939769744873,5.774308681488037
MLP_small_RLR_Huber,42,2,70,0.0005000000237487257,5.031582355499268,5.353261470794678,5.454246997833252,5.7755842208862305
MLP_small_RLR_Huber,42,2,71,0.0005000000237487257,5.002251148223877,5.352261543273926,5.425236701965332,5.775203227996826
MLP_small_RLR_Huber,42,2,72,0.0005000000237487257,5.020196437835693,5.348105430603027,5.44145393371582,5.77301025390625
MLP_small_RLR_Huber,42,2,73,0.0002500000118743628,5.02250862121582,5.348566055297852,5.447589874267578,5.773279666900635
MLP_small_RLR_Huber,42,2,74,0.0002500000118743628,5.005249500274658,5.350205421447754,5.42819356918335,5.774900913238525
MLP_small_RLR_Huber,42,2,75,0.0002500000118743628,5.023481845855713,5.349609375,5.4471845626831055,5.774412155151367
MLP_small_RLR_Huber,42,2,76,0.0002500000118743628,5.01854133605957,5.350897312164307,5.441272258758545,5.775525093078613
MLP_small_RLR_Huber,42,2,77,0.0002500000118743628,4.946521282196045,5.355566024780273,5.3705339431762695,5.78041410446167
MLP_small_RLR_Huber,42,2,78,0.0002500000118743628,4.939633846282959,5.3532867431640625,5.363387107849121,5.778309345245361
MLP_small_RLR_Huber,42,2,79,0.0002500000118743628,5.011209487915039,5.354169845581055,5.434953689575195,5.779822826385498
MLP_small_RLR_Huber,42,2,80,0.0002500000118743628,5.062734127044678,5.354829788208008,5.4877800941467285,5.7801032066345215
MLP_small_RLR_Huber,42,2,81,0.0001250000059371814,4.949038505554199,5.353796005249023,5.372369289398193,5.778872966766357
MLP_small_RLR_Huber,42,3,1,0.0010000000474974513,8.473467826843262,7.905457973480225,8.89818000793457,8.31753158569336
MLP_small_RLR_Huber,42,3,2,0.0010000000474974513,8.172900199890137,7.649264335632324,8.596770286560059,8.068191528320312
MLP_small_RLR_Huber,42,3,3,0.0010000000474974513,7.912120819091797,7.417991638183594,8.336947441101074,7.837701320648193
MLP_small_RLR_Huber,42,3,4,0.0010000000474974513,7.634132385253906,7.248796463012695,8.056999206542969,7.665823459625244
MLP_small_RLR_Huber,42,3,5,0.0010000000474974513,7.411611557006836,7.051163673400879,7.834887981414795,7.466773986816406
MLP_small_RLR_Huber,42,3,6,0.0010000000474974513,7.175772666931152,7.011118412017822,7.597353935241699,7.424859046936035
MLP_small_RLR_Huber,42,3,7,0.0010000000474974513,6.971064567565918,7.007351398468018,7.391583442687988,7.419737339019775
MLP_small_RLR_Huber,42,3,8,0.0010000000474974513,6.759586811065674,6.9033637046813965,7.181264400482178,7.315661430358887
MLP_small_RLR_Huber,42,3,9,0.0010000000474974513,6.553789138793945,6.775073051452637,6.975521087646484,7.185832977294922
MLP_small_RLR_Huber,42,3,10,0.0010000000474974513,6.355511665344238,6.5414581298828125,6.77591609954834,6.955345630645752
MLP_small_RLR_Huber,42,3,11,0.0010000000474974513,6.179736614227295,6.300211429595947,6.598768711090088,6.7110276222229
MLP_small_RLR_Huber,42,3,12,0.0010000000474974513,6.022862911224365,6.166023254394531,6.440445423126221,6.5807204246521
MLP_small_RLR_Huber,42,3,13,0.0010000000474974513,5.870210647583008,6.065656661987305,6.287729740142822,6.478931903839111
MLP_small_RLR_Huber,42,3,14,0.0010000000474974513,5.753462314605713,5.971912860870361,6.170647144317627,6.385435581207275
MLP_small_RLR_Huber,42,3,15,0.0010000000474974513,5.648844242095947,5.890659332275391,6.067177772521973,6.305960178375244
MLP_small_RLR_Huber,42,3,16,0.0010000000474974513,5.574782848358154,5.876464366912842,5.993014335632324,6.292086124420166
MLP_small_RLR_Huber,42,3,17,0.0010000000474974513,5.495143413543701,5.785374641418457,5.9144415855407715,6.205841064453125
MLP_small_RLR_Huber,42,3,18,0.0010000000474974513,5.414980888366699,5.763805866241455,5.834122180938721,6.186618804931641
MLP_small_RLR_Huber,42,3,19,0.0010000000474974513,5.392287731170654,5.66722297668457,5.814249515533447,6.090256690979004
MLP_small_RLR_Huber,42,3,20,0.0010000000474974513,5.3570380210876465,5.590834617614746,5.779327392578125,6.011568546295166
MLP_small_RLR_Huber,42,3,21,0.0010000000474974513,5.3297200202941895,5.578760623931885,5.752299785614014,5.997893333435059
MLP_small_RLR_Huber,42,3,22,0.0010000000474974513,5.2843217849731445,5.536656856536865,5.707091808319092,5.959418773651123
MLP_small_RLR_Huber,42,3,23,0.0010000000474974513,5.301523208618164,5.524759292602539,5.724629878997803,5.949772834777832
MLP_small_RLR_Huber,42,3,24,0.0010000000474974513,5.292181491851807,5.532762050628662,5.716192245483398,5.956432342529297
MLP_small_RLR_Huber,42,3,25,0.0010000000474974513,5.261935710906982,5.517987251281738,5.6844706535339355,5.9443182945251465
MLP_small_RLR_Huber,42,3,26,0.0010000000474974513,5.265806674957275,5.51362419128418,5.6893205642700195,5.939757347106934
MLP_small_RLR_Huber,42,3,27,0.0010000000474974513,5.263518810272217,5.511860370635986,5.68761682510376,5.936590194702148
MLP_small_RLR_Huber,42,3,28,0.0010000000474974513,5.226126670837402,5.492953300476074,5.648809432983398,5.917164325714111
MLP_small_RLR_Huber,42,3,29,0.0010000000474974513,5.2253737449646,5.485769271850586,5.652374267578125,5.909308433532715
MLP_small_RLR_Huber,42,3,30,0.0010000000474974513,5.236777305603027,5.495871067047119,5.662137031555176,5.919487953186035
MLP_small_RLR_Huber,42,3,31,0.0010000000474974513,5.228116035461426,5.490513801574707,5.654208183288574,5.914546489715576
MLP_small_RLR_Huber,42,3,32,0.0010000000474974513,5.223564147949219,5.483026504516602,5.64868688583374,5.905961036682129
MLP_small_RLR_Huber,42,3,33,0.0010000000474974513,5.224160671234131,5.491642951965332,5.647137641906738,5.914603233337402
MLP_small_RLR_Huber,42,3,34,0.0010000000474974513,5.1871113777160645,5.492800235748291,5.612227916717529,5.9153733253479
MLP_small_RLR_Huber,42,3,35,0.0010000000474974513,5.218055248260498,5.49418830871582,5.643110752105713,5.917974948883057
MLP_small_RLR_Huber,42,3,36,0.0010000000474974513,5.172216415405273,5.476272106170654,5.596578598022461,5.8991899490356445
MLP_small_RLR_Huber,42,3,37,0.0010000000474974513,5.1476545333862305,5.476716041564941,5.573513031005859,5.897670745849609
MLP_small_RLR_Huber,42,3,38,0.0010000000474974513,5.139242172241211,5.487429618835449,5.562932968139648,5.9096574783325195
MLP_small_RLR_Huber,42,3,39,0.0010000000474974513,5.202028274536133,5.516357898712158,5.626064300537109,5.938678741455078
MLP_small_RLR_Huber,42,3,40,0.0010000000474974513,5.136102676391602,5.5027689933776855,5.559261322021484,5.926124095916748
MLP_small_RLR_Huber,42,3,41,0.0010000000474974513,5.127456188201904,5.493582725524902,5.551367282867432,5.915330410003662
MLP_small_RLR_Huber,42,3,42,0.0010000000474974513,5.1298675537109375,5.477783679962158,5.554280757904053,5.899718761444092
MLP_small_RLR_Huber,42,3,43,0.0010000000474974513,5.161935806274414,5.498298645019531,5.58803129196167,5.9210524559021
MLP_small_RLR_Huber,42,3,44,0.0010000000474974513,5.173418998718262,5.4966349601745605,5.597652435302734,5.91913366317749
MLP_small_RLR_Huber,42,3,45,0.0005000000237487257,5.163940906524658,5.501803398132324,5.5896124839782715,5.924424648284912
MLP_small_RLR_Huber,42,3,46,0.0005000000237487257,5.131780624389648,5.497524261474609,5.556650638580322,5.920607089996338
MLP_small_RLR_Huber,42,3,47,0.0005000000237487257,5.1391754150390625,5.490332126617432,5.564228057861328,5.913135528564453
MLP_small_RLR_Huber,42,3,48,0.0005000000237487257,5.1176958084106445,5.491090297698975,5.5438055992126465,5.9150166511535645
MLP_small_RLR_Huber,42,3,49,0.0005000000237487257,5.064650058746338,5.4954423904418945,5.488086223602295,5.91998815536499
MLP_small_RLR_Huber,42,3,50,0.0005000000237487257,5.063075542449951,5.49135160446167,5.488879680633545,5.915192604064941
MLP_small_RLR_Huber,42,3,51,0.0005000000237487257,5.117058753967285,5.500431537628174,5.540483474731445,5.924825668334961
MLP_small_RLR_Huber,42,3,52,0.0005000000237487257,5.098370552062988,5.51601505279541,5.524079322814941,5.940823078155518
MLP_small_RLR_Huber,42,3,53,0.0002500000118743628,5.10672664642334,5.515161514282227,5.531739234924316,5.939750671386719
MLP_small_RLR_Huber,42,3,54,0.0002500000118743628,5.130307197570801,5.509138584136963,5.555798530578613,5.933777332305908
MLP_small_RLR_Huber,42,3,55,0.0002500000118743628,5.089202404022217,5.510926723480225,5.512889862060547,5.935846328735352
MLP_small_RLR_Huber,42,3,56,0.0002500000118743628,5.042446136474609,5.522510528564453,5.465853214263916,5.947060585021973
MLP_small_RLR_Huber,42,3,57,0.0002500000118743628,5.071006774902344,5.521468639373779,5.494797229766846,5.946683406829834
MLP_small_RLR_Huber,42,3,58,0.0002500000118743628,5.066559791564941,5.522899627685547,5.490143299102783,5.947845458984375
MLP_small_RLR_Huber,42,3,59,0.0002500000118743628,5.084441184997559,5.5263190269470215,5.5086565017700195,5.951904773712158
MLP_small_RLR_Huber,42,3,60,0.0002500000118743628,5.064510345458984,5.529529094696045,5.488778114318848,5.955092430114746
MLP_small_RLR_Huber,42,3,61,0.0001250000059371814,5.085407733917236,5.530004024505615,5.510957717895508,5.955539703369141
MLP_small_RLR_Huber,42,4,1,0.0010000000474974513,7.850480556488037,7.806051731109619,8.276834487915039,8.233220100402832
MLP_small_RLR_Huber,42,4,2,0.0010000000474974513,7.521376609802246,7.598796844482422,7.947289943695068,8.027620315551758
MLP_small_RLR_Huber,42,4,3,0.0010000000474974513,7.2185821533203125,7.311952590942383,7.645473480224609,7.737335681915283
MLP_small_RLR_Huber,42,4,4,0.0010000000474974513,6.9773688316345215,7.137193202972412,7.399953842163086,7.5620622634887695
MLP_small_RLR_Huber,42,4,5,0.0010000000474974513,6.728389263153076,6.9578857421875,7.152144908905029,7.3842549324035645
MLP_small_RLR_Huber,42,4,6,0.0010000000474974513,6.509194374084473,6.762225151062012,6.932514190673828,7.187771797180176
MLP_small_RLR_Huber,42,4,7,0.0010000000474974513,6.298468589782715,6.560749530792236,6.72019624710083,6.984439849853516
MLP_small_RLR_Huber,42,4,8,0.0010000000474974513,6.1272711753845215,6.385731220245361,6.549663543701172,6.80753231048584
MLP_small_RLR_Huber,42,4,9,0.0010000000474974513,5.993582725524902,6.210490703582764,6.416182518005371,6.626772403717041
MLP_small_RLR_Huber,42,4,10,0.0010000000474974513,5.892385005950928,6.058054447174072,6.313048839569092,6.471648693084717
MLP_small_RLR_Huber,42,4,11,0.0010000000474974513,5.728985786437988,5.896485805511475,6.149281978607178,6.309150695800781
MLP_small_RLR_Huber,42,4,12,0.0010000000474974513,5.651097297668457,5.763111114501953,6.071656227111816,6.172651290893555
MLP_small_RLR_Huber,42,4,13,0.0010000000474974513,5.5771379470825195,5.695408344268799,5.998020172119141,6.106497764587402
MLP_small_RLR_Huber,42,4,14,0.0010000000474974513,5.486815929412842,5.594876766204834,5.907732963562012,6.010613918304443
MLP_small_RLR_Huber,42,4,15,0.0010000000474974513,5.458102226257324,5.522443771362305,5.881049633026123,5.940573692321777
MLP_small_RLR_Huber,42,4,16,0.0010000000474974513,5.441623210906982,5.496632099151611,5.864875793457031,5.917219161987305
MLP_small_RLR_Huber,42,4,17,0.0010000000474974513,5.3999223709106445,5.451740741729736,5.823855400085449,5.87594747543335
MLP_small_RLR_Huber,42,4,18,0.0010000000474974513,5.325427055358887,5.407934665679932,5.750338554382324,5.833365440368652
MLP_small_RLR_Huber,42,4,19,0.0010000000474974513,5.333494186401367,5.375370502471924,5.759202480316162,5.799698352813721
MLP_small_RLR_Huber,42,4,20,0.0010000000474974513,5.328438758850098,5.365760803222656,5.751866340637207,5.78859806060791
MLP_small_RLR_Huber,42,4,21,0.0010000000474974513,5.290416240692139,5.352136135101318,5.717612266540527,5.774810314178467
MLP_small_RLR_Huber,42,4,22,0.0010000000474974513,5.284235954284668,5.344232082366943,5.709249496459961,5.766491413116455
MLP_small_RLR_Huber,42,4,23,0.0010000000474974513,5.273879051208496,5.324836730957031,5.698677062988281,5.745431423187256
MLP_small_RLR_Huber,42,4,24,0.0010000000474974513,5.287518501281738,5.308578968048096,5.7126383781433105,5.730676651000977
MLP_small_RLR_Huber,42,4,25,0.0010000000474974513,5.314696311950684,5.312026500701904,5.739933967590332,5.734579086303711
MLP_small_RLR_Huber,42,4,26,0.0010000000474974513,5.294877529144287,5.294350624084473,5.721028804779053,5.7164764404296875
MLP_small_RLR_Huber,42,4,27,0.0010000000474974513,5.256594657897949,5.303104877471924,5.683431148529053,5.725093841552734
MLP_small_RLR_Huber,42,4,28,0.0010000000474974513,5.268687725067139,5.304276943206787,5.6941142082214355,5.726613521575928
MLP_small_RLR_Huber,42,4,29,0.0010000000474974513,5.276214122772217,5.2850494384765625,5.7036590576171875,5.707942485809326
MLP_small_RLR_Huber,42,4,30,0.0010000000474974513,5.220647811889648,5.279747009277344,5.646993160247803,5.70235013961792
MLP_small_RLR_Huber,42,4,31,0.0010000000474974513,5.248470783233643,5.282756328582764,5.673935890197754,5.704685211181641
MLP_small_RLR_Huber,42,4,32,0.0010000000474974513,5.259643077850342,5.289198398590088,5.685089588165283,5.709081649780273
MLP_small_RLR_Huber,42,4,33,0.0010000000474974513,5.221524715423584,5.308419704437256,5.646742343902588,5.729372024536133
MLP_small_RLR_Huber,42,4,34,0.0010000000474974513,5.214826583862305,5.295249938964844,5.639869689941406,5.716041088104248
MLP_small_RLR_Huber,42,4,35,0.0010000000474974513,5.241556167602539,5.299341201782227,5.668849945068359,5.719545364379883
MLP_small_RLR_Huber,42,4,36,0.0010000000474974513,5.215005397796631,5.295050621032715,5.638033390045166,5.714296340942383
MLP_small_RLR_Huber,42,4,37,0.0010000000474974513,5.204814910888672,5.2903618812561035,5.629467010498047,5.710230350494385
MLP_small_RLR_Huber,42,4,38,0.0010000000474974513,5.244596004486084,5.307183265686035,5.6705474853515625,5.7273101806640625
MLP_small_RLR_Huber,42,4,39,0.0005000000237487257,5.165320873260498,5.305418491363525,5.589756965637207,5.726526260375977
MLP_small_RLR_Huber,42,4,40,0.0005000000237487257,5.180099010467529,5.300810813903809,5.6042304039001465,5.721890926361084
MLP_small_RLR_Huber,42,4,41,0.0005000000237487257,5.203325271606445,5.2942376136779785,5.628913402557373,5.71394681930542
MLP_small_RLR_Huber,42,4,42,0.0005000000237487257,5.198418140411377,5.292465686798096,5.6239333152771,5.713073253631592
MLP_small_RLR_Huber,42,4,43,0.0005000000237487257,5.147292613983154,5.294429779052734,5.571576118469238,5.715032577514648
MLP_small_RLR_Huber,42,4,44,0.0005000000237487257,5.205782413482666,5.303023815155029,5.631103992462158,5.7244086265563965
MLP_small_RLR_Huber,42,4,45,0.0005000000237487257,5.19449520111084,5.30096435546875,5.620090961456299,5.722625255584717
MLP_small_RLR_Huber,42,4,46,0.0005000000237487257,5.18223762512207,5.302439212799072,5.608330726623535,5.7237348556518555
MLP_small_RLR_Huber,42,4,47,0.0002500000118743628,5.1310343742370605,5.2980217933654785,5.5557332038879395,5.719477653503418
MLP_small_RLR_Huber,42,4,48,0.0002500000118743628,5.159653186798096,5.295372486114502,5.585818767547607,5.716934680938721
MLP_small_RLR_Huber,42,4,49,0.0002500000118743628,5.197789192199707,5.293179512023926,5.6225786209106445,5.7145609855651855
MLP_small_RLR_Huber,42,4,50,0.0002500000118743628,5.127354145050049,5.290438652038574,5.553457736968994,5.712125301361084
MLP_small_RLR_Huber,42,4,51,0.0002500000118743628,5.1762309074401855,5.290131568908691,5.602789878845215,5.712118148803711
MLP_small_RLR_Huber,42,4,52,0.0002500000118743628,5.1636881828308105,5.293871879577637,5.588873386383057,5.715887546539307
MLP_small_RLR_Huber,42,4,53,0.0002500000118743628,5.18225622177124,5.297331809997559,5.60640811920166,5.719334602355957
MLP_small_RLR_Huber,42,4,54,0.0002500000118743628,5.163379192352295,5.298853397369385,5.588898658752441,5.721107006072998
MLP_small_RLR_Huber,42,4,55,0.0001250000059371814,5.153265953063965,5.301641464233398,5.576543807983398,5.723935604095459
MLP_small_RLR_Huber,42,5,1,0.0010000000474974513,8.252679824829102,8.014320373535156,8.678669929504395,8.440497398376465
MLP_small_RLR_Huber,42,5,2,0.0010000000474974513,7.843904972076416,7.723249435424805,8.271347999572754,8.148898124694824
MLP_small_RLR_Huber,42,5,3,0.0010000000474974513,7.527811050415039,7.497329235076904,7.953657627105713,7.921693325042725
MLP_small_RLR_Huber,42,5,4,0.0010000000474974513,7.239973545074463,7.257369518280029,7.665960788726807,7.680229663848877
MLP_small_RLR_Huber,42,5,5,0.0010000000474974513,6.942314624786377,7.114745140075684,7.366203308105469,7.535383701324463
MLP_small_RLR_Huber,42,5,6,0.0010000000474974513,6.680726051330566,6.954195499420166,7.103391170501709,7.370329856872559
MLP_small_RLR_Huber,42,5,7,0.0010000000474974513,6.483093738555908,6.789339542388916,6.905787944793701,7.199065208435059
MLP_small_RLR_Huber,42,5,8,0.0010000000474974513,6.278393745422363,6.641735553741455,6.699796676635742,7.05156946182251
MLP_small_RLR_Huber,42,5,9,0.0010000000474974513,6.072862148284912,6.42801570892334,6.494899749755859,6.838133811950684
MLP_small_RLR_Huber,42,5,10,0.0010000000474974513,5.911092281341553,6.1877217292785645,6.331500053405762,6.5999884605407715
MLP_small_RLR_Huber,42,5,11,0.0010000000474974513,5.777978897094727,6.068525791168213,6.198941707611084,6.485720157623291
MLP_small_RLR_Huber,42,5,12,0.0010000000474974513,5.660976409912109,5.893319129943848,6.081817626953125,6.305682182312012
MLP_small_RLR_Huber,42,5,13,0.0010000000474974513,5.600817680358887,5.758704662322998,6.023478031158447,6.172387599945068
MLP_small_RLR_Huber,42,5,14,0.0010000000474974513,5.513144493103027,5.697639465332031,5.933622360229492,6.11770486831665
MLP_small_RLR_Huber,42,5,15,0.0010000000474974513,5.413233757019043,5.6168622970581055,5.835711479187012,6.0417633056640625
MLP_small_RLR_Huber,42,5,16,0.0010000000474974513,5.3921122550964355,5.567083358764648,5.814364433288574,5.993027210235596
MLP_small_RLR_Huber,42,5,17,0.0010000000474974513,5.383338928222656,5.535317897796631,5.806223392486572,5.960445404052734
MLP_small_RLR_Huber,42,5,18,0.0010000000474974513,5.388270854949951,5.498600482940674,5.813958644866943,5.924803733825684
MLP_small_RLR_Huber,42,5,19,0.0010000000474974513,5.362408638000488,5.455231666564941,5.785819053649902,5.880250930786133
MLP_small_RLR_Huber,42,5,20,0.0010000000474974513,5.316816806793213,5.4260125160217285,5.740983963012695,5.85109806060791
MLP_small_RLR_Huber,42,5,21,0.0010000000474974513,5.304129600524902,5.402378082275391,5.72931432723999,5.8261494636535645
MLP_small_RLR_Huber,42,5,22,0.0010000000474974513,5.344483375549316,5.409610271453857,5.770023822784424,5.831445217132568
MLP_small_RLR_Huber,42,5,23,0.0010000000474974513,5.266994476318359,5.393806457519531,5.689687252044678,5.814392566680908
MLP_small_RLR_Huber,42,5,24,0.0010000000474974513,5.303143501281738,5.389212608337402,5.728262901306152,5.811410427093506
MLP_small_RLR_Huber,42,5,25,0.0010000000474974513,5.256866455078125,5.376865863800049,5.681376934051514,5.80030632019043
MLP_small_RLR_Huber,42,5,26,0.0010000000474974513,5.280019760131836,5.363837718963623,5.7050957679748535,5.786297798156738
MLP_small_RLR_Huber,42,5,27,0.0010000000474974513,5.228128433227539,5.349145412445068,5.6531267166137695,5.7749457359313965
MLP_small_RLR_Huber,42,5,28,0.0010000000474974513,5.239326000213623,5.355377674102783,5.6623430252075195,5.783182144165039
MLP_small_RLR_Huber,42,5,29,0.0010000000474974513,5.296400547027588,5.363919258117676,5.722353935241699,5.789517879486084
MLP_small_RLR_Huber,42,5,30,0.0010000000474974513,5.244338035583496,5.365115642547607,5.668265342712402,5.793229103088379
MLP_small_RLR_Huber,42,5,31,0.0010000000474974513,5.243260860443115,5.378615379333496,5.667929172515869,5.8063459396362305
MLP_small_RLR_Huber,42,5,32,0.0010000000474974513,5.203282356262207,5.3802361488342285,5.628131866455078,5.805912017822266
MLP_small_RLR_Huber,42,5,33,0.0010000000474974513,5.255765438079834,5.377122402191162,5.680967807769775,5.800865173339844
MLP_small_RLR_Huber,42,5,34,0.0010000000474974513,5.234752655029297,5.382412910461426,5.659735679626465,5.805148601531982
MLP_small_RLR_Huber,42,5,35,0.0010000000474974513,5.230016708374023,5.382257461547852,5.654657363891602,5.807138919830322
MLP_small_RLR_Huber,42,5,36,0.0005000000237487257,5.24015998840332,5.376082897186279,5.665153980255127,5.80105447769165
MLP_small_RLR_Huber,42,5,37,0.0005000000237487257,5.219836235046387,5.369313716888428,5.645162105560303,5.792191982269287
MLP_small_RLR_Huber,42,5,38,0.0005000000237487257,5.181600093841553,5.37255334854126,5.60706901550293,5.7963104248046875
MLP_small_RLR_Huber,42,5,39,0.0005000000237487257,5.214727878570557,5.372962951660156,5.640783786773682,5.797397136688232
MLP_small_RLR_Huber,42,5,40,0.0005000000237487257,5.2230682373046875,5.372427940368652,5.649430274963379,5.797671318054199
MLP_small_RLR_Huber,42,5,41,0.0005000000237487257,5.223080158233643,5.371982097625732,5.6485114097595215,5.796405792236328
MLP_small_RLR_Huber,42,5,42,0.0005000000237487257,5.190037250518799,5.372353553771973,5.616739749908447,5.796560764312744
MLP_small_RLR_Huber,42,5,43,0.0005000000237487257,5.198892116546631,5.37299108505249,5.625080585479736,5.796857833862305
MLP_small_RLR_Huber,42,5,44,0.0002500000118743628,5.183469295501709,5.371017932891846,5.607970237731934,5.794947624206543
MLP_small_RLR_Huber,42,5,45,0.0002500000118743628,5.210282802581787,5.369823455810547,5.635475158691406,5.7940802574157715
MLP_small_RLR_Huber,42,5,46,0.0002500000118743628,5.197063446044922,5.366938591003418,5.6224164962768555,5.790945529937744
MLP_small_RLR_Huber,42,5,47,0.0002500000118743628,5.200226306915283,5.36821985244751,5.6258649826049805,5.792964935302734
MLP_small_RLR_Huber,42,5,48,0.0002500000118743628,5.182462215423584,5.365961074829102,5.608229160308838,5.7907938957214355
MLP_small_RLR_Huber,42,5,49,0.0002500000118743628,5.181429386138916,5.367120265960693,5.60603141784668,5.79072904586792
MLP_small_RLR_Huber,42,5,50,0.0002500000118743628,5.193749904632568,5.3628973960876465,5.619382858276367,5.78592586517334
MLP_small_RLR_Huber,42,5,51,0.0002500000118743628,5.1902546882629395,5.360864162445068,5.615572452545166,5.783967018127441
MLP_small_RLR_Huber,42,5,52,0.0001250000059371814,5.191036224365234,5.361918926239014,5.6176652908325195,5.784788608551025
MLP_small_RLR_Huber,123,1,1,0.0010000000474974513,8.012460708618164,8.276153564453125,8.437613487243652,8.69996166229248
MLP_small_RLR_Huber,123,1,2,0.0010000000474974513,7.735036373138428,8.091838836669922,8.159379005432129,8.519389152526855
MLP_small_RLR_Huber,123,1,3,0.0010000000474974513,7.525905609130859,7.878451347351074,7.950134754180908,8.306844711303711
MLP_small_RLR_Huber,123,1,4,0.0010000000474974513,7.2898430824279785,7.694968223571777,7.7131266593933105,8.12479019165039
MLP_small_RLR_Huber,123,1,5,0.0010000000474974513,7.15773344039917,7.529186248779297,7.579706192016602,7.958850383758545
MLP_small_RLR_Huber,123,1,6,0.0010000000474974513,6.957831382751465,7.398093223571777,7.37975549697876,7.826249122619629
MLP_small_RLR_Huber,123,1,7,0.0010000000474974513,6.747511863708496,7.279747009277344,7.167910099029541,7.70552396774292
MLP_small_RLR_Huber,123,1,8,0.0010000000474974513,6.580751895904541,7.168765544891357,7.003405570983887,7.59168004989624
MLP_small_RLR_Huber,123,1,9,0.0010000000474974513,6.452694416046143,7.105717182159424,6.873775482177734,7.525244235992432
MLP_small_RLR_Huber,123,1,10,0.0010000000474974513,6.284719944000244,7.020262241363525,6.704967975616455,7.439123153686523
MLP_small_RLR_Huber,123,1,11,0.0010000000474974513,6.178168296813965,6.9145612716674805,6.598999977111816,7.333425998687744
MLP_small_RLR_Huber,123,1,12,0.0010000000474974513,6.015211582183838,6.726507186889648,6.4352312088012695,7.145240306854248
MLP_small_RLR_Huber,123,1,13,0.0010000000474974513,5.903110980987549,6.5100603103637695,6.321134090423584,6.927975654602051
MLP_small_RLR_Huber,123,1,14,0.0010000000474974513,5.821709632873535,6.302783489227295,6.242147922515869,6.718122959136963
MLP_small_RLR_Huber,123,1,15,0.0010000000474974513,5.743501663208008,6.212819576263428,6.162682056427002,6.624108791351318
MLP_small_RLR_Huber,123,1,16,0.0010000000474974513,5.679411888122559,6.10801362991333,6.09910249710083,6.514260292053223
MLP_small_RLR_Huber,123,1,17,0.0010000000474974513,5.582031726837158,6.019853115081787,5.998815536499023,6.429754734039307
MLP_small_RLR_Huber,123,1,18,0.0010000000474974513,5.518959045410156,5.963809967041016,5.939011096954346,6.376834869384766
MLP_small_RLR_Huber,123,1,19,0.0010000000474974513,5.472588539123535,5.911244869232178,5.893746376037598,6.326984405517578
MLP_small_RLR_Huber,123,1,20,0.0010000000474974513,5.38903284072876,5.837913513183594,5.809709548950195,6.254034996032715
MLP_small_RLR_Huber,123,1,21,0.0010000000474974513,5.379053592681885,5.726567268371582,5.800577163696289,6.142011642456055
MLP_small_RLR_Huber,123,1,22,0.0010000000474974513,5.338493824005127,5.657956600189209,5.759017467498779,6.071022987365723
MLP_small_RLR_Huber,123,1,23,0.0010000000474974513,5.327931880950928,5.593745231628418,5.748277187347412,6.005115985870361
MLP_small_RLR_Huber,123,1,24,0.0010000000474974513,5.293142318725586,5.57041597366333,5.712280750274658,5.9823150634765625
MLP_small_RLR_Huber,123,1,25,0.0010000000474974513,5.237430095672607,5.551368713378906,5.658933639526367,5.9668684005737305
MLP_small_RLR_Huber,123,1,26,0.0010000000474974513,5.2960333824157715,5.485693454742432,5.717221736907959,5.901280879974365
MLP_small_RLR_Huber,123,1,27,0.0010000000474974513,5.249795913696289,5.4390950202941895,5.6722893714904785,5.855070114135742
MLP_small_RLR_Huber,123,1,28,0.0010000000474974513,5.224843502044678,5.392066955566406,5.646895885467529,5.804627895355225
MLP_small_RLR_Huber,123,1,29,0.0010000000474974513,5.281897068023682,5.376051902770996,5.704627513885498,5.788825035095215
MLP_small_RLR_Huber,123,1,30,0.0010000000474974513,5.247888565063477,5.386124134063721,5.67157506942749,5.797679901123047
MLP_small_RLR_Huber,123,1,31,0.0010000000474974513,5.262208461761475,5.406679630279541,5.6859049797058105,5.8237810134887695
MLP_small_RLR_Huber,123,1,32,0.0010000000474974513,5.221502304077148,5.402352809906006,5.643795013427734,5.817348957061768
MLP_small_RLR_Huber,123,1,33,0.0010000000474974513,5.265774250030518,5.383403301239014,5.688377857208252,5.798131942749023
MLP_small_RLR_Huber,123,1,34,0.0010000000474974513,5.182075500488281,5.398841857910156,5.604311466217041,5.810962200164795
MLP_small_RLR_Huber,123,1,35,0.0010000000474974513,5.1722187995910645,5.354953289031982,5.596532821655273,5.767949104309082
MLP_small_RLR_Huber,123,1,36,0.0010000000474974513,5.146587371826172,5.329256534576416,5.569588661193848,5.743227958679199
MLP_small_RLR_Huber,123,1,37,0.0010000000474974513,5.162756443023682,5.316404819488525,5.5853400230407715,5.730404376983643
MLP_small_RLR_Huber,123,1,38,0.0010000000474974513,5.128000259399414,5.292623519897461,5.550050258636475,5.711863994598389
MLP_small_RLR_Huber,123,1,39,0.0010000000474974513,5.204160690307617,5.309592247009277,5.627191066741943,5.729548931121826
MLP_small_RLR_Huber,123,1,40,0.0010000000474974513,5.190374851226807,5.310811996459961,5.614591598510742,5.729712963104248
MLP_small_RLR_Huber,123,1,41,0.0010000000474974513,5.1274237632751465,5.281700134277344,5.550564765930176,5.705129623413086
MLP_small_RLR_Huber,123,1,42,0.0010000000474974513,5.1133503913879395,5.274204254150391,5.537359714508057,5.698206901550293
MLP_small_RLR_Huber,123,1,43,0.0010000000474974513,5.132978916168213,5.284342288970947,5.557364463806152,5.708309173583984
MLP_small_RLR_Huber,123,1,44,0.0010000000474974513,5.167336940765381,5.277920722961426,5.591683864593506,5.700001239776611
MLP_small_RLR_Huber,123,1,45,0.0010000000474974513,5.111298084259033,5.26676082611084,5.535379886627197,5.688405990600586
MLP_small_RLR_Huber,123,1,46,0.0010000000474974513,5.18362283706665,5.250879287719727,5.608998775482178,5.674066066741943
MLP_small_RLR_Huber,123,1,47,0.0010000000474974513,5.144818305969238,5.2343926429748535,5.567502498626709,5.658872127532959
MLP_small_RLR_Huber,123,1,48,0.0010000000474974513,5.093353748321533,5.229719161987305,5.516163349151611,5.653541088104248
MLP_small_RLR_Huber,123,1,49,0.0010000000474974513,5.089879512786865,5.2140350341796875,5.513641834259033,5.638784408569336
MLP_small_RLR_Huber,123,1,50,0.0010000000474974513,5.092586994171143,5.212077617645264,5.514646530151367,5.63672399520874
MLP_small_RLR_Huber,123,1,51,0.0010000000474974513,5.094954013824463,5.224504470825195,5.516796588897705,5.644904136657715
MLP_small_RLR_Huber,123,1,52,0.0010000000474974513,5.079094886779785,5.232212066650391,5.501686096191406,5.651770114898682
MLP_small_RLR_Huber,123,1,53,0.0010000000474974513,5.072238445281982,5.213186264038086,5.49492883682251,5.632569789886475
MLP_small_RLR_Huber,123,1,54,0.0010000000474974513,5.059659957885742,5.215027332305908,5.4832377433776855,5.635213375091553
MLP_small_RLR_Huber,123,1,55,0.0010000000474974513,5.043015003204346,5.21464204788208,5.466315746307373,5.635345935821533
MLP_small_RLR_Huber,123,1,56,0.0010000000474974513,5.089134216308594,5.207693099975586,5.512462139129639,5.631483554840088
MLP_small_RLR_Huber,123,1,57,0.0010000000474974513,5.079030990600586,5.210031032562256,5.502417087554932,5.632327079772949
MLP_small_RLR_Huber,123,1,58,0.0010000000474974513,5.090367317199707,5.238079071044922,5.5141119956970215,5.661445617675781
MLP_small_RLR_Huber,123,1,59,0.0010000000474974513,5.070365905761719,5.250280380249023,5.4946112632751465,5.675355434417725
MLP_small_RLR_Huber,123,1,60,0.0010000000474974513,5.087427616119385,5.233825206756592,5.510040283203125,5.657901287078857
MLP_small_RLR_Huber,123,1,61,0.0010000000474974513,5.098753929138184,5.2343902587890625,5.52246618270874,5.656036376953125
MLP_small_RLR_Huber,123,1,62,0.0010000000474974513,5.019645690917969,5.239748954772949,5.443540096282959,5.663830280303955
MLP_small_RLR_Huber,123,1,63,0.0010000000474974513,5.0564117431640625,5.259211540222168,5.480834007263184,5.686046123504639
MLP_small_RLR_Huber,123,1,64,0.0010000000474974513,5.036646366119385,5.268890380859375,5.457622051239014,5.693719863891602
MLP_small_RLR_Huber,123,1,65,0.0005000000237487257,5.034562110900879,5.262991905212402,5.455657005310059,5.6877121925354
MLP_small_RLR_Huber,123,1,66,0.0005000000237487257,5.010143756866455,5.260765075683594,5.434345245361328,5.686490535736084
MLP_small_RLR_Huber,123,1,67,0.0005000000237487257,5.029273986816406,5.262379169464111,5.452728748321533,5.68795108795166
MLP_small_RLR_Huber,123,1,68,0.0005000000237487257,5.046314716339111,5.249767303466797,5.470275402069092,5.675390720367432
MLP_small_RLR_Huber,123,1,69,0.0005000000237487257,5.055333614349365,5.24605131149292,5.47750186920166,5.671579837799072
MLP_small_RLR_Huber,123,1,70,0.0005000000237487257,5.011268138885498,5.247053146362305,5.433202743530273,5.672238826751709
MLP_small_RLR_Huber,123,1,71,0.0005000000237487257,4.980224609375,5.247590065002441,5.406002998352051,5.67233419418335
MLP_small_RLR_Huber,123,1,72,0.0005000000237487257,4.987981796264648,5.24920654296875,5.410579204559326,5.672948360443115
MLP_small_RLR_Huber,123,1,73,0.0002500000118743628,5.058174133300781,5.250452995300293,5.480429172515869,5.6746296882629395
MLP_small_RLR_Huber,123,1,74,0.0002500000118743628,4.987432956695557,5.252987861633301,5.413656711578369,5.6771063804626465
MLP_small_RLR_Huber,123,1,75,0.0002500000118743628,4.927856922149658,5.256068229675293,5.349985599517822,5.679696559906006
MLP_small_RLR_Huber,123,1,76,0.0002500000118743628,5.008215427398682,5.255572319030762,5.431517601013184,5.679186820983887
MLP_small_RLR_Huber,123,1,77,0.0002500000118743628,5.011888027191162,5.247519493103027,5.435957908630371,5.671542644500732
MLP_small_RLR_Huber,123,1,78,0.0002500000118743628,4.979216575622559,5.246865749359131,5.402139663696289,5.670609474182129
MLP_small_RLR_Huber,123,1,79,0.0002500000118743628,4.969961166381836,5.248518466949463,5.393815994262695,5.672238349914551
MLP_small_RLR_Huber,123,1,80,0.0002500000118743628,4.972228527069092,5.247613430023193,5.395171165466309,5.671563148498535
MLP_small_RLR_Huber,123,1,81,0.0001250000059371814,4.974586009979248,5.248477458953857,5.398619174957275,5.67257022857666
MLP_small_RLR_Huber,123,2,1,0.0010000000474974513,7.993770599365234,7.891756057739258,8.420397758483887,8.3117094039917
MLP_small_RLR_Huber,123,2,2,0.0010000000474974513,7.640151500701904,7.543817520141602,8.062994003295898,7.960373878479004
MLP_small_RLR_Huber,123,2,3,0.0010000000474974513,7.365727424621582,7.30910062789917,7.790280342102051,7.733215808868408
MLP_small_RLR_Huber,123,2,4,0.0010000000474974513,7.130824565887451,7.245460033416748,7.556547164916992,7.672176837921143
MLP_small_RLR_Huber,123,2,5,0.0010000000474974513,6.923268795013428,7.207347869873047,7.346427917480469,7.634344577789307
MLP_small_RLR_Huber,123,2,6,0.0010000000474974513,6.692834377288818,7.0465497970581055,7.115171432495117,7.4719743728637695
MLP_small_RLR_Huber,123,2,7,0.0010000000474974513,6.494378566741943,6.856135845184326,6.916327953338623,7.279309272766113
MLP_small_RLR_Huber,123,2,8,0.0010000000474974513,6.304512023925781,6.697014808654785,6.725046157836914,7.119619369506836
MLP_small_RLR_Huber,123,2,9,0.0010000000474974513,6.154326915740967,6.508439540863037,6.57493782043457,6.930290222167969
MLP_small_RLR_Huber,123,2,10,0.0010000000474974513,5.959536075592041,6.307425022125244,6.379876136779785,6.727144718170166
MLP_small_RLR_Huber,123,2,11,0.0010000000474974513,5.819324493408203,6.176970481872559,6.237550735473633,6.592352390289307
MLP_small_RLR_Huber,123,2,12,0.0010000000474974513,5.716693878173828,6.020564079284668,6.136026859283447,6.436758041381836
MLP_small_RLR_Huber,123,2,13,0.0010000000474974513,5.668997764587402,5.9241790771484375,6.089263916015625,6.341122627258301
MLP_small_RLR_Huber,123,2,14,0.0010000000474974513,5.598176956176758,5.851399898529053,6.018627166748047,6.268551826477051
MLP_small_RLR_Huber,123,2,15,0.0010000000474974513,5.482875823974609,5.741121768951416,5.900984764099121,6.156588554382324
MLP_small_RLR_Huber,123,2,16,0.0010000000474974513,5.471076488494873,5.689320087432861,5.891884803771973,6.105291843414307
MLP_small_RLR_Huber,123,2,17,0.0010000000474974513,5.410858154296875,5.600914478302002,5.832946300506592,6.019824981689453
MLP_small_RLR_Huber,123,2,18,0.0010000000474974513,5.350764274597168,5.584397792816162,5.771366596221924,6.002200126647949
MLP_small_RLR_Huber,123,2,19,0.0010000000474974513,5.356333255767822,5.550621509552002,5.776467800140381,5.968585968017578
MLP_small_RLR_Huber,123,2,20,0.0010000000474974513,5.276066303253174,5.5378594398498535,5.694211483001709,5.955051422119141
MLP_small_RLR_Huber,123,2,21,0.0010000000474974513,5.322193622589111,5.508197784423828,5.741954803466797,5.92769718170166
MLP_small_RLR_Huber,123,2,22,0.0010000000474974513,5.2589945793151855,5.472342014312744,5.680007457733154,5.89247465133667
MLP_small_RLR_Huber,123,2,23,0.0010000000474974513,5.283049583435059,5.450953483581543,5.704343318939209,5.872500896453857
MLP_small_RLR_Huber,123,2,24,0.0010000000474974513,5.282614707946777,5.436383247375488,5.702664375305176,5.859052658081055
MLP_small_RLR_Huber,123,2,25,0.0010000000474974513,5.21693754196167,5.434075832366943,5.637838840484619,5.855867862701416
MLP_small_RLR_Huber,123,2,26,0.0010000000474974513,5.211911201477051,5.429740905761719,5.63388729095459,5.850029945373535
MLP_small_RLR_Huber,123,2,27,0.0010000000474974513,5.181529998779297,5.419743537902832,5.604061603546143,5.840153694152832
MLP_small_RLR_Huber,123,2,28,0.0010000000474974513,5.206974983215332,5.4100799560546875,5.6269731521606445,5.830197334289551
MLP_small_RLR_Huber,123,2,29,0.0010000000474974513,5.260233402252197,5.4001874923706055,5.681520938873291,5.819204330444336
MLP_small_RLR_Huber,123,2,30,0.0010000000474974513,5.1727495193481445,5.396007537841797,5.594995498657227,5.8145976066589355
MLP_small_RLR_Huber,123,2,31,0.0010000000474974513,5.178806304931641,5.403748512268066,5.599651336669922,5.822175025939941
MLP_small_RLR_Huber,123,2,32,0.0010000000474974513,5.152160167694092,5.392705917358398,5.5747971534729,5.810791015625
MLP_small_RLR_Huber,123,2,33,0.0010000000474974513,5.149322986602783,5.388274192810059,5.570191383361816,5.8052144050598145
MLP_small_RLR_Huber,123,2,34,0.0010000000474974513,5.212373733520508,5.391080379486084,5.634831428527832,5.808902263641357
MLP_small_RLR_Huber,123,2,35,0.0010000000474974513,5.177337169647217,5.393425941467285,5.598897933959961,5.812058448791504
MLP_small_RLR_Huber,123,2,36,0.0010000000474974513,5.186595439910889,5.392341136932373,5.608447074890137,5.810937881469727
MLP_small_RLR_Huber,123,2,37,0.0010000000474974513,5.183012962341309,5.403805732727051,5.606176376342773,5.824107646942139
MLP_small_RLR_Huber,123,2,38,0.0010000000474974513,5.1096038818359375,5.411432266235352,5.530813694000244,5.831381320953369
MLP_small_RLR_Huber,123,2,39,0.0010000000474974513,5.220513343811035,5.413414001464844,5.6407318115234375,5.833132743835449
MLP_small_RLR_Huber,123,2,40,0.0010000000474974513,5.1240034103393555,5.4100165367126465,5.545454978942871,5.829725742340088
MLP_small_RLR_Huber,123,2,41,0.0010000000474974513,5.129220008850098,5.407787799835205,5.55132532119751,5.828314304351807
MLP_small_RLR_Huber,123,2,42,0.0005000000237487257,5.150578498840332,5.397039890289307,5.5722455978393555,5.818514347076416
MLP_small_RLR_Huber,123,2,43,0.0005000000237487257,5.090427875518799,5.390444755554199,5.510812282562256,5.812483310699463
MLP_small_RLR_Huber,123,2,44,0.0005000000237487257,5.119871139526367,5.388177394866943,5.541702747344971,5.810382843017578
MLP_small_RLR_Huber,123,2,45,0.0005000000237487257,5.134744644165039,5.388805389404297,5.555363178253174,5.809780120849609
MLP_small_RLR_Huber,123,2,46,0.0005000000237487257,5.097644329071045,5.390420436859131,5.519769668579102,5.811089992523193
MLP_small_RLR_Huber,123,2,47,0.0005000000237487257,5.080864429473877,5.392825126647949,5.502028465270996,5.812636375427246
MLP_small_RLR_Huber,123,2,48,0.0005000000237487257,5.118680953979492,5.396629810333252,5.541892051696777,5.816756725311279
MLP_small_RLR_Huber,123,2,49,0.0005000000237487257,5.0889973640441895,5.390430927276611,5.512726783752441,5.810269832611084
MLP_small_RLR_Huber,123,2,50,0.0002500000118743628,5.098901748657227,5.387396812438965,5.522006511688232,5.807163715362549
MLP_small_RLR_Huber,123,2,51,0.0002500000118743628,5.051522731781006,5.390047550201416,5.471927642822266,5.809970855712891
MLP_small_RLR_Huber,123,2,52,0.0002500000118743628,5.057252407073975,5.390074253082275,5.478443145751953,5.810293197631836
MLP_small_RLR_Huber,123,2,53,0.0002500000118743628,5.05040168762207,5.390162944793701,5.470753192901611,5.810141563415527
MLP_small_RLR_Huber,123,2,54,0.0002500000118743628,5.097242832183838,5.392555236816406,5.519015789031982,5.8128156661987305
MLP_small_RLR_Huber,123,2,55,0.0002500000118743628,5.055409908294678,5.396696090698242,5.477855682373047,5.816564559936523
MLP_small_RLR_Huber,123,2,56,0.0002500000118743628,5.119814395904541,5.397672176361084,5.541034698486328,5.817761421203613
MLP_small_RLR_Huber,123,2,57,0.0002500000118743628,5.09435510635376,5.399386405944824,5.517635822296143,5.818993091583252
MLP_small_RLR_Huber,123,2,58,0.0002500000118743628,5.088109493255615,5.399111747741699,5.508734703063965,5.818071365356445
MLP_small_RLR_Huber,123,2,59,0.0001250000059371814,5.084799766540527,5.398777484893799,5.506162166595459,5.817358016967773
MLP_small_RLR_Huber,123,2,60,0.0001250000059371814,5.074045658111572,5.398711681365967,5.497003078460693,5.8171772956848145
MLP_small_RLR_Huber,123,2,61,0.0001250000059371814,5.019066333770752,5.3972296714782715,5.439664363861084,5.815546989440918
MLP_small_RLR_Huber,123,2,62,0.0001250000059371814,5.089651584625244,5.39644718170166,5.511590003967285,5.8152594566345215
MLP_small_RLR_Huber,123,2,63,0.0001250000059371814,5.077672481536865,5.395746231079102,5.501389503479004,5.815249919891357
MLP_small_RLR_Huber,123,2,64,0.0001250000059371814,5.024364471435547,5.397951126098633,5.44657039642334,5.816827297210693
MLP_small_RLR_Huber,123,2,65,0.0001250000059371814,5.072041034698486,5.3978118896484375,5.495422840118408,5.815938472747803
MLP_small_RLR_Huber,123,2,66,0.0001250000059371814,5.046572685241699,5.398828506469727,5.4687371253967285,5.816740989685059
MLP_small_RLR_Huber,123,2,67,6.25000029685907e-05,5.06998348236084,5.398773670196533,5.492161273956299,5.816832065582275
MLP_small_RLR_Huber,123,2,68,6.25000029685907e-05,5.09385871887207,5.399077892303467,5.517929553985596,5.8171916007995605
MLP_small_RLR_Huber,123,2,69,6.25000029685907e-05,5.0446343421936035,5.399746894836426,5.4659223556518555,5.817760467529297
MLP_small_RLR_Huber,123,2,70,6.25000029685907e-05,5.091390132904053,5.399232387542725,5.511427402496338,5.817356586456299
MLP_small_RLR_Huber,123,2,71,6.25000029685907e-05,5.104020595550537,5.399328231811523,5.527176380157471,5.8177571296691895
MLP_small_RLR_Huber,123,2,72,6.25000029685907e-05,5.079272747039795,5.399614334106445,5.503544330596924,5.818265438079834
MLP_small_RLR_Huber,123,2,73,6.25000029685907e-05,5.121366500854492,5.3989081382751465,5.544000625610352,5.817579746246338
MLP_small_RLR_Huber,123,2,74,6.25000029685907e-05,5.145777225494385,5.398329734802246,5.566340446472168,5.816953659057617
MLP_small_RLR_Huber,123,2,75,3.125000148429535e-05,5.037510871887207,5.3993000984191895,5.460702896118164,5.817751884460449
MLP_small_RLR_Huber,123,3,1,0.0010000000474974513,8.047357559204102,7.541564464569092,8.473512649536133,7.95696496963501
MLP_small_RLR_Huber,123,3,2,0.0010000000474974513,7.70991325378418,7.358570575714111,8.135037422180176,7.78008508682251
MLP_small_RLR_Huber,123,3,3,0.0010000000474974513,7.480646133422852,7.197258949279785,7.904736042022705,7.617142200469971
MLP_small_RLR_Huber,123,3,4,0.0010000000474974513,7.219317436218262,7.054015159606934,7.643057346343994,7.473882675170898
MLP_small_RLR_Huber,123,3,5,0.0010000000474974513,6.977324962615967,6.927890300750732,7.4005818367004395,7.346434593200684
MLP_small_RLR_Huber,123,3,6,0.0010000000474974513,6.747140884399414,6.818744659423828,7.169678688049316,7.23923921585083
MLP_small_RLR_Huber,123,3,7,0.0010000000474974513,6.501433849334717,6.630625247955322,6.923490524291992,7.051362991333008
MLP_small_RLR_Huber,123,3,8,0.0010000000474974513,6.342175483703613,6.536848068237305,6.762587547302246,6.95658540725708
MLP_small_RLR_Huber,123,3,9,0.0010000000474974513,6.196641445159912,6.408870220184326,6.616680145263672,6.8258795738220215
MLP_small_RLR_Huber,123,3,10,0.0010000000474974513,5.985506057739258,6.246949195861816,6.404958248138428,6.663064956665039
MLP_small_RLR_Huber,123,3,11,0.0010000000474974513,5.833057880401611,6.109133720397949,6.251927852630615,6.526326656341553
MLP_small_RLR_Huber,123,3,12,0.0010000000474974513,5.755035400390625,5.992751598358154,6.17204475402832,6.407217502593994
MLP_small_RLR_Huber,123,3,13,0.0010000000474974513,5.652376174926758,5.85870361328125,6.072026252746582,6.271937847137451
MLP_small_RLR_Huber,123,3,14,0.0010000000474974513,5.552632808685303,5.760035514831543,5.973635673522949,6.177266597747803
MLP_small_RLR_Huber,123,3,15,0.0010000000474974513,5.515641212463379,5.7122087478637695,5.936082363128662,6.1290388107299805
MLP_small_RLR_Huber,123,3,16,0.0010000000474974513,5.457582950592041,5.681334495544434,5.878159999847412,6.100265979766846
MLP_small_RLR_Huber,123,3,17,0.0010000000474974513,5.401383399963379,5.622265338897705,5.821910858154297,6.042537212371826
MLP_small_RLR_Huber,123,3,18,0.0010000000474974513,5.356068134307861,5.571813583374023,5.776703357696533,5.9942708015441895
MLP_small_RLR_Huber,123,3,19,0.0010000000474974513,5.304915428161621,5.54777193069458,5.728020191192627,5.972535610198975
MLP_small_RLR_Huber,123,3,20,0.0010000000474974513,5.290630340576172,5.539543151855469,5.712528705596924,5.964196681976318
MLP_small_RLR_Huber,123,3,21,0.0010000000474974513,5.292606353759766,5.531965732574463,5.716922760009766,5.955020904541016
MLP_small_RLR_Huber,123,3,22,0.0010000000474974513,5.25685977935791,5.533675193786621,5.678048610687256,5.955921173095703
MLP_small_RLR_Huber,123,3,23,0.0010000000474974513,5.276458740234375,5.527272701263428,5.698476791381836,5.949030876159668
MLP_small_RLR_Huber,123,3,24,0.0010000000474974513,5.272578716278076,5.534969806671143,5.6954169273376465,5.956921577453613
MLP_small_RLR_Huber,123,3,25,0.0010000000474974513,5.304978847503662,5.525637626647949,5.729966640472412,5.9492363929748535
MLP_small_RLR_Huber,123,3,26,0.0010000000474974513,5.254786968231201,5.526617050170898,5.676424980163574,5.949171543121338
MLP_small_RLR_Huber,123,3,27,0.0010000000474974513,5.188847541809082,5.526139736175537,5.6112799644470215,5.949164867401123
MLP_small_RLR_Huber,123,3,28,0.0010000000474974513,5.258021354675293,5.540561676025391,5.682200908660889,5.965445518493652
MLP_small_RLR_Huber,123,3,29,0.0010000000474974513,5.235342979431152,5.548752307891846,5.656825065612793,5.9728240966796875
MLP_small_RLR_Huber,123,3,30,0.0010000000474974513,5.232356548309326,5.5471038818359375,5.6556196212768555,5.97206974029541
MLP_small_RLR_Huber,123,3,31,0.0010000000474974513,5.216922760009766,5.534151554107666,5.640390396118164,5.959420680999756
MLP_small_RLR_Huber,123,3,32,0.0010000000474974513,5.220856666564941,5.5397491455078125,5.643668174743652,5.965080261230469
MLP_small_RLR_Huber,123,3,33,0.0010000000474974513,5.209343910217285,5.551199436187744,5.63258695602417,5.976464748382568
MLP_small_RLR_Huber,123,3,34,0.0005000000237487257,5.163448810577393,5.5649590492248535,5.586883544921875,5.990408420562744
MLP_small_RLR_Huber,123,3,35,0.0005000000237487257,5.225849628448486,5.547092437744141,5.649416923522949,5.972668170928955
MLP_small_RLR_Huber,123,3,36,0.0005000000237487257,5.211549758911133,5.536793231964111,5.635769367218018,5.962924480438232
MLP_small_RLR_Huber,123,3,37,0.0005000000237487257,5.154341220855713,5.531708717346191,5.577874183654785,5.957823276519775
MLP_small_RLR_Huber,123,3,38,0.0005000000237487257,5.163741588592529,5.5358381271362305,5.58759880065918,5.96158504486084
MLP_small_RLR_Huber,123,3,39,0.0005000000237487257,5.1900634765625,5.541764259338379,5.614725112915039,5.967827320098877
MLP_small_RLR_Huber,123,3,40,0.0005000000237487257,5.159922122955322,5.541514873504639,5.582505702972412,5.9683403968811035
MLP_small_RLR_Huber,123,3,41,0.0005000000237487257,5.174677848815918,5.55327033996582,5.596688747406006,5.979271411895752
MLP_small_RLR_Huber,123,3,42,0.0002500000118743628,5.171595096588135,5.564321994781494,5.595142841339111,5.989900588989258
MLP_small_RLR_Huber,123,3,43,0.0002500000118743628,5.1917724609375,5.5614776611328125,5.6163129806518555,5.987843036651611
MLP_small_RLR_Huber,123,3,44,0.0002500000118743628,5.190963268280029,5.552100658416748,5.614856719970703,5.978333473205566
MLP_small_RLR_Huber,123,3,45,0.0002500000118743628,5.23788595199585,5.542041301727295,5.662067890167236,5.968467712402344
MLP_small_RLR_Huber,123,3,46,0.0002500000118743628,5.130082130432129,5.546514511108398,5.554095268249512,5.972891807556152
MLP_small_RLR_Huber,123,3,47,0.0002500000118743628,5.154042720794678,5.54925537109375,5.577719688415527,5.975677490234375
MLP_small_RLR_Huber,123,3,48,0.0002500000118743628,5.151656627655029,5.543320178985596,5.575830459594727,5.969590663909912
MLP_small_RLR_Huber,123,3,49,0.0002500000118743628,5.203191757202148,5.545328617095947,5.628035545349121,5.971570014953613
MLP_small_RLR_Huber,123,3,50,0.0001250000059371814,5.145027160644531,5.544764995574951,5.568454742431641,5.971039295196533
MLP_small_RLR_Huber,123,4,1,0.0010000000474974513,8.703826904296875,8.13066577911377,9.130616188049316,8.553323745727539
MLP_small_RLR_Huber,123,4,2,0.0010000000474974513,8.343769073486328,7.855982303619385,8.770699501037598,8.281659126281738
MLP_small_RLR_Huber,123,4,3,0.0010000000474974513,8.040238380432129,7.629889488220215,8.466625213623047,8.05505657196045
MLP_small_RLR_Huber,123,4,4,0.0010000000474974513,7.768504619598389,7.441279411315918,8.195001602172852,7.864699840545654
MLP_small_RLR_Huber,123,4,5,0.0010000000474974513,7.522185325622559,7.30817174911499,7.94568395614624,7.729004859924316
MLP_small_RLR_Huber,123,4,6,0.0010000000474974513,7.276303768157959,7.1233391761779785,7.699810028076172,7.540780067443848
MLP_small_RLR_Huber,123,4,7,0.0010000000474974513,7.020411491394043,6.94634485244751,7.443025588989258,7.360188007354736
MLP_small_RLR_Huber,123,4,8,0.0010000000474974513,6.813898086547852,6.793327331542969,7.234651565551758,7.2069196701049805
MLP_small_RLR_Huber,123,4,9,0.0010000000474974513,6.588541030883789,6.589924335479736,7.008218765258789,7.000420093536377
MLP_small_RLR_Huber,123,4,10,0.0010000000474974513,6.363204479217529,6.3632731437683105,6.780171871185303,6.770798683166504
MLP_small_RLR_Huber,123,4,11,0.0010000000474974513,6.195720195770264,6.258709907531738,6.61370849609375,6.665756702423096
MLP_small_RLR_Huber,123,4,12,0.0010000000474974513,6.031982898712158,6.045421600341797,6.449919700622559,6.453106880187988
MLP_small_RLR_Huber,123,4,13,0.0010000000474974513,5.8905744552612305,5.8645853996276855,6.309906005859375,6.276691913604736
MLP_small_RLR_Huber,123,4,14,0.0010000000474974513,5.766918659210205,5.781310081481934,6.18482780456543,6.197293281555176
MLP_small_RLR_Huber,123,4,15,0.0010000000474974513,5.651518821716309,5.713072776794434,6.071774482727051,6.131877422332764
MLP_small_RLR_Huber,123,4,16,0.0010000000474974513,5.602723598480225,5.647190093994141,6.025033473968506,6.069551944732666
MLP_small_RLR_Huber,123,4,17,0.0010000000474974513,5.499130725860596,5.573029041290283,5.922379016876221,5.997951030731201
MLP_small_RLR_Huber,123,4,18,0.0010000000474974513,5.460488796234131,5.513489723205566,5.883077144622803,5.93742561340332
MLP_small_RLR_Huber,123,4,19,0.0010000000474974513,5.420969486236572,5.469755172729492,5.84562873840332,5.894665241241455
MLP_small_RLR_Huber,123,4,20,0.0010000000474974513,5.334636688232422,5.408470630645752,5.760105133056641,5.830625534057617
MLP_small_RLR_Huber,123,4,21,0.0010000000474974513,5.353530406951904,5.371726036071777,5.777665138244629,5.79256010055542
MLP_small_RLR_Huber,123,4,22,0.0010000000474974513,5.271482467651367,5.347620964050293,5.696555137634277,5.769303798675537
MLP_small_RLR_Huber,123,4,23,0.0010000000474974513,5.301150321960449,5.343051910400391,5.728673458099365,5.764980316162109
MLP_small_RLR_Huber,123,4,24,0.0010000000474974513,5.285510540008545,5.320949077606201,5.712192535400391,5.74233865737915
MLP_small_RLR_Huber,123,4,25,0.0010000000474974513,5.290572643280029,5.318342208862305,5.716578483581543,5.7403435707092285
MLP_small_RLR_Huber,123,4,26,0.0010000000474974513,5.293605804443359,5.321229934692383,5.719961166381836,5.740921974182129
MLP_small_RLR_Huber,123,4,27,0.0010000000474974513,5.271660327911377,5.310117721557617,5.697238445281982,5.7323317527771
MLP_small_RLR_Huber,123,4,28,0.0010000000474974513,5.23525333404541,5.292483806610107,5.662468433380127,5.715094566345215
MLP_small_RLR_Huber,123,4,29,0.0010000000474974513,5.2424492835998535,5.290070056915283,5.667027950286865,5.713036060333252
MLP_small_RLR_Huber,123,4,30,0.0010000000474974513,5.261416435241699,5.297535419464111,5.687321186065674,5.719544887542725
MLP_small_RLR_Huber,123,4,31,0.0010000000474974513,5.278904914855957,5.303823947906494,5.704996109008789,5.725879669189453
MLP_small_RLR_Huber,123,4,32,0.0010000000474974513,5.255350589752197,5.284065246582031,5.683351516723633,5.705626487731934
MLP_small_RLR_Huber,123,4,33,0.0010000000474974513,5.201666355133057,5.273329734802246,5.628812313079834,5.695937156677246
MLP_small_RLR_Huber,123,4,34,0.0010000000474974513,5.220351696014404,5.277845859527588,5.646883487701416,5.700220108032227
MLP_small_RLR_Huber,123,4,35,0.0010000000474974513,5.196934223175049,5.265615463256836,5.6244659423828125,5.687798023223877
MLP_small_RLR_Huber,123,4,36,0.0010000000474974513,5.251656532287598,5.283139228820801,5.6790666580200195,5.70730447769165
MLP_small_RLR_Huber,123,4,37,0.0010000000474974513,5.201908588409424,5.28212308883667,5.626250743865967,5.706930637359619
MLP_small_RLR_Huber,123,4,38,0.0010000000474974513,5.192252159118652,5.274972438812256,5.618396282196045,5.697776794433594
MLP_small_RLR_Huber,123,4,39,0.0010000000474974513,5.192743301391602,5.27785062789917,5.6180524826049805,5.702913761138916
MLP_small_RLR_Huber,123,4,40,0.0010000000474974513,5.207054138183594,5.278304576873779,5.635384559631348,5.70317268371582
MLP_small_RLR_Huber,123,4,41,0.0010000000474974513,5.146526336669922,5.277514457702637,5.572896957397461,5.701021194458008
MLP_small_RLR_Huber,123,4,42,0.0010000000474974513,5.165746688842773,5.2930908203125,5.593437194824219,5.716187000274658
MLP_small_RLR_Huber,123,4,43,0.0010000000474974513,5.089576244354248,5.286381721496582,5.516194820404053,5.709933757781982
MLP_small_RLR_Huber,123,4,44,0.0005000000237487257,5.197065353393555,5.294415473937988,5.622051239013672,5.718916893005371
MLP_small_RLR_Huber,123,4,45,0.0005000000237487257,5.102968215942383,5.296036243438721,5.5300421714782715,5.721017360687256
MLP_small_RLR_Huber,123,4,46,0.0005000000237487257,5.135528087615967,5.291067600250244,5.560715198516846,5.71704626083374
MLP_small_RLR_Huber,123,4,47,0.0005000000237487257,5.165196895599365,5.295051097869873,5.592774868011475,5.722214698791504
MLP_small_RLR_Huber,123,4,48,0.0005000000237487257,5.143334865570068,5.291090965270996,5.5689849853515625,5.7168169021606445
MLP_small_RLR_Huber,123,4,49,0.0005000000237487257,5.128648281097412,5.301827907562256,5.5561723709106445,5.728710174560547
MLP_small_RLR_Huber,123,4,50,0.0005000000237487257,5.096288204193115,5.296678066253662,5.523911476135254,5.723797798156738
MLP_small_RLR_Huber,123,4,51,0.0005000000237487257,5.1495280265808105,5.293691635131836,5.575218200683594,5.720701694488525
MLP_small_RLR_Huber,123,4,52,0.0002500000118743628,5.143616199493408,5.292134761810303,5.569365501403809,5.718749046325684
MLP_small_RLR_Huber,123,4,53,0.0002500000118743628,5.156836986541748,5.292790412902832,5.583981037139893,5.719390392303467
MLP_small_RLR_Huber,123,4,54,0.0002500000118743628,5.097928047180176,5.295553684234619,5.525204181671143,5.721468448638916
MLP_small_RLR_Huber,123,4,55,0.0002500000118743628,5.15202522277832,5.294172763824463,5.578824520111084,5.7201433181762695
MLP_small_RLR_Huber,123,4,56,0.0002500000118743628,5.160677433013916,5.292417049407959,5.587381362915039,5.718286037445068
MLP_small_RLR_Huber,123,4,57,0.0002500000118743628,5.087441921234131,5.294546127319336,5.514522552490234,5.720717430114746
MLP_small_RLR_Huber,123,4,58,0.0002500000118743628,5.1309404373168945,5.300935745239258,5.558630466461182,5.726959228515625
MLP_small_RLR_Huber,123,4,59,0.0002500000118743628,5.1051435470581055,5.302122116088867,5.532505035400391,5.728473663330078
MLP_small_RLR_Huber,123,4,60,0.0001250000059371814,5.105996131896973,5.301489353179932,5.532779693603516,5.727802276611328
MLP_small_RLR_Huber,123,5,1,0.0010000000474974513,8.215160369873047,8.228836059570312,8.641027450561523,8.650041580200195
MLP_small_RLR_Huber,123,5,2,0.0010000000474974513,7.868052959442139,7.8449296951293945,8.293354034423828,8.268651008605957
MLP_small_RLR_Huber,123,5,3,0.0010000000474974513,7.560039520263672,7.560530185699463,7.985535621643066,7.982351779937744
MLP_small_RLR_Huber,123,5,4,0.0010000000474974513,7.272531032562256,7.3229780197143555,7.696407318115234,7.742194652557373
MLP_small_RLR_Huber,123,5,5,0.0010000000474974513,6.984911918640137,7.1418657302856445,7.4058122634887695,7.561737537384033
MLP_small_RLR_Huber,123,5,6,0.0010000000474974513,6.748787879943848,6.9452619552612305,7.170453071594238,7.363869667053223
MLP_small_RLR_Huber,123,5,7,0.0010000000474974513,6.525672912597656,6.810127258300781,6.947030067443848,7.225437164306641
MLP_small_RLR_Huber,123,5,8,0.0010000000474974513,6.283474922180176,6.734625816345215,6.702866554260254,7.146883964538574
MLP_small_RLR_Huber,123,5,9,0.0010000000474974513,6.109533786773682,6.573763847351074,6.53041410446167,6.984462738037109
MLP_small_RLR_Huber,123,5,10,0.0010000000474974513,5.917990684509277,6.3126935958862305,6.3370747566223145,6.722637176513672
MLP_small_RLR_Huber,123,5,11,0.0010000000474974513,5.78246545791626,6.110710620880127,6.201295852661133,6.522848606109619
MLP_small_RLR_Huber,123,5,12,0.0010000000474974513,5.684228897094727,5.97428560256958,6.104376792907715,6.390035629272461
MLP_small_RLR_Huber,123,5,13,0.0010000000474974513,5.555166721343994,5.85572624206543,5.97593879699707,6.271734237670898
MLP_small_RLR_Huber,123,5,14,0.0010000000474974513,5.464849948883057,5.818068981170654,5.886098861694336,6.232730388641357
MLP_small_RLR_Huber,123,5,15,0.0010000000474974513,5.470129013061523,5.727623462677002,5.893032550811768,6.143813610076904
MLP_small_RLR_Huber,123,5,16,0.0010000000474974513,5.397216796875,5.64345645904541,5.8198981285095215,6.058855056762695
MLP_small_RLR_Huber,123,5,17,0.0010000000474974513,5.390377998352051,5.5803303718566895,5.8147358894348145,5.996932506561279
MLP_small_RLR_Huber,123,5,18,0.0010000000474974513,5.336854934692383,5.552377700805664,5.7594828605651855,5.973265171051025
MLP_small_RLR_Huber,123,5,19,0.0010000000474974513,5.334532737731934,5.472291946411133,5.757880210876465,5.892369747161865
MLP_small_RLR_Huber,123,5,20,0.0010000000474974513,5.3224287033081055,5.466841220855713,5.747340679168701,5.889316082000732
MLP_small_RLR_Huber,123,5,21,0.0010000000474974513,5.316970348358154,5.446725368499756,5.741806507110596,5.8687744140625
MLP_small_RLR_Huber,123,5,22,0.0010000000474974513,5.264867782592773,5.407784938812256,5.689343452453613,5.828889846801758
MLP_small_RLR_Huber,123,5,23,0.0010000000474974513,5.297192096710205,5.4133124351501465,5.722314834594727,5.833298683166504
MLP_small_RLR_Huber,123,5,24,0.0010000000474974513,5.255618095397949,5.409580707550049,5.6806111335754395,5.831991195678711
MLP_small_RLR_Huber,123,5,25,0.0010000000474974513,5.235882759094238,5.394577980041504,5.6619462966918945,5.817845821380615
MLP_small_RLR_Huber,123,5,26,0.0010000000474974513,5.280824661254883,5.401426792144775,5.706604957580566,5.824426651000977
MLP_small_RLR_Huber,123,5,27,0.0010000000474974513,5.257138729095459,5.389469146728516,5.681133270263672,5.8123297691345215
MLP_small_RLR_Huber,123,5,28,0.0010000000474974513,5.256099700927734,5.367923736572266,5.679434776306152,5.789585590362549
MLP_small_RLR_Huber,123,5,29,0.0010000000474974513,5.220070838928223,5.372063159942627,5.6458916664123535,5.795351982116699
MLP_small_RLR_Huber,123,5,30,0.0010000000474974513,5.257681369781494,5.369918346405029,5.683679580688477,5.793406963348389
MLP_small_RLR_Huber,123,5,31,0.0010000000474974513,5.19827938079834,5.358316421508789,5.620445251464844,5.781326770782471
MLP_small_RLR_Huber,123,5,32,0.0010000000474974513,5.218830585479736,5.340153694152832,5.643815040588379,5.763740539550781
MLP_small_RLR_Huber,123,5,33,0.0010000000474974513,5.178182125091553,5.361791133880615,5.602712631225586,5.785009860992432
MLP_small_RLR_Huber,123,5,34,0.0010000000474974513,5.238853454589844,5.360475540161133,5.663966655731201,5.78380012512207
MLP_small_RLR_Huber,123,5,35,0.0010000000474974513,5.195462703704834,5.356784343719482,5.620467185974121,5.780187129974365
MLP_small_RLR_Huber,123,5,36,0.0010000000474974513,5.194401264190674,5.3758440017700195,5.620182514190674,5.798857688903809
MLP_small_RLR_Huber,123,5,37,0.0010000000474974513,5.159234046936035,5.387523174285889,5.584443092346191,5.810492992401123
MLP_small_RLR_Huber,123,5,38,0.0010000000474974513,5.180974006652832,5.374608039855957,5.605353832244873,5.7974066734313965
MLP_small_RLR_Huber,123,5,39,0.0010000000474974513,5.184652805328369,5.373538970947266,5.609220504760742,5.796882629394531
MLP_small_RLR_Huber,123,5,40,0.0010000000474974513,5.201926231384277,5.3555707931518555,5.62678337097168,5.780520915985107
MLP_small_RLR_Huber,123,5,41,0.0005000000237487257,5.133653163909912,5.358268737792969,5.5590128898620605,5.782780170440674
MLP_small_RLR_Huber,123,5,42,0.0005000000237487257,5.161314010620117,5.356501579284668,5.585810661315918,5.779855251312256
MLP_small_RLR_Huber,123,5,43,0.0005000000237487257,5.159502029418945,5.352391242980957,5.585989475250244,5.7782745361328125
MLP_small_RLR_Huber,123,5,44,0.0005000000237487257,5.137572765350342,5.352687835693359,5.563273906707764,5.778189659118652
MLP_small_RLR_Huber,123,5,45,0.0005000000237487257,5.149011135101318,5.355656623840332,5.575622081756592,5.780107498168945
MLP_small_RLR_Huber,123,5,46,0.0005000000237487257,5.163207054138184,5.356281280517578,5.588942527770996,5.7791523933410645
MLP_small_RLR_Huber,123,5,47,0.0005000000237487257,5.1363983154296875,5.358448505401611,5.5611162185668945,5.781564235687256
MLP_small_RLR_Huber,123,5,48,0.0005000000237487257,5.12780237197876,5.352813720703125,5.552082538604736,5.776970863342285
MLP_small_RLR_Huber,123,5,49,0.0002500000118743628,5.1000494956970215,5.352717399597168,5.527486324310303,5.776424407958984
MLP_small_RLR_Huber,123,5,50,0.0002500000118743628,5.119754314422607,5.348151683807373,5.545043468475342,5.771694660186768
MLP_small_RLR_Huber,123,5,51,0.0002500000118743628,5.13963508605957,5.35236120223999,5.565863609313965,5.776744842529297
MLP_small_RLR_Huber,123,5,52,0.0002500000118743628,5.16606330871582,5.351775169372559,5.590253829956055,5.776096343994141
MLP_small_RLR_Huber,123,5,53,0.0002500000118743628,5.119209289550781,5.349593162536621,5.544612884521484,5.773410320281982
MLP_small_RLR_Huber,123,5,54,0.0002500000118743628,5.111941814422607,5.350469589233398,5.536273002624512,5.774057865142822
MLP_small_RLR_Huber,123,5,55,0.0002500000118743628,5.1090312004089355,5.34962272644043,5.535665035247803,5.773258209228516
MLP_small_RLR_Huber,123,5,56,0.0002500000118743628,5.103840351104736,5.350007057189941,5.529879093170166,5.7741546630859375
MLP_small_RLR_Huber,123,5,57,0.0001250000059371814,5.126989364624023,5.351580619812012,5.5506439208984375,5.775617599487305
MLP_small_RLR_Huber,2026,1,1,0.0010000000474974513,8.521657943725586,8.588961601257324,8.947188377380371,9.016008377075195
MLP_small_RLR_Huber,2026,1,2,0.0010000000474974513,8.236344337463379,8.390969276428223,8.66215705871582,8.819901466369629
MLP_small_RLR_Huber,2026,1,3,0.0010000000474974513,7.976638317108154,8.174898147583008,8.402722358703613,8.603453636169434
MLP_small_RLR_Huber,2026,1,4,0.0010000000474974513,7.748010158538818,7.934078693389893,8.173035621643066,8.362205505371094
MLP_small_RLR_Huber,2026,1,5,0.0010000000474974513,7.568685531616211,7.729761123657227,7.992828369140625,8.159682273864746
MLP_small_RLR_Huber,2026,1,6,0.0010000000474974513,7.384865760803223,7.56640625,7.807957649230957,7.995143413543701
MLP_small_RLR_Huber,2026,1,7,0.0010000000474974513,7.180811882019043,7.4744648933410645,7.602101802825928,7.902055263519287
MLP_small_RLR_Huber,2026,1,8,0.0010000000474974513,6.995538234710693,7.370879173278809,7.416180610656738,7.796602249145508
MLP_small_RLR_Huber,2026,1,9,0.0010000000474974513,6.794021129608154,7.188313961029053,7.212796211242676,7.612013816833496
MLP_small_RLR_Huber,2026,1,10,0.0010000000474974513,6.672719478607178,7.034702301025391,7.094435691833496,7.456418514251709
MLP_small_RLR_Huber,2026,1,11,0.0010000000474974513,6.5218000411987305,6.949162006378174,6.942784786224365,7.367743015289307
MLP_small_RLR_Huber,2026,1,12,0.0010000000474974513,6.382317543029785,6.854469299316406,6.80205774307251,7.2686309814453125
MLP_small_RLR_Huber,2026,1,13,0.0010000000474974513,6.236028671264648,6.745961666107178,6.656497001647949,7.159491539001465
MLP_small_RLR_Huber,2026,1,14,0.0010000000474974513,6.090385913848877,6.60310697555542,6.509400844573975,7.014136791229248
MLP_small_RLR_Huber,2026,1,15,0.0010000000474974513,6.037208080291748,6.40648889541626,6.454174518585205,6.813978672027588
MLP_small_RLR_Huber,2026,1,16,0.0010000000474974513,5.900707244873047,6.259889125823975,6.319815635681152,6.668735504150391
MLP_small_RLR_Huber,2026,1,17,0.0010000000474974513,5.804681777954102,6.110988616943359,6.222643852233887,6.5254106521606445
MLP_small_RLR_Huber,2026,1,18,0.0010000000474974513,5.684416770935059,5.973758697509766,6.102082252502441,6.392232418060303
MLP_small_RLR_Huber,2026,1,19,0.0010000000474974513,5.631474494934082,5.906233787536621,6.050924777984619,6.326109409332275
MLP_small_RLR_Huber,2026,1,20,0.0010000000474974513,5.576267242431641,5.889057636260986,5.992429256439209,6.308676242828369
MLP_small_RLR_Huber,2026,1,21,0.0010000000474974513,5.5148210525512695,5.848376274108887,5.934072017669678,6.266637325286865
MLP_small_RLR_Huber,2026,1,22,0.0010000000474974513,5.507580757141113,5.742491722106934,5.929204940795898,6.157712459564209
MLP_small_RLR_Huber,2026,1,23,0.0010000000474974513,5.458601951599121,5.605172157287598,5.878540992736816,6.0243306159973145
MLP_small_RLR_Huber,2026,1,24,0.0010000000474974513,5.415903091430664,5.557937145233154,5.835480213165283,5.977677822113037
MLP_small_RLR_Huber,2026,1,25,0.0010000000474974513,5.338651180267334,5.550265312194824,5.759932041168213,5.971382141113281
MLP_small_RLR_Huber,2026,1,26,0.0010000000474974513,5.341207981109619,5.507168292999268,5.764575004577637,5.926870822906494
MLP_small_RLR_Huber,2026,1,27,0.0010000000474974513,5.31544303894043,5.4356231689453125,5.7366042137146,5.855205059051514
MLP_small_RLR_Huber,2026,1,28,0.0010000000474974513,5.3050537109375,5.4034647941589355,5.725848197937012,5.8217291831970215
MLP_small_RLR_Huber,2026,1,29,0.0010000000474974513,5.296977996826172,5.393714904785156,5.719781875610352,5.8123040199279785
MLP_small_RLR_Huber,2026,1,30,0.0010000000474974513,5.24377965927124,5.381420135498047,5.665162086486816,5.800230979919434
MLP_small_RLR_Huber,2026,1,31,0.0010000000474974513,5.185064792633057,5.359436511993408,5.607851028442383,5.7777204513549805
MLP_small_RLR_Huber,2026,1,32,0.0010000000474974513,5.209697723388672,5.326722621917725,5.63126802444458,5.746333599090576
MLP_small_RLR_Huber,2026,1,33,0.0010000000474974513,5.289337635040283,5.315862655639648,5.710906505584717,5.736507415771484
MLP_small_RLR_Huber,2026,1,34,0.0010000000474974513,5.2803168296813965,5.307504653930664,5.703464031219482,5.728321552276611
MLP_small_RLR_Huber,2026,1,35,0.0010000000474974513,5.189016342163086,5.291667461395264,5.612422943115234,5.712979793548584
MLP_small_RLR_Huber,2026,1,36,0.0010000000474974513,5.1550469398498535,5.269003391265869,5.578192710876465,5.690650939941406
MLP_small_RLR_Huber,2026,1,37,0.0010000000474974513,5.166935920715332,5.23853063583374,5.590344429016113,5.659135818481445
MLP_small_RLR_Huber,2026,1,38,0.0010000000474974513,5.213571548461914,5.234060287475586,5.637940883636475,5.6557464599609375
MLP_small_RLR_Huber,2026,1,39,0.0010000000474974513,5.165004253387451,5.253969192504883,5.589284896850586,5.675126552581787
MLP_small_RLR_Huber,2026,1,40,0.0010000000474974513,5.215069770812988,5.269093036651611,5.638659954071045,5.689953804016113
MLP_small_RLR_Huber,2026,1,41,0.0010000000474974513,5.100432395935059,5.256389617919922,5.521561622619629,5.678104877471924
MLP_small_RLR_Huber,2026,1,42,0.0010000000474974513,5.1780500411987305,5.239555835723877,5.599728584289551,5.6600446701049805
MLP_small_RLR_Huber,2026,1,43,0.0010000000474974513,5.188844680786133,5.220954418182373,5.613107681274414,5.641603469848633
MLP_small_RLR_Huber,2026,1,44,0.0010000000474974513,5.233914852142334,5.215015411376953,5.656767845153809,5.634838104248047
MLP_small_RLR_Huber,2026,1,45,0.0010000000474974513,5.129971981048584,5.224177360534668,5.551677227020264,5.645585060119629
MLP_small_RLR_Huber,2026,1,46,0.0010000000474974513,5.0691633224487305,5.2070159912109375,5.4918975830078125,5.627548694610596
MLP_small_RLR_Huber,2026,1,47,0.0010000000474974513,5.129441261291504,5.21572208404541,5.552593231201172,5.637883186340332
MLP_small_RLR_Huber,2026,1,48,0.0010000000474974513,5.132040977478027,5.257174968719482,5.553565979003906,5.680668354034424
MLP_small_RLR_Huber,2026,1,49,0.0010000000474974513,5.128700256347656,5.249716281890869,5.5502142906188965,5.673364162445068
MLP_small_RLR_Huber,2026,1,50,0.0010000000474974513,5.080643177032471,5.256953716278076,5.50225305557251,5.681390285491943
MLP_small_RLR_Huber,2026,1,51,0.0010000000474974513,5.183532238006592,5.238458156585693,5.607349872589111,5.665008544921875
MLP_small_RLR_Huber,2026,1,52,0.0010000000474974513,5.112452507019043,5.238485813140869,5.532732009887695,5.665104866027832
MLP_small_RLR_Huber,2026,1,53,0.0010000000474974513,5.133415222167969,5.249383449554443,5.556828498840332,5.672696590423584
MLP_small_RLR_Huber,2026,1,54,0.0010000000474974513,5.073272705078125,5.253396511077881,5.496302604675293,5.676535606384277
MLP_small_RLR_Huber,2026,1,55,0.0005000000237487257,5.115451812744141,5.259053707122803,5.538457870483398,5.683698654174805
MLP_small_RLR_Huber,2026,1,56,0.0005000000237487257,5.082556247711182,5.240378379821777,5.503907203674316,5.664926052093506
MLP_small_RLR_Huber,2026,1,57,0.0005000000237487257,5.069464206695557,5.225341320037842,5.490142822265625,5.650413990020752
MLP_small_RLR_Huber,2026,1,58,0.0005000000237487257,5.092500686645508,5.217106342315674,5.515414237976074,5.642014503479004
MLP_small_RLR_Huber,2026,1,59,0.0005000000237487257,5.078115940093994,5.218147277832031,5.499567985534668,5.643105983734131
MLP_small_RLR_Huber,2026,1,60,0.0005000000237487257,5.09101676940918,5.2280473709106445,5.513906955718994,5.652390003204346
MLP_small_RLR_Huber,2026,1,61,0.0005000000237487257,5.044088363647461,5.234132289886475,5.465059280395508,5.658315181732178
MLP_small_RLR_Huber,2026,1,62,0.0005000000237487257,5.042776107788086,5.231607913970947,5.465596675872803,5.654766082763672
MLP_small_RLR_Huber,2026,1,63,0.0002500000118743628,5.062187671661377,5.230634689331055,5.482844829559326,5.654263019561768
MLP_small_RLR_Huber,2026,1,64,0.0002500000118743628,5.083383560180664,5.2331061363220215,5.506733417510986,5.657731056213379
MLP_small_RLR_Huber,2026,1,65,0.0002500000118743628,5.0475640296936035,5.233619213104248,5.470088481903076,5.658304691314697
MLP_small_RLR_Huber,2026,1,66,0.0002500000118743628,5.030786037445068,5.23390531539917,5.451386451721191,5.6588454246521
MLP_small_RLR_Huber,2026,1,67,0.0002500000118743628,5.047611236572266,5.234745025634766,5.469745635986328,5.659711837768555
MLP_small_RLR_Huber,2026,1,68,0.0002500000118743628,5.004925727844238,5.237643241882324,5.4271016120910645,5.663054466247559
MLP_small_RLR_Huber,2026,1,69,0.0002500000118743628,5.00087833404541,5.23417329788208,5.4213175773620605,5.659290313720703
MLP_small_RLR_Huber,2026,1,70,0.0002500000118743628,5.064874649047852,5.233201026916504,5.487048625946045,5.657938480377197
MLP_small_RLR_Huber,2026,1,71,0.0001250000059371814,4.995391368865967,5.233407020568848,5.417937755584717,5.658214092254639
MLP_small_RLR_Huber,2026,2,1,0.0010000000474974513,8.208343505859375,8.122980117797852,8.635494232177734,8.545257568359375
MLP_small_RLR_Huber,2026,2,2,0.0010000000474974513,7.873090744018555,7.850985050201416,8.301468849182129,8.274212837219238
MLP_small_RLR_Huber,2026,2,3,0.0010000000474974513,7.644400596618652,7.642157077789307,8.068662643432617,8.067361831665039
MLP_small_RLR_Huber,2026,2,4,0.0010000000474974513,7.412472248077393,7.428575038909912,7.836881637573242,7.8568501472473145
MLP_small_RLR_Huber,2026,2,5,0.0010000000474974513,7.1791582107543945,7.261014938354492,7.604293346405029,7.690141201019287
MLP_small_RLR_Huber,2026,2,6,0.0010000000474974513,6.937283992767334,7.1294708251953125,7.360200881958008,7.557803630828857
MLP_small_RLR_Huber,2026,2,7,0.0010000000474974513,6.758832931518555,6.958261013031006,7.182712078094482,7.385303974151611
MLP_small_RLR_Huber,2026,2,8,0.0010000000474974513,6.568679332733154,6.771055698394775,6.9902238845825195,7.199484348297119
MLP_small_RLR_Huber,2026,2,9,0.0010000000474974513,6.347899913787842,6.616910457611084,6.769421100616455,7.043199062347412
MLP_small_RLR_Huber,2026,2,10,0.0010000000474974513,6.209517002105713,6.418444633483887,6.631338596343994,6.84183931350708
MLP_small_RLR_Huber,2026,2,11,0.0010000000474974513,6.078623294830322,6.244608402252197,6.50056791305542,6.661553859710693
MLP_small_RLR_Huber,2026,2,12,0.0010000000474974513,5.973278045654297,6.180807590484619,6.393701553344727,6.594851970672607
MLP_small_RLR_Huber,2026,2,13,0.0010000000474974513,5.80595588684082,6.079267978668213,6.227048397064209,6.491221904754639
MLP_small_RLR_Huber,2026,2,14,0.0010000000474974513,5.695528507232666,5.9725446701049805,6.114768981933594,6.383701324462891
MLP_small_RLR_Huber,2026,2,15,0.0010000000474974513,5.644972801208496,5.861306667327881,6.065112590789795,6.272595405578613
MLP_small_RLR_Huber,2026,2,16,0.0010000000474974513,5.580838680267334,5.785884380340576,6.002729415893555,6.198376655578613
MLP_small_RLR_Huber,2026,2,17,0.0010000000474974513,5.53570032119751,5.708588123321533,5.956874370574951,6.122846603393555
MLP_small_RLR_Huber,2026,2,18,0.0010000000474974513,5.438969135284424,5.643851280212402,5.858996391296387,6.062593460083008
MLP_small_RLR_Huber,2026,2,19,0.0010000000474974513,5.422924518585205,5.608520030975342,5.843775749206543,6.030775547027588
MLP_small_RLR_Huber,2026,2,20,0.0010000000474974513,5.387491226196289,5.566683769226074,5.810279369354248,5.990885257720947
MLP_small_RLR_Huber,2026,2,21,0.0010000000474974513,5.332332134246826,5.539665222167969,5.754467010498047,5.96376895904541
MLP_small_RLR_Huber,2026,2,22,0.0010000000474974513,5.359924793243408,5.506560802459717,5.782287120819092,5.92918062210083
MLP_small_RLR_Huber,2026,2,23,0.0010000000474974513,5.29620885848999,5.485596179962158,5.718486785888672,5.905732154846191
MLP_small_RLR_Huber,2026,2,24,0.0010000000474974513,5.331043243408203,5.462682247161865,5.752581596374512,5.882136344909668
MLP_small_RLR_Huber,2026,2,25,0.0010000000474974513,5.239891529083252,5.450434684753418,5.6619038581848145,5.868361473083496
MLP_small_RLR_Huber,2026,2,26,0.0010000000474974513,5.243510723114014,5.441977500915527,5.66594123840332,5.860567092895508
MLP_small_RLR_Huber,2026,2,27,0.0010000000474974513,5.222022533416748,5.437376022338867,5.643520355224609,5.855542182922363
MLP_small_RLR_Huber,2026,2,28,0.0010000000474974513,5.203897953033447,5.422420024871826,5.62653112411499,5.842053413391113
MLP_small_RLR_Huber,2026,2,29,0.0010000000474974513,5.224830150604248,5.419808864593506,5.648280143737793,5.838911533355713
MLP_small_RLR_Huber,2026,2,30,0.0010000000474974513,5.253220558166504,5.410294055938721,5.67728328704834,5.8307881355285645
MLP_small_RLR_Huber,2026,2,31,0.0010000000474974513,5.18798303604126,5.410028457641602,5.609452247619629,5.8313751220703125
MLP_small_RLR_Huber,2026,2,32,0.0010000000474974513,5.229776382446289,5.405691146850586,5.652726173400879,5.826226234436035
MLP_small_RLR_Huber,2026,2,33,0.0010000000474974513,5.204555034637451,5.389407157897949,5.627768516540527,5.8128838539123535
MLP_small_RLR_Huber,2026,2,34,0.0010000000474974513,5.2270965576171875,5.385581016540527,5.650647163391113,5.808889389038086
MLP_small_RLR_Huber,2026,2,35,0.0010000000474974513,5.218332290649414,5.391994476318359,5.63841438293457,5.813739776611328
MLP_small_RLR_Huber,2026,2,36,0.0010000000474974513,5.21608829498291,5.400671482086182,5.638718128204346,5.820850849151611
MLP_small_RLR_Huber,2026,2,37,0.0010000000474974513,5.19115686416626,5.397160053253174,5.611883640289307,5.816700458526611
MLP_small_RLR_Huber,2026,2,38,0.0010000000474974513,5.204127311706543,5.389984130859375,5.625242233276367,5.808122158050537
MLP_small_RLR_Huber,2026,2,39,0.0010000000474974513,5.117713451385498,5.389814853668213,5.539556503295898,5.808813095092773
MLP_small_RLR_Huber,2026,2,40,0.0010000000474974513,5.180129528045654,5.383748531341553,5.603652477264404,5.802450656890869
MLP_small_RLR_Huber,2026,2,41,0.0010000000474974513,5.226072788238525,5.377877235412598,5.649250030517578,5.7976789474487305
MLP_small_RLR_Huber,2026,2,42,0.0010000000474974513,5.187335014343262,5.378879547119141,5.609070301055908,5.798395156860352
MLP_small_RLR_Huber,2026,2,43,0.0010000000474974513,5.115835189819336,5.379215717315674,5.538173198699951,5.7972917556762695
MLP_small_RLR_Huber,2026,2,44,0.0010000000474974513,5.195855140686035,5.3841328620910645,5.617728233337402,5.80526065826416
MLP_small_RLR_Huber,2026,2,45,0.0010000000474974513,5.125315189361572,5.382751941680908,5.549904823303223,5.805375576019287
MLP_small_RLR_Huber,2026,2,46,0.0010000000474974513,5.12899112701416,5.38742733001709,5.55185079574585,5.810740947723389
MLP_small_RLR_Huber,2026,2,47,0.0010000000474974513,5.132709503173828,5.378042697906494,5.559362411499023,5.799560070037842
MLP_small_RLR_Huber,2026,2,48,0.0010000000474974513,5.084183216094971,5.377121448516846,5.507104873657227,5.79506778717041
MLP_small_RLR_Huber,2026,2,49,0.0010000000474974513,5.135342597961426,5.374155044555664,5.558432579040527,5.793777942657471
MLP_small_RLR_Huber,2026,2,50,0.0010000000474974513,5.113590240478516,5.383416175842285,5.535322189331055,5.801624298095703
MLP_small_RLR_Huber,2026,2,51,0.0010000000474974513,5.123048782348633,5.393670558929443,5.547085762023926,5.812973976135254
MLP_small_RLR_Huber,2026,2,52,0.0010000000474974513,5.112700939178467,5.389458656311035,5.5377068519592285,5.806285381317139
MLP_small_RLR_Huber,2026,2,53,0.0010000000474974513,5.06494140625,5.380870342254639,5.486486434936523,5.800402641296387
MLP_small_RLR_Huber,2026,2,54,0.0010000000474974513,5.09316349029541,5.383632659912109,5.517141819000244,5.802516937255859
MLP_small_RLR_Huber,2026,2,55,0.0010000000474974513,5.043564796447754,5.388108730316162,5.467331409454346,5.808474540710449
MLP_small_RLR_Huber,2026,2,56,0.0010000000474974513,5.014044761657715,5.378351211547852,5.436989784240723,5.798178672790527
MLP_small_RLR_Huber,2026,2,57,0.0010000000474974513,5.059050559997559,5.391655921936035,5.482838153839111,5.812836647033691
MLP_small_RLR_Huber,2026,2,58,0.0005000000237487257,5.142965793609619,5.394575119018555,5.565764427185059,5.814966678619385
MLP_small_RLR_Huber,2026,2,59,0.0005000000237487257,5.031213283538818,5.383621692657471,5.455068111419678,5.8042778968811035
MLP_small_RLR_Huber,2026,2,60,0.0005000000237487257,5.0545878410339355,5.377048492431641,5.476592540740967,5.796730995178223
MLP_small_RLR_Huber,2026,2,61,0.0005000000237487257,5.0326056480407715,5.375621795654297,5.4556565284729,5.795152187347412
MLP_small_RLR_Huber,2026,2,62,0.0005000000237487257,5.028261661529541,5.382378578186035,5.448832988739014,5.801877021789551
MLP_small_RLR_Huber,2026,2,63,0.0005000000237487257,5.022319793701172,5.37469482421875,5.445985317230225,5.792544841766357
MLP_small_RLR_Huber,2026,2,64,0.0005000000237487257,5.024349689483643,5.369767665863037,5.447355270385742,5.787322521209717
MLP_small_RLR_Huber,2026,2,65,0.0005000000237487257,5.06638765335083,5.368186950683594,5.489330291748047,5.7857842445373535
MLP_small_RLR_Huber,2026,2,66,0.0005000000237487257,5.050495624542236,5.3711466789245605,5.473642826080322,5.789116859436035
MLP_small_RLR_Huber,2026,2,67,0.0005000000237487257,5.045529842376709,5.368556499481201,5.470146179199219,5.788175582885742
MLP_small_RLR_Huber,2026,2,68,0.0005000000237487257,4.980257987976074,5.373114585876465,5.4046711921691895,5.793167591094971
MLP_small_RLR_Huber,2026,2,69,0.0005000000237487257,4.962023735046387,5.374597549438477,5.383228302001953,5.794076442718506
MLP_small_RLR_Huber,2026,2,70,0.0005000000237487257,5.031977653503418,5.374001502990723,5.456174850463867,5.792134761810303
MLP_small_RLR_Huber,2026,2,71,0.0005000000237487257,5.055519104003906,5.3777666091918945,5.4777727127075195,5.79673433303833
MLP_small_RLR_Huber,2026,2,72,0.0005000000237487257,5.034967422485352,5.383141994476318,5.459003448486328,5.8034563064575195
MLP_small_RLR_Huber,2026,2,73,0.0005000000237487257,5.050300598144531,5.385183811187744,5.474449634552002,5.805545330047607
MLP_small_RLR_Huber,2026,2,74,0.0002500000118743628,5.05378532409668,5.386055946350098,5.479252338409424,5.8070068359375
MLP_small_RLR_Huber,2026,2,75,0.0002500000118743628,4.983278751373291,5.384965896606445,5.407176971435547,5.806570529937744
MLP_small_RLR_Huber,2026,2,76,0.0002500000118743628,5.007396221160889,5.382380962371826,5.431642532348633,5.8044915199279785
MLP_small_RLR_Huber,2026,2,77,0.0002500000118743628,5.042895317077637,5.379751205444336,5.467615604400635,5.801526069641113
MLP_small_RLR_Huber,2026,2,78,0.0002500000118743628,5.056600570678711,5.3767313957214355,5.480013370513916,5.797882556915283
MLP_small_RLR_Huber,2026,2,79,0.0002500000118743628,4.987369060516357,5.376708507537842,5.410627365112305,5.797951698303223
MLP_small_RLR_Huber,2026,2,80,0.0002500000118743628,4.9738640785217285,5.377440929412842,5.398063659667969,5.799184799194336
MLP_small_RLR_Huber,2026,2,81,0.0002500000118743628,5.043844699859619,5.38021183013916,5.4685378074646,5.801457405090332
MLP_small_RLR_Huber,2026,2,82,0.0001250000059371814,5.014886856079102,5.379299163818359,5.438469886779785,5.800511837005615
MLP_small_RLR_Huber,2026,2,83,0.0001250000059371814,5.036009311676025,5.37886905670166,5.459564685821533,5.800317764282227
MLP_small_RLR_Huber,2026,2,84,0.0001250000059371814,5.0420026779174805,5.378281593322754,5.466000080108643,5.799984931945801
MLP_small_RLR_Huber,2026,2,85,0.0001250000059371814,4.971311092376709,5.378818511962891,5.394286632537842,5.800783157348633
MLP_small_RLR_Huber,2026,2,86,0.0001250000059371814,5.001047134399414,5.37785005569458,5.423032760620117,5.799760818481445
MLP_small_RLR_Huber,2026,2,87,0.0001250000059371814,5.033771991729736,5.378817081451416,5.457068920135498,5.801094055175781
MLP_small_RLR_Huber,2026,2,88,0.0001250000059371814,5.005446434020996,5.379138469696045,5.42861795425415,5.801355838775635
MLP_small_RLR_Huber,2026,2,89,0.0001250000059371814,4.985535144805908,5.3787407875061035,5.4093828201293945,5.801235198974609
MLP_small_RLR_Huber,2026,2,90,6.25000029685907e-05,4.971139907836914,5.379208564758301,5.392100811004639,5.8017730712890625
MLP_small_RLR_Huber,2026,3,1,0.0010000000474974513,8.385645866394043,7.812437057495117,8.812606811523438,8.232303619384766
MLP_small_RLR_Huber,2026,3,2,0.0010000000474974513,8.045317649841309,7.631555080413818,8.469816207885742,8.055049896240234
MLP_small_RLR_Huber,2026,3,3,0.0010000000474974513,7.7837138175964355,7.4704437255859375,8.209610939025879,7.892637252807617
MLP_small_RLR_Huber,2026,3,4,0.0010000000474974513,7.545405387878418,7.300368309020996,7.9700117111206055,7.721860885620117
MLP_small_RLR_Huber,2026,3,5,0.0010000000474974513,7.281739711761475,7.222230911254883,7.705087184906006,7.642350196838379
MLP_small_RLR_Huber,2026,3,6,0.0010000000474974513,7.088703155517578,7.073105335235596,7.511496543884277,7.4913153648376465
MLP_small_RLR_Huber,2026,3,7,0.0010000000474974513,6.8744893074035645,6.888796329498291,7.296193599700928,7.309689044952393
MLP_small_RLR_Huber,2026,3,8,0.0010000000474974513,6.666726589202881,6.841940402984619,7.089334487915039,7.261699199676514
MLP_small_RLR_Huber,2026,3,9,0.0010000000474974513,6.468985557556152,6.751859188079834,6.889085292816162,7.169633865356445
MLP_small_RLR_Huber,2026,3,10,0.0010000000474974513,6.304877281188965,6.54883337020874,6.725132465362549,6.9633965492248535
MLP_small_RLR_Huber,2026,3,11,0.0010000000474974513,6.136904716491699,6.321163654327393,6.556981563568115,6.736368656158447
MLP_small_RLR_Huber,2026,3,12,0.0010000000474974513,5.999240875244141,6.150981426239014,6.416923522949219,6.565277099609375
MLP_small_RLR_Huber,2026,3,13,0.0010000000474974513,5.915998935699463,6.057887554168701,6.334279537200928,6.469210624694824
MLP_small_RLR_Huber,2026,3,14,0.0010000000474974513,5.788565635681152,5.9984211921691895,6.20759391784668,6.412001132965088
MLP_small_RLR_Huber,2026,3,15,0.0010000000474974513,5.676077842712402,5.91249942779541,6.095553398132324,6.328433513641357
MLP_small_RLR_Huber,2026,3,16,0.0010000000474974513,5.600127220153809,5.835626125335693,6.018885612487793,6.2502875328063965
MLP_small_RLR_Huber,2026,3,17,0.0010000000474974513,5.512495517730713,5.795997619628906,5.934102535247803,6.212508678436279
MLP_small_RLR_Huber,2026,3,18,0.0010000000474974513,5.42279577255249,5.7383928298950195,5.843734264373779,6.154747009277344
MLP_small_RLR_Huber,2026,3,19,0.0010000000474974513,5.433688640594482,5.664096355438232,5.856045246124268,6.081377983093262
MLP_small_RLR_Huber,2026,3,20,0.0010000000474974513,5.344682216644287,5.640647888183594,5.766908645629883,6.059018135070801
MLP_small_RLR_Huber,2026,3,21,0.0010000000474974513,5.301823139190674,5.61187744140625,5.723352909088135,6.03252649307251
MLP_small_RLR_Huber,2026,3,22,0.0010000000474974513,5.339123725891113,5.597014427185059,5.760699272155762,6.019095420837402
MLP_small_RLR_Huber,2026,3,23,0.0010000000474974513,5.33655309677124,5.571916103363037,5.760252475738525,5.994778633117676
MLP_small_RLR_Huber,2026,3,24,0.0010000000474974513,5.29432487487793,5.565330505371094,5.719336986541748,5.98509407043457
MLP_small_RLR_Huber,2026,3,25,0.0010000000474974513,5.292150974273682,5.548569202423096,5.715336799621582,5.969519138336182
MLP_small_RLR_Huber,2026,3,26,0.0010000000474974513,5.270512104034424,5.523210525512695,5.694499492645264,5.9449462890625
MLP_small_RLR_Huber,2026,3,27,0.0010000000474974513,5.242314338684082,5.512365341186523,5.665626049041748,5.934460639953613
MLP_small_RLR_Huber,2026,3,28,0.0010000000474974513,5.1915178298950195,5.5067033767700195,5.614541530609131,5.929450988769531
MLP_small_RLR_Huber,2026,3,29,0.0010000000474974513,5.315967082977295,5.493930816650391,5.739798069000244,5.915256977081299
MLP_small_RLR_Huber,2026,3,30,0.0010000000474974513,5.27216100692749,5.476360321044922,5.696905136108398,5.89818000793457
MLP_small_RLR_Huber,2026,3,31,0.0010000000474974513,5.249201774597168,5.472213268280029,5.673685073852539,5.894083499908447
MLP_small_RLR_Huber,2026,3,32,0.0010000000474974513,5.188457012176514,5.47940731048584,5.6115899085998535,5.901994228363037
MLP_small_RLR_Huber,2026,3,33,0.0010000000474974513,5.240518569946289,5.485891819000244,5.664633750915527,5.909836769104004
MLP_small_RLR_Huber,2026,3,34,0.0010000000474974513,5.2290873527526855,5.496868133544922,5.654352188110352,5.919994831085205
MLP_small_RLR_Huber,2026,3,35,0.0010000000474974513,5.246430397033691,5.497771263122559,5.671802520751953,5.920929431915283
MLP_small_RLR_Huber,2026,3,36,0.0010000000474974513,5.178043365478516,5.487795829772949,5.603630542755127,5.908791542053223
MLP_small_RLR_Huber,2026,3,37,0.0010000000474974513,5.178801536560059,5.477738857269287,5.602449893951416,5.89795446395874
MLP_small_RLR_Huber,2026,3,38,0.0010000000474974513,5.17449951171875,5.5005106925964355,5.59768009185791,5.921314239501953
MLP_small_RLR_Huber,2026,3,39,0.0010000000474974513,5.185280799865723,5.493080139160156,5.612220287322998,5.914080619812012
MLP_small_RLR_Huber,2026,3,40,0.0005000000237487257,5.164780139923096,5.488916873931885,5.590492248535156,5.908957004547119
MLP_small_RLR_Huber,2026,3,41,0.0005000000237487257,5.153955936431885,5.487981796264648,5.579473972320557,5.9096903800964355
MLP_small_RLR_Huber,2026,3,42,0.0005000000237487257,5.157146453857422,5.482402324676514,5.580731391906738,5.905152797698975
MLP_small_RLR_Huber,2026,3,43,0.0005000000237487257,5.169102191925049,5.48072624206543,5.594749927520752,5.903217792510986
MLP_small_RLR_Huber,2026,3,44,0.0005000000237487257,5.133832931518555,5.484108924865723,5.55877161026001,5.906323432922363
MLP_small_RLR_Huber,2026,3,45,0.0005000000237487257,5.183002948760986,5.487075328826904,5.606402397155762,5.90949821472168
MLP_small_RLR_Huber,2026,3,46,0.0005000000237487257,5.16937255859375,5.480742931365967,5.594844818115234,5.903512477874756
MLP_small_RLR_Huber,2026,3,47,0.0005000000237487257,5.118383407592773,5.488071918487549,5.5428338050842285,5.910628318786621
MLP_small_RLR_Huber,2026,3,48,0.0002500000118743628,5.148838996887207,5.4863409996032715,5.573590278625488,5.908364295959473
MLP_small_RLR_Huber,2026,3,49,0.0002500000118743628,5.147953987121582,5.484807014465332,5.571448802947998,5.905882358551025
MLP_small_RLR_Huber,2026,3,50,0.0002500000118743628,5.161280632019043,5.4878740310668945,5.584613800048828,5.909107208251953
MLP_small_RLR_Huber,2026,3,51,0.0002500000118743628,5.123973846435547,5.485752105712891,5.548644542694092,5.906839847564697
MLP_small_RLR_Huber,2026,3,52,0.0002500000118743628,5.084290027618408,5.494161605834961,5.509496212005615,5.916136264801025
MLP_small_RLR_Huber,2026,3,53,0.0002500000118743628,5.0606489181518555,5.493100643157959,5.484121322631836,5.915122985839844
MLP_small_RLR_Huber,2026,3,54,0.0002500000118743628,5.169723987579346,5.486114978790283,5.5949578285217285,5.908920764923096
MLP_small_RLR_Huber,2026,3,55,0.0002500000118743628,5.141060829162598,5.4901227951049805,5.56450080871582,5.913522243499756
MLP_small_RLR_Huber,2026,3,56,0.0001250000059371814,5.119049072265625,5.492635250091553,5.544607639312744,5.916222095489502
MLP_small_RLR_Huber,2026,4,1,0.0010000000474974513,8.22606372833252,7.813811302185059,8.65268611907959,8.233936309814453
MLP_small_RLR_Huber,2026,4,2,0.0010000000474974513,7.879848480224609,7.600030422210693,8.305604934692383,8.024020195007324
MLP_small_RLR_Huber,2026,4,3,0.0010000000474974513,7.537931442260742,7.433106899261475,7.963500022888184,7.856147289276123
MLP_small_RLR_Huber,2026,4,4,0.0010000000474974513,7.243926525115967,7.2515363693237305,7.667596817016602,7.674604415893555
MLP_small_RLR_Huber,2026,4,5,0.0010000000474974513,6.9702959060668945,7.037448406219482,7.393259525299072,7.460770606994629
MLP_small_RLR_Huber,2026,4,6,0.0010000000474974513,6.732151985168457,6.9204230308532715,7.153825759887695,7.342290878295898
MLP_small_RLR_Huber,2026,4,7,0.0010000000474974513,6.542245388031006,6.714356899261475,6.965887546539307,7.133584499359131
MLP_small_RLR_Huber,2026,4,8,0.0010000000474974513,6.2983245849609375,6.515030860900879,6.720097541809082,6.933718204498291
MLP_small_RLR_Huber,2026,4,9,0.0010000000474974513,6.154675006866455,6.3492913246154785,6.576175212860107,6.763680458068848
MLP_small_RLR_Huber,2026,4,10,0.0010000000474974513,6.010871410369873,6.278295040130615,6.43218994140625,6.690952777862549
MLP_small_RLR_Huber,2026,4,11,0.0010000000474974513,5.849628448486328,6.109888553619385,6.270279407501221,6.52257776260376
MLP_small_RLR_Huber,2026,4,12,0.0010000000474974513,5.718945503234863,5.914646625518799,6.1397552490234375,6.325716972351074
MLP_small_RLR_Huber,2026,4,13,0.0010000000474974513,5.6410932540893555,5.807867527008057,6.059597015380859,6.21881628036499
MLP_small_RLR_Huber,2026,4,14,0.0010000000474974513,5.570550441741943,5.7188191413879395,5.989986896514893,6.131154537200928
MLP_small_RLR_Huber,2026,4,15,0.0010000000474974513,5.475743770599365,5.671911716461182,5.8954362869262695,6.08605432510376
MLP_small_RLR_Huber,2026,4,16,0.0010000000474974513,5.471229553222656,5.57042932510376,5.890567779541016,5.98919677734375
MLP_small_RLR_Huber,2026,4,17,0.0010000000474974513,5.428792476654053,5.509939670562744,5.849311351776123,5.92901611328125
MLP_small_RLR_Huber,2026,4,18,0.0010000000474974513,5.375417709350586,5.44403076171875,5.795529842376709,5.863887310028076
MLP_small_RLR_Huber,2026,4,19,0.0010000000474974513,5.353907585144043,5.41575288772583,5.775207042694092,5.836461544036865
MLP_small_RLR_Huber,2026,4,20,0.0010000000474974513,5.35167121887207,5.382351875305176,5.7720136642456055,5.802268028259277
MLP_small_RLR_Huber,2026,4,21,0.0010000000474974513,5.3451924324035645,5.369814872741699,5.765100479125977,5.790897369384766
MLP_small_RLR_Huber,2026,4,22,0.0010000000474974513,5.403306484222412,5.355301380157471,5.824868679046631,5.7760491371154785
MLP_small_RLR_Huber,2026,4,23,0.0010000000474974513,5.301686763763428,5.338839054107666,5.721927642822266,5.75726842880249
MLP_small_RLR_Huber,2026,4,24,0.0010000000474974513,5.309008598327637,5.298209190368652,5.733120918273926,5.716815948486328
MLP_small_RLR_Huber,2026,4,25,0.0010000000474974513,5.308738708496094,5.277336120605469,5.731797218322754,5.693188190460205
MLP_small_RLR_Huber,2026,4,26,0.0010000000474974513,5.252087593078613,5.270549774169922,5.674654960632324,5.686042308807373
MLP_small_RLR_Huber,2026,4,27,0.0010000000474974513,5.287487983703613,5.272706031799316,5.7074737548828125,5.689706802368164
MLP_small_RLR_Huber,2026,4,28,0.0010000000474974513,5.255766868591309,5.269592761993408,5.676943302154541,5.68658447265625
MLP_small_RLR_Huber,2026,4,29,0.0010000000474974513,5.303318023681641,5.268327713012695,5.727411270141602,5.683815956115723
MLP_small_RLR_Huber,2026,4,30,0.0010000000474974513,5.295211315155029,5.291895389556885,5.719113349914551,5.707026958465576
MLP_small_RLR_Huber,2026,4,31,0.0010000000474974513,5.321573734283447,5.271734237670898,5.743429660797119,5.685202121734619
MLP_small_RLR_Huber,2026,4,32,0.0010000000474974513,5.259706974029541,5.26797342300415,5.683910846710205,5.682281494140625
MLP_small_RLR_Huber,2026,4,33,0.0010000000474974513,5.317820072174072,5.246506214141846,5.741152763366699,5.661532402038574
MLP_small_RLR_Huber,2026,4,34,0.0010000000474974513,5.252789497375488,5.254522323608398,5.676061630249023,5.6707000732421875
MLP_small_RLR_Huber,2026,4,35,0.0010000000474974513,5.250272274017334,5.284374237060547,5.672624588012695,5.700267314910889
MLP_small_RLR_Huber,2026,4,36,0.0010000000474974513,5.24151611328125,5.295863628387451,5.6638946533203125,5.71403694152832
MLP_small_RLR_Huber,2026,4,37,0.0010000000474974513,5.223128318786621,5.28289794921875,5.645183563232422,5.698980331420898
MLP_small_RLR_Huber,2026,4,38,0.0010000000474974513,5.230620384216309,5.289605140686035,5.655093669891357,5.707754611968994
MLP_small_RLR_Huber,2026,4,39,0.0010000000474974513,5.205133438110352,5.273209571838379,5.628331661224365,5.691614151000977
MLP_small_RLR_Huber,2026,4,40,0.0010000000474974513,5.242847919464111,5.275068759918213,5.665627479553223,5.692984104156494
MLP_small_RLR_Huber,2026,4,41,0.0010000000474974513,5.247255325317383,5.279285907745361,5.6709394454956055,5.697521209716797
MLP_small_RLR_Huber,2026,4,42,0.0005000000237487257,5.189943790435791,5.281153678894043,5.613044738769531,5.700820446014404
MLP_small_RLR_Huber,2026,4,43,0.0005000000237487257,5.240574836730957,5.288834571838379,5.664806842803955,5.708908557891846
MLP_small_RLR_Huber,2026,4,44,0.0005000000237487257,5.20681619644165,5.296407699584961,5.630946159362793,5.7168288230896
MLP_small_RLR_Huber,2026,4,45,0.0005000000237487257,5.164910316467285,5.291841506958008,5.588299751281738,5.711130142211914
MLP_small_RLR_Huber,2026,4,46,0.0005000000237487257,5.206442356109619,5.2894511222839355,5.6295485496521,5.709445476531982
MLP_small_RLR_Huber,2026,4,47,0.0005000000237487257,5.2048444747924805,5.2887163162231445,5.628469944000244,5.707745552062988
MLP_small_RLR_Huber,2026,4,48,0.0005000000237487257,5.176948547363281,5.2936882972717285,5.60214376449585,5.713704586029053
MLP_small_RLR_Huber,2026,4,49,0.0005000000237487257,5.186293125152588,5.2901811599731445,5.611693382263184,5.710517883300781
MLP_small_RLR_Huber,2026,4,50,0.0002500000118743628,5.213846206665039,5.288254261016846,5.636045455932617,5.708628177642822
MLP_small_RLR_Huber,2026,4,51,0.0002500000118743628,5.1757121086120605,5.287286281585693,5.597344875335693,5.707211494445801
MLP_small_RLR_Huber,2026,4,52,0.0002500000118743628,5.162845611572266,5.281997203826904,5.586156368255615,5.700636863708496
MLP_small_RLR_Huber,2026,4,53,0.0002500000118743628,5.157638072967529,5.277442932128906,5.582403182983398,5.696526527404785
MLP_small_RLR_Huber,2026,4,54,0.0002500000118743628,5.169067859649658,5.2792863845825195,5.59311056137085,5.698090076446533
MLP_small_RLR_Huber,2026,4,55,0.0002500000118743628,5.199068069458008,5.284412860870361,5.624317646026611,5.703681468963623
MLP_small_RLR_Huber,2026,4,56,0.0002500000118743628,5.1644816398620605,5.287376403808594,5.589379787445068,5.706606388092041
MLP_small_RLR_Huber,2026,4,57,0.0002500000118743628,5.176004409790039,5.287306308746338,5.599476337432861,5.707139015197754
MLP_small_RLR_Huber,2026,4,58,0.0001250000059371814,5.1420392990112305,5.285665035247803,5.566437721252441,5.705604553222656
MLP_small_RLR_Huber,2026,5,1,0.0010000000474974513,8.08003044128418,7.904932022094727,8.506327629089355,8.323629379272461
MLP_small_RLR_Huber,2026,5,2,0.0010000000474974513,7.728929042816162,7.650233268737793,8.154928207397461,8.071526527404785
MLP_small_RLR_Huber,2026,5,3,0.0010000000474974513,7.420137405395508,7.3833441734313965,7.844944953918457,7.804400444030762
MLP_small_RLR_Huber,2026,5,4,0.0010000000474974513,7.096635818481445,7.170405387878418,7.520577430725098,7.5910868644714355
MLP_small_RLR_Huber,2026,5,5,0.0010000000474974513,6.837050914764404,7.051363468170166,7.259912490844727,7.469449043273926
MLP_small_RLR_Huber,2026,5,6,0.0010000000474974513,6.601437568664551,6.920709609985352,7.022826194763184,7.336639404296875
MLP_small_RLR_Huber,2026,5,7,0.0010000000474974513,6.35521936416626,6.692353248596191,6.776846408843994,7.104490756988525
MLP_small_RLR_Huber,2026,5,8,0.0010000000474974513,6.1650261878967285,6.522089004516602,6.585604667663574,6.931944370269775
MLP_small_RLR_Huber,2026,5,9,0.0010000000474974513,5.952256202697754,6.388830184936523,6.371987819671631,6.796843528747559
MLP_small_RLR_Huber,2026,5,10,0.0010000000474974513,5.785672187805176,6.1491379737854,6.204625606536865,6.55999231338501
MLP_small_RLR_Huber,2026,5,11,0.0010000000474974513,5.684629917144775,6.014833450317383,6.10569429397583,6.428886890411377
MLP_small_RLR_Huber,2026,5,12,0.0010000000474974513,5.583998203277588,5.912585735321045,6.003993988037109,6.325766086578369
MLP_small_RLR_Huber,2026,5,13,0.0010000000474974513,5.50244140625,5.793941974639893,5.922536849975586,6.210264205932617
MLP_small_RLR_Huber,2026,5,14,0.0010000000474974513,5.45591402053833,5.702444076538086,5.879487037658691,6.124722957611084
MLP_small_RLR_Huber,2026,5,15,0.0010000000474974513,5.3694963455200195,5.636406898498535,5.792309284210205,6.059292316436768
MLP_small_RLR_Huber,2026,5,16,0.0010000000474974513,5.348869323730469,5.570950031280518,5.772561073303223,5.992654323577881
MLP_small_RLR_Huber,2026,5,17,0.0010000000474974513,5.365451335906982,5.513011455535889,5.790599346160889,5.938140392303467
MLP_small_RLR_Huber,2026,5,18,0.0010000000474974513,5.307830333709717,5.461448669433594,5.7332000732421875,5.887207508087158
MLP_small_RLR_Huber,2026,5,19,0.0010000000474974513,5.3232340812683105,5.42958402633667,5.748104095458984,5.854825019836426
MLP_small_RLR_Huber,2026,5,20,0.0010000000474974513,5.329657077789307,5.4272236824035645,5.754677772521973,5.852360725402832
MLP_small_RLR_Huber,2026,5,21,0.0010000000474974513,5.264988899230957,5.424735069274902,5.688889026641846,5.849328994750977
MLP_small_RLR_Huber,2026,5,22,0.0010000000474974513,5.294031620025635,5.411506652832031,5.72016716003418,5.836708068847656
MLP_small_RLR_Huber,2026,5,23,0.0010000000474974513,5.274642467498779,5.397703170776367,5.699506759643555,5.823493957519531
MLP_small_RLR_Huber,2026,5,24,0.0010000000474974513,5.284318923950195,5.403425693511963,5.709839820861816,5.8275299072265625
MLP_small_RLR_Huber,2026,5,25,0.0010000000474974513,5.260912895202637,5.406748294830322,5.687087535858154,5.830017566680908
MLP_small_RLR_Huber,2026,5,26,0.0010000000474974513,5.268085479736328,5.401309013366699,5.692758560180664,5.825235843658447
MLP_small_RLR_Huber,2026,5,27,0.0010000000474974513,5.263415336608887,5.394555568695068,5.687817096710205,5.820036888122559
MLP_small_RLR_Huber,2026,5,28,0.0010000000474974513,5.287825584411621,5.401302337646484,5.713581085205078,5.825873374938965
MLP_small_RLR_Huber,2026,5,29,0.0010000000474974513,5.253986835479736,5.39105749130249,5.6776299476623535,5.815229892730713
MLP_small_RLR_Huber,2026,5,30,0.0010000000474974513,5.256582260131836,5.380974292755127,5.681718826293945,5.804564952850342
MLP_small_RLR_Huber,2026,5,31,0.0010000000474974513,5.239843845367432,5.378026008605957,5.6652092933654785,5.8021159172058105
MLP_small_RLR_Huber,2026,5,32,0.0010000000474974513,5.214981555938721,5.382380962371826,5.640180587768555,5.8061442375183105
MLP_small_RLR_Huber,2026,5,33,0.0010000000474974513,5.193938255310059,5.390561580657959,5.619538307189941,5.814734935760498
MLP_small_RLR_Huber,2026,5,34,0.0010000000474974513,5.181569576263428,5.390629768371582,5.604962348937988,5.814706325531006
MLP_small_RLR_Huber,2026,5,35,0.0010000000474974513,5.2240681648254395,5.389444828033447,5.650283336639404,5.813626766204834
MLP_small_RLR_Huber,2026,5,36,0.0010000000474974513,5.190402507781982,5.393845558166504,5.616954803466797,5.8200602531433105
MLP_small_RLR_Huber,2026,5,37,0.0010000000474974513,5.226285934448242,5.399634838104248,5.651766777038574,5.824846267700195
MLP_small_RLR_Huber,2026,5,38,0.0010000000474974513,5.16732931137085,5.392265319824219,5.592472553253174,5.8180646896362305
MLP_small_RLR_Huber,2026,5,39,0.0010000000474974513,5.174466133117676,5.3836259841918945,5.600752830505371,5.807340145111084
MLP_small_RLR_Huber,2026,5,40,0.0005000000237487257,5.194411754608154,5.38143253326416,5.621846675872803,5.804068088531494
MLP_small_RLR_Huber,2026,5,41,0.0005000000237487257,5.19321346282959,5.389157772064209,5.618961334228516,5.812420845031738
MLP_small_RLR_Huber,2026,5,42,0.0005000000237487257,5.21076774597168,5.389769554138184,5.636308193206787,5.812656402587891
MLP_small_RLR_Huber,2026,5,43,0.0005000000237487257,5.154695510864258,5.385117053985596,5.580417633056641,5.807246208190918
MLP_small_RLR_Huber,2026,5,44,0.0005000000237487257,5.193688869476318,5.3849639892578125,5.6200056076049805,5.807182788848877
MLP_small_RLR_Huber,2026,5,45,0.0005000000237487257,5.17946195602417,5.385478973388672,5.604331016540527,5.8087382316589355
MLP_small_RLR_Huber,2026,5,46,0.0005000000237487257,5.163333892822266,5.374632835388184,5.58795166015625,5.797837257385254
MLP_small_RLR_Huber,2026,5,47,0.0005000000237487257,5.194086074829102,5.367064952850342,5.621390342712402,5.78995418548584
MLP_small_RLR_Huber,2026,5,48,0.0005000000237487257,5.182554721832275,5.368320941925049,5.607800483703613,5.790472030639648
MLP_small_RLR_Huber,2026,5,49,0.0005000000237487257,5.107730865478516,5.3713555335998535,5.532918453216553,5.793116092681885
MLP_small_RLR_Huber,2026,5,50,0.0005000000237487257,5.152588844299316,5.370771408081055,5.578534126281738,5.7940449714660645
MLP_small_RLR_Huber,2026,5,51,0.0005000000237487257,5.157792091369629,5.3636698722839355,5.584766864776611,5.786804676055908
MLP_small_RLR_Huber,2026,5,52,0.0005000000237487257,5.177772521972656,5.369820594787598,5.604859352111816,5.792328357696533
MLP_small_RLR_Huber,2026,5,53,0.0005000000237487257,5.130087852478027,5.3639750480651855,5.554808616638184,5.7878098487854
MLP_small_RLR_Huber,2026,5,54,0.0005000000237487257,5.172619819641113,5.3653435707092285,5.598629474639893,5.788820266723633
MLP_small_RLR_Huber,2026,5,55,0.0005000000237487257,5.159102916717529,5.3628668785095215,5.585047245025635,5.785881042480469
MLP_small_RLR_Huber,2026,5,56,0.0005000000237487257,5.09682035446167,5.371189117431641,5.5225830078125,5.7933149337768555
MLP_small_RLR_Huber,2026,5,57,0.0005000000237487257,5.165136814117432,5.365954875946045,5.591387748718262,5.786143779754639
MLP_small_RLR_Huber,2026,5,58,0.0005000000237487257,5.137291431427002,5.36783504486084,5.565589904785156,5.789405822753906
MLP_small_RLR_Huber,2026,5,59,0.0005000000237487257,5.170020580291748,5.373745918273926,5.597099781036377,5.79619836807251
MLP_small_RLR_Huber,2026,5,60,0.0005000000237487257,5.087788105010986,5.370730400085449,5.513446807861328,5.792220115661621
MLP_small_RLR_Huber,2026,5,61,0.0005000000237487257,5.170660018920898,5.369946002960205,5.59625244140625,5.7912750244140625
MLP_small_RLR_Huber,2026,5,62,0.0005000000237487257,5.099384784698486,5.3697662353515625,5.526161193847656,5.792508125305176
MLP_small_RLR_Huber,2026,5,63,0.0005000000237487257,5.135793209075928,5.377364635467529,5.5620012283325195,5.800906658172607
MLP_small_RLR_Huber,2026,5,64,0.0002500000118743628,5.095292568206787,5.3793559074401855,5.518881320953369,5.802122592926025
MLP_small_RLR_Huber,2026,5,65,0.0002500000118743628,5.149752616882324,5.375255584716797,5.57504940032959,5.798031330108643
MLP_small_RLR_Huber,2026,5,66,0.0002500000118743628,5.155848026275635,5.3721923828125,5.582963943481445,5.794826030731201
MLP_small_RLR_Huber,2026,5,67,0.0002500000118743628,5.122267723083496,5.375497817993164,5.549261093139648,5.798901081085205
MLP_small_RLR_Huber,2026,5,68,0.0002500000118743628,5.093074798583984,5.379228591918945,5.518924236297607,5.802720069885254
MLP_small_RLR_Huber,2026,5,69,0.0002500000118743628,5.115233421325684,5.377654075622559,5.541329383850098,5.8013916015625
MLP_small_RLR_Huber,2026,5,70,0.0002500000118743628,5.147624492645264,5.380153179168701,5.574113368988037,5.802604675292969
MLP_small_RLR_Huber,2026,5,71,0.0002500000118743628,5.113715171813965,5.384678840637207,5.539228439331055,5.807156562805176
MLP_small_RLR_Huber,2026,5,72,0.0001250000059371814,5.121697902679443,5.3839263916015625,5.548792839050293,5.806746006011963
MLP_small_RLR_Huber,2026,5,73,0.0001250000059371814,5.108616828918457,5.3831281661987305,5.535460472106934,5.806035041809082
MLP_small_RLR_Huber,2026,5,74,0.0001250000059371814,5.073073863983154,5.385802268981934,5.4993720054626465,5.808165073394775
MLP_small_RLR_Huber,2026,5,75,0.0001250000059371814,5.118072986602783,5.384187698364258,5.544508934020996,5.805945873260498
MLP_small_RLR_Huber,2026,5,76,0.0001250000059371814,5.094193458557129,5.383656978607178,5.520993709564209,5.805452823638916
MLP_small_RLR_Huber,2026,5,77,0.0001250000059371814,5.036180019378662,5.382499694824219,5.461545944213867,5.80473518371582
MLP_small_RLR_Huber,2026,5,78,0.0001250000059371814,5.100409984588623,5.379931449890137,5.527256965637207,5.802242755889893
MLP_small_RLR_Huber,2026,5,79,0.0001250000059371814,5.088594436645508,5.379408359527588,5.514678478240967,5.80194616317749
MLP_small_RLR_Huber,2026,5,80,6.25000029685907e-05,5.081507205963135,5.379749774932861,5.508605003356934,5.802336692810059
MLP_current_MAE,42,1,1,0.0010000000474974513,6.788132190704346,5.874821662902832,6.7318644523620605,5.818295001983643
MLP_current_MAE,42,1,2,0.0010000000474974513,6.16564416885376,5.835601329803467,6.109220027923584,5.7794189453125
MLP_current_MAE,42,1,3,0.0010000000474974513,6.020866870880127,5.772378444671631,5.964737892150879,5.716439723968506
MLP_current_MAE,42,1,4,0.0010000000474974513,5.956826686859131,5.758068084716797,5.901071071624756,5.702517032623291
MLP_current_MAE,42,1,5,0.0010000000474974513,5.939507961273193,5.735937595367432,5.884147644042969,5.680709362030029
MLP_current_MAE,42,1,6,0.0010000000474974513,5.841537952423096,5.7335286140441895,5.786561489105225,5.678760528564453
MLP_current_MAE,42,1,7,0.0010000000474974513,5.915053844451904,5.701658725738525,5.8604416847229,5.64717435836792
MLP_current_MAE,42,1,8,0.0010000000474974513,5.844856262207031,5.7173261642456055,5.790472030639648,5.663093090057373
MLP_current_MAE,42,1,9,0.0010000000474974513,5.857832908630371,5.740784645080566,5.803680419921875,5.686917304992676
MLP_current_MAE,42,1,10,0.0010000000474974513,5.799160480499268,5.724775314331055,5.745357513427734,5.671161651611328
MLP_current_MAE,42,1,11,0.0010000000474974513,5.802555561065674,5.730130195617676,5.749117851257324,5.676869869232178
MLP_current_MAE,42,1,12,0.0010000000474974513,5.813719272613525,5.662952423095703,5.760553359985352,5.609889984130859
MLP_current_MAE,42,1,13,0.0010000000474974513,5.777005672454834,5.685418605804443,5.724111080169678,5.632638454437256
MLP_current_MAE,42,1,14,0.0010000000474974513,5.791683673858643,5.686086177825928,5.738956928253174,5.633510589599609
MLP_current_MAE,42,1,15,0.0010000000474974513,5.763399124145508,5.717333793640137,5.710944175720215,5.665022373199463
MLP_current_MAE,42,1,16,0.0010000000474974513,5.721971035003662,5.721665859222412,5.669747829437256,5.669553279876709
MLP_current_MAE,42,1,17,0.0010000000474974513,5.736037254333496,5.775219440460205,5.6840081214904785,5.723384380340576
MLP_current_MAE,42,1,18,0.0010000000474974513,5.761909484863281,5.671031951904297,5.710123538970947,5.619295120239258
MLP_current_MAE,42,1,19,0.0010000000474974513,5.759125709533691,5.7315449714660645,5.707487106323242,5.6800923347473145
MLP_current_MAE,42,1,20,0.0010000000474974513,5.673025131225586,5.7387518882751465,5.621567726135254,5.687447547912598
MLP_current_MAE,42,2,1,0.0010000000474974513,6.973935604095459,5.961297512054443,6.917038917541504,5.904090404510498
MLP_current_MAE,42,2,2,0.0010000000474974513,6.2659196853637695,5.934759616851807,6.208833694458008,5.877950191497803
MLP_current_MAE,42,2,3,0.0010000000474974513,6.090611934661865,5.900336265563965,6.033873558044434,5.843615531921387
MLP_current_MAE,42,2,4,0.0010000000474974513,5.997094631195068,5.893415451049805,5.940640926361084,5.8370890617370605
MLP_current_MAE,42,2,5,0.0010000000474974513,5.978437900543213,5.881970405578613,5.922304153442383,5.825971603393555
MLP_current_MAE,42,2,6,0.0010000000474974513,5.943917751312256,5.88482666015625,5.888143062591553,5.829132556915283
MLP_current_MAE,42,2,7,0.0010000000474974513,5.939501762390137,5.908594608306885,5.884033203125,5.85319185256958
MLP_current_MAE,42,2,8,0.0010000000474974513,5.871067047119141,5.8648552894592285,5.815875053405762,5.809803485870361
MLP_current_MAE,42,2,9,0.0010000000474974513,5.865776062011719,5.8506855964660645,5.810806751251221,5.795831680297852
MLP_current_MAE,42,2,10,0.0010000000474974513,5.847227573394775,5.8621015548706055,5.792607307434082,5.807534694671631
MLP_current_MAE,42,2,11,0.0010000000474974513,5.890367031097412,5.880936145782471,5.836014270782471,5.826632499694824
MLP_current_MAE,42,2,12,0.0010000000474974513,5.837669372558594,5.870079517364502,5.783569812774658,5.816049575805664
MLP_current_MAE,42,2,13,0.0010000000474974513,5.818953514099121,5.8868255615234375,5.765143871307373,5.833056449890137
MLP_current_MAE,42,2,14,0.0010000000474974513,5.761631011962891,5.8722920417785645,5.708003520965576,5.818775653839111
MLP_current_MAE,42,2,15,0.0010000000474974513,5.854273796081543,5.87556791305542,5.801018714904785,5.822358131408691
MLP_current_MAE,42,2,16,0.0010000000474974513,5.806370258331299,5.854557991027832,5.75346040725708,5.801720142364502
MLP_current_MAE,42,2,17,0.0010000000474974513,5.745312690734863,5.861777305603027,5.692592620849609,5.809049606323242
MLP_current_MAE,42,3,1,0.0010000000474974513,6.919177055358887,6.0476555824279785,6.862610340118408,5.990809440612793
MLP_current_MAE,42,3,2,0.0010000000474974513,6.161784648895264,6.069265365600586,6.105021953582764,6.01269006729126
MLP_current_MAE,42,3,3,0.0010000000474974513,5.982975959777832,5.989319801330566,5.926755905151367,5.933407783508301
MLP_current_MAE,42,3,4,0.0010000000474974513,5.956717014312744,6.01897668838501,5.901063442230225,5.963633060455322
MLP_current_MAE,42,3,5,0.0010000000474974513,6.029481887817383,6.022229194641113,5.9744954109191895,5.967436790466309
MLP_current_MAE,42,3,6,0.0010000000474974513,5.915910720825195,5.971071720123291,5.861518859863281,5.916900634765625
MLP_current_MAE,42,3,7,0.0010000000474974513,5.8819427490234375,5.949531555175781,5.828089237213135,5.895964622497559
MLP_current_MAE,42,3,8,0.0010000000474974513,5.847549915313721,5.955938339233398,5.794264316558838,5.902877330780029
MLP_current_MAE,42,3,9,0.0010000000474974513,5.888378620147705,5.9860100746154785,5.8354268074035645,5.933262825012207
MLP_current_MAE,42,3,10,0.0010000000474974513,5.8452019691467285,6.053670883178711,5.79274320602417,6.001224517822266
MLP_current_MAE,42,3,11,0.0010000000474974513,5.83639669418335,5.959323406219482,5.784246444702148,5.9073991775512695
MLP_current_MAE,42,3,12,0.0010000000474974513,5.815698623657227,5.975934028625488,5.764056205749512,5.924479961395264
MLP_current_MAE,42,3,13,0.0010000000474974513,5.799063682556152,5.958057880401611,5.747815132141113,5.906834125518799
MLP_current_MAE,42,3,14,0.0010000000474974513,5.802213191986084,5.9586029052734375,5.751197814941406,5.907739162445068
MLP_current_MAE,42,3,15,0.0010000000474974513,5.761889457702637,6.0116143226623535,5.711275100708008,5.9611897468566895
MLP_current_MAE,42,4,1,0.0010000000474974513,6.692216396331787,5.857308387756348,6.636172771453857,5.801239967346191
MLP_current_MAE,42,4,2,0.0010000000474974513,6.0945539474487305,5.853157043457031,6.038575649261475,5.7975568771362305
MLP_current_MAE,42,4,3,0.0010000000474974513,5.995167255401611,5.8244781494140625,5.939789772033691,5.769399642944336
MLP_current_MAE,42,4,4,0.0010000000474974513,5.968620777130127,5.8014445304870605,5.913762092590332,5.746947765350342
MLP_current_MAE,42,4,5,0.0010000000474974513,5.979063034057617,5.824089050292969,5.9247307777404785,5.770029544830322
MLP_current_MAE,42,4,6,0.0010000000474974513,5.884648323059082,5.815596580505371,5.830795764923096,5.762033462524414
MLP_current_MAE,42,4,7,0.0010000000474974513,5.91179084777832,5.798264503479004,5.858304500579834,5.7450385093688965
MLP_current_MAE,42,4,8,0.0010000000474974513,5.8237833976745605,5.806670188903809,5.770719051361084,5.753863334655762
MLP_current_MAE,42,4,9,0.0010000000474974513,5.866937160491943,5.849320888519287,5.814264297485352,5.796947479248047
MLP_current_MAE,42,4,10,0.0010000000474974513,5.872307300567627,5.778519630432129,5.820035457611084,5.726415157318115
MLP_current_MAE,42,4,11,0.0010000000474974513,5.78609037399292,5.786442756652832,5.734145164489746,5.734713554382324
MLP_current_MAE,42,4,12,0.0010000000474974513,5.804636478424072,5.800642490386963,5.752992630004883,5.749200820922852
MLP_current_MAE,42,4,13,0.0010000000474974513,5.776200771331787,5.766695499420166,5.724856853485107,5.715482234954834
MLP_current_MAE,42,4,14,0.0010000000474974513,5.825095176696777,5.795387268066406,5.774033069610596,5.744506359100342
MLP_current_MAE,42,4,15,0.0010000000474974513,5.792388439178467,5.748602867126465,5.7415337562561035,5.697874546051025
MLP_current_MAE,42,4,16,0.0010000000474974513,5.746167182922363,5.735970973968506,5.695483207702637,5.6853766441345215
MLP_current_MAE,42,4,17,0.0010000000474974513,5.789453983306885,5.744839668273926,5.738961219787598,5.694416522979736
MLP_current_MAE,42,4,18,0.0010000000474974513,5.7797627449035645,5.726652145385742,5.729404449462891,5.676426410675049
MLP_current_MAE,42,4,19,0.0010000000474974513,5.775643348693848,5.794309139251709,5.725456237792969,5.744255065917969
MLP_current_MAE,42,4,20,0.0010000000474974513,5.748353481292725,5.742286205291748,5.698331832885742,5.692394256591797
MLP_current_MAE,42,4,21,0.0010000000474974513,5.7297892570495605,5.7602458000183105,5.680001258850098,5.710621356964111
MLP_current_MAE,42,4,22,0.0010000000474974513,5.716029644012451,5.716217041015625,5.666451930999756,5.666589736938477
MLP_current_MAE,42,4,23,0.0010000000474974513,5.741612911224365,5.7307868003845215,5.692036151885986,5.68130350112915
MLP_current_MAE,42,4,24,0.0010000000474974513,5.734992980957031,5.720828533172607,5.685561656951904,5.671536445617676
MLP_current_MAE,42,4,25,0.0010000000474974513,5.688375473022461,5.72153377532959,5.6391706466674805,5.672319412231445
MLP_current_MAE,42,4,26,0.0010000000474974513,5.7066240310668945,5.745940685272217,5.657458782196045,5.696738243103027
MLP_current_MAE,42,4,27,0.0010000000474974513,5.69062614440918,5.726715087890625,5.6414361000061035,5.677613258361816
MLP_current_MAE,42,4,28,0.0010000000474974513,5.6732587814331055,5.75676965713501,5.624152183532715,5.707601547241211
MLP_current_MAE,42,4,29,0.0010000000474974513,5.702704906463623,5.714184284210205,5.653540134429932,5.665033340454102
MLP_current_MAE,42,4,30,0.0010000000474974513,5.651737689971924,5.748357772827148,5.602616786956787,5.699343204498291
MLP_current_MAE,42,4,31,0.0010000000474974513,5.640982627868652,5.712177753448486,5.591954708099365,5.6631083488464355
MLP_current_MAE,42,4,32,0.0010000000474974513,5.659925937652588,5.743420124053955,5.610947132110596,5.694498538970947
MLP_current_MAE,42,4,33,0.0010000000474974513,5.667934417724609,5.721850395202637,5.618894577026367,5.67283821105957
MLP_current_MAE,42,4,34,0.0010000000474974513,5.67334508895874,5.715549945831299,5.624407768249512,5.666499614715576
MLP_current_MAE,42,4,35,0.0010000000474974513,5.641244888305664,5.7067179679870605,5.592252731323242,5.657749652862549
MLP_current_MAE,42,4,36,0.0010000000474974513,5.673167705535889,5.711435794830322,5.624178886413574,5.662343978881836
MLP_current_MAE,42,4,37,0.0010000000474974513,5.68433952331543,5.731228351593018,5.635334491729736,5.682275772094727
MLP_current_MAE,42,4,38,0.0010000000474974513,5.618290901184082,5.719981670379639,5.569265842437744,5.670870304107666
MLP_current_MAE,42,4,39,0.0010000000474974513,5.633998394012451,5.718679428100586,5.584834575653076,5.669445037841797
MLP_current_MAE,42,4,40,0.0010000000474974513,5.688400745391846,5.730863094329834,5.639209270477295,5.681624889373779
MLP_current_MAE,42,4,41,0.0010000000474974513,5.584611892700195,5.723273754119873,5.53533935546875,5.673875331878662
MLP_current_MAE,42,4,42,0.0010000000474974513,5.625781059265137,5.735573768615723,5.576579570770264,5.686410903930664
MLP_current_MAE,42,4,43,0.0010000000474974513,5.598108291625977,5.72800350189209,5.548896312713623,5.678735733032227
MLP_current_MAE,42,5,1,0.0010000000474974513,6.678160190582275,6.0201005935668945,6.621832847595215,5.963809490203857
MLP_current_MAE,42,5,2,0.0010000000474974513,6.12283992767334,6.012043476104736,6.066714286804199,5.956437587738037
MLP_current_MAE,42,5,3,0.0010000000474974513,6.0101165771484375,5.994883060455322,5.954656600952148,5.939866065979004
MLP_current_MAE,42,5,4,0.0010000000474974513,5.9759674072265625,5.962624549865723,5.921117782592773,5.908249378204346
MLP_current_MAE,42,5,5,0.0010000000474974513,5.920297145843506,5.983358383178711,5.866120338439941,5.9296555519104
MLP_current_MAE,42,5,6,0.0010000000474974513,5.894565582275391,5.983540058135986,5.840915679931641,5.930383682250977
MLP_current_MAE,42,5,7,0.0010000000474974513,5.948190689086914,5.910367012023926,5.895167350769043,5.857685565948486
MLP_current_MAE,42,5,8,0.0010000000474974513,5.848711967468262,5.94606351852417,5.796196937561035,5.894011497497559
MLP_current_MAE,42,5,9,0.0010000000474974513,5.893192768096924,5.891940116882324,5.841267108917236,5.8403120040893555
MLP_current_MAE,42,5,10,0.0010000000474974513,5.872384548187256,5.9177350997924805,5.820897102355957,5.866580963134766
MLP_current_MAE,42,5,11,0.0010000000474974513,5.841281414031982,5.900128364562988,5.790200233459473,5.849349021911621
MLP_current_MAE,42,5,12,0.0010000000474974513,5.794703483581543,5.903227806091309,5.744112968444824,5.852978706359863
MLP_current_MAE,42,5,13,0.0010000000474974513,5.8267316818237305,5.907174110412598,5.776650428771973,5.8574066162109375
MLP_current_MAE,42,5,14,0.0010000000474974513,5.792793273925781,5.874262809753418,5.743095874786377,5.8247785568237305
MLP_current_MAE,42,5,15,0.0010000000474974513,5.782643795013428,5.875699043273926,5.733362197875977,5.826731204986572
MLP_current_MAE,42,5,16,0.0010000000474974513,5.787087440490723,5.878207683563232,5.738272190093994,5.829592704772949
MLP_current_MAE,42,5,17,0.0010000000474974513,5.774750709533691,5.873301982879639,5.726187229156494,5.824909210205078
MLP_current_MAE,42,5,18,0.0010000000474974513,5.753116130828857,5.891684532165527,5.704747200012207,5.84358549118042
MLP_current_MAE,42,5,19,0.0010000000474974513,5.706270217895508,5.906505584716797,5.658156871795654,5.85856294631958
MLP_current_MAE,42,5,20,0.0010000000474974513,5.744772434234619,5.909700393676758,5.696789741516113,5.861932754516602
MLP_current_MAE,42,5,21,0.0010000000474974513,5.693589210510254,5.850837230682373,5.6457839012146,5.803083896636963
MLP_current_MAE,42,5,22,0.0010000000474974513,5.703407287597656,5.875974655151367,5.655763149261475,5.8284406661987305
MLP_current_MAE,42,5,23,0.0010000000474974513,5.704909324645996,5.86023473739624,5.65731954574585,5.812691688537598
MLP_current_MAE,42,5,24,0.0010000000474974513,5.7153167724609375,5.898762226104736,5.667818546295166,5.851438522338867
MLP_current_MAE,42,5,25,0.0010000000474974513,5.701831817626953,5.897791385650635,5.65455436706543,5.850666522979736
MLP_current_MAE,42,5,26,0.0010000000474974513,5.720884323120117,5.891225337982178,5.67371940612793,5.84409761428833
MLP_current_MAE,42,5,27,0.0010000000474974513,5.657882213592529,5.852923393249512,5.610769748687744,5.805856227874756
MLP_current_MAE,42,5,28,0.0010000000474974513,5.696304798126221,5.975133419036865,5.649216651916504,5.928190231323242
MLP_current_MAE,42,5,29,0.0010000000474974513,5.681341171264648,5.892453193664551,5.6342854499816895,5.845405101776123
MLP_current_MAE,123,1,1,0.0010000000474974513,6.9029541015625,5.942930221557617,6.846290111541748,5.886102676391602
MLP_current_MAE,123,1,2,0.0010000000474974513,6.173146724700928,5.833975315093994,6.116373062133789,5.77733850479126
MLP_current_MAE,123,1,3,0.0010000000474974513,6.043856143951416,5.7993927001953125,5.9872541427612305,5.743008136749268
MLP_current_MAE,123,1,4,0.0010000000474974513,5.937168598175049,5.6842827796936035,5.880817890167236,5.62799072265625
MLP_current_MAE,123,1,5,0.0010000000474974513,5.953921318054199,5.6953654289245605,5.8979363441467285,5.639413833618164
MLP_current_MAE,123,1,6,0.0010000000474974513,5.907690048217773,5.781693458557129,5.851868629455566,5.7259979248046875
MLP_current_MAE,123,1,7,0.0010000000474974513,5.913466453552246,5.702108383178711,5.857814788818359,5.646559715270996
MLP_current_MAE,123,1,8,0.0010000000474974513,5.817678451538086,5.710780143737793,5.7622599601745605,5.655527114868164
MLP_current_MAE,123,1,9,0.0010000000474974513,5.794440746307373,5.663046360015869,5.739208698272705,5.60780143737793
MLP_current_MAE,123,1,10,0.0010000000474974513,5.873060703277588,5.704261302947998,5.817986965179443,5.64937162399292
MLP_current_MAE,123,1,11,0.0010000000474974513,5.844314098358154,5.667006492614746,5.789419174194336,5.612098693847656
MLP_current_MAE,123,1,12,0.0010000000474974513,5.7763895988464355,5.684138774871826,5.7214884757995605,5.629308223724365
MLP_current_MAE,123,1,13,0.0010000000474974513,5.751538276672363,5.675651550292969,5.696719646453857,5.620919704437256
MLP_current_MAE,123,1,14,0.0010000000474974513,5.804770469665527,5.67686653137207,5.7501044273376465,5.622318744659424
MLP_current_MAE,123,1,15,0.0010000000474974513,5.781688213348389,5.657342910766602,5.727256774902344,5.602971076965332
MLP_current_MAE,123,1,16,0.0010000000474974513,5.7014899253845215,5.650266647338867,5.647146701812744,5.595937252044678
MLP_current_MAE,123,1,17,0.0010000000474974513,5.769898891448975,5.727762699127197,5.715653419494629,5.673670291900635
MLP_current_MAE,123,1,18,0.0010000000474974513,5.7170329093933105,5.737100124359131,5.662906169891357,5.6830878257751465
MLP_current_MAE,123,1,19,0.0010000000474974513,5.64630126953125,5.65608024597168,5.592218399047852,5.6019368171691895
MLP_current_MAE,123,1,20,0.0010000000474974513,5.646194934844971,5.672857761383057,5.592091083526611,5.618697643280029
MLP_current_MAE,123,1,21,0.0010000000474974513,5.754184246063232,5.694653511047363,5.7001051902771,5.640572547912598
MLP_current_MAE,123,1,22,0.0010000000474974513,5.696233749389648,5.690611362457275,5.642224311828613,5.636624813079834
MLP_current_MAE,123,1,23,0.0010000000474974513,5.6448469161987305,5.6874237060546875,5.590941905975342,5.633565425872803
MLP_current_MAE,123,1,24,0.0010000000474974513,5.629353046417236,5.671731472015381,5.575496196746826,5.617948055267334
MLP_current_MAE,123,2,1,0.0010000000474974513,6.7745208740234375,5.925175189971924,6.718047142028809,5.868480682373047
MLP_current_MAE,123,2,2,0.0010000000474974513,6.042175769805908,5.922898292541504,5.985531806945801,5.866306781768799
MLP_current_MAE,123,2,3,0.0010000000474974513,5.991820335388184,5.897312164306641,5.935454368591309,5.841000080108643
MLP_current_MAE,123,2,4,0.0010000000474974513,5.9647216796875,5.957131385803223,5.908530235290527,5.9008588790893555
MLP_current_MAE,123,2,5,0.0010000000474974513,5.9160685539245605,5.869700908660889,5.860044956207275,5.813830375671387
MLP_current_MAE,123,2,6,0.0010000000474974513,5.894082546234131,5.89093017578125,5.838423252105713,5.835263252258301
MLP_current_MAE,123,2,7,0.0010000000474974513,5.8968505859375,5.871949672698975,5.841413497924805,5.816677093505859
MLP_current_MAE,123,2,8,0.0010000000474974513,5.874237537384033,5.8856329917907715,5.819136142730713,5.8305535316467285
MLP_current_MAE,123,2,9,0.0010000000474974513,5.823136806488037,5.866948127746582,5.768246650695801,5.81210994720459
MLP_current_MAE,123,2,10,0.0010000000474974513,5.80968713760376,5.873257637023926,5.754979133605957,5.818582057952881
MLP_current_MAE,123,2,11,0.0010000000474974513,5.828061580657959,5.875890731811523,5.77362585067749,5.8214335441589355
MLP_current_MAE,123,2,12,0.0010000000474974513,5.791595935821533,5.863306045532227,5.7373175621032715,5.808995723724365
MLP_current_MAE,123,2,13,0.0010000000474974513,5.814183712005615,5.872151851654053,5.760092258453369,5.8181538581848145
MLP_current_MAE,123,2,14,0.0010000000474974513,5.801851272583008,5.9002790451049805,5.748034954071045,5.8464155197143555
MLP_current_MAE,123,2,15,0.0010000000474974513,5.703159332275391,5.879912376403809,5.649526596069336,5.826294422149658
MLP_current_MAE,123,2,16,0.0010000000474974513,5.750885009765625,5.855764389038086,5.697443962097168,5.802388668060303
MLP_current_MAE,123,2,17,0.0010000000474974513,5.711456298828125,5.854734420776367,5.6582536697387695,5.801544666290283
MLP_current_MAE,123,2,18,0.0010000000474974513,5.690732955932617,5.892608165740967,5.637605667114258,5.839483261108398
MLP_current_MAE,123,2,19,0.0010000000474974513,5.737451076507568,5.865609645843506,5.684601783752441,5.812711715698242
MLP_current_MAE,123,2,20,0.0010000000474974513,5.7418413162231445,5.852619171142578,5.689083099365234,5.799853324890137
MLP_current_MAE,123,2,21,0.0010000000474974513,5.655757904052734,5.880279064178467,5.60305643081665,5.8274946212768555
MLP_current_MAE,123,2,22,0.0010000000474974513,5.637209892272949,5.841480731964111,5.584559440612793,5.7888312339782715
MLP_current_MAE,123,2,23,0.0010000000474974513,5.754859447479248,5.857561111450195,5.702256679534912,5.804934978485107
MLP_current_MAE,123,2,24,0.0010000000474974513,5.656062602996826,5.8614501953125,5.603537559509277,5.8089189529418945
MLP_current_MAE,123,2,25,0.0010000000474974513,5.604324817657471,5.842465400695801,5.55179500579834,5.789916515350342
MLP_current_MAE,123,2,26,0.0010000000474974513,5.627904415130615,5.8619537353515625,5.575418472290039,5.809433937072754
MLP_current_MAE,123,2,27,0.0010000000474974513,5.6612114906311035,5.897603511810303,5.608731269836426,5.845047473907471
MLP_current_MAE,123,2,28,0.0010000000474974513,5.657898426055908,5.861116409301758,5.605497360229492,5.808736324310303
MLP_current_MAE,123,2,29,0.0010000000474974513,5.6218061447143555,5.850210189819336,5.5695085525512695,5.797851085662842
MLP_current_MAE,123,2,30,0.0010000000474974513,5.603693962097168,5.8777570724487305,5.551347732543945,5.825408458709717
MLP_current_MAE,123,3,1,0.0010000000474974513,6.745204925537109,6.0296630859375,6.688291072845459,5.9726409912109375
MLP_current_MAE,123,3,2,0.0010000000474974513,6.103607177734375,6.012722969055176,6.046786308288574,5.956094741821289
MLP_current_MAE,123,3,3,0.0010000000474974513,6.04288387298584,6.04112434387207,5.98653507232666,5.98486852645874
MLP_current_MAE,123,3,4,0.0010000000474974513,5.961111545562744,5.992837429046631,5.90524959564209,5.937126159667969
MLP_current_MAE,123,3,5,0.0010000000474974513,5.957367897033691,6.047585964202881,5.901906490325928,5.99223518371582
MLP_current_MAE,123,3,6,0.0010000000474974513,5.918207168579102,5.977175235748291,5.863223075866699,5.922430992126465
MLP_current_MAE,123,3,7,0.0010000000474974513,5.787764549255371,5.966673851013184,5.73321533203125,5.91231107711792
MLP_current_MAE,123,3,8,0.0010000000474974513,5.890679359436035,5.982479095458984,5.836475372314453,5.928452014923096
MLP_current_MAE,123,3,9,0.0010000000474974513,5.865284442901611,5.994246959686279,5.811408042907715,5.940463542938232
MLP_current_MAE,123,3,10,0.0010000000474974513,5.78051233291626,5.982324123382568,5.726961612701416,5.928929805755615
MLP_current_MAE,123,3,11,0.0010000000474974513,5.765481472015381,5.985805511474609,5.7121500968933105,5.932625770568848
MLP_current_MAE,123,3,12,0.0010000000474974513,5.860329627990723,5.981502056121826,5.807343482971191,5.92863130569458
MLP_current_MAE,123,3,13,0.0010000000474974513,5.896423816680908,5.959446907043457,5.843803405761719,5.90698766708374
MLP_current_MAE,123,3,14,0.0010000000474974513,5.792679786682129,5.984882831573486,5.740415096282959,5.932684898376465
MLP_current_MAE,123,3,15,0.0010000000474974513,5.77640438079834,5.994860649108887,5.724376201629639,5.942921161651611
MLP_current_MAE,123,3,16,0.0010000000474974513,5.75520133972168,5.981937885284424,5.703487873077393,5.930347919464111
MLP_current_MAE,123,3,17,0.0010000000474974513,5.808919429779053,5.983530521392822,5.757458209991455,5.93212890625
MLP_current_MAE,123,3,18,0.0010000000474974513,5.766110420227051,5.998712062835693,5.714930534362793,5.94754695892334
MLP_current_MAE,123,3,19,0.0010000000474974513,5.775520324707031,5.956974029541016,5.724555492401123,5.906064510345459
MLP_current_MAE,123,3,20,0.0010000000474974513,5.737087726593018,5.95176887512207,5.686284065246582,5.901017189025879
MLP_current_MAE,123,3,21,0.0010000000474974513,5.683420658111572,5.970273017883301,5.632781028747559,5.919614791870117
MLP_current_MAE,123,3,22,0.0010000000474974513,5.717678070068359,5.983202934265137,5.66721248626709,5.932782173156738
MLP_current_MAE,123,3,23,0.0010000000474974513,5.6918158531188965,5.963742733001709,5.64157247543335,5.913572311401367
MLP_current_MAE,123,3,24,0.0010000000474974513,5.72328519821167,5.975723743438721,5.673171043395996,5.925669193267822
MLP_current_MAE,123,3,25,0.0010000000474974513,5.661020755767822,5.985691547393799,5.611074924468994,5.935733795166016
MLP_current_MAE,123,3,26,0.0010000000474974513,5.722292900085449,5.946104526519775,5.672540187835693,5.896426200866699
MLP_current_MAE,123,3,27,0.0010000000474974513,5.636131286621094,5.909442901611328,5.586479187011719,5.859813690185547
MLP_current_MAE,123,3,28,0.0010000000474974513,5.638045310974121,5.972733020782471,5.588531494140625,5.923253536224365
MLP_current_MAE,123,3,29,0.0010000000474974513,5.675339698791504,5.994847297668457,5.625932693481445,5.945405006408691
MLP_current_MAE,123,3,30,0.0010000000474974513,5.617045879364014,5.967265605926514,5.567798137664795,5.918033123016357
MLP_current_MAE,123,3,31,0.0010000000474974513,5.646103382110596,5.990224838256836,5.596909999847412,5.940995693206787
MLP_current_MAE,123,3,32,0.0010000000474974513,5.610928535461426,5.985736846923828,5.561902046203613,5.936628341674805
MLP_current_MAE,123,3,33,0.0010000000474974513,5.624920845031738,5.92961311340332,5.575938701629639,5.88064432144165
MLP_current_MAE,123,3,34,0.0010000000474974513,5.60507869720459,5.966920375823975,5.556115627288818,5.9178786277771
MLP_current_MAE,123,3,35,0.0010000000474974513,5.627740383148193,5.986979961395264,5.578582763671875,5.937782287597656
MLP_current_MAE,123,4,1,0.0010000000474974513,7.0819315910339355,5.948755741119385,7.02583122253418,5.892507076263428
MLP_current_MAE,123,4,2,0.0010000000474974513,6.211186408996582,5.858423709869385,6.15507698059082,5.802896022796631
MLP_current_MAE,123,4,3,0.0010000000474974513,6.102501392364502,5.8568196296691895,6.047109603881836,5.801982402801514
MLP_current_MAE,123,4,4,0.0010000000474974513,6.007235527038574,5.846037864685059,5.952630043029785,5.7918500900268555
MLP_current_MAE,123,4,5,0.0010000000474974513,5.94025993347168,5.869741916656494,5.8862738609313965,5.816296577453613
MLP_current_MAE,123,4,6,0.0010000000474974513,5.94564962387085,5.8537068367004395,5.8922553062438965,5.800745964050293
MLP_current_MAE,123,4,7,0.0010000000474974513,5.9231767654418945,5.811132431030273,5.870336532592773,5.758640289306641
MLP_current_MAE,123,4,8,0.0010000000474974513,5.8703765869140625,5.7668070793151855,5.818127632141113,5.714775085449219
MLP_current_MAE,123,4,9,0.0010000000474974513,5.893939971923828,5.788220405578613,5.842097282409668,5.736737251281738
MLP_current_MAE,123,4,10,0.0010000000474974513,5.855762481689453,5.760990142822266,5.804372787475586,5.709966659545898
MLP_current_MAE,123,4,11,0.0010000000474974513,5.896975517272949,5.773201942443848,5.846097946166992,5.7226457595825195
MLP_current_MAE,123,4,12,0.0010000000474974513,5.790360927581787,5.744940280914307,5.739891052246094,5.694732189178467
MLP_current_MAE,123,4,13,0.0010000000474974513,5.852756023406982,5.753300189971924,5.802672386169434,5.703477382659912
MLP_current_MAE,123,4,14,0.0010000000474974513,5.7996978759765625,5.751055717468262,5.749961853027344,5.7016215324401855
MLP_current_MAE,123,4,15,0.0010000000474974513,5.828390121459961,5.7862958908081055,5.779048919677734,5.737162113189697
MLP_current_MAE,123,4,16,0.0010000000474974513,5.793704032897949,5.774698257446289,5.744606971740723,5.725861072540283
MLP_current_MAE,123,4,17,0.0010000000474974513,5.799028396606445,5.713881015777588,5.750239372253418,5.665171146392822
MLP_current_MAE,123,4,18,0.0010000000474974513,5.783006191253662,5.722830772399902,5.734554767608643,5.674560070037842
MLP_current_MAE,123,4,19,0.0010000000474974513,5.765496730804443,5.703517913818359,5.7172932624816895,5.655519008636475
MLP_current_MAE,123,4,20,0.0010000000474974513,5.710758209228516,5.716118812561035,5.662938117980957,5.668376445770264
MLP_current_MAE,123,4,21,0.0010000000474974513,5.725029945373535,5.776744842529297,5.677337646484375,5.72930908203125
MLP_current_MAE,123,4,22,0.0010000000474974513,5.712227821350098,5.74359655380249,5.664701461791992,5.696227550506592
MLP_current_MAE,123,4,23,0.0010000000474974513,5.7361884117126465,5.702515602111816,5.688806056976318,5.65510892868042
MLP_current_MAE,123,4,24,0.0010000000474974513,5.737855434417725,5.7245097160339355,5.690647602081299,5.67746114730835
MLP_current_MAE,123,4,25,0.0010000000474974513,5.742810249328613,5.721771240234375,5.695797443389893,5.674932956695557
MLP_current_MAE,123,4,26,0.0010000000474974513,5.698022842407227,5.722912788391113,5.651166915893555,5.6761674880981445
MLP_current_MAE,123,4,27,0.0010000000474974513,5.688023090362549,5.7362060546875,5.64131498336792,5.68950080871582
MLP_current_MAE,123,4,28,0.0010000000474974513,5.708504676818848,5.720376014709473,5.661800384521484,5.673775672912598
MLP_current_MAE,123,4,29,0.0010000000474974513,5.696555137634277,5.731390953063965,5.64995813369751,5.684895038604736
MLP_current_MAE,123,4,30,0.0010000000474974513,5.657811164855957,5.715024948120117,5.611268043518066,5.668420791625977
MLP_current_MAE,123,4,31,0.0010000000474974513,5.712337970733643,5.714902877807617,5.665909290313721,5.668452739715576
MLP_current_MAE,123,5,1,0.0010000000474974513,6.803864002227783,6.048672199249268,6.7472124099731445,5.992109775543213
MLP_current_MAE,123,5,2,0.0010000000474974513,6.143815040588379,6.04079008102417,6.087449073791504,5.984999179840088
MLP_current_MAE,123,5,3,0.0010000000474974513,6.033201217651367,5.983712673187256,5.977566242218018,5.92860221862793
MLP_current_MAE,123,5,4,0.0010000000474974513,6.00489616394043,6.003635883331299,5.949939250946045,5.949211120605469
MLP_current_MAE,123,5,5,0.0010000000474974513,5.965073108673096,5.912681579589844,5.910796165466309,5.858836650848389
MLP_current_MAE,123,5,6,0.0010000000474974513,5.901851654052734,5.994663238525391,5.8482561111450195,5.941526412963867
MLP_current_MAE,123,5,7,0.0010000000474974513,5.861757278442383,5.982466220855713,5.808687210083008,5.929861068725586
MLP_current_MAE,123,5,8,0.0010000000474974513,5.864049434661865,5.981154918670654,5.811435699462891,5.928994655609131
MLP_current_MAE,123,5,9,0.0010000000474974513,5.896326541900635,5.928679466247559,5.844266414642334,5.876868724822998
MLP_current_MAE,123,5,10,0.0010000000474974513,5.837307929992676,5.881550312042236,5.785587787628174,5.830142498016357
MLP_current_MAE,123,5,11,0.0010000000474974513,5.801681995391846,5.959782123565674,5.750424861907959,5.9090094566345215
MLP_current_MAE,123,5,12,0.0010000000474974513,5.839314937591553,5.964710235595703,5.788506031036377,5.91422700881958
MLP_current_MAE,123,5,13,0.0010000000474974513,5.802449703216553,5.903396129608154,5.751917839050293,5.853154182434082
MLP_current_MAE,123,5,14,0.0010000000474974513,5.795694828033447,5.8655900955200195,5.745502471923828,5.815552711486816
MLP_current_MAE,123,5,15,0.0010000000474974513,5.798861503601074,5.891696453094482,5.749053478240967,5.842137813568115
MLP_current_MAE,123,5,16,0.0010000000474974513,5.747200965881348,5.916225433349609,5.697628498077393,5.866818904876709
MLP_current_MAE,123,5,17,0.0010000000474974513,5.7352728843688965,5.890771389007568,5.685890197753906,5.841588973999023
MLP_current_MAE,123,5,18,0.0010000000474974513,5.7402777671813965,5.9156270027160645,5.691030025482178,5.866578578948975
MLP_current_MAE,123,5,19,0.0010000000474974513,5.766454696655273,5.905667781829834,5.7173967361450195,5.856724739074707
MLP_current_MAE,123,5,20,0.0010000000474974513,5.6936259269714355,5.913095951080322,5.644707679748535,5.8643341064453125
MLP_current_MAE,123,5,21,0.0010000000474974513,5.71306037902832,5.908771991729736,5.664244651794434,5.860114097595215
MLP_current_MAE,123,5,22,0.0010000000474974513,5.741384983062744,5.912590980529785,5.692647457122803,5.864007949829102
MLP_current_MAE,2026,1,1,0.0010000000474974513,7.223462104797363,5.873499393463135,7.166615962982178,5.81605339050293
MLP_current_MAE,2026,1,2,0.0010000000474974513,6.171454429626465,5.8800883293151855,6.114202976226807,5.823071002960205
MLP_current_MAE,2026,1,3,0.0010000000474974513,6.082448482513428,5.785889625549316,6.025532245635986,5.729251861572266
MLP_current_MAE,2026,1,4,0.0010000000474974513,6.062926292419434,5.776539325714111,6.0064377784729,5.7203545570373535
MLP_current_MAE,2026,1,5,0.0010000000474974513,5.964146614074707,5.754834175109863,5.908085823059082,5.69901704788208
MLP_current_MAE,2026,1,6,0.0010000000474974513,5.949423789978027,5.7573771476745605,5.8937835693359375,5.70194149017334
MLP_current_MAE,2026,1,7,0.0010000000474974513,5.944450378417969,5.801032543182373,5.889200210571289,5.746131420135498
MLP_current_MAE,2026,1,8,0.0010000000474974513,5.849076747894287,5.788372039794922,5.794275760650635,5.733811855316162
MLP_current_MAE,2026,1,9,0.0010000000474974513,5.88461446762085,5.670325756072998,5.830185413360596,5.615980625152588
MLP_current_MAE,2026,1,10,0.0010000000474974513,5.799768924713135,5.66314172744751,5.745582580566406,5.609136581420898
MLP_current_MAE,2026,1,11,0.0010000000474974513,5.8229780197143555,5.7097392082214355,5.769153594970703,5.656141757965088
MLP_current_MAE,2026,1,12,0.0010000000474974513,5.785469055175781,5.7015604972839355,5.731947422027588,5.648294925689697
MLP_current_MAE,2026,1,13,0.0010000000474974513,5.8392534255981445,5.6971635818481445,5.786120414733887,5.64415979385376
MLP_current_MAE,2026,1,14,0.0010000000474974513,5.806581497192383,5.675023555755615,5.753726959228516,5.6222968101501465
MLP_current_MAE,2026,1,15,0.0010000000474974513,5.75581169128418,5.751516342163086,5.703223705291748,5.699138641357422
MLP_current_MAE,2026,1,16,0.0010000000474974513,5.778637409210205,5.7071638107299805,5.726308345794678,5.654903888702393
MLP_current_MAE,2026,1,17,0.0010000000474974513,5.7420196533203125,5.694124221801758,5.689889907836914,5.642124652862549
MLP_current_MAE,2026,1,18,0.0010000000474974513,5.724522590637207,5.686518669128418,5.672602653503418,5.634682655334473
MLP_current_MAE,2026,2,1,0.0010000000474974513,6.917815208435059,5.939164638519287,6.8614959716796875,5.882546901702881
MLP_current_MAE,2026,2,2,0.0010000000474974513,6.108122825622559,5.90413236618042,6.0516252517700195,5.847715854644775
MLP_current_MAE,2026,2,3,0.0010000000474974513,6.081686973571777,5.891810894012451,6.025369644165039,5.8357157707214355
MLP_current_MAE,2026,2,4,0.0010000000474974513,5.965600490570068,5.893520355224609,5.909686088562012,5.837738990783691
MLP_current_MAE,2026,2,5,0.0010000000474974513,5.969641208648682,5.885725021362305,5.9141082763671875,5.830287933349609
MLP_current_MAE,2026,2,6,0.0010000000474974513,5.869781970977783,5.8845133781433105,5.814484119415283,5.8292951583862305
MLP_current_MAE,2026,2,7,0.0010000000474974513,5.876577377319336,5.897731781005859,5.821488857269287,5.842698574066162
MLP_current_MAE,2026,2,8,0.0010000000474974513,5.900508880615234,5.882786273956299,5.845686435699463,5.827976703643799
MLP_current_MAE,2026,2,9,0.0010000000474974513,5.8432183265686035,5.9008073806762695,5.788590431213379,5.846133232116699
MLP_current_MAE,2026,2,10,0.0010000000474974513,5.8195109367370605,5.874095439910889,5.765115737915039,5.819739818572998
MLP_current_MAE,2026,2,11,0.0010000000474974513,5.822360515594482,5.902953624725342,5.768187046051025,5.848784446716309
MLP_current_MAE,2026,2,12,0.0010000000474974513,5.828660488128662,5.891485214233398,5.774656772613525,5.8374738693237305
MLP_current_MAE,2026,2,13,0.0010000000474974513,5.799439907073975,5.883726596832275,5.745619297027588,5.829967498779297
MLP_current_MAE,2026,2,14,0.0010000000474974513,5.749030590057373,5.888991355895996,5.695403575897217,5.835326671600342
MLP_current_MAE,2026,2,15,0.0010000000474974513,5.823221206665039,5.8721208572387695,5.769774436950684,5.818730354309082
MLP_current_MAE,2026,2,16,0.0010000000474974513,5.749950885772705,5.872978210449219,5.6967549324035645,5.819761276245117
MLP_current_MAE,2026,2,17,0.0010000000474974513,5.734842300415039,5.884927272796631,5.6817545890808105,5.831873416900635
MLP_current_MAE,2026,2,18,0.0010000000474974513,5.7852783203125,5.88515043258667,5.732362747192383,5.832184314727783
MLP_current_MAE,2026,2,19,0.0010000000474974513,5.706150054931641,5.878796577453613,5.653344631195068,5.826047897338867
MLP_current_MAE,2026,2,20,0.0010000000474974513,5.732203006744385,5.884072780609131,5.679605007171631,5.831447601318359
MLP_current_MAE,2026,2,21,0.0010000000474974513,5.711609840393066,5.896473407745361,5.659119129180908,5.843933582305908
MLP_current_MAE,2026,2,22,0.0010000000474974513,5.689496994018555,5.875555992126465,5.637119293212891,5.8231940269470215
MLP_current_MAE,2026,2,23,0.0010000000474974513,5.745159149169922,5.887210369110107,5.692898750305176,5.834867000579834
MLP_current_MAE,2026,3,1,0.0010000000474974513,6.814638137817383,6.010717868804932,6.75813102722168,5.954158306121826
MLP_current_MAE,2026,3,2,0.0010000000474974513,6.076161861419678,6.007153511047363,6.019629001617432,5.950885772705078
MLP_current_MAE,2026,3,3,0.0010000000474974513,5.9607253074646,6.01619291305542,5.904669284820557,5.9603471755981445
MLP_current_MAE,2026,3,4,0.0010000000474974513,5.977701187133789,6.012232780456543,5.922138214111328,5.956874847412109
MLP_current_MAE,2026,3,5,0.0010000000474974513,5.918159008026123,5.9872846603393555,5.863013744354248,5.932370185852051
MLP_current_MAE,2026,3,6,0.0010000000474974513,5.955606937408447,6.006274700164795,5.900965690612793,5.951773166656494
MLP_current_MAE,2026,3,7,0.0010000000474974513,5.8785810470581055,6.039650917053223,5.8243608474731445,5.985509872436523
MLP_current_MAE,2026,3,8,0.0010000000474974513,5.916406154632568,6.055025100708008,5.862565517425537,6.001303195953369
MLP_current_MAE,2026,3,9,0.0010000000474974513,5.837263584136963,6.057154655456543,5.783820629119873,6.003756046295166
MLP_current_MAE,2026,3,10,0.0010000000474974513,5.838562965393066,6.048084735870361,5.785473823547363,5.995095252990723
MLP_current_MAE,2026,3,11,0.0010000000474974513,5.768686294555664,6.006739139556885,5.7159857749938965,5.95418643951416
MLP_current_MAE,2026,3,12,0.0010000000474974513,5.823421478271484,6.011915683746338,5.771065711975098,5.959569931030273
MLP_current_MAE,2026,3,13,0.0010000000474974513,5.808711528778076,5.983884334564209,5.756567001342773,5.93186616897583
MLP_current_MAE,2026,3,14,0.0010000000474974513,5.73670768737793,5.97855281829834,5.684854030609131,5.926762580871582
MLP_current_MAE,2026,3,15,0.0010000000474974513,5.7670674324035645,5.980370998382568,5.715471267700195,5.92877721786499
MLP_current_MAE,2026,3,16,0.0010000000474974513,5.720027446746826,5.963967323303223,5.668600082397461,5.912596225738525
MLP_current_MAE,2026,3,17,0.0010000000474974513,5.786848545074463,6.024723529815674,5.735630989074707,5.973470687866211
MLP_current_MAE,2026,3,18,0.0010000000474974513,5.7298665046691895,6.037015914916992,5.67886209487915,5.985922336578369
MLP_current_MAE,2026,3,19,0.0010000000474974513,5.738706588745117,5.978320121765137,5.687865257263184,5.927553176879883
MLP_current_MAE,2026,3,20,0.0010000000474974513,5.735755443572998,5.984792232513428,5.685116767883301,5.934111595153809
MLP_current_MAE,2026,3,21,0.0010000000474974513,5.68435001373291,6.02028751373291,5.633804798126221,5.9696855545043945
MLP_current_MAE,2026,3,22,0.0010000000474974513,5.738357067108154,5.980793476104736,5.687887191772461,5.930278778076172
MLP_current_MAE,2026,3,23,0.0010000000474974513,5.669344425201416,6.01812744140625,5.618982315063477,5.967775821685791
MLP_current_MAE,2026,3,24,0.0010000000474974513,5.695796012878418,5.981088161468506,5.6456451416015625,5.930889129638672
MLP_current_MAE,2026,4,1,0.0010000000474974513,6.753170013427734,5.9164719581604,6.696410179138184,5.859787940979004
MLP_current_MAE,2026,4,2,0.0010000000474974513,6.12289571762085,5.861386299133301,6.066249370574951,5.805095195770264
MLP_current_MAE,2026,4,3,0.0010000000474974513,6.054061412811279,5.854339599609375,5.997945785522461,5.7985076904296875
MLP_current_MAE,2026,4,4,0.0010000000474974513,5.986985683441162,5.832613468170166,5.931370735168457,5.777340412139893
MLP_current_MAE,2026,4,5,0.0010000000474974513,5.9808526039123535,5.847421646118164,5.925762176513672,5.792590141296387
MLP_current_MAE,2026,4,6,0.0010000000474974513,5.907901287078857,5.825153350830078,5.853155612945557,5.7706685066223145
MLP_current_MAE,2026,4,7,0.0010000000474974513,5.851211071014404,5.792259693145752,5.796817302703857,5.738048076629639
MLP_current_MAE,2026,4,8,0.0010000000474974513,5.879086971282959,5.79196310043335,5.825065612792969,5.738210201263428
MLP_current_MAE,2026,4,9,0.0010000000474974513,5.877871036529541,5.7861528396606445,5.82423734664917,5.732672214508057
MLP_current_MAE,2026,4,10,0.0010000000474974513,5.861917495727539,5.833696365356445,5.808611869812012,5.780722141265869
MLP_current_MAE,2026,4,11,0.0010000000474974513,5.862640857696533,5.78617525100708,5.809774398803711,5.7335028648376465
MLP_current_MAE,2026,4,12,0.0010000000474974513,5.8653035163879395,5.814734935760498,5.81264591217041,5.762310981750488
MLP_current_MAE,2026,4,13,0.0010000000474974513,5.8215837478637695,5.78616189956665,5.769184589385986,5.733935832977295
MLP_current_MAE,2026,4,14,0.0010000000474974513,5.816727161407471,5.833284854888916,5.764614582061768,5.7814226150512695
MLP_current_MAE,2026,4,15,0.0010000000474974513,5.8070454597473145,5.77109956741333,5.755181789398193,5.719405174255371
MLP_current_MAE,2026,4,16,0.0010000000474974513,5.824261665344238,5.777422904968262,5.77265739440918,5.726063251495361
MLP_current_MAE,2026,4,17,0.0010000000474974513,5.8186774253845215,5.7769575119018555,5.767336845397949,5.725757122039795
MLP_current_MAE,2026,4,18,0.0010000000474974513,5.7592997550964355,5.756939888000488,5.708178520202637,5.706015110015869
MLP_current_MAE,2026,4,19,0.0010000000474974513,5.799017906188965,5.788271903991699,5.748110771179199,5.7375688552856445
MLP_current_MAE,2026,4,20,0.0010000000474974513,5.732250213623047,5.760099411010742,5.6815924644470215,5.709534168243408
MLP_current_MAE,2026,4,21,0.0010000000474974513,5.7649760246276855,5.763620853424072,5.714432239532471,5.71315336227417
MLP_current_MAE,2026,4,22,0.0010000000474974513,5.792398452758789,5.761022567749023,5.741936683654785,5.710712909698486
MLP_current_MAE,2026,4,23,0.0010000000474974513,5.716755390167236,5.745946884155273,5.666468620300293,5.695705890655518
MLP_current_MAE,2026,4,24,0.0010000000474974513,5.755793571472168,5.772039413452148,5.705523490905762,5.721832752227783
MLP_current_MAE,2026,4,25,0.0010000000474974513,5.69739294052124,5.758458137512207,5.647234916687012,5.708329677581787
MLP_current_MAE,2026,4,26,0.0010000000474974513,5.709454536437988,5.754482746124268,5.659255027770996,5.704366207122803
MLP_current_MAE,2026,4,27,0.0010000000474974513,5.698291778564453,5.729916572570801,5.648117542266846,5.67976713180542
MLP_current_MAE,2026,4,28,0.0010000000474974513,5.684825897216797,5.776026248931885,5.634746074676514,5.725949764251709
MLP_current_MAE,2026,4,29,0.0010000000474974513,5.696902275085449,5.7594990730285645,5.64674711227417,5.709332466125488
MLP_current_MAE,2026,4,30,0.0010000000474974513,5.690235137939453,5.7725324630737305,5.640008449554443,5.722316741943359
MLP_current_MAE,2026,4,31,0.0010000000474974513,5.685158729553223,5.7560200691223145,5.63487434387207,5.705695629119873
MLP_current_MAE,2026,4,32,0.0010000000474974513,5.6517252922058105,5.733758449554443,5.6013312339782715,5.683248043060303
MLP_current_MAE,2026,4,33,0.0010000000474974513,5.695565223693848,5.758150100708008,5.64506721496582,5.7076616287231445
MLP_current_MAE,2026,4,34,0.0010000000474974513,5.651516914367676,5.742173671722412,5.6010332107543945,5.69166374206543
MLP_current_MAE,2026,4,35,0.0010000000474974513,5.7044782638549805,5.725409030914307,5.653962135314941,5.674901008605957
MLP_current_MAE,2026,4,36,0.0010000000474974513,5.680159568786621,5.714956760406494,5.629617214202881,5.664243698120117
MLP_current_MAE,2026,4,37,0.0010000000474974513,5.6229963302612305,5.774254322052002,5.572264671325684,5.723556995391846
MLP_current_MAE,2026,4,38,0.0010000000474974513,5.629852771759033,5.775859832763672,5.57904577255249,5.725030422210693
MLP_current_MAE,2026,4,39,0.0010000000474974513,5.6079535484313965,5.762880325317383,5.55701208114624,5.711913108825684
MLP_current_MAE,2026,4,40,0.0010000000474974513,5.610421180725098,5.768425941467285,5.559478759765625,5.717413425445557
MLP_current_MAE,2026,4,41,0.0010000000474974513,5.586430549621582,5.744968414306641,5.535364627838135,5.693771839141846
MLP_current_MAE,2026,4,42,0.0010000000474974513,5.590190887451172,5.770749092102051,5.538950443267822,5.719391822814941
MLP_current_MAE,2026,4,43,0.0010000000474974513,5.596521377563477,5.770818710327148,5.545111179351807,5.719290733337402
MLP_current_MAE,2026,4,44,0.0010000000474974513,5.578289031982422,5.759130001068115,5.526602745056152,5.707300662994385
MLP_current_MAE,2026,5,1,0.0010000000474974513,6.577629089355469,6.115733623504639,6.521308422088623,6.059508323669434
MLP_current_MAE,2026,5,2,0.0010000000474974513,6.101834774017334,5.994316577911377,6.0455522537231445,5.938412189483643
MLP_current_MAE,2026,5,3,0.0010000000474974513,5.99894380569458,6.030240535736084,5.943151473999023,5.975008010864258
MLP_current_MAE,2026,5,4,0.0010000000474974513,5.928262233734131,5.993190288543701,5.8729634284973145,5.938319206237793
MLP_current_MAE,2026,5,5,0.0010000000474974513,5.937021732330322,5.9761223793029785,5.882121562957764,5.9216227531433105
MLP_current_MAE,2026,5,6,0.0010000000474974513,5.9133100509643555,5.8975982666015625,5.858802318572998,5.843486309051514
MLP_current_MAE,2026,5,7,0.0010000000474974513,5.827836990356445,5.905043125152588,5.773850917816162,5.85143518447876
MLP_current_MAE,2026,5,8,0.0010000000474974513,5.893049716949463,5.958407878875732,5.839633941650391,5.905430316925049
MLP_current_MAE,2026,5,9,0.0010000000474974513,5.865030765533447,5.909435749053955,5.812072277069092,5.8569135665893555
MLP_current_MAE,2026,5,10,0.0010000000474974513,5.81364631652832,5.909634113311768,5.7611918449401855,5.857598304748535
MLP_current_MAE,2026,5,11,0.0010000000474974513,5.82969331741333,5.854198455810547,5.777683258056641,5.802424430847168
MLP_current_MAE,2026,5,12,0.0010000000474974513,5.7960381507873535,5.888442039489746,5.744388103485107,5.83703088760376
MLP_current_MAE,2026,5,13,0.0010000000474974513,5.8263983726501465,5.919094085693359,5.775017738342285,5.86799430847168
MLP_current_MAE,2026,5,14,0.0010000000474974513,5.820192337036133,5.88191556930542,5.769050598144531,5.831015586853027
MLP_current_MAE,2026,5,15,0.0010000000474974513,5.810739517211914,5.877969741821289,5.7599568367004395,5.827432155609131
MLP_current_MAE,2026,5,16,0.0010000000474974513,5.769800662994385,5.9249773025512695,5.719281196594238,5.874738693237305
MLP_current_MAE,2026,5,17,0.0010000000474974513,5.732863426208496,5.900459289550781,5.682549953460693,5.850309371948242
MLP_current_MAE,2026,5,18,0.0010000000474974513,5.710450172424316,5.899838924407959,5.660264015197754,5.849828720092773
MLP_current_MAE,2026,5,19,0.0010000000474974513,5.784751892089844,5.913438320159912,5.734797477722168,5.863761901855469
