competition,player_id,Date,MP_min,PIR
acb,abalde alberto||acb,2017-10-08,3.6333333333333333,-1
acb,abalde alberto||acb,2017-10-15,11.433333333333334,7
acb,abalde alberto||acb,2017-10-22,22.883333333333333,11
acb,abalde alberto||acb,2017-10-29,28.083333333333332,18
acb,abalde alberto||acb,2017-11-05,15.033333333333333,3
acb,abalde alberto||acb,2017-11-12,3.7666666666666666,0
acb,abalde alberto||acb,2017-12-17,15.95,4
acb,abalde alberto||acb,2017-12-30,22.216666666666665,18
acb,abalde alberto||acb,2018-01-02,14.4,4
acb,abalde alberto||acb,2018-01-07,21.983333333333334,4
acb,abalde alberto||acb,2018-01-13,18.516666666666666,13
acb,abalde alberto||acb,2018-01-21,20.016666666666666,5
acb,abromaitis tim||acb,2017-10-01,27.833333333333332,11
acb,abromaitis tim||acb,2017-10-04,20.016666666666666,12
acb,abromaitis tim||acb,2017-10-08,29.033333333333335,17
acb,abromaitis tim||acb,2017-10-15,26.65,13
acb,abromaitis tim||acb,2017-10-21,26.05,11
acb,abromaitis tim||acb,2017-10-29,29.466666666666665,6
acb,abromaitis tim||acb,2017-11-04,18.366666666666667,12
acb,abromaitis tim||acb,2017-11-12,28.8,25
acb,abromaitis tim||acb,2017-11-19,23.683333333333334,-4
acb,abromaitis tim||acb,2017-12-02,24.2,15
acb,abromaitis tim||acb,2017-12-10,33.416666666666664,18
acb,abromaitis tim||acb,2017-12-16,20.416666666666668,7
acb,abromaitis tim||acb,2017-12-23,24.383333333333333,2
acb,abromaitis tim||acb,2017-12-30,26.166666666666668,8
acb,abromaitis tim||acb,2018-01-07,22.9,4
acb,abromaitis tim||acb,2018-01-14,29.2,22
acb,abromaitis tim||acb,2018-01-21,22.266666666666666,0
acb,agbelese danny||acb,2017-10-01,13.1,-2
acb,agbelese danny||acb,2017-10-04,10.383333333333333,1
acb,agbelese danny||acb,2017-10-08,19.516666666666666,11
acb,agbelese danny||acb,2017-10-15,11.266666666666667,7
acb,agbelese danny||acb,2017-10-22,13.566666666666666,1
acb,agbelese danny||acb,2017-10-29,9.366666666666667,6
acb,agbelese danny||acb,2017-11-05,20.916666666666668,3
acb,agbelese danny||acb,2017-11-12,14.75,8
acb,agbelese danny||acb,2017-11-19,13.9,16
acb,agbelese danny||acb,2017-12-02,18.583333333333332,16
acb,agbelese danny||acb,2017-12-09,14.083333333333334,7
acb,agbelese danny||acb,2017-12-17,13.533333333333333,-2
acb,agbelese danny||acb,2017-12-30,15.083333333333334,18
acb,agbelese danny||acb,2018-01-02,21.016666666666666,10
acb,agbelese danny||acb,2018-01-07,15.05,13
acb,agbelese danny||acb,2018-01-13,14.283333333333333,9
acb,agbelese danny||acb,2018-01-21,11.116666666666667,5
acb,aguilar pablo||acb,2017-10-01,22.15,5
acb,aguilar pablo||acb,2017-10-04,21.983333333333334,11
acb,aguilar pablo||acb,2017-10-07,14.533333333333333,1
acb,aguilar pablo||acb,2017-10-15,7.35,-1
acb,aguilar pablo||acb,2017-10-22,0.0,0
acb,aguilar pablo||acb,2017-10-29,14.75,3
acb,aguilar pablo||acb,2017-11-05,16.066666666666666,19
acb,aguilar pablo||acb,2017-12-17,11.85,-1
acb,aguilar pablo||acb,2017-12-23,22.766666666666666,4
acb,aguilar pablo||acb,2017-12-30,17.733333333333334,12
acb,aguilar pablo||acb,2018-01-07,14.916666666666666,0
acb,aguilar pablo||acb,2018-01-14,21.166666666666668,1
acb,aguilar pablo||acb,2018-01-21,23.416666666666668,23
acb,akognon josh||acb,2018-01-21,1.9166666666666665,-3
acb,albicy andrew||acb,2017-10-01,24.983333333333334,7
acb,albicy andrew||acb,2017-10-04,33.21666666666667,8
acb,albicy andrew||acb,2017-10-08,25.216666666666665,17
acb,albicy andrew||acb,2017-10-15,24.383333333333333,7
acb,albicy andrew||acb,2017-10-22,8.116666666666667,2
acb,albicy andrew||acb,2017-10-29,27.4,1
acb,albicy andrew||acb,2017-11-05,29.166666666666668,6
acb,albicy andrew||acb,2017-11-12,24.833333333333332,11
acb,albicy andrew||acb,2017-11-19,20.683333333333334,4
acb,albicy andrew||acb,2017-12-03,29.516666666666666,4
acb,albicy andrew||acb,2017-12-09,28.1,1
acb,albicy andrew||acb,2017-12-17,27.966666666666665,27
acb,albicy andrew||acb,2017-12-23,0.0,0
acb,albicy andrew||acb,2017-12-30,16.833333333333332,2
acb,albicy andrew||acb,2018-01-06,17.65,6
acb,albicy andrew||acb,2018-01-14,26.533333333333335,24
acb,albicy andrew||acb,2018-01-21,24.266666666666666,9
acb,allen rosco||acb,2017-10-01,12.166666666666666,-2
acb,allen rosco||acb,2017-10-04,17.616666666666667,6
acb,allen rosco||acb,2017-10-08,11.183333333333334,1
acb,allen rosco||acb,2017-10-15,13.416666666666666,6
acb,allen rosco||acb,2017-10-21,15.766666666666667,-2
acb,allen rosco||acb,2017-10-29,10.583333333333334,-3
acb,allen rosco||acb,2017-11-04,18.783333333333335,10
acb,allen rosco||acb,2017-11-12,11.4,-2
acb,allen rosco||acb,2017-11-19,16.833333333333332,1
acb,allen rosco||acb,2017-12-02,15.966666666666667,8
acb,allen rosco||acb,2017-12-10,11.583333333333334,4
acb,allen rosco||acb,2017-12-16,12.383333333333333,-1
acb,allen rosco||acb,2017-12-23,9.916666666666666,-3
acb,allen rosco||acb,2017-12-30,16.516666666666666,0
acb,allen rosco||acb,2018-01-07,17.783333333333335,9
acb,allen rosco||acb,2018-01-14,10.8,14
acb,allen rosco||acb,2018-01-21,17.733333333333334,9
acb,alocen carlos||acb,2017-12-03,19.75,11
acb,alocen carlos||acb,2017-12-10,21.566666666666666,4
acb,alocen carlos||acb,2017-12-17,0.0,0
acb,anosike oderah||acb,2017-10-01,32.1,20
acb,anosike oderah||acb,2017-10-04,28.95,12
acb,anosike oderah||acb,2017-10-08,28.65,5
acb,anosike oderah||acb,2017-10-14,23.516666666666666,14
acb,anosike oderah||acb,2017-10-22,29.083333333333332,11
acb,anosike oderah||acb,2017-10-29,13.65,4
acb,anosike oderah||acb,2017-11-05,32.15,16
acb,anosike oderah||acb,2017-11-12,19.566666666666666,8
acb,anosike oderah||acb,2017-11-18,27.983333333333334,21
acb,anosike oderah||acb,2017-12-02,24.266666666666666,-2
acb,anosike oderah||acb,2017-12-10,17.983333333333334,-3
acb,anosike oderah||acb,2017-12-17,20.65,14
acb,anosike oderah||acb,2017-12-23,19.466666666666665,4
acb,anosike oderah||acb,2017-12-30,29.333333333333332,12
acb,anosike oderah||acb,2018-01-07,26.65,28
acb,anosike oderah||acb,2018-01-14,28.216666666666665,15
acb,anosike oderah||acb,2018-01-21,24.466666666666665,9
acb,arteaga victor||acb,2017-10-05,15.816666666666666,9
acb,arteaga victor||acb,2017-10-08,6.95,-1
acb,arteaga victor||acb,2017-10-14,5.983333333333333,3
acb,arteaga victor||acb,2017-10-22,16.6,13
acb,arteaga victor||acb,2017-10-29,13.8,8
acb,arteaga victor||acb,2017-11-05,1.2166666666666668,-3
acb,arteaga victor||acb,2017-11-12,0.0,0
acb,arteaga victor||acb,2017-11-19,0.0,0
acb,arteaga victor||acb,2017-12-03,7.616666666666667,2
acb,arteaga victor||acb,2017-12-10,0.0,0
acb,arteaga victor||acb,2017-12-17,0.0,0
acb,arteaga victor||acb,2017-12-23,16.216666666666665,14
acb,arteaga victor||acb,2017-12-31,7.433333333333334,1
acb,arteaga victor||acb,2018-01-04,9.766666666666667,5
acb,arteaga victor||acb,2018-01-07,8.25,3
acb,arteaga victor||acb,2018-01-14,0.0,0
acb,arteaga victor||acb,2018-01-21,6.15,0
acb,augustine james||acb,2017-10-01,20.616666666666667,16
acb,augustine james||acb,2017-10-05,15.55,5
acb,augustine james||acb,2017-10-08,28.416666666666668,14
acb,augustine james||acb,2017-10-14,18.65,4
acb,augustine james||acb,2017-10-22,15.783333333333333,5
acb,augustine james||acb,2017-10-29,14.966666666666667,9
acb,augustine james||acb,2017-11-05,21.833333333333332,7
acb,augustine james||acb,2017-11-12,25.65,6
acb,augustine james||acb,2017-11-19,23.166666666666668,0
acb,augustine james||acb,2017-12-03,20.4,9
acb,augustine james||acb,2017-12-10,17.083333333333332,13
acb,augustine james||acb,2017-12-16,26.966666666666665,22
acb,augustine james||acb,2017-12-30,16.95,7
acb,augustine james||acb,2018-01-02,23.433333333333334,14
acb,augustine james||acb,2018-01-06,16.733333333333334,13
acb,augustine james||acb,2018-01-14,20.183333333333334,5
acb,augustine james||acb,2018-01-21,13.883333333333333,16
acb,ayon gustavo||acb,2017-10-01,23.283333333333335,17
acb,ayon gustavo||acb,2017-10-05,22.716666666666665,12
acb,ayon gustavo||acb,2017-10-08,20.2,15
acb,ayon gustavo||acb,2017-10-15,19.633333333333333,11
acb,ayon gustavo||acb,2017-10-22,22.75,18
acb,ayon gustavo||acb,2017-10-28,28.316666666666666,3
acb,ayon gustavo||acb,2017-11-04,6.966666666666667,1
acb,azpeitia asier||acb,2017-10-04,1.3166666666666667,1
acb,azpeitia asier||acb,2018-01-07,0.9166666666666666,1
acb,bachynski jordan||acb,2017-10-21,0.0,0
acb,baez eulis||acb,2017-10-01,16.35,11
acb,baez eulis||acb,2017-10-04,18.016666666666666,14
acb,baez eulis||acb,2017-10-07,25.466666666666665,23
acb,baez eulis||acb,2017-10-15,29.45,13
acb,baez eulis||acb,2017-10-22,21.466666666666665,3
acb,baez eulis||acb,2017-10-29,25.25,20
acb,baez eulis||acb,2017-11-05,21.616666666666667,13
acb,baez eulis||acb,2017-11-11,23.033333333333335,10
acb,baez eulis||acb,2017-11-19,24.783333333333335,12
acb,baez eulis||acb,2017-12-03,28.283333333333335,9
acb,baez eulis||acb,2017-12-10,25.116666666666667,8
acb,baez eulis||acb,2017-12-17,28.15,20
acb,baez eulis||acb,2017-12-23,17.316666666666666,10
acb,baez eulis||acb,2017-12-30,18.533333333333335,11
acb,baez eulis||acb,2018-01-07,25.083333333333332,11
acb,baez eulis||acb,2018-01-14,18.833333333333332,6
acb,balcerowski a.||acb,2017-11-19,0.0,0
acb,balcerowski olek||acb,2017-12-03,1.45,1
acb,balcerowski olek||acb,2017-12-10,0.0,0
acb,balcerowski olek||acb,2018-01-21,0.0,0
acb,balvin ondrej||acb,2017-10-01,12.483333333333333,13
acb,balvin ondrej||acb,2017-10-04,20.783333333333335,11
acb,balvin ondrej||acb,2017-10-07,17.95,12
acb,balvin ondrej||acb,2017-10-15,20.033333333333335,9
acb,balvin ondrej||acb,2017-10-22,20.766666666666666,4
acb,balvin ondrej||acb,2017-10-29,23.183333333333334,7
acb,balvin ondrej||acb,2017-11-05,12.55,11
acb,balvin ondrej||acb,2017-11-11,24.983333333333334,4
acb,balvin ondrej||acb,2017-11-19,24.8,20
acb,balvin ondrej||acb,2017-12-03,25.583333333333332,6
acb,balvin ondrej||acb,2017-12-10,31.083333333333332,25
acb,balvin ondrej||acb,2017-12-17,24.15,20
acb,balvin ondrej||acb,2017-12-23,16.45,6
acb,balvin ondrej||acb,2017-12-30,20.033333333333335,1
acb,balvin ondrej||acb,2018-01-07,15.166666666666666,7
acb,balvin ondrej||acb,2018-01-14,20.2,9
acb,balvin ondrej||acb,2018-01-21,26.7,24
acb,barreiro j.||acb,2017-09-30,14.05,7
acb,barreiro j.||acb,2017-10-04,12.316666666666666,4
acb,barreiro j.||acb,2017-10-08,6.833333333333333,3
acb,barreiro j.||acb,2017-10-15,16.233333333333334,4
acb,barreiro j.||acb,2017-10-22,12.3,4
acb,barreiro j.||acb,2017-10-29,18.483333333333334,11
acb,barreiro j.||acb,2017-11-05,14.716666666666667,3
acb,barreiro j.||acb,2017-11-12,9.15,-2
acb,barreiro j.||acb,2017-11-18,21.666666666666668,7
acb,barreiro j.||acb,2017-12-03,17.1,5
acb,barreiro j.||acb,2017-12-10,8.333333333333334,0
acb,barreiro j.||acb,2017-12-17,16.45,1
acb,barreiro j.||acb,2017-12-23,16.433333333333334,10
acb,barreiro j.||acb,2017-12-30,30.516666666666666,13
acb,barreiro j.||acb,2018-01-07,25.55,11
acb,barreiro j.||acb,2018-01-13,16.533333333333335,1
acb,barreiro j.||acb,2018-01-21,25.416666666666668,4
acb,barrera alex||acb,2017-10-01,22.2,7
acb,barrera alex||acb,2017-10-05,16.266666666666666,6
acb,barrera alex||acb,2017-10-08,22.333333333333332,11
acb,barrera alex||acb,2017-10-14,15.533333333333333,12
acb,barrera alex||acb,2017-10-21,16.416666666666668,-9
acb,barrera alex||acb,2017-10-28,15.15,2
acb,barrera alex||acb,2017-11-05,8.616666666666667,-6
acb,barrera alex||acb,2017-11-11,10.383333333333333,6
acb,barrera alex||acb,2017-11-19,0.0,0
acb,barrera alex||acb,2017-12-03,1.8666666666666667,0
acb,barrera alex||acb,2017-12-10,19.816666666666666,16
acb,barrera alex||acb,2017-12-16,0.03333333333333333,0
acb,barrera alex||acb,2017-12-23,15.733333333333333,6
acb,barrera alex||acb,2017-12-30,7.2,4
acb,barrera alex||acb,2018-01-06,14.95,5
acb,barrera alex||acb,2018-01-14,14.016666666666667,-2
acb,barrera alex||acb,2018-01-21,0.0,0
acb,bassas ferran||acb,2017-10-01,12.75,0
acb,bassas ferran||acb,2017-10-04,14.016666666666667,4
acb,bassas ferran||acb,2017-10-08,13.0,5
acb,bassas ferran||acb,2017-10-15,23.383333333333333,12
acb,bassas ferran||acb,2017-10-21,18.216666666666665,17
acb,bassas ferran||acb,2017-10-29,12.25,1
acb,bassas ferran||acb,2017-12-02,20.866666666666667,6
acb,bassas ferran||acb,2017-12-10,15.466666666666667,-1
acb,bassas ferran||acb,2017-12-16,21.783333333333335,17
acb,bassas ferran||acb,2017-12-23,13.216666666666667,3
acb,bassas ferran||acb,2017-12-30,13.216666666666667,7
acb,bassas ferran||acb,2018-01-07,11.2,-3
acb,bassas ferran||acb,2018-01-14,14.016666666666667,5
acb,bassas ferran||acb,2018-01-21,0.36666666666666664,0
acb,beaubois rodrigue||acb,2017-10-05,10.066666666666666,12
acb,beaubois rodrigue||acb,2017-10-07,13.116666666666667,-1
acb,beaubois rodrigue||acb,2017-10-15,0.0,0
acb,beaubois rodrigue||acb,2017-10-22,24.816666666666666,19
acb,beaubois rodrigue||acb,2017-10-29,25.6,16
acb,beaubois rodrigue||acb,2017-11-05,23.45,13
acb,beaubois rodrigue||acb,2017-11-12,19.383333333333333,5
acb,beaubois rodrigue||acb,2017-11-19,25.15,15
acb,beaubois rodrigue||acb,2017-12-03,16.083333333333332,4
acb,beaubois rodrigue||acb,2017-12-09,20.933333333333334,14
acb,beaubois rodrigue||acb,2017-12-17,27.466666666666665,16
acb,beaubois rodrigue||acb,2017-12-31,0.0,0
acb,beaubois rodrigue||acb,2018-01-03,24.766666666666666,8
acb,beaubois rodrigue||acb,2018-01-07,24.466666666666665,13
acb,beaubois rodrigue||acb,2018-01-14,27.216666666666665,12
acb,beaubois rodrigue||acb,2018-01-21,17.666666666666668,19
acb,beiran javier||acb,2017-10-01,21.316666666666666,18
acb,beiran javier||acb,2017-10-04,17.766666666666666,6
acb,beiran javier||acb,2017-10-08,19.05,7
acb,beiran javier||acb,2017-10-15,21.316666666666666,8
acb,beiran javier||acb,2017-10-21,20.583333333333332,6
acb,beiran javier||acb,2017-10-29,22.15,11
acb,beiran javier||acb,2017-11-04,25.866666666666667,10
acb,beiran javier||acb,2017-11-12,17.1,2
acb,beiran javier||acb,2017-12-10,10.45,2
acb,beiran javier||acb,2017-12-16,17.116666666666667,0
acb,beiran javier||acb,2017-12-23,20.5,7
acb,beiran javier||acb,2017-12-30,23.633333333333333,26
acb,beiran javier||acb,2018-01-07,21.416666666666668,8
acb,beiran javier||acb,2018-01-14,13.95,3
acb,beiran javier||acb,2018-01-21,22.066666666666666,11
acb,bellas tomas||acb,2017-09-30,27.283333333333335,3
acb,bellas tomas||acb,2017-10-04,21.983333333333334,12
acb,bellas tomas||acb,2017-10-08,18.516666666666666,5
acb,bellas tomas||acb,2017-10-15,30.433333333333334,12
acb,bellas tomas||acb,2017-10-22,15.7,1
acb,bellas tomas||acb,2017-10-29,29.583333333333332,7
acb,bellas tomas||acb,2017-11-05,28.733333333333334,11
acb,bellas tomas||acb,2017-11-12,27.25,7
acb,bellas tomas||acb,2017-11-18,29.9,28
acb,bellas tomas||acb,2017-12-03,20.25,7
acb,bellas tomas||acb,2017-12-10,27.816666666666666,3
acb,bellas tomas||acb,2017-12-17,33.733333333333334,24
acb,bellas tomas||acb,2017-12-23,31.733333333333334,3
acb,bellas tomas||acb,2017-12-30,24.566666666666666,5
acb,bellas tomas||acb,2018-01-07,29.283333333333335,13
acb,bellas tomas||acb,2018-01-13,18.083333333333332,0
acb,bellas tomas||acb,2018-01-21,26.733333333333334,5
acb,bendzius eimantas||acb,2017-09-30,14.916666666666666,6
acb,bendzius eimantas||acb,2017-10-04,12.7,7
acb,bendzius eimantas||acb,2017-10-07,19.033333333333335,13
acb,bendzius eimantas||acb,2017-10-15,21.5,11
acb,bendzius eimantas||acb,2017-10-21,21.15,5
acb,bendzius eimantas||acb,2017-10-28,25.133333333333333,9
acb,bendzius eimantas||acb,2017-11-05,21.216666666666665,5
acb,bendzius eimantas||acb,2017-11-11,13.983333333333333,1
acb,bendzius eimantas||acb,2017-11-19,22.566666666666666,13
acb,bendzius eimantas||acb,2017-12-03,20.4,2
acb,bendzius eimantas||acb,2017-12-10,30.4,16
acb,bendzius eimantas||acb,2017-12-17,31.35,20
acb,bendzius eimantas||acb,2017-12-23,25.85,12
acb,bendzius eimantas||acb,2017-12-30,29.383333333333333,9
acb,bendzius eimantas||acb,2018-01-06,19.666666666666668,6
acb,bendzius eimantas||acb,2018-01-13,20.216666666666665,-3
acb,bendzius eimantas||acb,2018-01-21,20.066666666666666,14
acb,benite vitor||acb,2017-10-01,20.15,8
acb,benite vitor||acb,2017-10-04,19.65,5
acb,benite vitor||acb,2017-10-08,14.783333333333333,1
acb,benite vitor||acb,2017-10-15,20.883333333333333,10
acb,benite vitor||acb,2017-10-22,26.116666666666667,29
acb,benite vitor||acb,2017-10-29,16.25,17
acb,benite vitor||acb,2017-11-05,24.35,7
acb,benite vitor||acb,2017-11-11,19.416666666666668,-3
acb,benite vitor||acb,2017-11-19,18.0,17
acb,benite vitor||acb,2017-12-03,18.283333333333335,10
acb,benite vitor||acb,2017-12-10,27.4,8
acb,benite vitor||acb,2017-12-17,21.616666666666667,3
acb,benite vitor||acb,2017-12-23,15.35,5
acb,benite vitor||acb,2017-12-31,18.85,9
acb,benite vitor||acb,2018-01-07,16.1,7
acb,benite vitor||acb,2018-01-14,20.733333333333334,16
acb,benite vitor||acb,2018-01-21,6.85,-2
acb,beraza xabier||acb,2018-01-21,3.4,-3
acb,beraza xabi||acb,2017-10-22,5.516666666666667,0
acb,beraza xabi||acb,2017-11-12,0.0,0
acb,beraza xabi||acb,2017-12-30,0.85,-1
acb,beraza xabi||acb,2018-01-07,2.2666666666666666,4
acb,birgander simon||acb,2017-10-05,15.983333333333333,6
acb,birgander simon||acb,2017-10-07,2.2,0
acb,birgander simon||acb,2017-10-15,11.983333333333333,1
acb,birgander simon||acb,2017-10-22,17.333333333333332,12
acb,birgander simon||acb,2017-10-29,9.7,9
acb,birgander simon||acb,2017-11-05,22.25,6
acb,birgander simon||acb,2017-11-12,17.966666666666665,3
acb,birgander simon||acb,2017-11-19,11.733333333333333,0
acb,birgander simon||acb,2017-12-10,0.0,0
acb,birgander simon||acb,2017-12-17,6.1,-4
acb,birgander simon||acb,2017-12-23,9.133333333333333,0
acb,birgander simon||acb,2017-12-30,21.366666666666667,16
acb,birgander simon||acb,2018-01-04,28.95,2
acb,birgander simon||acb,2018-01-07,12.7,-3
acb,birgander simon||acb,2018-01-14,13.833333333333334,1
acb,birgander simon||acb,2018-01-21,8.466666666666667,2
acb,blanco saul||acb,2017-10-01,8.483333333333333,6
acb,blanco saul||acb,2017-10-04,0.0,0
acb,blanco saul||acb,2017-10-08,0.0,0
acb,blanco saul||acb,2017-10-14,13.4,6
acb,blanco saul||acb,2017-10-22,17.583333333333332,0
acb,blanco saul||acb,2017-10-29,7.8,-1
acb,blanco saul||acb,2017-11-05,0.0,0
acb,blanco saul||acb,2017-11-12,5.133333333333334,2
acb,blanco saul||acb,2017-12-17,0.0,0
acb,blanco saul||acb,2017-12-23,0.0,0
acb,blanco saul||acb,2017-12-30,0.0,0
acb,blazic jaka||acb,2017-10-01,23.866666666666667,12
acb,blazic jaka||acb,2017-10-04,23.516666666666666,13
acb,blazic jaka||acb,2017-10-08,23.033333333333335,3
acb,blazic jaka||acb,2017-10-15,31.933333333333334,21
acb,blazic jaka||acb,2017-10-22,30.133333333333333,23
acb,blazic jaka||acb,2017-10-29,25.233333333333334,-1
acb,blazic jaka||acb,2017-11-05,33.3,21
acb,blazic jaka||acb,2017-11-12,22.35,29
acb,blazic jaka||acb,2017-11-19,29.4,2
acb,blazic jaka||acb,2017-12-03,30.55,24
acb,blazic jaka||acb,2017-12-09,26.683333333333334,16
acb,blazic jaka||acb,2017-12-17,24.35,4
acb,blazic jaka||acb,2017-12-23,27.05,10
acb,blazic jaka||acb,2017-12-30,30.516666666666666,20
acb,blazic jaka||acb,2018-01-06,25.466666666666665,-2
acb,blazic jaka||acb,2018-01-14,26.95,9
acb,blazic jaka||acb,2018-01-21,22.133333333333333,18
acb,blums janis||acb,2017-09-30,24.133333333333333,13
acb,blums janis||acb,2017-10-04,25.116666666666667,20
acb,blums janis||acb,2017-10-08,17.616666666666667,-4
acb,blums janis||acb,2017-10-15,25.533333333333335,9
acb,blums janis||acb,2017-10-22,24.866666666666667,10
acb,blums janis||acb,2017-10-29,11.35,-1
acb,blums janis||acb,2017-11-05,22.85,8
acb,blums janis||acb,2017-11-12,15.95,-4
acb,blums janis||acb,2017-11-18,15.816666666666666,-3
acb,blums janis||acb,2017-12-03,20.95,5
acb,blums janis||acb,2017-12-10,18.116666666666667,1
acb,blums janis||acb,2017-12-17,28.333333333333332,8
acb,blums janis||acb,2017-12-23,27.433333333333334,15
acb,blums janis||acb,2017-12-30,36.516666666666666,1
acb,blums janis||acb,2018-01-07,28.583333333333332,6
acb,blums janis||acb,2018-01-13,17.066666666666666,0
acb,blums janis||acb,2018-01-21,11.933333333333334,-4
acb,bonde sturup mads||acb,2017-10-15,0.0,0
acb,bonde sturup mads||acb,2017-11-04,0.0,0
acb,bonde sturup mads||acb,2017-12-02,0.2,0
acb,bonde sturup mads||acb,2017-12-23,0.0,0
acb,bonde sturup mads||acb,2017-12-30,0.0,0
acb,bonde sturup mads||acb,2018-01-14,0.0,0
acb,boungou-colo n.||acb,2017-10-01,35.46666666666667,18
acb,boungou-colo n.||acb,2017-10-04,30.116666666666667,7
acb,boungou-colo n.||acb,2017-10-08,37.06666666666667,26
acb,boungou-colo n.||acb,2017-10-14,23.25,-6
acb,boungou-colo n.||acb,2017-10-22,33.766666666666666,19
acb,boungou-colo n.||acb,2017-10-29,36.85,15
acb,boungou-colo n.||acb,2017-11-05,32.2,10
acb,boungou-colo n.||acb,2017-11-12,27.55,12
acb,boungou-colo n.||acb,2017-11-18,11.7,-10
acb,brizuela dario||acb,2017-10-05,18.333333333333332,3
acb,brizuela dario||acb,2017-10-08,13.416666666666666,-1
acb,brizuela dario||acb,2017-10-14,14.983333333333333,1
acb,brizuela dario||acb,2017-10-22,13.783333333333333,6
acb,brizuela dario||acb,2017-10-29,11.7,2
acb,brizuela dario||acb,2017-11-05,11.466666666666667,-6
acb,brizuela dario||acb,2017-11-12,10.383333333333333,-3
acb,brizuela dario||acb,2017-11-19,15.5,12
acb,brizuela dario||acb,2017-12-03,12.483333333333333,1
acb,brizuela dario||acb,2017-12-10,18.616666666666667,2
acb,brizuela dario||acb,2017-12-17,10.616666666666667,-1
acb,brizuela dario||acb,2017-12-23,18.966666666666665,9
acb,brizuela dario||acb,2017-12-31,17.266666666666666,1
acb,brizuela dario||acb,2018-01-04,16.483333333333334,5
acb,brizuela dario||acb,2018-01-07,29.066666666666666,8
acb,brizuela dario||acb,2018-01-14,23.133333333333333,10
acb,brizuela dario||acb,2018-01-21,19.4,2
acb,brooks jeff||acb,2017-10-01,24.016666666666666,20
acb,brooks jeff||acb,2017-10-05,18.833333333333332,21
acb,brooks jeff||acb,2017-10-08,26.4,9
acb,brooks jeff||acb,2017-10-14,14.75,10
acb,brooks jeff||acb,2017-10-22,23.683333333333334,13
acb,brooks jeff||acb,2017-10-29,20.716666666666665,13
acb,brooks jeff||acb,2017-11-05,16.616666666666667,5
acb,brooks jeff||acb,2017-11-12,12.7,-1
acb,brooks jeff||acb,2017-11-19,14.0,-6
acb,brooks jeff||acb,2017-12-03,16.0,8
acb,brooks jeff||acb,2017-12-10,24.3,13
acb,brooks jeff||acb,2017-12-16,19.1,3
acb,brooks jeff||acb,2017-12-30,20.15,5
acb,brooks jeff||acb,2018-01-02,19.483333333333334,8
acb,brooks jeff||acb,2018-01-06,21.266666666666666,14
acb,brooks jeff||acb,2018-01-14,12.866666666666667,12
acb,brooks jeff||acb,2018-01-21,14.75,7
acb,brown alec||acb,2017-10-05,18.55,6
acb,brown alec||acb,2017-10-08,14.883333333333333,7
acb,brown alec||acb,2017-10-14,23.35,14
acb,brown alec||acb,2017-10-22,22.916666666666668,13
acb,brown alec||acb,2017-10-29,14.5,4
acb,brown alec||acb,2017-11-05,23.45,8
acb,brown alec||acb,2017-11-12,16.15,11
acb,brown alec||acb,2017-11-19,26.9,22
acb,brown alec||acb,2017-12-03,15.316666666666666,0
acb,brown alec||acb,2017-12-10,28.216666666666665,17
acb,brown alec||acb,2017-12-17,22.2,3
acb,brown alec||acb,2017-12-23,17.883333333333333,18
acb,brown alec||acb,2017-12-31,22.5,23
acb,brown alec||acb,2018-01-04,21.533333333333335,2
acb,brown alec||acb,2018-01-07,29.866666666666667,21
acb,brown alec||acb,2018-01-14,25.85,21
acb,brown alec||acb,2018-01-21,18.483333333333334,-5
acb,brussino nico||acb,2018-01-07,0.0,0
acb,brussino nico||acb,2018-01-14,20.9,7
acb,brussino nico||acb,2018-01-21,18.533333333333335,4
acb,busquets pep||acb,2018-01-04,0.0,0
acb,busquets pep||acb,2018-01-07,0.0,0
acb,campazzo facu||acb,2017-10-01,27.983333333333334,16
acb,campazzo facu||acb,2017-10-05,32.583333333333336,15
acb,campazzo facu||acb,2017-10-08,18.15,2
acb,campazzo facu||acb,2017-10-15,24.833333333333332,12
acb,campazzo facu||acb,2017-10-22,21.216666666666665,13
acb,campazzo facu||acb,2017-10-28,25.65,24
acb,campazzo facu||acb,2017-11-04,30.566666666666666,20
acb,campazzo facu||acb,2017-11-12,25.916666666666668,1
acb,campazzo facu||acb,2017-11-18,17.7,7
acb,campazzo facu||acb,2017-12-03,22.583333333333332,5
acb,campazzo facu||acb,2017-12-10,4.25,7
acb,campazzo facu||acb,2017-12-17,25.733333333333334,17
acb,campazzo facu||acb,2017-12-31,25.083333333333332,7
acb,campazzo facu||acb,2018-01-03,28.816666666666666,18
acb,campazzo facu||acb,2018-01-07,19.516666666666666,14
acb,campazzo facu||acb,2018-01-14,19.266666666666666,5
acb,campazzo facu||acb,2018-01-21,28.733333333333334,11
acb,caner-medleyn.||acb,2017-10-05,22.6,12
acb,caner-medleyn.||acb,2017-10-08,22.633333333333333,5
acb,caner-medleyn.||acb,2017-10-14,23.3,16
acb,caner-medleyn.||acb,2017-10-22,11.983333333333333,1
acb,caner-medleyn.||acb,2017-10-29,21.966666666666665,9
acb,caner-medleyn.||acb,2017-11-05,27.55,26
acb,caner-medleyn.||acb,2017-11-12,21.616666666666667,-1
acb,caner-medleyn.||acb,2017-11-19,15.683333333333334,-3
acb,caner-medleyn.||acb,2017-12-03,17.65,8
acb,caner-medleyn.||acb,2017-12-10,23.133333333333333,11
acb,caner-medleyn.||acb,2017-12-17,21.9,11
acb,caner-medleyn.||acb,2018-01-04,4.45,-1
acb,caner-medleyn.||acb,2018-01-07,15.783333333333333,-4
acb,caner-medleyn.||acb,2018-01-14,17.516666666666666,4
acb,caner-medleyn.||acb,2018-01-21,26.016666666666666,17
acb,carroll jaycee||acb,2017-10-01,14.766666666666667,8
acb,carroll jaycee||acb,2017-10-05,14.466666666666667,4
acb,carroll jaycee||acb,2017-10-08,12.016666666666667,-2
acb,carroll jaycee||acb,2017-10-15,19.5,1
acb,carroll jaycee||acb,2017-10-22,30.583333333333332,27
acb,carroll jaycee||acb,2017-10-28,15.4,8
acb,carroll jaycee||acb,2017-11-04,14.3,9
acb,carroll jaycee||acb,2017-11-12,7.55,8
acb,carroll jaycee||acb,2017-11-18,10.533333333333333,5
acb,carroll jaycee||acb,2017-12-03,17.766666666666666,13
acb,carroll jaycee||acb,2017-12-10,29.933333333333334,11
acb,carroll jaycee||acb,2017-12-17,17.316666666666666,17
acb,carroll jaycee||acb,2017-12-31,22.25,9
acb,carroll jaycee||acb,2018-01-03,14.6,-3
acb,carroll jaycee||acb,2018-01-14,17.0,10
acb,carroll jaycee||acb,2018-01-21,20.483333333333334,26
acb,causeur fabien||acb,2017-10-01,25.033333333333335,28
acb,causeur fabien||acb,2017-10-05,17.216666666666665,11
acb,causeur fabien||acb,2017-10-08,23.333333333333332,19
acb,causeur fabien||acb,2017-10-15,20.433333333333334,2
acb,causeur fabien||acb,2017-10-22,13.15,3
acb,causeur fabien||acb,2017-10-28,8.066666666666666,0
acb,causeur fabien||acb,2017-11-04,25.883333333333333,14
acb,causeur fabien||acb,2017-11-12,19.616666666666667,9
acb,causeur fabien||acb,2017-12-03,21.733333333333334,11
acb,causeur fabien||acb,2017-12-10,23.366666666666667,0
acb,causeur fabien||acb,2017-12-17,0.0,0
acb,causeur fabien||acb,2017-12-31,13.116666666666667,9
acb,causeur fabien||acb,2018-01-03,20.583333333333332,14
acb,causeur fabien||acb,2018-01-07,16.566666666666666,13
acb,causeur fabien||acb,2018-01-14,15.7,3
acb,causeur fabien||acb,2018-01-21,0.0,0
acb,chery kenny||acb,2017-10-01,0.0,0
acb,chery kenny||acb,2017-10-04,0.0,0
acb,chery kenny||acb,2017-10-08,22.433333333333334,9
acb,chery kenny||acb,2017-10-15,14.45,-4
acb,chery kenny||acb,2017-10-22,22.783333333333335,18
acb,chery kenny||acb,2017-10-29,23.883333333333333,15
acb,chery kenny||acb,2017-11-05,27.266666666666666,10
acb,chery kenny||acb,2017-11-12,18.0,-4
acb,chery kenny||acb,2017-11-19,11.716666666666667,8
acb,chery kenny||acb,2017-12-02,21.516666666666666,9
acb,chery kenny||acb,2017-12-09,27.333333333333332,2
acb,chery kenny||acb,2017-12-17,21.566666666666666,6
acb,chery kenny||acb,2017-12-30,29.483333333333334,14
acb,chery kenny||acb,2018-01-02,21.2,20
acb,chery kenny||acb,2018-01-07,24.866666666666667,-1
acb,chery kenny||acb,2018-01-13,0.0,0
acb,chery kenny||acb,2018-01-21,31.366666666666667,12
acb,clark daniel||acb,2017-10-01,23.716666666666665,5
acb,clark daniel||acb,2017-10-04,19.05,19
acb,clark daniel||acb,2017-10-08,25.133333333333333,8
acb,clark daniel||acb,2017-10-15,18.9,6
acb,clark daniel||acb,2017-10-22,24.35,1
acb,clark daniel||acb,2017-10-29,21.65,17
acb,clark daniel||acb,2017-11-05,12.516666666666667,1
acb,clark daniel||acb,2017-11-12,22.533333333333335,11
acb,clark daniel||acb,2017-11-19,25.066666666666666,12
acb,clark daniel||acb,2017-12-02,26.733333333333334,4
acb,clark daniel||acb,2017-12-09,24.783333333333335,9
acb,clark daniel||acb,2017-12-17,26.25,8
acb,clark daniel||acb,2017-12-30,20.133333333333333,0
acb,clark daniel||acb,2018-01-02,23.083333333333332,6
acb,clark daniel||acb,2018-01-07,22.516666666666666,24
acb,clark daniel||acb,2018-01-13,18.216666666666665,6
acb,clark daniel||acb,2018-01-21,18.55,10
acb,claver victor||acb,2017-11-05,14.083333333333334,4
acb,claver victor||acb,2017-11-12,0.0,0
acb,claver victor||acb,2017-11-19,0.0,0
acb,claver victor||acb,2017-12-03,7.083333333333333,0
acb,claver victor||acb,2017-12-10,9.716666666666667,6
acb,claver victor||acb,2017-12-17,17.333333333333332,1
acb,claver victor||acb,2017-12-31,19.85,15
acb,claver victor||acb,2018-01-02,19.983333333333334,6
acb,claver victor||acb,2018-01-07,19.333333333333332,7
acb,claver victor||acb,2018-01-14,21.116666666666667,3
acb,claver victor||acb,2018-01-21,13.9,3
acb,colom guillem||acb,2017-10-01,0.0,0
acb,colom guillem||acb,2017-10-04,0.0,0
acb,colom guillem||acb,2017-10-08,0.0,0
acb,colom guillem||acb,2017-10-15,0.0,0
acb,colom guillem||acb,2017-10-22,7.583333333333333,1
acb,colom guillem||acb,2017-10-29,0.0,0
acb,colom guillem||acb,2017-11-05,0.45,-1
acb,colom guillem||acb,2017-11-12,2.1333333333333333,4
acb,colom guillem||acb,2017-11-19,6.55,4
acb,colom guillem||acb,2017-12-03,6.433333333333334,1
acb,colom guillem||acb,2017-12-09,0.0,0
acb,colom guillem||acb,2017-12-17,0.0,0
acb,colom guillem||acb,2017-12-23,8.966666666666667,2
acb,colom guillem||acb,2017-12-30,0.0,0
acb,colom guillem||acb,2018-01-06,2.1666666666666665,-1
acb,colom guillem||acb,2018-01-14,0.0,0
acb,colom guillem||acb,2018-01-21,1.6,1
acb,cook omar||acb,2017-10-05,23.3,15
acb,cook omar||acb,2017-10-08,25.783333333333335,20
acb,cook omar||acb,2017-10-14,26.366666666666667,20
acb,cook omar||acb,2017-10-22,25.366666666666667,5
acb,cook omar||acb,2017-10-29,22.866666666666667,10
acb,cook omar||acb,2017-11-05,26.15,22
acb,cook omar||acb,2017-11-12,27.116666666666667,16
acb,cook omar||acb,2017-11-19,27.533333333333335,11
acb,cook omar||acb,2017-12-03,25.483333333333334,0
acb,cook omar||acb,2017-12-10,25.766666666666666,15
acb,cook omar||acb,2017-12-17,29.9,7
acb,cook omar||acb,2017-12-23,22.133333333333333,7
acb,cook omar||acb,2017-12-31,30.05,10
acb,cook omar||acb,2018-01-04,31.1,20
acb,cook omar||acb,2018-01-07,31.4,12
acb,cook omar||acb,2018-01-14,22.266666666666666,9
acb,cook omar||acb,2018-01-21,23.233333333333334,2
acb,copeland chris||acb,2017-11-12,16.833333333333332,9
acb,copeland chris||acb,2017-11-19,28.9,10
acb,copeland chris||acb,2017-12-03,22.85,1
acb,copeland chris||acb,2017-12-09,8.866666666666667,-6
acb,copeland chris||acb,2017-12-17,0.0,0
acb,copeland chris||acb,2018-01-14,4.666666666666667,-5
acb,copeland chris||acb,2018-01-21,0.0,0
acb,corbacho a.||acb,2017-09-30,10.333333333333334,1
acb,corbacho a.||acb,2017-10-04,4.95,4
acb,corbacho a.||acb,2017-10-07,6.55,-3
acb,corbacho a.||acb,2017-10-15,3.066666666666667,-1
acb,corbacho a.||acb,2017-10-21,4.0,-1
acb,corbacho a.||acb,2017-10-28,7.05,-1
acb,corbacho a.||acb,2017-11-05,0.0,0
acb,corbacho a.||acb,2017-11-11,6.5,1
acb,corbacho a.||acb,2017-11-19,0.0,0
acb,corbacho a.||acb,2017-12-03,9.6,3
acb,corbacho a.||acb,2017-12-10,5.0,1
acb,corbacho a.||acb,2017-12-17,0.0,0
acb,corbacho a.||acb,2017-12-23,7.15,4
acb,corbacho a.||acb,2017-12-30,0.0,0
acb,corbacho a.||acb,2018-01-06,18.05,18
acb,corbacho a.||acb,2018-01-13,18.633333333333333,6
acb,corbacho a.||acb,2018-01-21,16.383333333333333,4
acb,cruz francisco||acb,2017-09-30,19.766666666666666,7
acb,cruz francisco||acb,2017-10-04,29.066666666666666,16
acb,cruz francisco||acb,2017-10-08,20.516666666666666,13
acb,cruz francisco||acb,2017-10-15,21.166666666666668,12
acb,cruz francisco||acb,2017-10-22,26.383333333333333,19
acb,cruz francisco||acb,2017-10-28,22.966666666666665,2
acb,cruz francisco||acb,2017-11-05,23.933333333333334,8
acb,cruz francisco||acb,2017-11-12,21.383333333333333,6
acb,cruz francisco||acb,2017-11-18,26.55,21
acb,cruz francisco||acb,2017-12-02,28.916666666666668,16
acb,cruz francisco||acb,2017-12-10,25.666666666666668,0
acb,cruz francisco||acb,2017-12-16,28.066666666666666,7
acb,cruz francisco||acb,2017-12-23,25.883333333333333,15
acb,cruz francisco||acb,2017-12-31,23.15,15
acb,cruz francisco||acb,2018-01-07,21.533333333333335,6
acb,cruz francisco||acb,2018-01-14,27.183333333333334,-5
acb,cruz francisco||acb,2018-01-21,26.316666666666666,4
acb,cruz ivan||acb,2017-10-01,10.733333333333333,-2
acb,cruz ivan||acb,2017-10-04,3.716666666666667,-1
acb,cruz ivan||acb,2017-10-08,0.0,0
acb,cruz ivan||acb,2017-10-14,8.283333333333333,-3
acb,cruz ivan||acb,2017-10-22,0.2833333333333333,0
acb,cruz ivan||acb,2017-10-29,3.8,0
acb,cruz ivan||acb,2017-11-05,8.016666666666667,7
acb,cruz ivan||acb,2017-11-12,14.433333333333334,15
acb,cruz ivan||acb,2017-11-18,10.366666666666667,4
acb,cruz ivan||acb,2017-12-02,9.566666666666666,-1
acb,cruz ivan||acb,2017-12-10,12.7,7
acb,cruz ivan||acb,2017-12-17,11.35,-1
acb,cruz ivan||acb,2017-12-23,10.116666666666667,1
acb,cruz ivan||acb,2017-12-30,11.35,7
acb,cruz ivan||acb,2018-01-07,8.916666666666666,-3
acb,cruz ivan||acb,2018-01-14,11.7,-3
acb,cruz ivan||acb,2018-01-21,16.783333333333335,6
acb,cvetkovic a.||acb,2017-10-05,13.55,-1
acb,cvetkovic a.||acb,2017-10-08,19.15,1
acb,cvetkovic a.||acb,2017-10-14,22.766666666666666,-2
acb,cvetkovic a.||acb,2017-10-22,26.3,16
acb,cvetkovic a.||acb,2017-10-29,14.266666666666667,3
acb,cvetkovic a.||acb,2017-11-05,23.65,8
acb,cvetkovic a.||acb,2017-11-12,24.766666666666666,2
acb,cvetkovic a.||acb,2017-12-03,6.716666666666667,-3
acb,cvetkovic a.||acb,2017-12-10,21.333333333333332,6
acb,cvetkovic a.||acb,2017-12-17,24.866666666666667,9
acb,cvetkovic a.||acb,2017-12-23,19.616666666666667,8
acb,cvetkovic a.||acb,2017-12-31,23.55,10
acb,cvetkovic a.||acb,2018-01-04,31.966666666666665,9
acb,cvetkovic a.||acb,2018-01-07,14.7,-3
acb,cvetkovic a.||acb,2018-01-14,16.866666666666667,6
acb,cvetkovic a.||acb,2018-01-21,19.733333333333334,12
acb,de jong nicolas||acb,2017-09-30,18.416666666666668,4
acb,de jong nicolas||acb,2017-10-04,20.166666666666668,8
acb,de jong nicolas||acb,2017-10-08,13.65,11
acb,de jong nicolas||acb,2017-10-15,0.0,0
acb,de jong nicolas||acb,2017-10-22,16.283333333333335,16
acb,de jong nicolas||acb,2017-10-29,23.433333333333334,19
acb,de jong nicolas||acb,2017-11-05,18.133333333333333,12
acb,de jong nicolas||acb,2017-11-12,15.816666666666666,7
acb,de jong nicolas||acb,2017-11-18,19.25,9
acb,de jong nicolas||acb,2017-12-03,19.233333333333334,17
acb,de jong nicolas||acb,2017-12-10,18.366666666666667,16
acb,de jong nicolas||acb,2017-12-17,6.1,0
acb,de jong nicolas||acb,2017-12-23,17.183333333333334,11
acb,de jong nicolas||acb,2017-12-30,13.85,9
acb,de jong nicolas||acb,2018-01-07,18.5,7
acb,de jong nicolas||acb,2018-01-13,9.116666666666667,2
acb,de jong nicolas||acb,2018-01-21,11.6,5
acb,delfino carlos||acb,2017-09-29,15.166666666666666,-7
acb,delfino carlos||acb,2017-10-05,14.45,3
acb,delfino carlos||acb,2017-10-07,10.416666666666666,5
acb,delfino carlos||acb,2017-10-15,11.666666666666666,2
acb,delia marcos||acb,2017-10-01,18.766666666666666,5
acb,delia marcos||acb,2017-10-04,14.916666666666666,2
acb,delia marcos||acb,2017-10-08,25.683333333333334,21
acb,delia marcos||acb,2017-10-15,18.9,6
acb,delia marcos||acb,2017-10-22,32.36666666666667,14
acb,delia marcos||acb,2017-10-29,18.633333333333333,16
acb,delia marcos||acb,2017-11-05,27.566666666666666,17
acb,delia marcos||acb,2017-11-11,24.766666666666666,10
acb,delia marcos||acb,2017-11-19,29.75,4
acb,delia marcos||acb,2017-12-03,29.316666666666666,4
acb,delia marcos||acb,2017-12-10,20.316666666666666,5
acb,delia marcos||acb,2017-12-17,31.1,10
acb,delia marcos||acb,2017-12-23,15.216666666666667,4
acb,delia marcos||acb,2017-12-31,23.166666666666668,0
acb,delia marcos||acb,2018-01-07,21.183333333333334,2
acb,delia marcos||acb,2018-01-14,16.066666666666666,-1
acb,delia marcos||acb,2018-01-21,25.45,8
acb,diagne atoumane||acb,2017-09-29,3.2,-1
acb,diagne atoumane||acb,2017-10-05,2.55,-1
acb,diagne atoumane||acb,2018-01-14,0.0,0
acb,diagne atoumane||acb,2018-01-21,0.0,0
acb,diagne moussa||acb,2017-10-01,20.633333333333333,12
acb,diagne moussa||acb,2017-10-04,10.7,10
acb,diagne moussa||acb,2017-10-08,13.55,10
acb,diagne moussa||acb,2017-10-15,15.733333333333333,5
acb,diagne moussa||acb,2017-10-22,15.5,11
acb,diagne moussa||acb,2017-10-29,12.783333333333333,7
acb,diagne moussa||acb,2017-11-05,18.533333333333335,11
acb,diagne moussa||acb,2017-11-12,18.066666666666666,11
acb,diagne moussa||acb,2017-11-19,18.133333333333333,11
acb,diagne moussa||acb,2017-12-03,13.3,10
acb,diagne moussa||acb,2017-12-09,13.983333333333333,-3
acb,diagne moussa||acb,2017-12-17,19.783333333333335,11
acb,diagne moussa||acb,2017-12-23,20.783333333333335,14
acb,diagne moussa||acb,2017-12-30,0.0,0
acb,diagne moussa||acb,2018-01-14,0.0,0
acb,diagne moussa||acb,2018-01-21,8.583333333333334,7
acb,diaz alberto||acb,2017-10-01,30.2,12
acb,diaz alberto||acb,2017-10-05,15.683333333333334,14
acb,diaz alberto||acb,2017-10-08,17.9,7
acb,diaz alberto||acb,2017-10-14,16.5,3
acb,diaz alberto||acb,2017-10-22,18.383333333333333,-1
acb,diaz alberto||acb,2017-10-29,19.6,2
acb,diaz alberto||acb,2017-11-05,14.8,1
acb,diaz alberto||acb,2017-11-12,14.35,-2
acb,diaz alberto||acb,2017-11-19,22.483333333333334,6
acb,diaz alberto||acb,2017-12-03,24.65,11
acb,diaz alberto||acb,2017-12-10,21.916666666666668,14
acb,diaz alberto||acb,2017-12-16,27.25,14
acb,diaz alberto||acb,2017-12-30,22.566666666666666,-2
acb,diaz alberto||acb,2018-01-02,19.0,2
acb,diaz alberto||acb,2018-01-06,21.033333333333335,7
acb,diaz alberto||acb,2018-01-14,25.0,8
acb,diaz alberto||acb,2018-01-21,18.166666666666668,1
acb,diez daniel||acb,2017-10-14,24.533333333333335,7
acb,diez daniel||acb,2017-10-22,10.9,9
acb,diez daniel||acb,2017-10-29,20.066666666666666,12
acb,diez daniel||acb,2017-11-05,15.966666666666667,9
acb,diez daniel||acb,2017-11-12,13.283333333333333,2
acb,diez daniel||acb,2017-11-19,7.716666666666667,1
acb,diez daniel||acb,2017-12-03,13.85,8
acb,diez daniel||acb,2017-12-10,0.0,0
acb,diez daniel||acb,2017-12-16,11.183333333333334,2
acb,diez daniel||acb,2017-12-30,10.366666666666667,0
acb,diez daniel||acb,2018-01-02,15.016666666666667,12
acb,diez daniel||acb,2018-01-06,14.983333333333333,11
acb,diez daniel||acb,2018-01-14,17.066666666666666,10
acb,diez daniel||acb,2018-01-21,16.55,6
acb,dimitrijevic n.||acb,2017-10-05,16.783333333333335,3
acb,dimitrijevic n.||acb,2017-10-07,16.466666666666665,10
acb,dimitrijevic n.||acb,2017-10-15,12.516666666666667,-1
acb,dimitrijevic n.||acb,2017-10-22,14.85,-4
acb,dimitrijevic n.||acb,2017-10-29,18.066666666666666,2
acb,dimitrijevic n.||acb,2017-11-05,27.933333333333334,3
acb,dimitrijevic n.||acb,2017-11-12,20.483333333333334,8
acb,dimitrijevic n.||acb,2017-11-19,18.516666666666666,6
acb,dimitrijevic n.||acb,2017-12-03,3.2666666666666666,-4
acb,dimitrijevic n.||acb,2017-12-10,11.883333333333333,0
acb,dimitrijevic n.||acb,2017-12-17,14.633333333333333,3
acb,dimitrijevic n.||acb,2017-12-23,13.2,-1
acb,dimitrijevic n.||acb,2017-12-30,25.366666666666667,16
acb,dimitrijevic n.||acb,2018-01-04,4.45,0
acb,dimitrijevic n.||acb,2018-01-07,15.333333333333334,5
acb,dimitrijevic n.||acb,2018-01-14,21.716666666666665,15
acb,dimitrijevic n.||acb,2018-01-21,18.983333333333334,16
acb,diop ilimane||acb,2017-09-29,19.016666666666666,18
acb,diop ilimane||acb,2017-10-05,21.066666666666666,19
acb,diop ilimane||acb,2017-10-07,21.566666666666666,5
acb,diop ilimane||acb,2017-10-15,19.916666666666668,15
acb,diop ilimane||acb,2017-10-22,17.633333333333333,7
acb,diop ilimane||acb,2017-10-29,12.55,-1
acb,diop ilimane||acb,2017-11-05,5.1,3
acb,diop ilimane||acb,2017-11-12,3.7,6
acb,diop ilimane||acb,2017-12-31,8.066666666666666,6
acb,diop ilimane||acb,2018-01-03,12.6,6
acb,diop ilimane||acb,2018-01-07,0.0,0
acb,diop ilimane||acb,2018-01-14,2.9333333333333336,1
acb,diop ilimane||acb,2018-01-21,11.383333333333333,6
acb,doncic luka||acb,2017-10-01,23.566666666666666,11
acb,doncic luka||acb,2017-10-05,29.95,19
acb,doncic luka||acb,2017-10-08,21.983333333333334,15
acb,doncic luka||acb,2017-10-15,27.85,25
acb,doncic luka||acb,2017-10-22,21.25,26
acb,doncic luka||acb,2017-10-28,29.3,14
acb,doncic luka||acb,2017-11-04,21.916666666666668,12
acb,doncic luka||acb,2017-11-12,28.983333333333334,19
acb,doncic luka||acb,2017-11-18,22.766666666666666,24
acb,doncic luka||acb,2017-12-03,20.516666666666666,21
acb,doncic luka||acb,2017-12-10,32.5,22
acb,doncic luka||acb,2017-12-17,22.483333333333334,20
acb,doncic luka||acb,2017-12-31,22.166666666666668,33
acb,doncic luka||acb,2018-01-03,22.566666666666666,20
acb,doncic luka||acb,2018-01-07,13.1,12
acb,doncic luka||acb,2018-01-14,21.983333333333334,28
acb,doornekamp a.||acb,2017-10-01,16.45,5
acb,doornekamp a.||acb,2017-10-04,22.366666666666667,5
acb,doornekamp a.||acb,2017-10-08,22.05,11
acb,doornekamp a.||acb,2017-10-15,16.816666666666666,9
acb,doornekamp a.||acb,2017-10-22,19.983333333333334,-4
acb,doornekamp a.||acb,2017-10-29,17.85,9
acb,doornekamp a.||acb,2017-11-05,16.15,11
acb,doornekamp a.||acb,2017-11-12,20.666666666666668,12
acb,doornekamp a.||acb,2017-11-19,18.083333333333332,-2
acb,doornekamp a.||acb,2017-12-03,34.516666666666666,12
acb,doornekamp a.||acb,2017-12-10,19.983333333333334,-3
acb,doornekamp a.||acb,2017-12-17,20.483333333333334,7
acb,doornekamp a.||acb,2017-12-30,17.783333333333335,17
acb,doornekamp a.||acb,2018-01-02,24.65,1
acb,doornekamp a.||acb,2018-01-07,30.983333333333334,0
acb,doornekamp a.||acb,2018-01-13,13.916666666666666,16
acb,doornekamp a.||acb,2018-01-21,23.333333333333332,6
acb,dos anjos felipe||acb,2017-10-01,2.6333333333333333,0
acb,dos anjos felipe||acb,2017-10-05,4.883333333333333,0
acb,dos anjos felipe||acb,2017-10-08,0.0,0
acb,dos anjos felipe||acb,2017-10-14,4.216666666666667,5
acb,dos anjos felipe||acb,2017-10-21,0.0,0
acb,dos anjos felipe||acb,2017-10-28,0.0,0
acb,dos anjos felipe||acb,2017-11-05,0.0,0
acb,dragovic nikola||acb,2017-09-30,24.05,21
acb,dragovic nikola||acb,2017-10-04,25.683333333333334,-1
acb,dragovic nikola||acb,2017-10-08,16.016666666666666,-6
acb,dragovic nikola||acb,2017-10-15,26.8,4
acb,dragovic nikola||acb,2017-10-22,23.883333333333333,13
acb,dragovic nikola||acb,2017-10-29,20.333333333333332,6
acb,dragovic nikola||acb,2017-11-05,19.85,18
acb,dragovic nikola||acb,2017-11-12,32.1,7
acb,dragovic nikola||acb,2017-11-18,30.866666666666667,0
acb,dragovic nikola||acb,2017-12-03,17.25,4
acb,dragovic nikola||acb,2017-12-10,20.3,10
acb,dragovic nikola||acb,2017-12-17,23.766666666666666,22
acb,dragovic nikola||acb,2017-12-23,24.633333333333333,-2
acb,dragovic nikola||acb,2017-12-30,26.333333333333332,10
acb,dragovic nikola||acb,2018-01-07,44.583333333333336,33
acb,dragovic nikola||acb,2018-01-13,20.033333333333335,10
acb,dragovic nikola||acb,2018-01-21,27.633333333333333,8
acb,draper dontaye||acb,2017-11-18,19.316666666666666,0
acb,draper dontaye||acb,2017-12-02,18.233333333333334,9
acb,draper dontaye||acb,2017-12-10,19.933333333333334,4
acb,draper dontaye||acb,2017-12-17,13.416666666666666,-1
acb,draper dontaye||acb,2017-12-23,0.0,0
acb,draper dontaye||acb,2017-12-30,19.3,7
acb,draper dontaye||acb,2018-01-07,27.416666666666668,9
acb,draper dontaye||acb,2018-01-14,31.383333333333333,12
acb,draper dontaye||acb,2018-01-21,0.0,0
acb,dubljevic bojan||acb,2017-10-01,22.333333333333332,7
acb,dubljevic bojan||acb,2017-10-04,26.766666666666666,13
acb,dubljevic bojan||acb,2017-10-08,24.066666666666666,9
acb,dubljevic bojan||acb,2017-10-15,16.5,7
acb,dubljevic bojan||acb,2017-10-22,19.983333333333334,22
acb,dubljevic bojan||acb,2017-10-29,21.8,19
acb,dubljevic bojan||acb,2017-11-05,22.566666666666666,22
acb,dubljevic bojan||acb,2017-11-12,21.783333333333335,13
acb,dubljevic bojan||acb,2017-11-19,9.866666666666667,0
acb,dubljevic bojan||acb,2017-12-17,26.866666666666667,14
acb,dubljevic bojan||acb,2017-12-30,18.833333333333332,15
acb,dubljevic bojan||acb,2018-01-02,24.683333333333334,15
acb,dubljevic bojan||acb,2018-01-07,22.25,4
acb,dubljevic bojan||acb,2018-01-13,19.5,21
acb,ehigiator osas||acb,2017-12-10,0.0,0
acb,eriksson marcus||acb,2017-10-01,23.55,11
acb,eriksson marcus||acb,2017-10-04,14.066666666666666,15
acb,eriksson marcus||acb,2017-10-07,20.766666666666666,19
acb,eriksson marcus||acb,2017-10-15,17.016666666666666,-2
acb,eriksson marcus||acb,2017-10-22,24.766666666666666,28
acb,eriksson marcus||acb,2017-10-29,25.016666666666666,3
acb,eriksson marcus||acb,2017-11-05,19.733333333333334,11
acb,eriksson marcus||acb,2017-11-11,12.233333333333333,11
acb,eriksson marcus||acb,2017-12-03,20.866666666666667,12
acb,eriksson marcus||acb,2017-12-10,27.85,17
acb,eriksson marcus||acb,2017-12-17,23.066666666666666,13
acb,eriksson marcus||acb,2017-12-23,19.85,7
acb,eriksson marcus||acb,2017-12-30,26.033333333333335,15
acb,eriksson marcus||acb,2018-01-07,21.2,15
acb,eriksson marcus||acb,2018-01-14,22.75,10
acb,eriksson marcus||acb,2018-01-21,25.9,-4
acb,eyenga c.||acb,2017-09-30,25.666666666666668,15
acb,eyenga c.||acb,2017-10-04,25.966666666666665,14
acb,eyenga c.||acb,2017-10-08,30.5,21
acb,eyenga c.||acb,2017-10-15,31.45,15
acb,eyenga c.||acb,2017-10-22,14.166666666666666,5
acb,eyenga c.||acb,2017-10-28,28.866666666666667,1
acb,eyenga c.||acb,2017-11-05,26.55,11
acb,eyenga c.||acb,2017-11-12,23.3,5
acb,eyenga c.||acb,2017-11-18,25.166666666666668,5
acb,eyenga c.||acb,2017-12-02,16.483333333333334,0
acb,eyenga c.||acb,2017-12-10,36.75,23
acb,eyenga c.||acb,2017-12-16,23.35,14
acb,eyenga c.||acb,2017-12-23,28.3,2
acb,eyenga c.||acb,2017-12-31,29.15,12
acb,eyenga c.||acb,2018-01-07,26.333333333333332,21
acb,eyenga c.||acb,2018-01-14,27.65,13
acb,eyenga c.||acb,2018-01-21,28.833333333333332,20
acb,fakuade michael||acb,2017-10-01,16.616666666666667,9
acb,fakuade michael||acb,2017-10-04,20.95,9
acb,fakuade michael||acb,2017-10-08,13.25,-3
acb,fakuade michael||acb,2017-10-15,20.516666666666666,16
acb,fakuade michael||acb,2017-10-22,0.0,0
acb,fakuade michael||acb,2017-10-29,22.1,4
acb,fakuade michael||acb,2017-11-05,12.083333333333334,-4
acb,fakuade michael||acb,2017-11-12,17.466666666666665,9
acb,fakuade michael||acb,2017-11-19,12.133333333333333,-2
acb,fakuade michael||acb,2017-12-02,13.283333333333333,-1
acb,fakuade michael||acb,2017-12-09,10.066666666666666,6
acb,fakuade michael||acb,2017-12-17,15.4,7
acb,fakuade michael||acb,2017-12-30,19.866666666666667,9
acb,fakuade michael||acb,2018-01-02,14.066666666666666,0
acb,fakuade michael||acb,2018-01-07,19.55,7
acb,fakuade michael||acb,2018-01-13,21.783333333333335,15
acb,fakuade michael||acb,2018-01-21,19.85,9
acb,faverani v.||acb,2017-10-29,3.05,-2
acb,faverani v.||acb,2017-11-05,1.4666666666666668,-2
acb,fernandez jaime||acb,2017-10-01,17.283333333333335,8
acb,fernandez jaime||acb,2017-10-04,22.116666666666667,7
acb,fernandez jaime||acb,2017-10-08,16.15,7
acb,fernandez jaime||acb,2017-10-15,15.616666666666667,11
acb,fernandez jaime||acb,2017-10-22,19.266666666666666,3
acb,fernandez jaime||acb,2017-10-29,22.3,23
acb,fernandez jaime||acb,2017-11-05,26.466666666666665,12
acb,fernandez jaime||acb,2017-11-12,15.166666666666666,13
acb,fernandez jaime||acb,2017-11-19,20.216666666666665,13
acb,fernandez jaime||acb,2017-12-03,31.266666666666666,16
acb,fernandez jaime||acb,2017-12-09,18.766666666666666,13
acb,fernandez jaime||acb,2017-12-17,20.783333333333335,23
acb,fernandez jaime||acb,2017-12-23,30.133333333333333,22
acb,fernandez jaime||acb,2017-12-30,26.733333333333334,18
acb,fernandez jaime||acb,2018-01-06,26.633333333333333,18
acb,fernandez jaime||acb,2018-01-14,21.983333333333334,8
acb,fernandez jaime||acb,2018-01-21,19.85,19
acb,fernandez rudy||acb,2017-10-05,13.033333333333333,3
acb,fernandez rudy||acb,2017-10-08,11.033333333333333,9
acb,fernandez rudy||acb,2017-10-22,9.266666666666667,11
acb,fernandez rudy||acb,2017-10-28,17.05,9
acb,fernandez rudy||acb,2017-11-04,0.0,0
acb,fernandez rudy||acb,2017-11-12,20.816666666666666,13
acb,fernandez rudy||acb,2017-11-18,8.733333333333333,6
acb,fernandez rudy||acb,2017-12-03,23.466666666666665,8
acb,fernandez rudy||acb,2017-12-17,22.133333333333333,11
acb,fernandez rudy||acb,2018-01-03,16.216666666666665,13
acb,fernandez rudy||acb,2018-01-07,14.65,6
acb,fernandez rudy||acb,2018-01-14,15.416666666666666,13
acb,fernandez rudy||acb,2018-01-21,21.25,6
acb,ferrando luis||acb,2017-12-03,0.0,0
acb,ferrando luis||acb,2017-12-30,2.8166666666666664,-2
acb,ferrando luis||acb,2018-01-02,0.0,0
acb,fischer luke||acb,2017-10-01,10.533333333333333,9
acb,fischer luke||acb,2017-10-04,4.6,0
acb,fischer luke||acb,2017-10-07,0.0,0
acb,fischer luke||acb,2017-10-15,7.766666666666667,9
acb,fischer luke||acb,2017-10-22,17.3,15
acb,fischer luke||acb,2017-10-29,2.9333333333333336,-1
acb,fischer luke||acb,2017-11-05,9.333333333333334,4
acb,fischer luke||acb,2017-11-11,10.8,0
acb,fischer luke||acb,2017-11-19,10.283333333333333,11
acb,fischer luke||acb,2017-12-03,10.216666666666667,3
acb,fischer luke||acb,2017-12-10,6.583333333333333,3
acb,fischer luke||acb,2017-12-17,0.0,0
acb,fischer luke||acb,2017-12-23,0.0,0
acb,fischer luke||acb,2017-12-30,9.816666666666666,3
acb,fischer luke||acb,2018-01-07,5.266666666666667,-1
acb,fischer luke||acb,2018-01-14,0.0,0
acb,fischer luke||acb,2018-01-21,12.133333333333333,12
acb,fischer ricardo||acb,2017-09-30,12.416666666666666,7
acb,fischer ricardo||acb,2017-10-05,14.833333333333334,1
acb,fischer ricardo||acb,2017-10-08,7.566666666666666,3
acb,fischer ricardo||acb,2017-10-15,14.65,8
acb,fischer ricardo||acb,2017-10-21,13.816666666666666,4
acb,fischer ricardo||acb,2017-10-29,16.833333333333332,0
acb,fischer ricardo||acb,2017-11-05,21.083333333333332,11
acb,fischer ricardo||acb,2017-11-12,14.25,3
acb,fischer ricardo||acb,2017-11-19,8.033333333333333,-8
acb,fischer ricardo||acb,2017-12-03,23.383333333333333,6
acb,fischer ricardo||acb,2017-12-09,26.95,14
acb,fischer ricardo||acb,2017-12-17,18.816666666666666,18
acb,fischer ricardo||acb,2017-12-23,0.0,0
acb,fischer ricardo||acb,2018-01-07,0.0,0
acb,fischer ricardo||acb,2018-01-14,15.15,14
acb,fischer ricardo||acb,2018-01-21,10.283333333333333,-2
acb,fisher corey||acb,2017-10-01,23.066666666666666,-3
acb,fisher corey||acb,2017-10-05,23.366666666666667,12
acb,fisher corey||acb,2017-10-08,25.316666666666666,13
acb,fisher corey||acb,2017-10-14,22.0,1
acb,fisher corey||acb,2017-10-21,23.433333333333334,3
acb,fisher corey||acb,2017-10-28,22.116666666666667,12
acb,fisher corey||acb,2017-11-05,27.733333333333334,17
acb,fisher corey||acb,2017-11-11,24.3,13
acb,fisher corey||acb,2017-11-19,21.966666666666665,-3
acb,fisher corey||acb,2017-12-03,25.216666666666665,26
acb,fisher corey||acb,2017-12-10,25.983333333333334,10
acb,fisher corey||acb,2017-12-16,23.216666666666665,7
acb,fisher corey||acb,2017-12-23,21.616666666666667,1
acb,fisher corey||acb,2017-12-30,23.216666666666665,15
acb,fisher corey||acb,2018-01-06,17.083333333333332,9
acb,fisher corey||acb,2018-01-14,35.05,11
acb,fisher corey||acb,2018-01-21,23.983333333333334,15
acb,franch josep||acb,2017-10-01,12.783333333333333,6
acb,franch josep||acb,2017-10-04,14.516666666666667,14
acb,franch josep||acb,2017-10-08,15.15,9
acb,franch josep||acb,2017-10-14,8.9,1
acb,franch josep||acb,2017-10-22,23.95,7
acb,franch josep||acb,2017-10-29,15.95,1
acb,franch josep||acb,2017-11-05,13.316666666666666,9
acb,franch josep||acb,2017-11-12,5.5,-1
acb,franch josep||acb,2017-11-18,0.0,0
acb,franch josep||acb,2017-12-02,9.633333333333333,5
acb,franch josep||acb,2017-12-10,0.0,0
acb,franch josep||acb,2017-12-17,0.0,0
acb,franch josep||acb,2017-12-23,23.783333333333335,13
acb,franch josep||acb,2017-12-30,18.95,4
acb,franch josep||acb,2018-01-07,16.733333333333334,4
acb,franch josep||acb,2018-01-14,22.066666666666666,5
acb,franch josep||acb,2018-01-21,13.433333333333334,3
acb,gacic sandro||acb,2018-01-06,0.0,0
acb,gailius deividas||acb,2017-10-01,24.416666666666668,4
acb,gailius deividas||acb,2017-10-05,19.866666666666667,11
acb,gailius deividas||acb,2017-10-08,17.216666666666665,2
acb,gailius deividas||acb,2017-10-14,24.55,10
acb,gailius deividas||acb,2017-10-21,20.983333333333334,9
acb,gailius deividas||acb,2017-10-28,27.3,18
acb,gailius deividas||acb,2017-11-05,24.583333333333332,17
acb,gailius deividas||acb,2017-11-11,24.2,9
acb,gailius deividas||acb,2017-11-19,18.85,18
acb,gailius deividas||acb,2017-12-03,27.283333333333335,7
acb,gailius deividas||acb,2017-12-10,17.4,-3
acb,gailius deividas||acb,2017-12-16,25.15,6
acb,gailius deividas||acb,2017-12-23,26.2,16
acb,gailius deividas||acb,2017-12-30,25.95,3
acb,gailius deividas||acb,2018-01-06,14.966666666666667,8
acb,gailius deividas||acb,2018-01-14,27.516666666666666,19
acb,gailius deividas||acb,2018-01-21,21.266666666666666,11
acb,garcia marc||acb,2017-09-29,0.0,0
acb,garcia marc||acb,2017-10-05,0.0,0
acb,garcia marc||acb,2017-10-08,4.866666666666667,4
acb,garcia marc||acb,2017-10-15,7.333333333333333,-4
acb,garcia marc||acb,2017-10-22,0.0,0
acb,garcia marc||acb,2017-10-29,0.0,0
acb,garcia sergi||acb,2017-09-30,12.716666666666667,0
acb,garcia sergi||acb,2017-10-04,22.55,14
acb,garcia sergi||acb,2017-10-08,21.483333333333334,10
acb,garcia sergi||acb,2017-10-15,11.816666666666666,10
acb,garcia sergi||acb,2017-10-22,24.616666666666667,12
acb,garcia sergi||acb,2017-10-29,19.466666666666665,8
acb,garcia sergi||acb,2017-11-05,18.416666666666668,18
acb,garcia sergi||acb,2017-11-12,24.633333333333333,24
acb,garcia sergi||acb,2017-11-18,22.783333333333335,20
acb,garcia sergi||acb,2018-01-07,0.0,0
acb,garcia sergi||acb,2018-01-13,10.35,-2
acb,garino patricio||acb,2017-10-22,14.45,-1
acb,garino patricio||acb,2017-10-29,9.75,-3
acb,garino patricio||acb,2017-11-05,7.45,-2
acb,garino patricio||acb,2017-11-12,7.5,5
acb,garino patricio||acb,2017-12-31,11.65,0
acb,garino patricio||acb,2018-01-03,31.333333333333332,6
acb,garino patricio||acb,2018-01-07,6.583333333333333,2
acb,garino patricio||acb,2018-01-14,5.016666666666667,-2
acb,garuba usman||acb,2017-10-28,0.0,0
acb,gielo tomasz||acb,2017-10-05,22.383333333333333,8
acb,gielo tomasz||acb,2017-10-07,30.616666666666667,10
acb,gielo tomasz||acb,2017-10-15,15.333333333333334,-4
acb,gielo tomasz||acb,2017-10-22,20.216666666666665,7
acb,gielo tomasz||acb,2017-10-29,21.25,-2
acb,gielo tomasz||acb,2017-11-05,25.85,4
acb,gielo tomasz||acb,2017-11-12,25.316666666666666,19
acb,gielo tomasz||acb,2017-11-19,26.683333333333334,22
acb,gielo tomasz||acb,2017-12-03,27.383333333333333,11
acb,gielo tomasz||acb,2017-12-10,28.65,4
acb,gielo tomasz||acb,2017-12-17,27.533333333333335,10
acb,gielo tomasz||acb,2017-12-23,22.0,1
acb,gielo tomasz||acb,2017-12-30,23.75,-1
acb,gielo tomasz||acb,2018-01-04,4.45,-3
acb,gielo tomasz||acb,2018-01-07,13.033333333333333,7
acb,gielo tomasz||acb,2018-01-14,15.483333333333333,0
acb,gielo tomasz||acb,2018-01-21,23.033333333333335,-1
acb,gladness mickell||acb,2017-09-30,16.633333333333333,10
acb,gladness mickell||acb,2017-10-05,24.816666666666666,13
acb,gladness mickell||acb,2017-10-08,19.183333333333334,8
acb,gladness mickell||acb,2017-10-15,21.633333333333333,17
acb,gladness mickell||acb,2017-10-21,21.0,4
acb,gladness mickell||acb,2017-10-29,26.033333333333335,5
acb,gladness mickell||acb,2017-11-05,14.25,2
acb,gladness mickell||acb,2017-11-12,24.133333333333333,20
acb,gladness mickell||acb,2017-11-19,21.133333333333333,16
acb,gladness mickell||acb,2017-12-03,24.033333333333335,7
acb,gladness mickell||acb,2017-12-09,23.816666666666666,8
acb,gladness mickell||acb,2017-12-17,14.383333333333333,0
acb,gladness mickell||acb,2017-12-23,22.85,16
acb,gladness mickell||acb,2017-12-30,20.916666666666668,7
acb,gladness mickell||acb,2018-01-07,13.683333333333334,5
acb,gladness mickell||acb,2018-01-14,17.7,7
acb,golubovic v.||acb,2017-10-01,10.7,5
acb,golubovic v.||acb,2017-10-04,11.05,9
acb,golubovic v.||acb,2017-10-08,14.15,12
acb,golubovic v.||acb,2017-10-14,16.483333333333334,4
acb,golubovic v.||acb,2017-10-22,11.583333333333334,5
acb,golubovic v.||acb,2017-10-29,20.85,2
acb,golubovic v.||acb,2017-11-05,5.933333333333334,14
acb,golubovic v.||acb,2017-11-12,16.85,15
acb,golubovic v.||acb,2017-11-18,12.016666666666667,11
acb,golubovic v.||acb,2017-12-02,12.783333333333333,8
acb,golubovic v.||acb,2017-12-10,19.05,8
acb,golubovic v.||acb,2017-12-17,17.05,1
acb,golubovic v.||acb,2017-12-23,19.616666666666667,15
acb,golubovic v.||acb,2017-12-30,10.483333333333333,5
acb,golubovic v.||acb,2018-01-07,5.166666666666667,3
acb,golubovic v.||acb,2018-01-14,14.616666666666667,7
acb,golubovic v.||acb,2018-01-21,8.716666666666667,3
acb,gomez rodrigo||acb,2017-10-21,0.0,0
acb,gomez rodrigo||acb,2017-10-28,0.0,0
acb,gomez rodrigo||acb,2017-11-05,0.0,0
acb,gomez rodrigo||acb,2017-11-11,0.0,0
acb,gomez rodrigo||acb,2017-11-19,0.0,0
acb,gomez rodrigo||acb,2018-01-13,0.0,0
acb,gonzalez jose m.||acb,2017-09-30,2.3166666666666664,-1
acb,gonzalez jose m.||acb,2017-10-04,4.966666666666667,-1
acb,gonzalez jose m.||acb,2017-10-08,0.0,0
acb,gonzalez jose m.||acb,2017-10-15,0.0,0
acb,gonzalez jose m.||acb,2017-10-22,0.0,0
acb,gonzalez jose m.||acb,2017-10-28,6.483333333333333,8
acb,gonzalez jose m.||acb,2017-11-12,0.0,0
acb,gonzalez jose m.||acb,2017-11-18,0.0,0
acb,gonzalez jose m.||acb,2017-12-02,0.0,0
acb,gonzalez jose m.||acb,2017-12-16,0.0,0
acb,gonzalez jose m.||acb,2017-12-23,0.0,0
acb,gonzalez jose m.||acb,2017-12-31,2.25,1
acb,gonzalez jose m.||acb,2018-01-07,1.2,0
acb,gonzalez jose m.||acb,2018-01-14,3.85,1
acb,gonzalez jose m.||acb,2018-01-21,3.3,0
acb,gonzalez miguel||acb,2017-11-19,5.433333333333334,0
acb,gonzalez miguel||acb,2017-12-17,0.0,0
acb,gonzalez miguel||acb,2018-01-03,0.0,0
acb,granger jayson||acb,2017-09-29,32.266666666666666,13
acb,granger jayson||acb,2017-10-05,26.6,13
acb,granger jayson||acb,2017-10-07,27.166666666666668,32
acb,granger jayson||acb,2017-10-15,33.56666666666667,9
acb,granger jayson||acb,2017-10-22,26.2,18
acb,granger jayson||acb,2017-10-29,30.533333333333335,9
acb,granger jayson||acb,2017-11-05,26.283333333333335,3
acb,granger jayson||acb,2017-11-12,18.766666666666666,21
acb,granger jayson||acb,2017-11-19,20.066666666666666,15
acb,granger jayson||acb,2017-12-03,15.516666666666667,3
acb,granger jayson||acb,2017-12-09,16.566666666666666,4
acb,granger jayson||acb,2017-12-17,22.433333333333334,24
acb,granger jayson||acb,2017-12-31,29.033333333333335,6
acb,granger jayson||acb,2018-01-03,20.8,7
acb,granger jayson||acb,2018-01-07,31.083333333333332,25
acb,granger jayson||acb,2018-01-14,20.8,1
acb,granger jayson||acb,2018-01-21,27.416666666666668,8
acb,green erick||acb,2017-10-01,29.616666666666667,29
acb,green erick||acb,2017-10-04,27.966666666666665,25
acb,green erick||acb,2017-10-08,24.4,19
acb,green erick||acb,2017-10-15,27.683333333333334,12
acb,green erick||acb,2017-10-22,17.033333333333335,4
acb,green erick||acb,2017-10-29,27.683333333333334,19
acb,green erick||acb,2017-11-05,26.333333333333332,21
acb,green erick||acb,2017-11-12,24.733333333333334,17
acb,green erick||acb,2017-11-19,28.816666666666666,27
acb,green erick||acb,2017-12-03,29.916666666666668,7
acb,green erick||acb,2017-12-10,21.266666666666666,8
acb,green erick||acb,2017-12-17,14.183333333333334,4
acb,green erick||acb,2017-12-30,11.95,2
acb,green erick||acb,2018-01-02,19.4,3
acb,green erick||acb,2018-01-07,11.35,-2
acb,green erick||acb,2018-01-21,18.816666666666666,21
acb,gudul omari||acb,2017-10-05,5.283333333333333,-2
acb,gudul omari||acb,2017-10-07,8.366666666666667,1
acb,gudul omari||acb,2017-10-15,0.0,0
acb,gudul omari||acb,2017-10-22,3.35,-1
acb,gudul omari||acb,2017-10-29,0.0,0
acb,gudul omari||acb,2017-11-05,0.0,0
acb,gudul omari||acb,2017-11-12,0.0,0
acb,gudul omari||acb,2017-11-19,4.8,0
acb,gudul omari||acb,2017-12-03,5.3,-4
acb,gudul omari||acb,2017-12-10,0.0,0
acb,gudul omari||acb,2017-12-17,0.0,0
acb,gudul omari||acb,2017-12-23,0.0,0
acb,gudul omari||acb,2018-01-14,0.0,0
acb,gudul omari||acb,2018-01-21,0.0,0
acb,hakanson ludde||acb,2017-10-05,16.7,0
acb,hakanson ludde||acb,2017-10-08,14.216666666666667,6
acb,hakanson ludde||acb,2017-10-14,13.716666666666667,8
acb,hakanson ludde||acb,2017-10-22,14.716666666666667,-1
acb,hakanson ludde||acb,2017-10-29,17.133333333333333,4
acb,hakanson ludde||acb,2017-11-05,13.85,7
acb,hakanson ludde||acb,2017-11-12,17.733333333333334,12
acb,hakanson ludde||acb,2017-11-19,12.466666666666667,5
acb,hakanson ludde||acb,2017-12-03,15.716666666666667,10
acb,hakanson ludde||acb,2017-12-10,16.133333333333333,6
acb,hakanson ludde||acb,2017-12-17,10.1,-4
acb,hakanson ludde||acb,2017-12-23,17.866666666666667,14
acb,hakanson ludde||acb,2017-12-31,10.066666666666666,-1
acb,hakanson ludde||acb,2018-01-04,13.9,0
acb,hakanson ludde||acb,2018-01-07,18.033333333333335,16
acb,hakanson ludde||acb,2018-01-14,17.733333333333334,11
acb,hakanson ludde||acb,2018-01-21,13.316666666666666,-3
acb,hammink shane||acb,2017-09-30,7.433333333333334,1
acb,hammink shane||acb,2017-10-05,13.85,1
acb,hammink shane||acb,2017-10-08,20.8,17
acb,hammink shane||acb,2017-10-15,13.35,-1
acb,hammink shane||acb,2017-10-21,15.016666666666667,4
acb,hammink shane||acb,2017-10-29,12.316666666666666,2
acb,hammink shane||acb,2017-11-05,14.516666666666667,-1
acb,hammink shane||acb,2017-11-12,12.866666666666667,-1
acb,hammink shane||acb,2017-11-19,11.616666666666667,1
acb,hammink shane||acb,2017-12-03,6.016666666666667,-3
acb,hammink shane||acb,2017-12-09,20.233333333333334,6
acb,hammink shane||acb,2017-12-17,18.9,4
acb,hammink shane||acb,2017-12-23,19.85,0
acb,hammink shane||acb,2017-12-30,17.383333333333333,6
acb,hammink shane||acb,2018-01-07,12.8,1
acb,hammink shane||acb,2018-01-14,22.233333333333334,2
acb,hammink shane||acb,2018-01-21,16.333333333333332,4
acb,hanga adam||acb,2017-09-29,28.333333333333332,19
acb,hanga adam||acb,2017-10-05,15.2,13
acb,hanga adam||acb,2017-10-08,20.65,18
acb,hanga adam||acb,2017-10-15,14.983333333333333,9
acb,hanga adam||acb,2017-10-22,21.95,-4
acb,hanga adam||acb,2017-10-29,17.35,5
acb,hanga adam||acb,2017-11-05,25.2,14
acb,hanga adam||acb,2017-11-12,25.583333333333332,7
acb,hanga adam||acb,2017-11-19,24.533333333333335,7
acb,hanga adam||acb,2017-12-03,16.55,11
acb,hanga adam||acb,2017-12-10,31.116666666666667,11
acb,hanga adam||acb,2017-12-17,21.183333333333334,6
acb,hanga adam||acb,2017-12-31,21.75,16
acb,hanga adam||acb,2018-01-02,17.133333333333333,18
acb,hanga adam||acb,2018-01-07,18.7,5
acb,hanga adam||acb,2018-01-14,29.683333333333334,15
acb,hanga adam||acb,2018-01-21,34.333333333333336,18
acb,hannah clevin||acb,2017-10-01,24.733333333333334,11
acb,hannah clevin||acb,2017-10-04,23.566666666666666,10
acb,hannah clevin||acb,2017-10-08,33.733333333333334,14
acb,hannah clevin||acb,2017-10-15,18.716666666666665,12
acb,hannah clevin||acb,2017-10-22,17.7,8
acb,hannah clevin||acb,2017-10-29,19.95,3
acb,hannah clevin||acb,2017-11-05,20.516666666666666,8
acb,hannah clevin||acb,2017-11-11,24.45,20
acb,hannah clevin||acb,2017-11-19,21.833333333333332,8
acb,hannah clevin||acb,2017-12-03,26.366666666666667,28
acb,hannah clevin||acb,2017-12-10,30.116666666666667,17
acb,hannah clevin||acb,2017-12-17,32.45,22
acb,hannah clevin||acb,2017-12-23,28.683333333333334,18
acb,hannah clevin||acb,2017-12-31,26.216666666666665,9
acb,hannah clevin||acb,2018-01-07,28.8,29
acb,hannah clevin||acb,2018-01-14,24.483333333333334,19
acb,hannah clevin||acb,2018-01-21,31.716666666666665,23
acb,hervelle axel||acb,2017-09-30,21.783333333333335,1
acb,hervelle axel||acb,2017-10-05,24.516666666666666,17
acb,hervelle axel||acb,2017-10-08,24.516666666666666,7
acb,hervelle axel||acb,2017-10-15,25.583333333333332,1
acb,hervelle axel||acb,2017-10-21,26.916666666666668,4
acb,hervelle axel||acb,2017-10-29,22.4,9
acb,hervelle axel||acb,2017-11-05,23.683333333333334,2
acb,hervelle axel||acb,2017-11-12,22.233333333333334,1
acb,hervelle axel||acb,2017-11-19,25.4,1
acb,hervelle axel||acb,2017-12-03,23.35,7
acb,hervelle axel||acb,2017-12-09,22.716666666666665,6
acb,hervelle axel||acb,2017-12-17,25.583333333333332,9
acb,hervelle axel||acb,2017-12-23,19.566666666666666,-2
acb,hervelle axel||acb,2017-12-30,8.966666666666667,-1
acb,hervelle axel||acb,2018-01-07,15.7,2
acb,hervelle axel||acb,2018-01-14,19.083333333333332,11
acb,hervelle axel||acb,2018-01-21,18.65,1
acb,heurtel thomas||acb,2017-09-29,28.133333333333333,29
acb,heurtel thomas||acb,2017-10-05,22.066666666666666,8
acb,heurtel thomas||acb,2017-10-08,22.116666666666667,14
acb,heurtel thomas||acb,2017-10-15,22.85,14
acb,heurtel thomas||acb,2017-10-22,22.316666666666666,16
acb,heurtel thomas||acb,2017-10-29,30.616666666666667,30
acb,heurtel thomas||acb,2017-11-05,24.366666666666667,23
acb,heurtel thomas||acb,2017-11-12,20.716666666666665,5
acb,heurtel thomas||acb,2017-11-19,26.8,14
acb,heurtel thomas||acb,2017-12-03,16.366666666666667,7
acb,heurtel thomas||acb,2017-12-17,26.066666666666666,25
acb,heurtel thomas||acb,2017-12-31,24.183333333333334,19
acb,heurtel thomas||acb,2018-01-02,18.533333333333335,14
acb,heurtel thomas||acb,2018-01-07,21.283333333333335,17
acb,heurtel thomas||acb,2018-01-14,22.116666666666667,1
acb,heurtel thomas||acb,2018-01-21,31.033333333333335,11
acb,hlinason t.||acb,2017-10-01,0.0,0
acb,hlinason t.||acb,2017-10-04,0.5333333333333333,0
acb,hlinason t.||acb,2017-10-08,0.0,0
acb,hlinason t.||acb,2017-10-15,0.0,0
acb,hlinason t.||acb,2017-10-22,0.0,0
acb,hlinason t.||acb,2017-10-29,0.0,0
acb,hlinason t.||acb,2017-11-05,0.0,0
acb,hlinason t.||acb,2017-11-19,0.0,0
acb,hlinason t.||acb,2017-12-03,2.4166666666666665,0
acb,hlinason t.||acb,2017-12-10,3.466666666666667,-1
acb,hlinason t.||acb,2017-12-17,0.9,0
acb,hlinason t.||acb,2017-12-30,5.6,3
acb,hlinason t.||acb,2018-01-02,0.0,0
acb,hlinason t.||acb,2018-01-07,0.0,0
acb,hlinason t.||acb,2018-01-13,6.6,1
acb,hlinason t.||acb,2018-01-21,11.433333333333334,3
acb,huertas m.||acb,2017-09-29,26.916666666666668,22
acb,huertas m.||acb,2017-10-05,23.366666666666667,4
acb,huertas m.||acb,2017-10-07,26.616666666666667,1
acb,huertas m.||acb,2017-10-15,25.333333333333332,16
acb,huertas m.||acb,2017-10-22,20.883333333333333,3
acb,huertas m.||acb,2017-10-29,22.533333333333335,7
acb,huertas m.||acb,2017-11-05,13.716666666666667,6
acb,huertas m.||acb,2017-11-12,17.25,12
acb,huertas m.||acb,2017-11-19,13.3,12
acb,huertas m.||acb,2017-12-03,25.1,24
acb,huertas m.||acb,2017-12-09,23.433333333333334,17
acb,huertas m.||acb,2017-12-17,20.516666666666666,10
acb,huertas m.||acb,2017-12-31,19.333333333333332,5
acb,huertas m.||acb,2018-01-03,19.2,12
acb,huertas m.||acb,2018-01-07,15.416666666666666,4
acb,huertas m.||acb,2018-01-14,22.383333333333333,8
acb,huertas m.||acb,2018-01-21,13.416666666666666,2
acb,huskic goran||acb,2017-10-01,12.366666666666667,0
acb,huskic goran||acb,2017-10-05,14.066666666666666,4
acb,huskic goran||acb,2017-10-08,18.183333333333334,12
acb,huskic goran||acb,2017-10-14,25.85,12
acb,huskic goran||acb,2017-10-21,11.233333333333333,-3
acb,huskic goran||acb,2017-10-28,20.016666666666666,16
acb,huskic goran||acb,2017-11-05,31.866666666666667,9
acb,huskic goran||acb,2017-11-11,24.333333333333332,26
acb,huskic goran||acb,2017-11-19,24.983333333333334,18
acb,huskic goran||acb,2017-12-03,20.05,10
acb,huskic goran||acb,2017-12-10,23.966666666666665,16
acb,huskic goran||acb,2017-12-16,27.1,17
acb,huskic goran||acb,2017-12-23,14.6,0
acb,huskic goran||acb,2017-12-30,17.233333333333334,7
acb,huskic goran||acb,2018-01-06,20.966666666666665,17
acb,huskic goran||acb,2018-01-14,22.033333333333335,6
acb,huskic goran||acb,2018-01-21,15.816666666666666,6
acb,jankovic vladimir||acb,2017-10-01,23.533333333333335,9
acb,jankovic vladimir||acb,2017-10-04,18.633333333333333,17
acb,jankovic vladimir||acb,2017-10-08,17.333333333333332,2
acb,jankovic vladimir||acb,2017-10-15,18.783333333333335,1
acb,jankovic vladimir||acb,2017-10-22,21.166666666666668,4
acb,jankovic vladimir||acb,2017-10-29,19.433333333333334,4
acb,jankovic vladimir||acb,2017-11-05,18.416666666666668,4
acb,jankovic vladimir||acb,2017-11-12,13.55,5
acb,jankovic vladimir||acb,2017-12-09,0.0,0
acb,jankovic vladimir||acb,2017-12-17,4.65,-1
acb,jankovic vladimir||acb,2017-12-23,23.4,12
acb,jankovic vladimir||acb,2017-12-30,22.05,5
acb,jankovic vladimir||acb,2018-01-06,22.966666666666665,15
acb,jankovic vladimir||acb,2018-01-14,20.666666666666668,9
acb,jankovic vladimir||acb,2018-01-21,20.5,6
acb,janning matt||acb,2017-09-29,23.85,7
acb,janning matt||acb,2017-10-05,15.416666666666666,9
acb,janning matt||acb,2017-10-07,19.1,5
acb,janning matt||acb,2017-10-15,15.25,3
acb,janning matt||acb,2017-10-22,10.733333333333333,-3
acb,janning matt||acb,2017-11-05,25.083333333333332,3
acb,janning matt||acb,2017-11-12,27.683333333333334,4
acb,janning matt||acb,2017-11-19,21.883333333333333,8
acb,janning matt||acb,2017-12-03,27.166666666666668,13
acb,janning matt||acb,2017-12-09,20.516666666666666,19
acb,janning matt||acb,2017-12-17,30.216666666666665,0
acb,janning matt||acb,2017-12-31,29.233333333333334,5
acb,janning matt||acb,2018-01-03,23.9,-2
acb,janning matt||acb,2018-01-07,24.683333333333334,7
acb,janning matt||acb,2018-01-14,20.35,9
acb,janning matt||acb,2018-01-21,18.35,13
acb,jelinek david||acb,2017-10-01,12.0,1
acb,jelinek david||acb,2017-10-04,17.35,4
acb,jelinek david||acb,2017-10-08,15.9,3
acb,jelinek david||acb,2017-10-15,8.283333333333333,-4
acb,jelinek david||acb,2017-10-22,25.5,14
acb,jelinek david||acb,2017-10-29,4.766666666666667,-4
acb,jelinek david||acb,2017-11-05,30.883333333333333,14
acb,jelinek david||acb,2017-11-12,18.283333333333335,16
acb,jelinek david||acb,2017-11-19,16.816666666666666,-3
acb,jelinek david||acb,2017-12-03,20.933333333333334,4
acb,jelinek david||acb,2017-12-09,27.083333333333332,9
acb,jelinek david||acb,2017-12-17,20.283333333333335,8
acb,jelinek david||acb,2017-12-23,23.583333333333332,27
acb,jelinek david||acb,2017-12-30,22.266666666666666,8
acb,jelinek david||acb,2018-01-06,20.55,10
acb,jelinek david||acb,2018-01-14,20.266666666666666,6
acb,jelinek david||acb,2018-01-21,18.266666666666666,6
acb,jenkins john||acb,2017-11-11,0.0,0
acb,jenkins john||acb,2017-11-19,23.533333333333335,10
acb,jenkins john||acb,2017-12-03,16.566666666666666,8
acb,jenkins john||acb,2017-12-10,29.45,28
acb,jenkins john||acb,2017-12-16,17.883333333333333,6
acb,jenkins john||acb,2017-12-23,25.933333333333334,2
acb,jenkins john||acb,2017-12-30,25.166666666666668,11
acb,jenkins john||acb,2018-01-06,25.7,18
acb,jenkins john||acb,2018-01-14,0.0,0
acb,jenkins john||acb,2018-01-21,27.916666666666668,13
acb,jones kevin||acb,2017-12-03,8.6,1
acb,jones kevin||acb,2017-12-09,18.316666666666666,10
acb,jones kevin||acb,2017-12-17,17.55,8
acb,jones kevin||acb,2017-12-31,10.233333333333333,-3
acb,jones kevin||acb,2018-01-03,20.666666666666668,14
acb,jones kevin||acb,2018-01-07,17.4,3
acb,jones kevin||acb,2018-01-14,14.533333333333333,5
acb,jones kevin||acb,2018-01-21,17.983333333333334,16
acb,jordan jerome||acb,2017-10-05,23.033333333333335,10
acb,jordan jerome||acb,2017-10-07,30.366666666666667,23
acb,jordan jerome||acb,2017-10-15,28.016666666666666,24
acb,jordan jerome||acb,2017-10-22,19.116666666666667,15
acb,jordan jerome||acb,2017-10-29,27.916666666666668,23
acb,jordan jerome||acb,2017-11-05,17.083333333333332,21
acb,jordan jerome||acb,2017-11-12,21.916666666666668,8
acb,jordan jerome||acb,2017-11-19,22.833333333333332,9
acb,jordan jerome||acb,2017-12-03,22.816666666666666,15
acb,jordan jerome||acb,2017-12-10,24.55,14
acb,jordan jerome||acb,2017-12-17,28.083333333333332,11
acb,jordan jerome||acb,2017-12-23,24.5,23
acb,jordan jerome||acb,2017-12-30,18.633333333333333,4
acb,jordan jerome||acb,2018-01-04,15.983333333333333,11
acb,jordan jerome||acb,2018-01-07,26.95,16
acb,jordan jerome||acb,2018-01-14,26.166666666666668,24
acb,jordan jerome||acb,2018-01-21,31.533333333333335,16
acb,karnowski przemek||acb,2017-10-01,6.083333333333333,-1
acb,karnowski przemek||acb,2017-10-04,13.9,12
acb,karnowski przemek||acb,2017-10-08,21.733333333333334,14
acb,karnowski przemek||acb,2017-10-15,17.1,5
acb,karnowski przemek||acb,2017-10-22,7.316666666666666,-2
acb,karnowski przemek||acb,2017-10-29,18.166666666666668,5
acb,karnowski przemek||acb,2017-11-05,24.183333333333334,14
acb,karnowski przemek||acb,2017-11-12,20.183333333333334,4
acb,karnowski przemek||acb,2017-11-19,12.683333333333334,5
acb,karnowski przemek||acb,2017-12-03,22.25,11
acb,karnowski przemek||acb,2017-12-09,14.55,10
acb,karnowski przemek||acb,2017-12-17,18.616666666666667,6
acb,karnowski przemek||acb,2017-12-23,14.466666666666667,-1
acb,kelly ryan||acb,2017-10-01,25.5,9
acb,kelly ryan||acb,2017-10-04,25.75,1
acb,kelly ryan||acb,2017-10-08,35.7,17
acb,kelly ryan||acb,2017-10-14,31.716666666666665,10
acb,kelly ryan||acb,2017-10-22,30.716666666666665,21
acb,kelly ryan||acb,2017-10-29,36.53333333333333,18
acb,kelly ryan||acb,2017-11-05,20.25,11
acb,kelly ryan||acb,2017-11-12,29.15,14
acb,kelly ryan||acb,2017-11-18,27.4,7
acb,kelly ryan||acb,2017-12-02,30.55,11
acb,kelly ryan||acb,2017-12-10,29.566666666666666,26
acb,kelly ryan||acb,2017-12-17,28.65,20
acb,kelly ryan||acb,2017-12-23,30.533333333333335,29
acb,kelly ryan||acb,2017-12-30,28.833333333333332,6
acb,kelly ryan||acb,2018-01-07,27.766666666666666,16
acb,kelly ryan||acb,2018-01-14,33.3,28
acb,kelly ryan||acb,2018-01-21,27.133333333333333,16
acb,kempton tim||acb,2017-09-30,11.983333333333333,1
acb,kempton tim||acb,2017-10-05,8.35,2
acb,kempton tim||acb,2017-10-08,5.283333333333333,-5
acb,kempton tim||acb,2017-10-15,11.116666666666667,4
acb,kempton tim||acb,2017-10-21,0.5833333333333334,0
acb,kempton tim||acb,2017-10-29,2.55,-1
acb,kempton tim||acb,2017-11-05,3.9,1
acb,kljajic jovan||acb,2017-12-03,0.0,0
acb,kljajic jovan||acb,2017-12-10,0.0,0
acb,kloof charlon||acb,2017-10-01,15.266666666666667,0
acb,kloof charlon||acb,2017-10-04,16.433333333333334,9
acb,kloof charlon||acb,2017-10-08,6.333333333333333,-1
acb,kloof charlon||acb,2017-10-15,20.733333333333334,9
acb,kloof charlon||acb,2017-10-22,22.416666666666668,6
acb,kloof charlon||acb,2017-10-29,19.366666666666667,13
acb,kloof charlon||acb,2017-11-05,15.783333333333333,6
acb,kloof charlon||acb,2017-11-11,20.583333333333332,10
acb,kloof charlon||acb,2017-11-19,22.766666666666666,8
acb,kloof charlon||acb,2017-12-03,11.166666666666666,4
acb,kloof charlon||acb,2017-12-10,30.25,13
acb,kloof charlon||acb,2017-12-17,8.466666666666667,-1
acb,kloof charlon||acb,2017-12-23,17.15,5
acb,kloof charlon||acb,2017-12-31,15.166666666666666,9
acb,kloof charlon||acb,2018-01-07,12.8,2
acb,kloof charlon||acb,2018-01-14,14.95,12
acb,kloof charlon||acb,2018-01-21,17.85,5
acb,koponen petteri||acb,2017-09-29,10.216666666666667,-2
acb,koponen petteri||acb,2017-10-05,15.466666666666667,11
acb,koponen petteri||acb,2017-10-08,18.55,4
acb,koponen petteri||acb,2017-10-15,20.966666666666665,13
acb,koponen petteri||acb,2017-10-22,17.166666666666668,10
acb,koponen petteri||acb,2017-10-29,20.383333333333333,3
acb,koponen petteri||acb,2017-11-05,13.35,2
acb,koponen petteri||acb,2017-11-12,14.083333333333334,1
acb,koponen petteri||acb,2017-11-19,17.883333333333333,8
acb,koponen petteri||acb,2017-12-03,19.283333333333335,6
acb,koponen petteri||acb,2017-12-10,15.233333333333333,-3
acb,koponen petteri||acb,2017-12-17,0.0,0
acb,koponen petteri||acb,2017-12-31,18.616666666666667,4
acb,koponen petteri||acb,2018-01-02,25.916666666666668,24
acb,koponen petteri||acb,2018-01-07,23.383333333333333,4
acb,koponen petteri||acb,2018-01-14,20.616666666666667,9
acb,koponen petteri||acb,2018-01-21,17.65,4
acb,kulvietis saulius||acb,2017-10-05,31.166666666666668,16
acb,kulvietis saulius||acb,2017-10-07,23.483333333333334,1
acb,kulvietis saulius||acb,2017-10-15,27.55,11
acb,kulvietis saulius||acb,2017-10-22,15.933333333333334,-1
acb,kulvietis saulius||acb,2017-11-05,14.4,-7
acb,kulvietis saulius||acb,2017-11-12,12.85,5
acb,kulvietis saulius||acb,2017-11-19,13.583333333333334,4
acb,kulvietis saulius||acb,2017-12-03,24.5,16
acb,kulvietis saulius||acb,2017-12-10,18.466666666666665,3
acb,kulvietis saulius||acb,2017-12-17,10.933333333333334,8
acb,kulvietis saulius||acb,2017-12-23,12.266666666666667,0
acb,kulvietis saulius||acb,2017-12-30,8.15,1
acb,kulvietis saulius||acb,2018-01-04,25.066666666666666,15
acb,kulvietis saulius||acb,2018-01-07,27.316666666666666,5
acb,kulvietis saulius||acb,2018-01-14,17.316666666666666,5
acb,kulvietis saulius||acb,2018-01-21,16.966666666666665,3
acb,kurucs rodions||acb,2017-12-10,0.0,0
acb,kurucs rodions||acb,2018-01-07,0.35,2
acb,kurucs rodions||acb,2018-01-21,14.533333333333333,3
acb,kuzmic ognjen||acb,2017-10-01,16.716666666666665,5
acb,kuzmic ognjen||acb,2017-10-05,9.983333333333333,2
acb,kuzmic ognjen||acb,2017-10-08,19.3,12
acb,kuzmic ognjen||acb,2017-10-15,19.233333333333334,12
acb,laksa martins||acb,2017-09-30,9.783333333333333,4
acb,laksa martins||acb,2017-10-04,23.416666666666668,8
acb,laksa martins||acb,2017-10-07,15.0,0
acb,laksa martins||acb,2017-10-15,16.316666666666666,-2
acb,laksa martins||acb,2017-10-21,16.116666666666667,1
acb,laksa martins||acb,2017-10-28,7.1,0
acb,laksa martins||acb,2017-11-05,11.966666666666667,0
acb,laksa martins||acb,2017-11-11,5.283333333333333,-3
acb,laksa martins||acb,2017-11-19,6.15,-4
acb,laksa martins||acb,2017-12-03,14.533333333333333,8
acb,laksa martins||acb,2017-12-10,1.6,0
acb,laksa martins||acb,2017-12-17,14.016666666666667,7
acb,laksa martins||acb,2017-12-23,14.833333333333334,1
acb,laksa martins||acb,2017-12-30,4.733333333333333,0
acb,laksa martins||acb,2018-01-06,15.55,1
acb,laksa martins||acb,2018-01-13,19.783333333333335,11
acb,laksa martins||acb,2018-01-21,6.016666666666667,-1
acb,landesberg sylven||acb,2017-10-05,27.966666666666665,11
acb,landesberg sylven||acb,2017-10-08,25.766666666666666,16
acb,landesberg sylven||acb,2017-10-14,19.55,8
acb,landesberg sylven||acb,2017-10-22,24.65,26
acb,landesberg sylven||acb,2017-10-29,24.516666666666666,2
acb,landesberg sylven||acb,2017-11-05,31.983333333333334,24
acb,landesberg sylven||acb,2017-11-12,24.466666666666665,4
acb,landesberg sylven||acb,2017-11-19,25.116666666666667,7
acb,landesberg sylven||acb,2017-12-03,30.083333333333332,28
acb,landesberg sylven||acb,2017-12-17,23.633333333333333,24
acb,landesberg sylven||acb,2017-12-23,21.466666666666665,4
acb,landesberg sylven||acb,2017-12-31,33.63333333333333,23
acb,landesberg sylven||acb,2018-01-04,32.63333333333333,33
acb,landesberg sylven||acb,2018-01-07,40.85,14
acb,landesberg sylven||acb,2018-01-14,27.133333333333333,11
acb,landesberg sylven||acb,2018-01-21,20.016666666666666,1
acb,llompart pedro||acb,2017-10-01,0.0,0
acb,llompart pedro||acb,2017-10-04,0.5333333333333333,0
acb,llompart pedro||acb,2017-10-08,0.15,0
acb,llompart pedro||acb,2017-10-15,0.0,0
acb,llompart pedro||acb,2017-10-22,1.6333333333333333,-1
acb,llompart pedro||acb,2017-11-12,12.383333333333333,2
acb,llompart pedro||acb,2017-11-19,18.133333333333333,11
acb,llorca alex||acb,2017-09-30,4.266666666666667,0
acb,llorca alex||acb,2017-10-04,9.683333333333334,10
acb,llorca alex||acb,2017-10-08,4.966666666666667,1
acb,llorca alex||acb,2017-10-15,6.15,3
acb,llorca alex||acb,2017-10-22,18.133333333333333,6
acb,llorca alex||acb,2017-10-28,5.716666666666667,7
acb,llorca alex||acb,2017-11-05,13.45,3
acb,llorca alex||acb,2017-11-12,13.883333333333333,3
acb,llorca alex||acb,2017-11-18,9.966666666666667,7
acb,llorca alex||acb,2017-12-02,8.233333333333333,-1
acb,llorca alex||acb,2017-12-10,6.35,5
acb,llorca alex||acb,2017-12-23,0.0,0
acb,llorca alex||acb,2017-12-31,7.683333333333334,-3
acb,llorca alex||acb,2018-01-07,4.1,-1
acb,llorca alex||acb,2018-01-14,10.166666666666666,2
acb,llorca alex||acb,2018-01-21,9.383333333333333,3
acb,llorente sergio||acb,2017-09-30,0.0,0
acb,llorente sergio||acb,2017-10-04,0.0,0
acb,llorente sergio||acb,2017-10-08,0.0,0
acb,llorente sergio||acb,2017-10-15,0.0,0
acb,llorente sergio||acb,2017-10-22,0.0,0
acb,llorente sergio||acb,2017-10-28,0.0,0
acb,llorente sergio||acb,2017-11-05,5.333333333333333,2
acb,llorente sergio||acb,2017-11-12,0.0,0
acb,llorente sergio||acb,2017-11-18,3.35,0
acb,llorente sergio||acb,2017-12-02,0.26666666666666666,0
acb,llorente sergio||acb,2017-12-10,0.0,0
acb,llorente sergio||acb,2017-12-16,2.283333333333333,-1
acb,llorente sergio||acb,2017-12-23,0.0,0
acb,llorente sergio||acb,2017-12-31,2.55,-1
acb,llorente sergio||acb,2018-01-07,2.7666666666666666,-2
acb,llorente sergio||acb,2018-01-14,1.8333333333333335,-1
acb,llorente sergio||acb,2018-01-21,0.0,0
acb,llovet nacho||acb,2017-09-30,19.283333333333335,4
acb,llovet nacho||acb,2017-10-04,16.283333333333335,1
acb,llovet nacho||acb,2017-10-07,22.816666666666666,8
acb,llovet nacho||acb,2017-10-15,17.833333333333332,6
acb,llovet nacho||acb,2017-10-21,17.433333333333334,10
acb,llovet nacho||acb,2017-10-28,17.55,3
acb,llovet nacho||acb,2017-11-05,25.0,10
acb,llovet nacho||acb,2017-11-11,29.05,6
acb,llovet nacho||acb,2017-11-19,20.583333333333332,7
acb,llovet nacho||acb,2017-12-03,13.416666666666666,3
acb,llovet nacho||acb,2017-12-10,28.616666666666667,21
acb,llovet nacho||acb,2017-12-17,9.4,-2
acb,llovet nacho||acb,2017-12-23,20.366666666666667,15
acb,llovet nacho||acb,2017-12-30,17.35,8
acb,llovet nacho||acb,2018-01-06,13.9,2
acb,llovet nacho||acb,2018-01-13,16.383333333333333,2
acb,llovet nacho||acb,2018-01-21,16.383333333333333,14
acb,lopez alex||acb,2017-10-01,19.966666666666665,9
acb,lopez alex||acb,2017-10-05,18.083333333333332,2
acb,lopez alex||acb,2017-10-08,17.666666666666668,19
acb,lopez alex||acb,2017-10-14,25.933333333333334,9
acb,lopez alex||acb,2017-10-21,23.583333333333332,8
acb,lopez alex||acb,2017-10-28,22.216666666666665,1
acb,lopez alex||acb,2017-11-05,23.216666666666665,10
acb,lopez alex||acb,2017-11-11,19.05,4
acb,lopez alex||acb,2017-11-19,16.866666666666667,5
acb,lopez alex||acb,2017-12-03,21.566666666666666,10
acb,lopez alex||acb,2017-12-10,13.333333333333334,0
acb,lopez alex||acb,2017-12-16,25.566666666666666,2
acb,lopez alex||acb,2017-12-23,13.983333333333333,9
acb,lopez alex||acb,2017-12-30,13.983333333333333,5
acb,lopez alex||acb,2018-01-06,23.933333333333334,7
acb,lopez alex||acb,2018-01-14,33.38333333333333,13
acb,lopez alex||acb,2018-01-21,14.033333333333333,8
acb,lopez javi||acb,2017-11-19,0.0,0
acb,lopez javi||acb,2017-12-30,0.0,0
acb,lopez javi||acb,2018-01-21,0.0,0
acb,lopez-arostegui x||acb,2017-10-05,7.35,1
acb,lopez-arostegui x||acb,2017-10-07,17.466666666666665,9
acb,lopez-arostegui x||acb,2017-10-15,14.166666666666666,8
acb,lopez-arostegui x||acb,2017-10-22,11.3,2
acb,lopez-arostegui x||acb,2017-10-29,12.833333333333334,4
acb,lopez-arostegui x||acb,2017-11-05,17.516666666666666,9
acb,lopez-arostegui x||acb,2017-11-12,9.533333333333333,-4
acb,lopez-arostegui x||acb,2017-11-19,14.3,10
acb,lopez-arostegui x||acb,2017-12-03,26.783333333333335,6
acb,lopez-arostegui x||acb,2017-12-10,21.8,14
acb,lopez-arostegui x||acb,2017-12-23,9.966666666666667,8
acb,lopez-arostegui x||acb,2017-12-30,22.883333333333333,9
acb,lopez-arostegui x||acb,2018-01-04,23.733333333333334,10
acb,lopez-arostegui x||acb,2018-01-07,7.2,-6
acb,lopez-arostegui x||acb,2018-01-21,13.1,6
acb,lukovic marko||acb,2017-10-01,10.933333333333334,1
acb,lukovic marko||acb,2017-10-04,21.633333333333333,10
acb,lukovic marko||acb,2017-10-08,23.5,6
acb,lukovic marko||acb,2017-10-15,25.933333333333334,1
acb,lukovic marko||acb,2017-10-22,23.616666666666667,4
acb,lukovic marko||acb,2017-10-29,20.55,10
acb,lukovic marko||acb,2017-11-05,23.283333333333335,-1
acb,lukovic marko||acb,2017-11-11,6.333333333333333,5
acb,lukovic marko||acb,2017-11-19,5.033333333333333,-3
acb,lukovic marko||acb,2017-12-03,13.85,10
acb,lukovic marko||acb,2017-12-10,14.633333333333333,7
acb,lukovic marko||acb,2017-12-17,14.616666666666667,13
acb,lukovic marko||acb,2017-12-23,18.883333333333333,7
acb,lukovic marko||acb,2017-12-31,19.816666666666666,14
acb,lukovic marko||acb,2018-01-07,11.366666666666667,6
acb,lukovic marko||acb,2018-01-14,14.55,-1
acb,lukovic marko||acb,2018-01-21,5.85,0
acb,maciulis jonas||acb,2017-10-22,14.233333333333333,2
acb,maciulis jonas||acb,2017-10-28,24.983333333333334,15
acb,maciulis jonas||acb,2017-11-12,0.0,0
acb,maciulis jonas||acb,2017-11-18,17.5,14
acb,maciulis jonas||acb,2017-12-03,20.833333333333332,0
acb,maciulis jonas||acb,2017-12-10,16.133333333333333,1
acb,maciulis jonas||acb,2017-12-17,16.133333333333333,9
acb,maciulis jonas||acb,2017-12-31,17.716666666666665,10
acb,maciulis jonas||acb,2018-01-07,6.4,0
acb,maciulis jonas||acb,2018-01-14,12.933333333333334,5
acb,maciulis jonas||acb,2018-01-21,14.0,7
acb,malmanis rinalds||acb,2017-09-29,16.5,3
acb,malmanis rinalds||acb,2017-10-05,2.966666666666667,4
acb,malmanis rinalds||acb,2017-11-05,11.866666666666667,-3
acb,malmanis rinalds||acb,2017-11-12,18.533333333333335,6
acb,malmanis rinalds||acb,2017-11-19,14.716666666666667,-3
acb,malmanis rinalds||acb,2017-12-03,17.433333333333334,9
acb,malmanis rinalds||acb,2017-12-09,11.816666666666666,-3
acb,maric nikola||acb,2017-10-04,0.0,0
acb,maric nikola||acb,2017-10-15,0.0,0
acb,martin alberto||acb,2017-10-15,6.366666666666666,0
acb,martin alberto||acb,2017-10-29,1.0166666666666666,0
acb,martin alberto||acb,2017-11-05,3.7,1
acb,martin alberto||acb,2017-11-11,0.0,0
acb,martin alberto||acb,2017-11-19,5.566666666666666,3
acb,martin alberto||acb,2017-12-03,2.466666666666667,1
acb,martin alberto||acb,2017-12-10,0.31666666666666665,0
acb,martin alberto||acb,2017-12-17,0.0,0
acb,martin alberto||acb,2017-12-23,0.0,0
acb,martin alberto||acb,2017-12-31,0.0,0
acb,martin alberto||acb,2018-01-07,0.0,0
acb,martin alberto||acb,2018-01-14,6.383333333333334,0
acb,martin alberto||acb,2018-01-21,0.0,0
acb,martinez edu||acb,2017-10-01,7.183333333333334,-5
acb,martinez edu||acb,2017-10-05,15.116666666666667,10
acb,martinez edu||acb,2017-10-08,6.9,-1
acb,martinez edu||acb,2017-10-14,1.5166666666666666,-2
acb,martinez edu||acb,2017-10-21,16.0,10
acb,martinez edu||acb,2017-10-28,12.7,1
acb,martinez edu||acb,2017-11-05,8.216666666666667,-1
acb,martinez edu||acb,2017-11-11,9.9,12
acb,martinez edu||acb,2017-11-19,11.233333333333333,-1
acb,martinez edu||acb,2017-12-03,12.066666666666666,-2
acb,martinez edu||acb,2017-12-10,0.0,0
acb,martinez edu||acb,2017-12-16,8.7,5
acb,martinez edu||acb,2017-12-23,0.0,0
acb,martinez edu||acb,2017-12-30,7.7,1
acb,martinez edu||acb,2018-01-06,0.0,0
acb,martinez edu||acb,2018-01-14,16.75,15
acb,martinez edu||acb,2018-01-21,17.083333333333332,0
acb,martinez emilio||acb,2017-10-01,0.0,0
acb,martinez emilio||acb,2017-10-08,0.0,0
acb,martinez emilio||acb,2017-10-22,0.0,0
acb,martinez ivan||acb,2017-09-29,0.0,0
acb,martinez ivan||acb,2017-10-07,2.1333333333333333,-1
acb,martinez ivan||acb,2017-10-22,0.0,0
acb,martinez ivan||acb,2017-10-29,0.0,0
acb,martinez ivan||acb,2017-11-19,1.15,0
acb,martinez ivan||acb,2017-12-03,0.0,0
acb,martinez ivan||acb,2017-12-09,0.0,0
acb,martinez ivan||acb,2017-12-17,0.0,0
acb,martinez ivan||acb,2017-12-31,0.0,0
acb,martinez ivan||acb,2018-01-03,0.0,0
acb,martinez ivan||acb,2018-01-07,0.0,0
acb,martinez ivan||acb,2018-01-14,0.0,0
acb,martinez ivan||acb,2018-01-21,2.5666666666666664,1
acb,martinez rafa||acb,2017-10-01,13.65,4
acb,martinez rafa||acb,2017-10-04,13.233333333333333,13
acb,martinez rafa||acb,2017-10-08,13.866666666666667,-3
acb,martinez rafa||acb,2017-10-15,12.316666666666666,6
acb,martinez rafa||acb,2017-10-22,22.716666666666665,17
acb,martinez rafa||acb,2017-10-29,16.35,4
acb,martinez rafa||acb,2017-11-05,14.183333333333334,6
acb,martinez rafa||acb,2017-11-12,8.1,2
acb,martinez rafa||acb,2017-11-19,4.95,-1
acb,martinez rafa||acb,2017-12-03,11.583333333333334,-4
acb,martinez rafa||acb,2017-12-10,20.583333333333332,9
acb,martinez rafa||acb,2017-12-17,21.15,26
acb,martinez rafa||acb,2017-12-30,26.666666666666668,24
acb,martinez rafa||acb,2018-01-02,30.2,10
acb,martinez rafa||acb,2018-01-07,24.766666666666666,13
acb,martinez rafa||acb,2018-01-13,21.016666666666666,9
acb,martinez rafa||acb,2018-01-21,20.666666666666668,24
acb,mavra dominik||acb,2017-10-05,2.8166666666666664,3
acb,mavra dominik||acb,2017-10-07,14.433333333333334,3
acb,mavra dominik||acb,2017-10-15,10.316666666666666,0
acb,mavra dominik||acb,2017-10-22,25.15,-4
acb,mavra dominik||acb,2017-10-29,6.2,1
acb,mazalin lovro||acb,2017-09-30,0.0,0
acb,mazalin lovro||acb,2017-10-04,0.0,0
acb,mazalin lovro||acb,2017-10-08,13.15,-3
acb,mazalin lovro||acb,2017-10-15,6.35,-3
acb,mazalin lovro||acb,2017-10-22,0.0,0
acb,mazalin lovro||acb,2017-10-29,0.0,0
acb,mazalin lovro||acb,2017-11-05,2.533333333333333,0
acb,mazalin lovro||acb,2017-11-12,0.0,0
acb,mazalin lovro||acb,2017-11-18,2.216666666666667,-1
acb,mazalin lovro||acb,2017-12-03,2.5166666666666666,-1
acb,mazalin lovro||acb,2017-12-10,7.0,1
acb,mazalin lovro||acb,2017-12-23,0.15,0
acb,mazalin lovro||acb,2017-12-30,5.45,-1
acb,mazalin lovro||acb,2018-01-07,0.0,0
acb,mazalin lovro||acb,2018-01-13,10.0,1
acb,mccalebb bo||acb,2017-12-17,10.733333333333333,2
acb,mccalebb bo||acb,2017-12-23,22.366666666666667,9
acb,mccalebb bo||acb,2017-12-30,18.683333333333334,6
acb,mccalebb bo||acb,2018-01-07,38.266666666666666,21
acb,mccalebb bo||acb,2018-01-13,29.116666666666667,23
acb,mccalebb bo||acb,2018-01-21,30.7,13
acb,mccallum ray||acb,2017-10-01,14.533333333333333,1
acb,mccallum ray||acb,2017-10-05,13.916666666666666,7
acb,mccallum ray||acb,2017-10-08,23.433333333333334,11
acb,mccallum ray||acb,2017-10-14,19.316666666666666,18
acb,mccallum ray||acb,2017-10-22,21.616666666666667,20
acb,mccallum ray||acb,2017-10-29,16.766666666666666,7
acb,mccallum ray||acb,2017-11-05,25.2,6
acb,mccallum ray||acb,2017-11-12,25.516666666666666,5
acb,mccallum ray||acb,2017-11-19,19.366666666666667,1
acb,mccallum ray||acb,2017-12-03,15.35,3
acb,mccallum ray||acb,2017-12-10,18.633333333333333,11
acb,mccallum ray||acb,2017-12-16,12.75,4
acb,mccallum ray||acb,2017-12-30,17.433333333333334,9
acb,mccallum ray||acb,2018-01-02,21.183333333333334,13
acb,mccallum ray||acb,2018-01-06,18.966666666666665,8
acb,mccallum ray||acb,2018-01-14,18.166666666666668,-1
acb,mccallum ray||acb,2018-01-21,21.833333333333332,8
acb,mcgrath donnie||acb,2017-10-01,27.216666666666665,10
acb,mcgrath donnie||acb,2017-10-04,25.483333333333334,-4
acb,mcgrath donnie||acb,2017-10-08,24.85,2
acb,mcgrath donnie||acb,2017-10-14,11.016666666666667,6
acb,mcgrath donnie||acb,2017-10-22,0.0,0
acb,mcgrath donnie||acb,2017-10-29,24.05,2
acb,mcgrath donnie||acb,2017-11-05,18.083333333333332,-1
acb,mcgrath donnie||acb,2017-11-12,15.933333333333334,1
acb,mcgrath donnie||acb,2017-11-18,21.683333333333334,-3
acb,mcgrath donnie||acb,2017-12-02,16.433333333333334,2
acb,mcgrath donnie||acb,2017-12-10,13.716666666666667,6
acb,mcgrath donnie||acb,2017-12-17,22.85,0
acb,mcgrath donnie||acb,2018-01-14,0.0,0
acb,mcgrath donnie||acb,2018-01-21,15.266666666666667,1
acb,mckissic s.||acb,2017-10-01,12.9,3
acb,mckissic s.||acb,2017-10-04,22.466666666666665,20
acb,mckissic s.||acb,2017-10-07,23.533333333333335,12
acb,mckissic s.||acb,2017-10-15,12.716666666666667,7
acb,mckissic s.||acb,2017-10-22,14.466666666666667,4
acb,mckissic s.||acb,2017-10-29,13.75,5
acb,mckissic s.||acb,2017-11-05,15.15,3
acb,mckissic s.||acb,2017-11-11,19.4,2
acb,mckissic s.||acb,2017-11-19,20.783333333333335,-3
acb,mckissic s.||acb,2017-12-03,19.783333333333335,6
acb,mcrae jordan||acb,2017-10-29,17.6,5
acb,mekel gal||acb,2017-10-01,17.033333333333335,5
acb,mekel gal||acb,2017-10-04,14.85,16
acb,mekel gal||acb,2017-10-07,24.15,1
acb,mekel gal||acb,2017-10-15,18.333333333333332,3
acb,mekel gal||acb,2017-10-22,22.1,4
acb,mekel gal||acb,2017-10-29,18.983333333333334,12
acb,mekel gal||acb,2017-11-05,21.183333333333334,8
acb,mekel gal||acb,2017-11-11,20.033333333333335,4
acb,mekel gal||acb,2017-11-19,17.75,6
acb,mekel gal||acb,2017-12-03,19.666666666666668,8
acb,mekel gal||acb,2017-12-10,21.15,8
acb,mekel gal||acb,2017-12-17,19.2,8
acb,mekel gal||acb,2017-12-23,16.616666666666667,12
acb,mekel gal||acb,2017-12-30,21.033333333333335,6
acb,mekel gal||acb,2018-01-07,9.85,5
acb,mekel gal||acb,2018-01-14,24.2,16
acb,mekel gal||acb,2018-01-21,22.733333333333334,10
acb,mendia borja||acb,2017-11-12,0.0,0
acb,mendia borja||acb,2017-11-19,0.0,0
acb,mendia borja||acb,2017-12-03,0.0,0
acb,mendia borja||acb,2017-12-09,0.0,0
acb,mendia borja||acb,2017-12-17,0.0,0
acb,mendia borja||acb,2017-12-23,0.7666666666666667,0
acb,mendia borja||acb,2017-12-30,0.0,0
acb,mendia borja||acb,2018-01-14,4.15,-4
acb,mendia borja||acb,2018-01-21,0.0,0
acb,michalak michal||acb,2017-09-30,15.95,-7
acb,michalak michal||acb,2017-10-04,11.25,-6
acb,michalak michal||acb,2017-10-08,20.5,5
acb,michalak michal||acb,2017-10-15,2.4833333333333334,3
acb,michalak michal||acb,2017-10-22,14.216666666666667,10
acb,michalak michal||acb,2017-10-29,7.716666666666667,-1
acb,michalak michal||acb,2017-11-05,10.183333333333334,9
acb,michalak michal||acb,2017-11-12,19.2,1
acb,michalak michal||acb,2017-11-18,1.7333333333333334,-2
acb,michalak michal||acb,2017-12-03,11.283333333333333,7
acb,michalak michal||acb,2017-12-10,12.45,13
acb,michalak michal||acb,2017-12-17,0.0,0
acb,michalak michal||acb,2017-12-23,7.35,-1
acb,michalak michal||acb,2017-12-30,10.083333333333334,-1
acb,michalak michal||acb,2018-01-07,20.383333333333333,2
acb,michalak michal||acb,2018-01-13,11.416666666666666,-8
acb,michalak michal||acb,2018-01-21,0.0,0
acb,milosavljevic d.||acb,2017-10-01,18.066666666666666,1
acb,milosavljevic d.||acb,2017-10-05,17.5,12
acb,milosavljevic d.||acb,2017-10-08,20.466666666666665,-2
acb,milosavljevic d.||acb,2017-11-05,12.966666666666667,-2
acb,milosavljevic d.||acb,2017-11-12,13.85,5
acb,milosavljevic d.||acb,2017-11-19,23.533333333333335,5
acb,milosavljevic d.||acb,2017-12-03,19.366666666666667,4
acb,milosavljevic d.||acb,2017-12-10,20.466666666666665,2
acb,milosavljevic d.||acb,2017-12-16,9.983333333333333,1
acb,milosavljevic d.||acb,2018-01-06,8.216666666666667,0
acb,milosavljevic d.||acb,2018-01-14,2.966666666666667,-1
acb,milosavljevic d.||acb,2018-01-21,0.0,0
acb,moerman adrien||acb,2017-09-29,24.55,15
acb,moerman adrien||acb,2017-10-05,26.883333333333333,8
acb,moerman adrien||acb,2017-10-08,21.983333333333334,18
acb,moerman adrien||acb,2017-10-15,22.833333333333332,4
acb,moerman adrien||acb,2017-10-22,20.25,4
acb,moerman adrien||acb,2017-10-29,17.933333333333334,-2
acb,moerman adrien||acb,2017-11-05,22.383333333333333,13
acb,moerman adrien||acb,2017-11-12,26.95,22
acb,moerman adrien||acb,2017-11-19,19.483333333333334,5
acb,moerman adrien||acb,2017-12-03,15.166666666666666,8
acb,moerman adrien||acb,2017-12-10,24.066666666666666,11
acb,moerman adrien||acb,2017-12-17,19.483333333333334,9
acb,moerman adrien||acb,2017-12-31,20.15,10
acb,moerman adrien||acb,2018-01-02,20.016666666666666,12
acb,moerman adrien||acb,2018-01-07,20.983333333333334,12
acb,molins pol||acb,2017-12-30,0.0,0
acb,mumbru alex||acb,2017-09-30,26.766666666666666,9
acb,mumbru alex||acb,2017-10-05,22.316666666666666,-1
acb,mumbru alex||acb,2017-10-08,17.933333333333334,14
acb,mumbru alex||acb,2017-10-15,20.65,14
acb,mumbru alex||acb,2017-10-21,32.31666666666667,23
acb,mumbru alex||acb,2017-10-29,21.366666666666667,22
acb,mumbru alex||acb,2017-11-05,22.466666666666665,18
acb,mumbru alex||acb,2017-11-12,17.966666666666665,15
acb,mumbru alex||acb,2017-11-19,25.75,14
acb,mumbru alex||acb,2017-12-03,25.85,10
acb,mumbru alex||acb,2017-12-09,28.216666666666665,18
acb,mumbru alex||acb,2017-12-17,22.566666666666666,6
acb,mumbru alex||acb,2017-12-23,23.55,6
acb,mumbru alex||acb,2017-12-30,31.033333333333335,15
acb,mumbru alex||acb,2018-01-07,24.966666666666665,8
acb,mumbru alex||acb,2018-01-14,16.766666666666666,9
acb,mumbru alex||acb,2018-01-21,25.733333333333334,6
acb,navarro david||acb,2017-09-30,15.716666666666667,5
acb,navarro david||acb,2017-10-04,13.1,-1
acb,navarro david||acb,2017-10-07,16.7,7
acb,navarro david||acb,2017-10-15,14.55,2
acb,navarro david||acb,2017-10-21,16.033333333333335,8
acb,navarro david||acb,2017-10-28,13.866666666666667,1
acb,navarro david||acb,2017-11-05,18.083333333333332,6
acb,navarro david||acb,2017-11-11,26.016666666666666,15
acb,navarro david||acb,2017-11-19,19.783333333333335,7
acb,navarro david||acb,2017-12-03,10.0,-1
acb,navarro david||acb,2017-12-10,9.6,-2
acb,navarro david||acb,2017-12-17,19.183333333333334,4
acb,navarro david||acb,2017-12-23,14.766666666666667,0
acb,navarro david||acb,2017-12-30,18.05,6
acb,navarro david||acb,2018-01-06,20.25,13
acb,navarro david||acb,2018-01-13,21.366666666666667,10
acb,navarro david||acb,2018-01-21,10.566666666666666,-3
acb,navarro j.c.||acb,2017-09-29,5.633333333333333,-1
acb,navarro j.c.||acb,2017-10-05,6.033333333333333,2
acb,navarro j.c.||acb,2017-10-08,7.416666666666667,2
acb,navarro j.c.||acb,2017-10-15,18.583333333333332,10
acb,navarro j.c.||acb,2017-10-22,19.083333333333332,2
acb,navarro j.c.||acb,2017-10-29,5.816666666666666,0
acb,navarro j.c.||acb,2017-11-05,15.6,5
acb,navarro j.c.||acb,2017-11-12,14.666666666666666,3
acb,navarro j.c.||acb,2017-11-19,0.0,0
acb,navarro j.c.||acb,2017-12-03,15.983333333333333,21
acb,navarro j.c.||acb,2017-12-10,18.85,22
acb,navarro j.c.||acb,2017-12-17,14.633333333333333,-4
acb,navarro j.c.||acb,2017-12-31,17.8,2
acb,navarro j.c.||acb,2018-01-02,14.083333333333334,7
acb,navarro j.c.||acb,2018-01-07,16.266666666666666,8
acb,navarro j.c.||acb,2018-01-14,7.7,4
acb,neal gary||acb,2017-09-30,25.866666666666667,7
acb,neal gary||acb,2017-10-04,27.083333333333332,14
acb,neal gary||acb,2017-10-08,26.7,10
acb,neal gary||acb,2017-10-15,33.81666666666667,1
acb,neal gary||acb,2017-10-22,28.616666666666667,18
acb,neal gary||acb,2017-10-29,33.916666666666664,24
acb,neal gary||acb,2017-11-05,25.1,11
acb,neal gary||acb,2017-11-12,24.016666666666666,32
acb,neal gary||acb,2017-11-18,29.1,23
acb,neal gary||acb,2017-12-03,28.15,22
acb,neal gary||acb,2017-12-10,24.716666666666665,15
acb,neal gary||acb,2017-12-17,31.2,5
acb,neal gary||acb,2017-12-23,24.183333333333334,13
acb,neal gary||acb,2018-01-21,30.866666666666667,15
acb,nedovic nemanja||acb,2017-10-01,22.7,14
acb,nedovic nemanja||acb,2017-10-05,16.883333333333333,11
acb,nedovic nemanja||acb,2017-10-08,26.433333333333334,12
acb,nedovic nemanja||acb,2017-10-14,21.133333333333333,24
acb,nedovic nemanja||acb,2017-10-22,21.7,9
acb,nedovic nemanja||acb,2017-10-29,18.716666666666665,18
acb,nedovic nemanja||acb,2017-11-05,28.866666666666667,7
acb,nedovic nemanja||acb,2017-11-12,20.95,-3
acb,nedovic nemanja||acb,2017-11-19,0.0,0
acb,nedovic nemanja||acb,2017-12-03,14.166666666666666,15
acb,nedovic nemanja||acb,2017-12-10,27.933333333333334,14
acb,nedovic nemanja||acb,2017-12-16,25.583333333333332,13
acb,nedovic nemanja||acb,2017-12-30,17.733333333333334,4
acb,nedovic nemanja||acb,2018-01-02,23.15,4
acb,nedovic nemanja||acb,2018-01-06,23.716666666666665,5
acb,nedovic nemanja||acb,2018-01-14,22.5,6
acb,nedovic nemanja||acb,2018-01-21,27.15,13
acb,nelson luke||acb,2017-10-01,29.9,5
acb,nelson luke||acb,2017-10-04,24.033333333333335,-1
acb,nelson luke||acb,2017-10-08,25.616666666666667,6
acb,nelson luke||acb,2017-10-14,19.783333333333335,12
acb,nelson luke||acb,2017-10-22,14.866666666666667,-4
acb,nelson luke||acb,2017-10-29,23.7,19
acb,nelson luke||acb,2017-11-05,27.316666666666666,8
acb,nelson luke||acb,2017-11-12,22.9,-5
acb,nelson luke||acb,2017-11-18,25.716666666666665,1
acb,nelson luke||acb,2017-12-02,22.133333333333333,12
acb,nelson luke||acb,2017-12-10,19.75,0
acb,nelson luke||acb,2017-12-17,26.45,0
acb,nelson luke||acb,2017-12-23,23.666666666666668,0
acb,nelson luke||acb,2017-12-30,32.18333333333333,18
acb,nelson luke||acb,2018-01-07,30.816666666666666,13
acb,nelson luke||acb,2018-01-14,24.483333333333334,0
acb,nelson luke||acb,2018-01-21,24.366666666666667,1
acb,niang mamadou||acb,2017-10-01,5.666666666666667,0
acb,niang mamadou||acb,2017-10-04,2.65,0
acb,niang mamadou||acb,2017-10-08,0.0,0
acb,niang mamadou||acb,2017-10-15,12.816666666666666,0
acb,niang mamadou||acb,2017-10-21,14.1,7
acb,niang mamadou||acb,2017-10-29,9.583333333333334,0
acb,niang mamadou||acb,2017-11-04,0.0,0
acb,niang mamadou||acb,2017-11-12,0.0,0
acb,niang mamadou||acb,2017-11-19,5.866666666666667,3
acb,niang mamadou||acb,2017-12-02,4.516666666666667,0
acb,niang mamadou||acb,2017-12-10,0.0,0
acb,niang mamadou||acb,2017-12-16,18.183333333333334,16
acb,niang mamadou||acb,2017-12-23,5.583333333333333,4
acb,niang mamadou||acb,2017-12-30,0.0,0
acb,niang mamadou||acb,2018-01-07,8.266666666666667,2
acb,niang mamadou||acb,2018-01-14,12.266666666666667,0
acb,niang mamadou||acb,2018-01-21,8.55,13
acb,nogues jose i.||acb,2017-10-05,0.0,0
acb,nogues jose i.||acb,2017-10-07,0.0,0
acb,nogues jose i.||acb,2017-10-15,5.4,1
acb,nogues jose i.||acb,2017-10-22,3.85,0
acb,nogues jose i.||acb,2017-10-29,19.566666666666666,-1
acb,nogues jose i.||acb,2017-11-05,15.416666666666666,0
acb,nogues jose i.||acb,2017-11-12,1.8333333333333335,0
acb,nogues jose i.||acb,2017-11-19,0.0,0
acb,nogues jose i.||acb,2017-12-03,3.5833333333333335,0
acb,nogues jose i.||acb,2017-12-10,5.066666666666666,-1
acb,nogues jose i.||acb,2017-12-17,7.35,1
acb,nogues jose i.||acb,2017-12-23,7.466666666666667,0
acb,nogues jose i.||acb,2017-12-30,8.1,4
acb,nogues jose i.||acb,2018-01-04,8.866666666666667,-2
acb,nogues jose i.||acb,2018-01-07,0.0,0
acb,nogues jose i.||acb,2018-01-14,7.2,2
acb,nogues jose i.||acb,2018-01-21,0.0,0
acb,norel henk||acb,2017-10-01,23.733333333333334,30
acb,norel henk||acb,2017-10-04,29.216666666666665,36
acb,norel henk||acb,2017-10-08,20.483333333333334,30
acb,norel henk||acb,2017-10-15,28.433333333333334,5
acb,norel henk||acb,2017-10-22,31.2,24
acb,norel henk||acb,2017-10-29,23.833333333333332,20
acb,norel henk||acb,2017-11-05,25.183333333333334,22
acb,norel henk||acb,2017-11-12,25.25,22
acb,norel henk||acb,2017-11-19,22.533333333333335,17
acb,norel henk||acb,2017-12-02,21.3,23
acb,norel henk||acb,2017-12-09,25.916666666666668,20
acb,norel henk||acb,2017-12-17,24.816666666666666,13
acb,norel henk||acb,2017-12-30,23.833333333333332,22
acb,norel henk||acb,2018-01-02,17.666666666666668,15
acb,norel henk||acb,2018-01-07,20.416666666666668,22
acb,norel henk||acb,2018-01-13,25.716666666666665,17
acb,norel henk||acb,2018-01-21,25.483333333333334,22
acb,okouo viny||acb,2017-10-01,0.9,-1
acb,okouo viny||acb,2017-10-05,12.25,8
acb,okouo viny||acb,2017-10-08,0.0,0
acb,okouo viny||acb,2017-10-14,14.466666666666667,10
acb,okouo viny||acb,2017-10-22,4.583333333333333,4
acb,okouo viny||acb,2017-10-29,6.616666666666667,-5
acb,okouo viny||acb,2017-11-05,0.0,0
acb,okouo viny||acb,2017-11-12,0.0,0
acb,okouo viny||acb,2017-11-19,0.0,0
acb,okouo viny||acb,2017-12-03,0.0,0
acb,okouo viny||acb,2017-12-10,0.0,0
acb,okouo viny||acb,2017-12-16,0.0,0
acb,okouo viny||acb,2017-12-30,0.0,0
acb,okouo viny||acb,2018-01-02,0.0,0
acb,okouo viny||acb,2018-01-06,2.15,0
acb,okouo viny||acb,2018-01-14,0.0,0
acb,okouo viny||acb,2018-01-21,0.0,0
acb,olaizola julen||acb,2017-10-01,0.0,0
acb,olaizola julen||acb,2017-10-04,3.6,1
acb,olaizola julen||acb,2017-10-08,0.8333333333333334,0
acb,olaizola julen||acb,2017-10-15,0.0,0
acb,olaizola julen||acb,2017-10-22,0.0,0
acb,olaizola julen||acb,2017-11-11,0.0,0
acb,olaizola julen||acb,2017-11-19,0.0,0
acb,olaizola julen||acb,2017-12-03,0.0,0
acb,olaizola julen||acb,2017-12-10,0.0,0
acb,olaizola julen||acb,2017-12-17,0.0,0
acb,olaizola julen||acb,2017-12-23,0.0,0
acb,olaizola julen||acb,2017-12-31,0.0,0
acb,olaizola julen||acb,2018-01-07,5.116666666666666,-2
acb,olaizola julen||acb,2018-01-14,0.0,0
acb,olaizola julen||acb,2018-01-21,0.0,0
acb,olaseni gabriel||acb,2017-09-30,18.916666666666668,13
acb,olaseni gabriel||acb,2017-10-04,16.983333333333334,2
acb,olaseni gabriel||acb,2017-10-08,16.633333333333333,3
acb,olaseni gabriel||acb,2017-10-15,20.216666666666665,10
acb,olaseni gabriel||acb,2017-10-22,10.616666666666667,1
acb,olaseni gabriel||acb,2017-10-28,11.333333333333334,-2
acb,olaseni gabriel||acb,2017-11-05,13.8,0
acb,olaseni gabriel||acb,2017-11-12,16.816666666666666,11
acb,olaseni gabriel||acb,2017-11-18,15.0,1
acb,olaseni gabriel||acb,2017-12-02,11.183333333333334,8
acb,olaseni gabriel||acb,2017-12-10,15.2,4
acb,olaseni gabriel||acb,2017-12-16,6.716666666666667,3
acb,olaseni gabriel||acb,2017-12-23,9.8,4
acb,olaseni gabriel||acb,2017-12-31,9.316666666666666,1
acb,olaseni gabriel||acb,2018-01-07,8.75,6
acb,olaseni gabriel||acb,2018-01-14,6.383333333333334,-1
acb,olaseni gabriel||acb,2018-01-21,15.55,9
acb,oleary ian||acb,2017-09-30,22.15,13
acb,oleary ian||acb,2017-10-04,33.11666666666667,21
acb,oleary ian||acb,2017-10-08,26.366666666666667,10
acb,oleary ian||acb,2017-10-15,34.56666666666667,9
acb,oleary ian||acb,2017-10-22,30.0,13
acb,oleary ian||acb,2017-10-28,25.55,6
acb,oleary ian||acb,2017-11-05,17.933333333333334,3
acb,oleary ian||acb,2017-11-12,21.116666666666667,5
acb,oleary ian||acb,2017-11-18,19.466666666666665,5
acb,oleary ian||acb,2017-12-02,19.366666666666667,2
acb,oleary ian||acb,2017-12-10,29.066666666666666,9
acb,oleary ian||acb,2017-12-16,13.933333333333334,-2
acb,oleary ian||acb,2017-12-23,18.7,7
acb,oleary ian||acb,2017-12-31,18.516666666666666,-2
acb,oleary ian||acb,2018-01-07,22.616666666666667,18
acb,oleary ian||acb,2018-01-14,23.633333333333333,11
acb,oleary ian||acb,2018-01-21,23.083333333333332,8
acb,oleson brad||acb,2017-10-01,28.683333333333334,13
acb,oleson brad||acb,2017-10-04,20.15,16
acb,oleson brad||acb,2017-10-08,21.733333333333334,1
acb,oleson brad||acb,2017-10-15,20.716666666666665,7
acb,oleson brad||acb,2017-10-22,0.0,0
acb,oleson brad||acb,2017-10-29,23.383333333333333,4
acb,oleson brad||acb,2017-11-05,23.016666666666666,11
acb,oleson brad||acb,2017-11-11,27.1,4
acb,oleson brad||acb,2017-11-19,33.31666666666667,25
acb,oleson brad||acb,2017-12-03,30.1,12
acb,oleson brad||acb,2017-12-10,27.233333333333334,6
acb,oleson brad||acb,2017-12-17,22.033333333333335,-1
acb,oleson brad||acb,2017-12-23,32.05,10
acb,oleson brad||acb,2017-12-31,20.383333333333333,8
acb,oleson brad||acb,2018-01-07,25.7,14
acb,oleson brad||acb,2018-01-14,27.65,9
acb,oleson brad||acb,2018-01-21,27.766666666666666,4
acb,oliver albert||acb,2017-10-01,22.866666666666667,17
acb,oliver albert||acb,2017-10-04,25.266666666666666,12
acb,oliver albert||acb,2017-10-07,15.85,18
acb,oliver albert||acb,2017-10-15,21.666666666666668,13
acb,oliver albert||acb,2017-10-22,17.9,8
acb,oliver albert||acb,2017-10-29,21.016666666666666,5
acb,oliver albert||acb,2017-11-05,18.816666666666666,13
acb,oliver albert||acb,2017-11-11,19.966666666666665,4
acb,oliver albert||acb,2017-11-19,22.283333333333335,18
acb,oliver albert||acb,2017-12-03,20.333333333333332,7
acb,oliver albert||acb,2017-12-10,18.85,-2
acb,oliver albert||acb,2017-12-17,20.866666666666667,7
acb,oliver albert||acb,2017-12-23,23.383333333333333,5
acb,oliver albert||acb,2017-12-30,0.0,0
acb,oliver albert||acb,2018-01-07,23.466666666666665,19
acb,oliver albert||acb,2018-01-14,0.0,0
acb,oriola pierre||acb,2017-10-08,19.566666666666666,26
acb,oriola pierre||acb,2017-10-15,17.283333333333335,21
acb,oriola pierre||acb,2017-10-22,20.55,11
acb,oriola pierre||acb,2017-10-29,9.466666666666667,0
acb,oriola pierre||acb,2017-11-05,9.3,2
acb,oriola pierre||acb,2017-11-12,13.7,-5
acb,oriola pierre||acb,2017-11-19,20.616666666666667,7
acb,oriola pierre||acb,2017-12-03,22.083333333333332,17
acb,oriola pierre||acb,2017-12-10,21.433333333333334,4
acb,oriola pierre||acb,2017-12-17,13.433333333333334,6
acb,oriola pierre||acb,2017-12-31,11.7,7
acb,oriola pierre||acb,2018-01-02,22.783333333333335,12
acb,oriola pierre||acb,2018-01-07,15.8,2
acb,oriola pierre||acb,2018-01-14,29.8,17
acb,oriola pierre||acb,2018-01-21,31.9,21
acb,oroz xabi||acb,2017-10-01,4.383333333333334,1
acb,oroz xabi||acb,2017-10-04,17.566666666666666,0
acb,oroz xabi||acb,2017-10-08,19.3,9
acb,oroz xabi||acb,2017-10-15,7.7,2
acb,oroz xabi||acb,2017-10-22,4.85,0
acb,oroz xabi||acb,2017-10-29,9.566666666666666,2
acb,oroz xabi||acb,2017-11-05,11.566666666666666,6
acb,oroz xabi||acb,2017-11-12,4.9,-2
acb,oroz xabi||acb,2017-11-19,7.116666666666666,-2
acb,oroz xabi||acb,2017-12-02,10.916666666666666,1
acb,oroz xabi||acb,2017-12-09,7.483333333333333,2
acb,oroz xabi||acb,2017-12-17,3.3666666666666667,-2
acb,oroz xabi||acb,2017-12-30,0.0,0
acb,oroz xabi||acb,2018-01-02,13.866666666666667,0
acb,oroz xabi||acb,2018-01-13,9.0,2
acb,oroz xabi||acb,2018-01-21,21.55,-4
acb,pardina joan||acb,2017-10-01,2.9166666666666665,-1
acb,pardina joan||acb,2017-10-04,11.35,7
acb,pardina joan||acb,2017-10-08,5.55,5
acb,pardina joan||acb,2017-10-15,4.266666666666667,3
acb,pardina joan||acb,2017-10-22,2.283333333333333,3
acb,pardina joan||acb,2017-10-29,8.366666666666667,2
acb,pardina joan||acb,2017-11-05,4.3,-1
acb,pardina joan||acb,2017-11-12,16.766666666666666,9
acb,pardina joan||acb,2017-11-19,15.8,2
acb,pardina joan||acb,2017-12-02,0.0,0
acb,pardina joan||acb,2017-12-09,11.383333333333333,1
acb,pardina joan||acb,2017-12-30,17.216666666666665,-1
acb,pardina joan||acb,2018-01-02,4.8,0
acb,pardina joan||acb,2018-01-07,2.1666666666666665,-1
acb,parra joel||acb,2017-12-03,3.35,-1
acb,parra joel||acb,2017-12-17,0.0,0
acb,pasecniks anzejs||acb,2017-10-01,18.483333333333334,13
acb,pasecniks anzejs||acb,2017-10-04,14.366666666666667,9
acb,pasecniks anzejs||acb,2017-10-07,22.05,3
acb,pasecniks anzejs||acb,2017-10-15,15.4,5
acb,pasecniks anzejs||acb,2017-10-22,20.166666666666668,13
acb,pasecniks anzejs||acb,2017-10-29,13.733333333333333,9
acb,pasecniks anzejs||acb,2017-11-05,20.166666666666668,9
acb,pasecniks anzejs||acb,2017-11-11,21.183333333333334,1
acb,pasecniks anzejs||acb,2017-11-19,20.1,11
acb,pasecniks anzejs||acb,2017-12-03,14.466666666666667,7
acb,pasecniks anzejs||acb,2017-12-10,17.216666666666665,8
acb,pasecniks anzejs||acb,2017-12-17,15.783333333333333,5
acb,pasecniks anzejs||acb,2017-12-23,22.816666666666666,14
acb,pasecniks anzejs||acb,2017-12-30,13.85,1
acb,pasecniks anzejs||acb,2018-01-07,19.566666666666666,13
acb,pasecniks anzejs||acb,2018-01-14,19.8,8
acb,pasecniks anzejs||acb,2018-01-21,17.75,11
acb,pauli oriol||acb,2017-10-01,12.716666666666667,6
acb,pauli oriol||acb,2017-10-04,5.416666666666667,-1
acb,pauli oriol||acb,2017-10-07,16.466666666666665,8
acb,pauli oriol||acb,2017-10-15,15.7,4
acb,pauli oriol||acb,2017-10-22,15.75,12
acb,pauli oriol||acb,2017-10-29,15.05,2
acb,pauli oriol||acb,2017-11-05,15.05,9
acb,pauli oriol||acb,2017-11-11,13.266666666666667,6
acb,pauli oriol||acb,2017-11-19,15.483333333333333,12
acb,pauli oriol||acb,2017-12-03,18.433333333333334,4
acb,pauli oriol||acb,2017-12-10,16.766666666666666,15
acb,pauli oriol||acb,2017-12-17,22.6,17
acb,pauli oriol||acb,2017-12-23,15.9,4
acb,pauli oriol||acb,2017-12-30,24.933333333333334,1
acb,pauli oriol||acb,2018-01-07,21.766666666666666,10
acb,pauli oriol||acb,2018-01-14,10.833333333333334,4
acb,pechacek adam||acb,2017-09-30,3.2333333333333334,-2
acb,pechacek adam||acb,2017-10-04,16.333333333333332,0
acb,pechacek adam||acb,2017-10-07,0.0,0
acb,pechacek adam||acb,2017-10-15,9.433333333333334,5
acb,pena dagoberto||acb,2017-10-05,7.383333333333334,-1
acb,pena dagoberto||acb,2017-10-08,18.116666666666667,3
acb,pena dagoberto||acb,2017-10-14,1.9833333333333334,0
acb,pena dagoberto||acb,2017-10-22,0.0,0
acb,pena dagoberto||acb,2017-10-29,16.633333333333333,1
acb,pena dagoberto||acb,2017-11-05,0.0,0
acb,pena dagoberto||acb,2017-11-12,0.0,0
acb,pena dagoberto||acb,2017-11-19,13.566666666666666,4
acb,pena dagoberto||acb,2017-12-03,0.0,0
acb,pena dagoberto||acb,2017-12-10,5.7,-2
acb,pena dagoberto||acb,2017-12-17,0.0,0
acb,pena dagoberto||acb,2017-12-23,0.0,0
acb,pena dagoberto||acb,2017-12-31,10.0,5
acb,pena dagoberto||acb,2018-01-04,0.0,0
acb,pena dagoberto||acb,2018-01-07,2.1666666666666665,-1
acb,pena dagoberto||acb,2018-01-14,0.0,0
acb,pena dagoberto||acb,2018-01-21,2.05,0
acb,perez daniel||acb,2017-10-01,36.016666666666666,4
acb,perez daniel||acb,2017-10-04,23.783333333333335,4
acb,perez daniel||acb,2017-10-08,17.55,9
acb,perez daniel||acb,2017-10-15,26.916666666666668,2
acb,perez daniel||acb,2017-10-22,22.4,15
acb,perez daniel||acb,2017-10-29,19.366666666666667,5
acb,perez daniel||acb,2017-11-05,17.733333333333334,-1
acb,perez daniel||acb,2017-11-12,19.75,12
acb,perez daniel||acb,2017-11-19,29.066666666666666,7
acb,perez daniel||acb,2017-12-02,8.683333333333334,5
acb,perez daniel||acb,2017-12-09,22.366666666666667,6
acb,perez daniel||acb,2017-12-17,31.216666666666665,19
acb,perez daniel||acb,2017-12-30,10.516666666666667,3
acb,perez daniel||acb,2018-01-02,18.333333333333332,4
acb,perez daniel||acb,2018-01-07,22.466666666666665,11
acb,perez daniel||acb,2018-01-13,34.0,7
acb,perez daniel||acb,2018-01-21,0.0,0
acb,pleiss tibor||acb,2017-10-01,16.466666666666665,8
acb,pleiss tibor||acb,2017-10-04,12.433333333333334,1
acb,pleiss tibor||acb,2017-10-08,15.516666666666667,19
acb,pleiss tibor||acb,2017-10-15,20.616666666666667,22
acb,pleiss tibor||acb,2017-10-22,20.366666666666667,15
acb,pleiss tibor||acb,2017-10-29,18.033333333333335,6
acb,pleiss tibor||acb,2017-11-05,17.316666666666666,14
acb,pleiss tibor||acb,2017-11-12,17.466666666666665,4
acb,pleiss tibor||acb,2017-11-19,30.133333333333333,23
acb,pleiss tibor||acb,2017-12-03,32.85,19
acb,pleiss tibor||acb,2017-12-10,30.366666666666667,26
acb,pleiss tibor||acb,2017-12-17,13.133333333333333,8
acb,pleiss tibor||acb,2017-12-30,15.566666666666666,9
acb,pleiss tibor||acb,2018-01-02,15.316666666666666,0
acb,pleiss tibor||acb,2018-01-07,17.633333333333333,16
acb,pleiss tibor||acb,2018-01-13,13.9,19
acb,pleiss tibor||acb,2018-01-21,22.283333333333335,18
acb,pluta andrzej||acb,2017-10-01,0.0,0
acb,pluta andrzej||acb,2018-01-07,0.0,0
acb,poirier vincent||acb,2017-09-29,10.416666666666666,0
acb,poirier vincent||acb,2017-10-05,18.933333333333334,14
acb,poirier vincent||acb,2017-10-07,10.833333333333334,-3
acb,poirier vincent||acb,2017-10-15,11.083333333333334,2
acb,poirier vincent||acb,2017-10-22,6.4,0
acb,poirier vincent||acb,2017-10-29,0.0,0
acb,poirier vincent||acb,2017-11-05,9.466666666666667,5
acb,poirier vincent||acb,2017-11-12,20.75,13
acb,poirier vincent||acb,2017-11-19,22.05,10
acb,poirier vincent||acb,2017-12-03,21.733333333333334,13
acb,poirier vincent||acb,2017-12-09,17.55,14
acb,poirier vincent||acb,2017-12-17,22.1,24
acb,poirier vincent||acb,2017-12-31,18.983333333333334,3
acb,poirier vincent||acb,2018-01-03,19.833333333333332,5
acb,poirier vincent||acb,2018-01-07,24.566666666666666,20
acb,poirier vincent||acb,2018-01-14,14.6,8
acb,poirier vincent||acb,2018-01-21,18.866666666666667,10
acb,ponitka mateusz||acb,2017-10-01,18.566666666666666,3
acb,ponitka mateusz||acb,2017-10-04,22.233333333333334,24
acb,ponitka mateusz||acb,2017-10-08,21.1,22
acb,ponitka mateusz||acb,2017-10-15,30.466666666666665,34
acb,ponitka mateusz||acb,2017-10-21,25.083333333333332,22
acb,ponitka mateusz||acb,2017-10-29,21.0,4
acb,ponitka mateusz||acb,2017-11-04,24.45,13
acb,ponitka mateusz||acb,2017-11-12,27.633333333333333,30
acb,ponitka mateusz||acb,2017-11-19,30.8,18
acb,ponitka mateusz||acb,2017-12-02,28.95,29
acb,ponitka mateusz||acb,2017-12-10,29.066666666666666,38
acb,ponitka mateusz||acb,2017-12-16,18.283333333333335,2
acb,ponitka mateusz||acb,2018-01-07,19.0,12
acb,ponitka mateusz||acb,2018-01-14,26.55,20
acb,ponitka mateusz||acb,2018-01-21,26.85,30
acb,popovic marko||acb,2017-09-30,22.783333333333335,12
acb,popovic marko||acb,2017-10-04,21.35,10
acb,popovic marko||acb,2017-10-08,22.883333333333333,13
acb,popovic marko||acb,2017-10-15,27.0,15
acb,popovic marko||acb,2017-10-22,20.566666666666666,5
acb,popovic marko||acb,2017-10-28,23.783333333333335,18
acb,popovic marko||acb,2017-11-05,21.883333333333333,-2
acb,popovic marko||acb,2017-11-12,26.5,13
acb,popovic marko||acb,2017-11-18,22.633333333333333,21
acb,popovic marko||acb,2017-12-02,29.883333333333333,24
acb,popovic marko||acb,2017-12-10,26.75,23
acb,popovic marko||acb,2017-12-16,31.1,18
acb,popovic marko||acb,2017-12-23,29.883333333333333,17
acb,popovic marko||acb,2017-12-31,33.2,19
acb,popovic marko||acb,2018-01-07,28.833333333333332,9
acb,popovic marko||acb,2018-01-14,26.416666666666668,13
acb,popovic marko||acb,2018-01-21,27.216666666666665,9
acb,pozas pepe||acb,2017-09-30,19.65,14
acb,pozas pepe||acb,2017-10-04,13.366666666666667,0
acb,pozas pepe||acb,2017-10-07,25.2,11
acb,pozas pepe||acb,2017-10-15,17.816666666666666,5
acb,pozas pepe||acb,2017-10-21,18.566666666666666,9
acb,pozas pepe||acb,2017-10-28,20.216666666666665,10
acb,pozas pepe||acb,2017-11-05,23.85,6
acb,pozas pepe||acb,2017-11-11,18.616666666666667,12
acb,pozas pepe||acb,2017-11-19,16.133333333333333,4
acb,pozas pepe||acb,2017-12-03,19.033333333333335,16
acb,pozas pepe||acb,2017-12-10,27.583333333333332,18
acb,pozas pepe||acb,2017-12-17,22.516666666666666,7
acb,pozas pepe||acb,2017-12-23,22.333333333333332,1
acb,pozas pepe||acb,2017-12-30,25.133333333333333,8
acb,pozas pepe||acb,2018-01-06,19.75,6
acb,pozas pepe||acb,2018-01-13,13.233333333333333,-4
acb,pozas pepe||acb,2018-01-21,24.766666666666666,10
acb,pressey phil||acb,2017-09-29,11.866666666666667,-4
acb,pressey phil||acb,2017-10-05,17.616666666666667,8
acb,pressey phil||acb,2017-10-08,17.883333333333333,11
acb,pressey phil||acb,2017-10-15,17.15,4
acb,pressey phil||acb,2017-10-22,16.65,6
acb,pressey phil||acb,2017-10-29,13.716666666666667,21
acb,pressey phil||acb,2017-11-05,15.916666666666666,7
acb,pressey phil||acb,2017-11-12,0.5666666666666667,1
acb,pressey phil||acb,2017-11-19,13.2,4
acb,pressey phil||acb,2017-12-03,18.15,6
acb,pressey phil||acb,2017-12-10,27.283333333333335,7
acb,pressey phil||acb,2017-12-17,13.933333333333334,-5
acb,pressey phil||acb,2017-12-31,3.8,3
acb,pressey phil||acb,2018-01-02,8.033333333333333,2
acb,pressey phil||acb,2018-01-07,0.08333333333333333,0
acb,pressey phil||acb,2018-01-14,8.716666666666667,15
acb,pressey phil||acb,2018-01-21,11.05,6
acb,puerto josep||acb,2017-10-01,0.0,0
acb,puerto josep||acb,2017-10-04,0.5333333333333333,3
acb,puerto josep||acb,2017-10-29,0.0,0
acb,puerto josep||acb,2017-12-03,0.0,0
acb,puerto josep||acb,2017-12-10,0.0,0
acb,puerto josep||acb,2017-12-30,9.616666666666667,1
acb,puerto josep||acb,2018-01-02,6.05,2
acb,puerto josep||acb,2018-01-07,0.0,0
acb,puerto josep||acb,2018-01-13,8.833333333333334,4
acb,pustovyi artem||acb,2017-09-30,27.133333333333333,20
acb,pustovyi artem||acb,2017-10-04,23.666666666666668,16
acb,pustovyi artem||acb,2017-10-07,27.966666666666665,27
acb,pustovyi artem||acb,2017-10-15,22.866666666666667,1
acb,pustovyi artem||acb,2017-10-21,28.4,20
acb,pustovyi artem||acb,2017-10-28,26.666666666666668,10
acb,pustovyi artem||acb,2017-11-05,25.083333333333332,13
acb,pustovyi artem||acb,2017-11-11,26.9,20
acb,pustovyi artem||acb,2017-11-19,19.1,9
acb,pustovyi artem||acb,2017-12-03,33.166666666666664,20
acb,pustovyi artem||acb,2017-12-10,21.95,7
acb,pustovyi artem||acb,2017-12-17,19.716666666666665,7
acb,pustovyi artem||acb,2017-12-23,14.45,5
acb,pustovyi artem||acb,2017-12-30,17.033333333333335,9
acb,pustovyi artem||acb,2018-01-06,30.25,18
acb,pustovyi artem||acb,2018-01-13,34.78333333333333,17
acb,pustovyi artem||acb,2018-01-21,32.6,30
acb,rabaseda xavi||acb,2017-10-01,12.166666666666666,6
acb,rabaseda xavi||acb,2017-10-04,9.233333333333333,-2
acb,rabaseda xavi||acb,2017-10-07,0.0,0
acb,rabaseda xavi||acb,2017-10-15,10.7,6
acb,rabaseda xavi||acb,2017-10-22,13.933333333333334,12
acb,rabaseda xavi||acb,2017-10-29,3.9333333333333336,0
acb,rabaseda xavi||acb,2017-11-05,12.483333333333333,-1
acb,rabaseda xavi||acb,2017-11-11,7.9,1
acb,rabaseda xavi||acb,2017-11-19,18.7,9
acb,rabaseda xavi||acb,2017-12-10,13.3,8
acb,rabaseda xavi||acb,2017-12-17,15.016666666666667,6
acb,rabaseda xavi||acb,2017-12-23,20.666666666666668,6
acb,rabaseda xavi||acb,2017-12-30,24.05,15
acb,rabaseda xavi||acb,2018-01-07,22.65,7
acb,rabaseda xavi||acb,2018-01-14,14.85,5
acb,rabaseda xavi||acb,2018-01-21,24.55,11
acb,radoncic dino||acb,2017-10-01,0.0,0
acb,radoncic dino||acb,2017-10-08,5.3,1
acb,radoncic dino||acb,2017-10-15,0.0,0
acb,radoncic dino||acb,2017-10-22,28.233333333333334,3
acb,radoncic dino||acb,2017-10-28,11.716666666666667,5
acb,radoncic dino||acb,2017-11-04,8.166666666666666,0
acb,radoncic dino||acb,2017-11-18,13.166666666666666,4
acb,radoncic dino||acb,2017-12-03,3.2,2
acb,radoncic dino||acb,2017-12-10,9.616666666666667,8
acb,radoncic dino||acb,2017-12-31,0.0,0
acb,radoncic dino||acb,2018-01-03,17.433333333333334,-2
acb,radoncic dino||acb,2018-01-07,12.533333333333333,4
acb,radoncic dino||acb,2018-01-21,1.6166666666666667,-1
acb,radovic nemanja||acb,2017-09-30,22.033333333333335,11
acb,radovic nemanja||acb,2017-10-04,18.383333333333333,2
acb,radovic nemanja||acb,2017-10-07,22.95,21
acb,radovic nemanja||acb,2017-10-15,16.716666666666665,2
acb,radovic nemanja||acb,2017-10-21,20.083333333333332,18
acb,radovic nemanja||acb,2017-10-28,17.366666666666667,4
acb,radovic nemanja||acb,2017-11-05,26.516666666666666,5
acb,radovic nemanja||acb,2017-11-11,24.05,7
acb,radovic nemanja||acb,2017-11-19,26.766666666666666,29
acb,radovic nemanja||acb,2017-12-03,25.233333333333334,4
acb,radovic nemanja||acb,2017-12-10,14.266666666666667,-4
acb,radovic nemanja||acb,2017-12-17,10.0,9
acb,radovic nemanja||acb,2017-12-23,18.783333333333335,9
acb,radovic nemanja||acb,2017-12-30,28.783333333333335,3
acb,radovic nemanja||acb,2018-01-06,0.0,0
acb,radovic nemanja||acb,2018-01-13,18.05,2
acb,radovic nemanja||acb,2018-01-21,22.016666666666666,10
acb,randle chasson||acb,2017-10-15,6.233333333333333,-2
acb,randle chasson||acb,2017-10-22,8.266666666666667,-2
acb,randle chasson||acb,2017-10-28,7.016666666666667,1
acb,randle chasson||acb,2017-11-04,10.0,5
acb,randle chasson||acb,2017-11-12,4.366666666666666,4
acb,randle chasson||acb,2017-11-18,22.3,10
acb,randle chasson||acb,2017-12-03,12.316666666666666,0
acb,randle chasson||acb,2017-12-10,8.566666666666666,-4
acb,randle chasson||acb,2017-12-17,0.0,0
acb,randle chasson||acb,2017-12-31,10.316666666666666,5
acb,randle chasson||acb,2018-01-03,3.6333333333333333,-3
acb,randle chasson||acb,2018-01-07,18.733333333333334,-4
acb,randle chasson||acb,2018-01-14,5.116666666666666,0
acb,randle chasson||acb,2018-01-21,11.15,7
acb,randolph a.||acb,2017-10-01,17.1,12
acb,randolph a.||acb,2017-10-05,28.033333333333335,30
acb,randolph a.||acb,2017-10-08,19.316666666666666,18
acb,randolph a.||acb,2017-10-15,26.35,20
acb,randolph a.||acb,2017-11-04,31.116666666666667,5
acb,randolph a.||acb,2017-11-12,24.416666666666668,0
acb,redivo lucio||acb,2017-09-30,24.4,4
acb,redivo lucio||acb,2017-10-05,21.75,5
acb,redivo lucio||acb,2017-10-08,13.85,0
acb,redivo lucio||acb,2017-10-15,16.733333333333334,2
acb,redivo lucio||acb,2017-10-21,17.183333333333334,-2
acb,redivo lucio||acb,2017-10-29,13.0,11
acb,redivo lucio||acb,2017-11-05,19.833333333333332,12
acb,redivo lucio||acb,2017-11-12,14.416666666666666,-1
acb,redivo lucio||acb,2017-11-19,12.783333333333333,0
acb,redivo lucio||acb,2017-12-03,13.516666666666667,-3
acb,redivo lucio||acb,2017-12-09,19.583333333333332,3
acb,redivo lucio||acb,2017-12-17,27.833333333333332,5
acb,redivo lucio||acb,2017-12-30,21.716666666666665,8
acb,redivo lucio||acb,2018-01-07,21.2,13
acb,redivo lucio||acb,2018-01-14,20.566666666666666,17
acb,redivo lucio||acb,2018-01-21,20.383333333333333,5
acb,reyes felipe||acb,2017-10-01,0.0,0
acb,reyes felipe||acb,2017-10-05,7.3,0
acb,reyes felipe||acb,2017-10-08,15.883333333333333,17
acb,reyes felipe||acb,2017-10-15,14.716666666666667,8
acb,reyes felipe||acb,2017-10-22,17.25,7
acb,reyes felipe||acb,2017-10-28,15.266666666666667,15
acb,reyes felipe||acb,2017-11-04,26.866666666666667,26
acb,reyes felipe||acb,2017-11-12,22.15,19
acb,reyes felipe||acb,2017-11-18,7.1,4
acb,reyes felipe||acb,2017-12-03,18.816666666666666,19
acb,reyes felipe||acb,2017-12-10,22.966666666666665,11
acb,reyes felipe||acb,2017-12-17,24.25,24
acb,reyes felipe||acb,2017-12-31,19.666666666666668,14
acb,reyes felipe||acb,2018-01-03,21.833333333333332,8
acb,reyes felipe||acb,2018-01-07,9.283333333333333,9
acb,reyes felipe||acb,2018-01-14,14.633333333333333,14
acb,reyes felipe||acb,2018-01-21,12.7,15
acb,ribas pau||acb,2017-09-29,19.5,15
acb,ribas pau||acb,2017-10-05,20.516666666666666,7
acb,ribas pau||acb,2017-10-08,14.033333333333333,21
acb,ribas pau||acb,2017-10-15,13.3,10
acb,ribas pau||acb,2017-10-22,22.833333333333332,6
acb,ribas pau||acb,2017-10-29,27.35,1
acb,ribas pau||acb,2017-11-05,10.683333333333334,4
acb,ribas pau||acb,2017-11-12,19.916666666666668,8
acb,ribas pau||acb,2017-11-19,10.65,-2
acb,ribas pau||acb,2017-12-03,10.683333333333334,11
acb,ribas pau||acb,2017-12-10,22.466666666666665,8
acb,ribas pau||acb,2017-12-17,25.216666666666665,12
acb,ribas pau||acb,2017-12-31,15.6,6
acb,ribas pau||acb,2018-01-02,13.433333333333334,0
acb,ribas pau||acb,2018-01-07,18.633333333333333,11
acb,ribas pau||acb,2018-01-14,23.083333333333332,3
acb,ribas pau||acb,2018-01-21,0.0,0
acb,richard patrick||acb,2017-10-05,26.15,5
acb,richard patrick||acb,2017-10-07,15.583333333333334,-3
acb,richard patrick||acb,2017-10-15,18.466666666666665,17
acb,richard patrick||acb,2017-10-22,18.716666666666665,5
acb,richard patrick||acb,2017-10-29,19.3,23
acb,richard patrick||acb,2017-11-05,36.916666666666664,24
acb,richard patrick||acb,2017-11-12,30.433333333333334,22
acb,richard patrick||acb,2017-11-19,21.733333333333334,14
acb,richard patrick||acb,2017-12-10,22.166666666666668,11
acb,richard patrick||acb,2017-12-17,25.666666666666668,20
acb,richard patrick||acb,2017-12-23,29.916666666666668,4
acb,richard patrick||acb,2017-12-30,22.466666666666665,8
acb,richard patrick||acb,2018-01-04,21.183333333333334,-1
acb,richard patrick||acb,2018-01-07,23.8,5
acb,richard patrick||acb,2018-01-14,31.933333333333334,12
acb,richard patrick||acb,2018-01-21,24.666666666666668,5
acb,richotti nicolas||acb,2017-10-01,23.833333333333332,11
acb,richotti nicolas||acb,2017-10-04,14.916666666666666,-2
acb,richotti nicolas||acb,2017-10-08,25.433333333333334,4
acb,richotti nicolas||acb,2017-10-15,16.716666666666665,-2
acb,richotti nicolas||acb,2017-10-21,23.166666666666668,6
acb,richotti nicolas||acb,2017-10-29,21.55,5
acb,richotti nicolas||acb,2017-11-04,25.8,8
acb,richotti nicolas||acb,2017-11-12,19.233333333333334,-1
acb,richotti nicolas||acb,2017-11-19,22.55,14
acb,richotti nicolas||acb,2017-12-02,19.55,13
acb,richotti nicolas||acb,2017-12-10,18.216666666666665,3
acb,richotti nicolas||acb,2017-12-16,16.616666666666667,10
acb,richotti nicolas||acb,2017-12-23,31.716666666666665,22
acb,richotti nicolas||acb,2017-12-30,14.3,4
acb,richotti nicolas||acb,2018-01-07,17.566666666666666,1
acb,rojas sadiel||acb,2017-10-01,19.45,6
acb,rojas sadiel||acb,2017-10-04,17.566666666666666,4
acb,rojas sadiel||acb,2017-10-08,25.483333333333334,20
acb,rojas sadiel||acb,2017-10-15,14.083333333333334,6
acb,rojas sadiel||acb,2017-10-22,17.533333333333335,-2
acb,rojas sadiel||acb,2017-10-29,22.5,6
acb,rojas sadiel||acb,2017-11-05,21.566666666666666,-2
acb,rojas sadiel||acb,2017-11-11,28.45,17
acb,rojas sadiel||acb,2017-11-19,18.516666666666666,7
acb,rojas sadiel||acb,2017-12-03,22.816666666666666,15
acb,rojas sadiel||acb,2017-12-10,24.933333333333334,12
acb,rojas sadiel||acb,2017-12-17,20.716666666666665,7
acb,rojas sadiel||acb,2017-12-23,21.85,-2
acb,rojas sadiel||acb,2017-12-31,25.433333333333334,4
acb,rojas sadiel||acb,2018-01-07,23.016666666666666,5
acb,rojas sadiel||acb,2018-01-14,19.25,2
acb,rojas sadiel||acb,2018-01-21,19.016666666666666,11
acb,rudez damjan||acb,2017-10-29,0.0,0
acb,rudez damjan||acb,2017-11-05,0.0,0
acb,rudez damjan||acb,2017-11-12,1.7833333333333332,-1
acb,rudez damjan||acb,2017-11-19,4.6,-2
acb,rudez damjan||acb,2017-12-03,13.616666666666667,3
acb,rudez damjan||acb,2017-12-10,3.8333333333333335,-3
acb,rudez damjan||acb,2017-12-17,0.0,0
acb,rudez damjan||acb,2017-12-30,21.65,8
acb,rudez damjan||acb,2018-01-02,5.8,0
acb,rudez damjan||acb,2018-01-07,13.233333333333333,-2
acb,rudez damjan||acb,2018-01-13,22.933333333333334,15
acb,rudez damjan||acb,2018-01-21,9.5,-2
acb,rupnik luka||acb,2017-09-30,17.716666666666665,17
acb,rupnik luka||acb,2017-10-04,20.366666666666667,14
acb,rupnik luka||acb,2017-10-08,13.933333333333334,6
acb,rupnik luka||acb,2017-10-15,12.816666666666666,4
acb,rupnik luka||acb,2017-10-22,11.866666666666667,0
acb,rupnik luka||acb,2017-10-28,16.6,7
acb,rupnik luka||acb,2017-11-05,8.266666666666667,1
acb,rupnik luka||acb,2017-11-12,12.016666666666667,3
acb,rupnik luka||acb,2017-11-18,9.266666666666667,-1
acb,rupnik luka||acb,2017-12-02,11.316666666666666,-2
acb,rupnik luka||acb,2017-12-10,10.5,0
acb,rupnik luka||acb,2017-12-16,8.916666666666666,-6
acb,rupnik luka||acb,2017-12-23,10.866666666666667,4
acb,rupnik luka||acb,2017-12-31,7.95,7
acb,rupnik luka||acb,2018-01-07,12.233333333333333,5
acb,rupnik luka||acb,2018-01-14,8.016666666666667,1
acb,rupnik luka||acb,2018-01-21,5.433333333333334,3
acb,sabat albert||acb,2017-09-30,20.35,11
acb,sabat albert||acb,2017-10-04,26.633333333333333,10
acb,sabat albert||acb,2017-10-07,14.8,5
acb,sabat albert||acb,2017-10-15,18.85,-5
acb,sabat albert||acb,2017-10-21,21.433333333333334,11
acb,sabat albert||acb,2017-10-28,19.783333333333335,7
acb,sabat albert||acb,2017-11-05,16.116666666666667,-1
acb,sabat albert||acb,2017-11-11,19.416666666666668,4
acb,sabat albert||acb,2017-11-19,23.866666666666667,0
acb,sabat albert||acb,2017-12-03,20.966666666666665,14
acb,sabat albert||acb,2017-12-10,12.4,-1
acb,sabat albert||acb,2017-12-17,6.95,3
acb,sabat albert||acb,2017-12-23,11.016666666666667,0
acb,sabat albert||acb,2017-12-30,14.866666666666667,3
acb,sabat albert||acb,2018-01-06,0.0,0
acb,sabat albert||acb,2018-01-13,26.766666666666666,17
acb,sabat albert||acb,2018-01-21,16.583333333333332,0
acb,saiz sebas||acb,2017-10-01,17.066666666666666,13
acb,saiz sebas||acb,2017-10-05,14.066666666666666,2
acb,saiz sebas||acb,2017-10-08,13.766666666666667,-1
acb,saiz sebas||acb,2017-10-14,14.166666666666666,2
acb,saiz sebas||acb,2017-10-21,4.0,-2
acb,saiz sebas||acb,2017-10-28,19.983333333333334,18
acb,saiz sebas||acb,2017-11-05,8.133333333333333,-2
acb,saiz sebas||acb,2017-11-11,15.0,8
acb,saiz sebas||acb,2017-11-19,15.016666666666667,9
acb,saiz sebas||acb,2017-12-03,19.95,14
acb,saiz sebas||acb,2017-12-10,15.016666666666667,9
acb,saiz sebas||acb,2017-12-16,12.666666666666666,7
acb,saiz sebas||acb,2017-12-23,22.95,14
acb,saiz sebas||acb,2017-12-30,21.183333333333334,9
acb,saiz sebas||acb,2018-01-06,19.033333333333335,13
acb,saiz sebas||acb,2018-01-14,22.966666666666665,17
acb,saiz sebas||acb,2018-01-21,23.883333333333333,18
acb,salgado javier||acb,2017-09-30,0.0,0
acb,salgado javier||acb,2017-10-05,0.0,0
acb,salgado javier||acb,2017-10-08,7.983333333333333,11
acb,salgado javier||acb,2017-10-15,0.0,0
acb,salgado javier||acb,2017-10-21,0.0,0
acb,salgado javier||acb,2017-10-29,5.533333333333333,2
acb,salgado javier||acb,2017-11-05,7.566666666666666,7
acb,salgado javier||acb,2017-11-12,1.3833333333333333,0
acb,salgado javier||acb,2017-11-19,20.016666666666666,-8
acb,salgado javier||acb,2017-12-03,14.116666666666667,3
acb,salgado javier||acb,2017-12-09,13.05,-2
acb,salgado javier||acb,2017-12-17,21.183333333333334,19
acb,salgado javier||acb,2017-12-23,20.15,13
acb,salgado javier||acb,2017-12-30,13.333333333333334,3
acb,salgado javier||acb,2018-01-07,21.733333333333334,5
acb,salgado javier||acb,2018-01-14,0.0,0
acb,salgado javier||acb,2018-01-21,0.0,0
acb,salin sasu||acb,2017-10-01,22.05,8
acb,salin sasu||acb,2017-10-05,20.633333333333333,2
acb,salin sasu||acb,2017-10-08,15.45,1
acb,salin sasu||acb,2017-10-14,18.866666666666667,6
acb,salin sasu||acb,2017-10-22,18.3,2
acb,salin sasu||acb,2017-10-29,21.283333333333335,12
acb,salin sasu||acb,2017-11-05,11.133333333333333,3
acb,salin sasu||acb,2017-11-12,13.766666666666667,7
acb,salin sasu||acb,2017-11-19,20.033333333333335,9
acb,salin sasu||acb,2017-12-03,16.383333333333333,14
acb,salin sasu||acb,2017-12-10,13.166666666666666,2
acb,salin sasu||acb,2017-12-16,12.233333333333333,2
acb,salin sasu||acb,2017-12-30,22.266666666666666,5
acb,salin sasu||acb,2018-01-02,16.666666666666668,2
acb,salin sasu||acb,2018-01-06,16.283333333333335,11
acb,salin sasu||acb,2018-01-14,17.5,4
acb,salin sasu||acb,2018-01-21,21.0,17
acb,salvo miquel||acb,2017-10-01,29.516666666666666,10
acb,salvo miquel||acb,2017-10-04,18.316666666666666,11
acb,salvo miquel||acb,2017-10-08,15.233333333333333,15
acb,salvo miquel||acb,2017-10-15,13.466666666666667,-1
acb,salvo miquel||acb,2017-10-22,20.333333333333332,4
acb,salvo miquel||acb,2017-10-29,10.066666666666666,2
acb,salvo miquel||acb,2017-11-05,25.6,4
acb,salvo miquel||acb,2017-11-12,18.25,5
acb,salvo miquel||acb,2017-11-19,15.0,2
acb,salvo miquel||acb,2017-12-02,26.15,5
acb,salvo miquel||acb,2017-12-09,11.566666666666666,-2
acb,salvo miquel||acb,2017-12-17,14.866666666666667,5
acb,salvo miquel||acb,2017-12-30,9.816666666666666,1
acb,salvo miquel||acb,2018-01-02,16.783333333333335,7
acb,salvo miquel||acb,2018-01-07,25.75,6
acb,salvo miquel||acb,2018-01-13,19.766666666666666,2
acb,salvo miquel||acb,2018-01-21,20.15,8
acb,san emeterio||acb,2017-11-05,25.816666666666666,9
acb,san emeterio||acb,2017-11-12,26.7,9
acb,san emeterio||acb,2017-11-19,23.416666666666668,16
acb,san emeterio||acb,2017-12-03,28.966666666666665,42
acb,san emeterio||acb,2017-12-10,31.316666666666666,14
acb,san emeterio||acb,2017-12-17,24.766666666666666,11
acb,san emeterio||acb,2018-01-13,25.183333333333334,28
acb,san emeterio||acb,2018-01-21,18.0,10
acb,san miguel r.||acb,2017-10-01,27.25,10
acb,san miguel r.||acb,2017-10-04,25.983333333333334,13
acb,san miguel r.||acb,2017-10-08,26.85,1
acb,san miguel r.||acb,2017-10-15,24.0,0
acb,san miguel r.||acb,2017-10-21,29.45,9
acb,san miguel r.||acb,2017-10-29,23.016666666666666,6
acb,san miguel r.||acb,2017-11-04,25.3,9
acb,san miguel r.||acb,2017-11-12,27.15,8
acb,san miguel r.||acb,2017-11-19,22.1,9
acb,san miguel r.||acb,2017-12-02,24.333333333333332,22
acb,san miguel r.||acb,2017-12-10,29.2,-2
acb,san miguel r.||acb,2017-12-16,18.216666666666665,14
acb,san miguel r.||acb,2017-12-23,26.783333333333335,-3
acb,san miguel r.||acb,2017-12-30,25.366666666666667,12
acb,san miguel r.||acb,2018-01-07,22.933333333333334,-5
acb,san miguel r.||acb,2018-01-14,25.983333333333334,14
acb,san miguel r.||acb,2018-01-21,27.166666666666668,6
acb,sanchez a.||acb,2017-10-01,6.15,-4
acb,sanchez a.||acb,2017-10-04,19.733333333333334,-6
acb,sanchez a.||acb,2017-10-08,5.216666666666667,0
acb,sanchez a.||acb,2017-10-14,10.933333333333334,4
acb,sanchez a.||acb,2017-10-22,7.533333333333333,-4
acb,sanchez a.||acb,2017-10-29,0.38333333333333336,-2
acb,sanchez a.||acb,2017-11-05,10.016666666666667,4
acb,sanchez a.||acb,2017-11-12,17.3,0
acb,sanchez a.||acb,2017-11-18,3.9333333333333336,2
acb,sanchez a.||acb,2017-12-02,15.716666666666667,1
acb,sanchez a.||acb,2017-12-10,15.233333333333333,4
acb,sanchez a.||acb,2017-12-17,10.816666666666666,1
acb,sanchez a.||acb,2017-12-23,11.166666666666666,-5
acb,sanchez a.||acb,2017-12-30,8.583333333333334,-2
acb,sanchez a.||acb,2018-01-07,5.233333333333333,-2
acb,sanchez a.||acb,2018-01-14,8.45,0
acb,sanchez a.||acb,2018-01-21,13.433333333333334,-2
acb,sanders rakim||acb,2017-09-29,16.316666666666666,0
acb,sanders rakim||acb,2017-10-05,23.3,12
acb,sanders rakim||acb,2017-10-08,14.483333333333333,-4
acb,sanders rakim||acb,2017-11-05,15.05,7
acb,sanders rakim||acb,2017-11-12,24.766666666666666,15
acb,sanders rakim||acb,2017-11-19,26.933333333333334,17
acb,sanders rakim||acb,2017-12-03,22.983333333333334,9
acb,sanders rakim||acb,2017-12-10,20.066666666666666,19
acb,sanders rakim||acb,2017-12-17,18.966666666666665,3
acb,sanders rakim||acb,2018-01-14,6.066666666666666,1
acb,sanders rakim||acb,2018-01-21,15.216666666666667,-8
acb,sane landing||acb,2018-01-06,12.3,2
acb,sane landing||acb,2018-01-14,16.3,3
acb,sane landing||acb,2018-01-21,18.083333333333332,22
acb,sanz mikel||acb,2017-10-15,0.0,0
acb,sanz mikel||acb,2018-01-02,4.133333333333334,-2
acb,sanz mikel||acb,2018-01-21,1.6166666666666667,0
acb,sastre joan||acb,2017-10-01,32.55,17
acb,sastre joan||acb,2017-10-04,29.75,16
acb,sastre joan||acb,2017-10-08,28.5,11
acb,sastre joan||acb,2017-10-15,28.633333333333333,13
acb,sastre joan||acb,2017-10-22,14.333333333333334,0
acb,sastre joan||acb,2017-11-12,16.95,17
acb,sastre joan||acb,2017-11-19,18.266666666666666,9
acb,sastre joan||acb,2018-01-21,12.133333333333333,-3
acb,savane sitapha||acb,2017-10-05,0.0,0
acb,savane sitapha||acb,2017-10-08,2.7,1
acb,savane sitapha||acb,2017-10-14,3.6333333333333333,5
acb,savane sitapha||acb,2017-10-22,2.7333333333333334,-1
acb,savane sitapha||acb,2017-10-29,11.7,6
acb,savane sitapha||acb,2017-11-05,9.3,2
acb,savane sitapha||acb,2017-11-12,19.533333333333335,7
acb,savane sitapha||acb,2017-11-19,13.1,9
acb,savane sitapha||acb,2017-12-03,14.2,3
acb,savane sitapha||acb,2017-12-10,4.633333333333333,-6
acb,savane sitapha||acb,2017-12-17,13.233333333333333,5
acb,savane sitapha||acb,2017-12-23,15.15,5
acb,savane sitapha||acb,2017-12-31,0.0,0
acb,savane sitapha||acb,2018-01-04,18.366666666666667,6
acb,savane sitapha||acb,2018-01-07,14.216666666666667,3
acb,savane sitapha||acb,2018-01-14,20.666666666666668,10
acb,savane sitapha||acb,2018-01-21,9.116666666666667,3
acb,savic emil||acb,2017-12-30,0.0,0
acb,savic emil||acb,2018-01-14,0.0,0
acb,schilb blake||acb,2017-10-04,16.65,2
acb,schilb blake||acb,2017-10-08,13.6,3
acb,schilb blake||acb,2017-10-14,18.0,12
acb,schilb blake||acb,2017-10-22,21.283333333333335,12
acb,schilb blake||acb,2017-10-29,16.433333333333334,6
acb,schilb blake||acb,2017-11-05,25.55,5
acb,schilb blake||acb,2017-11-12,7.033333333333333,0
acb,schilb blake||acb,2017-11-18,30.533333333333335,7
acb,schilb blake||acb,2017-12-02,22.3,4
acb,schilb blake||acb,2017-12-10,31.3,22
acb,schilb blake||acb,2017-12-17,28.133333333333333,17
acb,schilb blake||acb,2017-12-23,32.9,24
acb,schilb blake||acb,2017-12-30,26.05,19
acb,schilb blake||acb,2018-01-07,33.166666666666664,18
acb,schilb blake||acb,2018-01-14,36.03333333333333,21
acb,schilb blake||acb,2018-01-21,26.866666666666667,7
acb,schneider hugo||acb,2017-11-19,0.0,0
acb,schreiner thomas||acb,2017-10-01,16.933333333333334,3
acb,schreiner thomas||acb,2017-10-05,19.816666666666666,11
acb,schreiner thomas||acb,2017-10-08,14.683333333333334,-1
acb,schreiner thomas||acb,2017-10-14,18.0,6
acb,schreiner thomas||acb,2017-10-21,16.533333333333335,1
acb,schreiner thomas||acb,2017-10-28,20.516666666666666,18
acb,schreiner thomas||acb,2017-11-05,13.233333333333333,-2
acb,schreiner thomas||acb,2017-11-11,17.633333333333333,-5
acb,schreiner thomas||acb,2017-11-19,18.033333333333335,4
acb,schreiner thomas||acb,2017-12-03,14.783333333333333,-5
acb,schreiner thomas||acb,2017-12-10,14.016666666666667,1
acb,schreiner thomas||acb,2017-12-16,16.683333333333334,7
acb,schreiner thomas||acb,2017-12-23,18.383333333333333,14
acb,schreiner thomas||acb,2017-12-30,16.783333333333335,8
acb,schreiner thomas||acb,2018-01-06,23.366666666666667,8
acb,schreiner thomas||acb,2018-01-14,9.95,0
acb,schreiner thomas||acb,2018-01-21,16.716666666666665,-1
acb,sedekerskis tadas||acb,2017-10-01,6.233333333333333,1
acb,sedekerskis tadas||acb,2017-10-05,7.483333333333333,1
acb,sedekerskis tadas||acb,2017-10-08,15.883333333333333,10
acb,sedekerskis tadas||acb,2017-10-14,14.533333333333333,8
acb,sedekerskis tadas||acb,2017-10-21,3.05,0
acb,sedekerskis tadas||acb,2017-10-28,0.0,0
acb,sedekerskis tadas||acb,2017-11-05,14.4,8
acb,sedekerskis tadas||acb,2017-11-11,13.85,4
acb,sedekerskis tadas||acb,2017-11-19,9.516666666666667,7
acb,sedekerskis tadas||acb,2017-12-03,0.0,0
acb,sedekerskis tadas||acb,2017-12-10,0.0,0
acb,sedekerskis tadas||acb,2017-12-16,0.0,0
acb,seeley dj||acb,2017-10-01,18.766666666666666,6
acb,seeley dj||acb,2017-10-04,28.95,5
acb,seeley dj||acb,2017-10-07,19.233333333333334,12
acb,seeley dj||acb,2017-10-15,23.866666666666667,2
acb,seeley dj||acb,2017-10-22,11.383333333333333,7
acb,seeley dj||acb,2017-10-29,22.4,17
acb,seeley dj||acb,2017-11-05,17.85,4
acb,seeley dj||acb,2017-11-11,27.2,10
acb,seeley dj||acb,2017-11-19,25.033333333333335,14
acb,seeley dj||acb,2017-12-03,20.916666666666668,5
acb,seeley dj||acb,2017-12-10,22.083333333333332,17
acb,seeley dj||acb,2017-12-17,19.316666666666666,6
acb,seeley dj||acb,2017-12-23,24.233333333333334,12
acb,seeley dj||acb,2017-12-30,23.983333333333334,4
acb,seeley dj||acb,2018-01-07,21.066666666666666,19
acb,seeley dj||acb,2018-01-14,26.466666666666665,11
acb,seeley dj||acb,2018-01-21,28.283333333333335,8
acb,sekulic blagota||acb,2017-09-30,21.466666666666665,12
acb,sekulic blagota||acb,2017-10-04,20.4,8
acb,sekulic blagota||acb,2017-10-08,22.916666666666668,11
acb,sekulic blagota||acb,2017-10-15,8.666666666666666,3
acb,sekulic blagota||acb,2017-10-22,25.283333333333335,10
acb,sekulic blagota||acb,2017-10-28,21.0,15
acb,sekulic blagota||acb,2017-11-05,24.25,4
acb,sekulic blagota||acb,2017-11-12,8.383333333333333,-2
acb,sekulic blagota||acb,2017-11-18,24.183333333333334,8
acb,sekulic blagota||acb,2017-12-02,18.083333333333332,3
acb,sekulic blagota||acb,2017-12-10,1.7833333333333332,0
acb,sekulic blagota||acb,2017-12-16,26.95,17
acb,sekulic blagota||acb,2017-12-23,18.566666666666666,10
acb,sekulic blagota||acb,2017-12-31,18.65,3
acb,sekulic blagota||acb,2018-01-07,31.033333333333335,22
acb,sekulic blagota||acb,2018-01-14,26.2,6
acb,sekulic blagota||acb,2018-01-21,16.683333333333334,4
acb,seraphin kevin||acb,2017-09-29,24.1,3
acb,seraphin kevin||acb,2017-10-05,30.833333333333332,6
acb,seraphin kevin||acb,2017-10-08,20.433333333333334,11
acb,seraphin kevin||acb,2017-10-15,9.75,10
acb,seraphin kevin||acb,2017-10-22,5.083333333333333,0
acb,seraphin kevin||acb,2017-10-29,23.8,20
acb,seraphin kevin||acb,2017-11-05,15.65,16
acb,seraphin kevin||acb,2017-11-12,20.016666666666666,8
acb,seraphin kevin||acb,2017-11-19,22.066666666666666,18
acb,seraphin kevin||acb,2017-12-03,23.483333333333334,7
acb,seraphin kevin||acb,2017-12-10,27.6,9
acb,seraphin kevin||acb,2017-12-17,19.083333333333332,14
acb,seraphin kevin||acb,2017-12-31,13.416666666666666,19
acb,seraphin kevin||acb,2018-01-02,5.1,1
acb,shengelia t.||acb,2017-10-05,20.35,9
acb,shengelia t.||acb,2017-10-07,32.4,25
acb,shengelia t.||acb,2017-10-15,23.133333333333333,24
acb,shengelia t.||acb,2017-10-22,36.6,33
acb,shengelia t.||acb,2017-10-29,28.433333333333334,25
acb,shengelia t.||acb,2017-11-05,28.133333333333333,12
acb,shengelia t.||acb,2017-11-12,21.583333333333332,19
acb,shengelia t.||acb,2017-11-19,25.283333333333335,27
acb,shengelia t.||acb,2017-12-03,31.4,23
acb,shengelia t.||acb,2017-12-09,21.683333333333334,13
acb,shengelia t.||acb,2017-12-17,22.45,21
acb,shengelia t.||acb,2017-12-31,29.766666666666666,18
acb,shengelia t.||acb,2018-01-03,26.9,17
acb,shengelia t.||acb,2018-01-07,22.6,6
acb,shengelia t.||acb,2018-01-14,25.466666666666665,28
acb,shengelia t.||acb,2018-01-21,22.016666666666666,34
acb,shermadini giorgi||acb,2017-10-01,12.633333333333333,4
acb,shermadini giorgi||acb,2017-10-05,13.05,6
acb,shermadini giorgi||acb,2017-10-08,11.583333333333334,9
acb,shermadini giorgi||acb,2017-10-14,9.366666666666667,9
acb,shermadini giorgi||acb,2017-10-22,19.633333333333333,15
acb,shermadini giorgi||acb,2017-10-29,18.416666666666668,20
acb,shermadini giorgi||acb,2017-11-05,19.816666666666666,24
acb,shermadini giorgi||acb,2017-11-12,14.166666666666666,11
acb,shermadini giorgi||acb,2017-11-19,21.783333333333335,14
acb,shermadini giorgi||acb,2017-12-03,18.25,16
acb,shermadini giorgi||acb,2017-12-10,22.6,21
acb,shermadini giorgi||acb,2017-12-16,12.85,10
acb,shermadini giorgi||acb,2017-12-30,23.05,26
acb,shermadini giorgi||acb,2018-01-02,16.7,11
acb,shermadini giorgi||acb,2018-01-06,21.116666666666667,21
acb,shermadini giorgi||acb,2018-01-14,17.95,20
acb,shermadini giorgi||acb,2018-01-21,26.116666666666667,26
acb,shurna john||acb,2017-10-01,28.816666666666666,9
acb,shurna john||acb,2017-10-04,31.233333333333334,6
acb,shurna john||acb,2017-10-08,25.166666666666668,12
acb,shurna john||acb,2017-10-15,26.35,8
acb,shurna john||acb,2017-10-22,26.25,-1
acb,shurna john||acb,2017-10-29,27.766666666666666,1
acb,shurna john||acb,2017-11-05,30.8,5
acb,shurna john||acb,2017-11-12,16.616666666666667,5
acb,shurna john||acb,2017-11-19,0.0,0
acb,shurna john||acb,2017-12-03,0.0,0
acb,shurna john||acb,2017-12-09,18.2,2
acb,shurna john||acb,2017-12-17,21.25,2
acb,shurna john||acb,2017-12-23,29.65,12
acb,shurna john||acb,2017-12-30,20.916666666666668,6
acb,shurna john||acb,2018-01-06,13.75,5
acb,shurna john||acb,2018-01-14,23.916666666666668,4
acb,shurna john||acb,2018-01-21,27.35,7
acb,simons benjamin||acb,2017-09-30,8.316666666666666,0
acb,simons benjamin||acb,2017-10-04,5.066666666666666,2
acb,simons benjamin||acb,2017-10-07,6.266666666666667,-2
acb,simons benjamin||acb,2017-10-15,13.2,-3
acb,simons benjamin||acb,2017-10-21,14.083333333333334,6
acb,simons benjamin||acb,2017-10-28,18.416666666666668,7
acb,simons benjamin||acb,2017-11-05,3.4333333333333336,-2
acb,simons benjamin||acb,2017-11-11,0.0,0
acb,simons benjamin||acb,2017-11-19,12.9,-1
acb,simons benjamin||acb,2017-12-03,7.933333333333334,-3
acb,simons benjamin||acb,2017-12-10,12.216666666666667,0
acb,simons benjamin||acb,2017-12-17,30.0,17
acb,simons benjamin||acb,2017-12-23,12.016666666666667,-4
acb,simons benjamin||acb,2017-12-30,11.1,1
acb,simons benjamin||acb,2018-01-06,11.816666666666666,0
acb,simons benjamin||acb,2018-01-13,5.566666666666666,-2
acb,simons benjamin||acb,2018-01-21,0.7333333333333333,-1
acb,smits rolands||acb,2017-09-30,23.283333333333335,10
acb,smits rolands||acb,2017-10-04,24.15,0
acb,smits rolands||acb,2017-10-08,15.25,-2
acb,smits rolands||acb,2017-10-15,18.533333333333335,7
acb,smits rolands||acb,2017-10-22,17.066666666666666,11
acb,smits rolands||acb,2017-10-28,17.533333333333335,12
acb,smits rolands||acb,2017-11-05,24.016666666666666,15
acb,smits rolands||acb,2017-11-12,29.283333333333335,12
acb,smits rolands||acb,2017-11-18,19.583333333333332,2
acb,smits rolands||acb,2017-12-02,29.283333333333335,17
acb,smits rolands||acb,2017-12-10,24.533333333333335,19
acb,smits rolands||acb,2017-12-16,35.86666666666667,9
acb,smits rolands||acb,2017-12-23,33.1,19
acb,smits rolands||acb,2017-12-31,26.866666666666667,4
acb,smits rolands||acb,2018-01-07,19.316666666666666,5
acb,smits rolands||acb,2018-01-14,25.0,11
acb,smits rolands||acb,2018-01-21,24.183333333333334,6
acb,soko ovie||acb,2017-10-01,29.466666666666665,14
acb,soko ovie||acb,2017-10-04,19.433333333333334,7
acb,soko ovie||acb,2017-10-08,16.5,-6
acb,soko ovie||acb,2017-10-15,8.916666666666666,-5
acb,soko ovie||acb,2017-10-22,12.8,0
acb,soko ovie||acb,2017-10-29,19.416666666666668,5
acb,soko ovie||acb,2017-11-05,10.166666666666666,-7
acb,soko ovie||acb,2017-11-11,33.666666666666664,10
acb,soko ovie||acb,2017-11-19,24.083333333333332,23
acb,soko ovie||acb,2017-12-03,25.15,15
acb,soko ovie||acb,2017-12-10,25.016666666666666,8
acb,soko ovie||acb,2017-12-17,19.5,-3
acb,soko ovie||acb,2017-12-23,21.233333333333334,16
acb,soko ovie||acb,2017-12-31,20.183333333333334,10
acb,soko ovie||acb,2018-01-07,28.566666666666666,23
acb,soko ovie||acb,2018-01-14,25.45,20
acb,soko ovie||acb,2018-01-21,31.733333333333334,16
acb,sola adams||acb,2017-11-19,0.0,0
acb,sola adams||acb,2017-12-10,0.0,0
acb,sola adams||acb,2017-12-23,8.733333333333333,2
acb,sola adams||acb,2017-12-31,0.0,0
acb,soluade morayo||acb,2017-10-01,1.9,-1
acb,soluade morayo||acb,2017-10-05,14.283333333333333,6
acb,soluade morayo||acb,2017-10-08,2.283333333333333,2
acb,soluade morayo||acb,2017-10-14,5.616666666666667,0
acb,soluade morayo||acb,2017-10-22,11.433333333333334,-5
acb,soluade morayo||acb,2017-10-29,3.6333333333333333,0
acb,soluade morayo||acb,2017-12-30,0.0,0
acb,soluade morayo||acb,2018-01-02,0.0,0
acb,spires nick||acb,2017-12-03,0.0,0
acb,spires nick||acb,2017-12-10,2.966666666666667,-2
acb,spires nick||acb,2017-12-17,10.883333333333333,14
acb,spires nick||acb,2017-12-23,14.383333333333333,4
acb,spires nick||acb,2017-12-30,5.733333333333333,2
acb,spires nick||acb,2018-01-06,24.033333333333335,4
acb,spires nick||acb,2018-01-13,5.216666666666667,-6
acb,spires nick||acb,2018-01-21,6.366666666666666,8
acb,stevic oliver||acb,2017-10-01,22.2,13
acb,stevic oliver||acb,2017-10-04,27.583333333333332,11
acb,stevic oliver||acb,2017-10-08,12.883333333333333,-1
acb,stevic oliver||acb,2017-10-15,20.766666666666666,21
acb,stevic oliver||acb,2017-10-22,18.183333333333334,4
acb,stevic oliver||acb,2017-10-29,19.766666666666666,11
acb,stevic oliver||acb,2017-11-05,22.816666666666666,13
acb,stevic oliver||acb,2017-11-12,4.6,-3
acb,stevic oliver||acb,2017-11-19,20.283333333333335,16
acb,stevic oliver||acb,2017-12-03,31.6,12
acb,stevic oliver||acb,2017-12-09,24.4,19
acb,stevic oliver||acb,2017-12-17,20.15,-2
acb,stevic oliver||acb,2017-12-23,11.116666666666667,1
acb,stevic oliver||acb,2017-12-30,28.95,22
acb,stevic oliver||acb,2018-01-06,27.7,22
acb,stevic oliver||acb,2018-01-14,23.7,7
acb,stevic oliver||acb,2018-01-21,11.0,4
acb,suarez alex||acb,2017-09-30,16.333333333333332,7
acb,suarez alex||acb,2017-10-04,14.266666666666667,-1
acb,suarez alex||acb,2017-10-08,19.183333333333334,13
acb,suarez alex||acb,2017-10-15,8.2,6
acb,suarez alex||acb,2017-10-22,16.116666666666667,2
acb,suarez alex||acb,2017-10-29,19.316666666666666,0
acb,suarez alex||acb,2017-11-05,17.616666666666667,10
acb,suarez alex||acb,2017-11-12,7.9,2
acb,suarez alex||acb,2017-11-18,6.283333333333333,3
acb,suarez alex||acb,2017-12-03,22.75,-1
acb,suarez alex||acb,2017-12-10,20.016666666666666,4
acb,suarez alex||acb,2017-12-17,15.783333333333333,5
acb,suarez alex||acb,2017-12-23,5.75,-1
acb,suarez alex||acb,2017-12-30,9.233333333333333,6
acb,suarez alex||acb,2018-01-07,8.466666666666667,3
acb,suarez alex||acb,2018-01-13,20.5,-3
acb,suarez alex||acb,2018-01-21,7.0,0
acb,suarez carlos||acb,2017-10-01,21.833333333333332,11
acb,suarez carlos||acb,2017-10-05,20.316666666666666,9
acb,suarez carlos||acb,2017-10-08,13.6,8
acb,suarez carlos||acb,2017-10-14,22.766666666666666,24
acb,suarez carlos||acb,2017-10-22,16.316666666666666,15
acb,suarez carlos||acb,2017-10-29,13.8,3
acb,suarez carlos||acb,2017-11-05,21.733333333333334,12
acb,suarez carlos||acb,2017-11-12,26.783333333333335,23
acb,suarez carlos||acb,2017-11-19,21.05,3
acb,suarez carlos||acb,2017-12-03,25.35,17
acb,suarez carlos||acb,2017-12-10,16.016666666666666,12
acb,suarez carlos||acb,2017-12-16,21.083333333333332,11
acb,suarez carlos||acb,2017-12-30,19.85,10
acb,suarez carlos||acb,2018-01-02,20.383333333333333,18
acb,suarez carlos||acb,2018-01-06,18.733333333333334,21
acb,suarez carlos||acb,2018-01-14,29.0,24
acb,suarez carlos||acb,2018-01-21,25.25,15
acb,suton goran||acb,2017-10-05,23.033333333333335,9
acb,suton goran||acb,2017-10-08,21.483333333333334,6
acb,suton goran||acb,2017-10-14,22.6,9
acb,suton goran||acb,2017-10-22,25.6,9
acb,suton goran||acb,2017-10-29,16.116666666666667,2
acb,suton goran||acb,2017-11-05,18.483333333333334,-2
acb,suton goran||acb,2017-11-12,22.7,11
acb,suton goran||acb,2017-11-19,24.316666666666666,14
acb,suton goran||acb,2017-12-03,25.183333333333334,13
acb,suton goran||acb,2017-12-10,24.016666666666666,10
acb,suton goran||acb,2017-12-17,22.666666666666668,5
acb,suton goran||acb,2017-12-23,23.266666666666666,12
acb,suton goran||acb,2017-12-31,20.716666666666665,5
acb,suton goran||acb,2018-01-04,21.683333333333334,15
acb,suton goran||acb,2018-01-07,17.166666666666668,8
acb,suton goran||acb,2018-01-14,15.966666666666667,8
acb,suton goran||acb,2018-01-21,20.233333333333334,5
acb,swing jordan||acb,2017-10-01,35.53333333333333,16
acb,swing jordan||acb,2017-10-04,20.3,10
acb,swing jordan||acb,2017-10-08,24.016666666666666,10
acb,swing jordan||acb,2017-10-15,30.7,14
acb,swing jordan||acb,2017-10-22,35.56666666666667,18
acb,swing jordan||acb,2017-10-29,28.85,15
acb,swing jordan||acb,2017-11-05,19.216666666666665,10
acb,swing jordan||acb,2017-11-12,24.666666666666668,-3
acb,swing jordan||acb,2017-11-19,18.583333333333332,-11
acb,swing jordan||acb,2017-12-02,27.433333333333334,21
acb,swing jordan||acb,2017-12-09,26.233333333333334,-4
acb,swing jordan||acb,2017-12-17,23.95,-1
acb,swing jordan||acb,2017-12-30,21.633333333333333,22
acb,swing jordan||acb,2018-01-02,28.766666666666666,2
acb,swing jordan||acb,2018-01-07,13.966666666666667,3
acb,swing jordan||acb,2018-01-13,25.833333333333332,7
acb,swing jordan||acb,2018-01-21,19.083333333333332,4
acb,tabu jonathan||acb,2017-09-30,27.583333333333332,9
acb,tabu jonathan||acb,2017-10-05,25.333333333333332,10
acb,tabu jonathan||acb,2017-10-08,20.45,18
acb,tabu jonathan||acb,2017-10-15,24.95,19
acb,tabu jonathan||acb,2017-10-21,25.95,16
acb,tabu jonathan||acb,2017-10-29,20.55,4
acb,tabu jonathan||acb,2017-11-05,10.466666666666667,4
acb,tabu jonathan||acb,2017-11-12,24.183333333333334,6
acb,tabu jonathan||acb,2017-11-19,11.583333333333334,5
acb,tabu jonathan||acb,2017-12-23,24.783333333333335,17
acb,tabu jonathan||acb,2017-12-30,25.416666666666668,-2
acb,tabu jonathan||acb,2018-01-07,18.266666666666666,6
acb,tabu jonathan||acb,2018-01-14,24.85,20
acb,tabu jonathan||acb,2018-01-21,29.716666666666665,16
acb,tavares w.||acb,2017-11-12,13.433333333333334,3
acb,tavares w.||acb,2017-11-18,32.11666666666667,16
acb,tavares w.||acb,2017-12-03,18.616666666666667,9
acb,tavares w.||acb,2017-12-10,24.216666666666665,9
acb,tavares w.||acb,2017-12-17,14.216666666666667,7
acb,tavares w.||acb,2017-12-31,15.35,12
acb,tavares w.||acb,2018-01-03,15.566666666666666,5
acb,tavares w.||acb,2018-01-07,24.4,11
acb,tavares w.||acb,2018-01-14,25.516666666666666,27
acb,tavares w.||acb,2018-01-21,27.3,16
acb,taylor jeffery||acb,2017-10-01,18.7,6
acb,taylor jeffery||acb,2017-10-05,12.6,2
acb,taylor jeffery||acb,2017-10-08,15.45,2
acb,taylor jeffery||acb,2017-10-15,16.666666666666668,3
acb,taylor jeffery||acb,2017-10-22,0.0,0
acb,taylor jeffery||acb,2017-11-04,24.0,2
acb,taylor jeffery||acb,2017-11-12,12.833333333333334,3
acb,taylor jeffery||acb,2017-11-18,10.0,10
acb,taylor jeffery||acb,2017-12-10,29.933333333333334,7
acb,taylor jeffery||acb,2017-12-17,23.6,16
acb,taylor jeffery||acb,2017-12-31,12.483333333333333,-2
acb,taylor jeffery||acb,2018-01-03,16.533333333333335,6
acb,taylor jeffery||acb,2018-01-07,10.0,-3
acb,taylor jeffery||acb,2018-01-14,18.166666666666668,8
acb,taylor jeffery||acb,2018-01-21,20.016666666666666,9
acb,thomas devin||acb,2017-12-03,15.966666666666667,9
acb,thomas devin||acb,2017-12-09,8.65,1
acb,thomas devin||acb,2017-12-17,24.533333333333335,19
acb,thomas devin||acb,2017-12-23,15.966666666666667,13
acb,thomas devin||acb,2017-12-30,14.75,10
acb,thomas devin||acb,2018-01-07,25.65,29
acb,thomas devin||acb,2018-01-14,22.3,19
acb,thomas devin||acb,2018-01-21,25.05,5
acb,thomas matt||acb,2017-09-30,29.25,25
acb,thomas matt||acb,2017-10-04,26.116666666666667,6
acb,thomas matt||acb,2017-10-07,22.716666666666665,6
acb,thomas matt||acb,2017-10-15,27.85,21
acb,thomas matt||acb,2017-10-21,22.7,24
acb,thomas matt||acb,2017-10-28,26.85,18
acb,thomas matt||acb,2017-11-05,28.733333333333334,17
acb,thomas matt||acb,2017-11-11,30.183333333333334,21
acb,thomas matt||acb,2017-11-19,32.15,6
acb,thomas matt||acb,2017-12-03,25.716666666666665,11
acb,thomas matt||acb,2017-12-10,33.4,19
acb,thomas matt||acb,2017-12-17,25.983333333333334,10
acb,thomas matt||acb,2017-12-23,24.05,13
acb,thomas matt||acb,2017-12-30,27.833333333333332,13
acb,thomas matt||acb,2018-01-06,26.733333333333334,9
acb,thomas matt||acb,2018-01-21,27.516666666666666,13
acb,thomas will||acb,2017-10-01,28.933333333333334,11
acb,thomas will||acb,2017-10-04,25.883333333333333,12
acb,thomas will||acb,2017-10-08,26.166666666666668,5
acb,thomas will||acb,2017-10-15,26.0,14
acb,thomas will||acb,2017-10-22,22.7,7
acb,thomas will||acb,2017-10-29,29.116666666666667,11
acb,thomas will||acb,2017-11-05,23.933333333333334,5
acb,thomas will||acb,2017-11-12,18.3,9
acb,thomas will||acb,2017-11-19,21.866666666666667,4
acb,thomas will||acb,2017-12-03,28.466666666666665,14
acb,thomas will||acb,2017-12-10,29.183333333333334,13
acb,thomas will||acb,2017-12-17,21.666666666666668,6
acb,thomas will||acb,2017-12-30,18.283333333333335,10
acb,thomas will||acb,2018-01-02,29.966666666666665,10
acb,thomas will||acb,2018-01-07,26.883333333333333,16
acb,thomas will||acb,2018-01-13,17.066666666666666,1
acb,thomas will||acb,2018-01-21,22.533333333333335,13
acb,thompkins trey||acb,2017-10-01,22.9,9
acb,thompkins trey||acb,2017-10-05,11.966666666666667,-1
acb,thompkins trey||acb,2017-11-12,19.916666666666668,4
acb,thompkins trey||acb,2017-11-18,16.4,10
acb,thompkins trey||acb,2017-12-03,17.3,16
acb,thompkins trey||acb,2017-12-10,12.7,12
acb,thompkins trey||acb,2017-12-17,21.866666666666667,6
acb,thompkins trey||acb,2017-12-31,23.166666666666668,14
acb,thompkins trey||acb,2018-01-03,16.5,5
acb,thompkins trey||acb,2018-01-07,27.383333333333333,8
acb,thompkins trey||acb,2018-01-14,23.1,11
acb,thompkins trey||acb,2018-01-21,24.5,7
acb,thompson deon||acb,2017-10-01,25.616666666666667,24
acb,thompson deon||acb,2017-10-05,25.933333333333334,0
acb,thompson deon||acb,2017-10-08,25.383333333333333,11
acb,thompson deon||acb,2017-10-14,30.366666666666667,13
acb,thompson deon||acb,2017-10-21,31.25,23
acb,thompson deon||acb,2017-10-28,31.133333333333333,19
acb,thompson deon||acb,2017-11-05,28.95,22
acb,thompson deon||acb,2017-11-11,29.8,23
acb,thompson deon||acb,2017-11-19,25.066666666666666,15
acb,thompson deon||acb,2017-12-03,27.633333333333333,8
acb,thompson deon||acb,2017-12-10,27.916666666666668,2
acb,thompson deon||acb,2017-12-16,28.533333333333335,15
acb,thompson deon||acb,2017-12-23,31.083333333333332,18
acb,thompson deon||acb,2017-12-30,26.083333333333332,7
acb,thompson deon||acb,2018-01-06,24.583333333333332,14
acb,thompson deon||acb,2018-01-14,32.016666666666666,31
acb,thompson deon||acb,2018-01-21,23.683333333333334,7
acb,timma janis||acb,2017-09-29,30.733333333333334,9
acb,timma janis||acb,2017-10-05,25.55,14
acb,timma janis||acb,2017-10-07,19.45,1
acb,timma janis||acb,2017-10-15,28.333333333333332,4
acb,timma janis||acb,2017-10-22,20.666666666666668,9
acb,timma janis||acb,2017-10-29,26.083333333333332,5
acb,timma janis||acb,2017-11-05,24.016666666666666,15
acb,timma janis||acb,2017-11-12,25.433333333333334,3
acb,timma janis||acb,2017-11-19,26.283333333333335,15
acb,timma janis||acb,2017-12-03,18.616666666666667,4
acb,timma janis||acb,2017-12-09,26.733333333333334,15
acb,timma janis||acb,2017-12-17,19.566666666666666,1
acb,timma janis||acb,2017-12-31,30.75,7
acb,timma janis||acb,2018-01-07,17.766666666666666,-3
acb,timma janis||acb,2018-01-14,24.233333333333334,0
acb,timma janis||acb,2018-01-21,26.3,16
acb,tobey mike||acb,2017-10-01,20.583333333333332,21
acb,tobey mike||acb,2017-10-04,26.333333333333332,22
acb,tobey mike||acb,2017-10-08,26.066666666666666,13
acb,tobey mike||acb,2017-10-21,7.25,1
acb,tobey mike||acb,2017-10-29,14.416666666666666,-1
acb,tobey mike||acb,2017-11-04,20.816666666666666,14
acb,tobey mike||acb,2017-11-12,12.65,2
acb,tobey mike||acb,2017-11-19,23.416666666666668,15
acb,tobey mike||acb,2017-12-02,14.45,9
acb,tobey mike||acb,2017-12-10,22.483333333333334,9
acb,tobey mike||acb,2017-12-16,17.616666666666667,8
acb,tobey mike||acb,2017-12-23,26.25,27
acb,tobey mike||acb,2017-12-30,25.65,15
acb,tobey mike||acb,2018-01-07,17.016666666666666,8
acb,tobey mike||acb,2018-01-14,18.583333333333332,10
acb,tobey mike||acb,2018-01-21,17.466666666666665,8
acb,todorovic dejan||acb,2017-09-30,27.716666666666665,7
acb,todorovic dejan||acb,2017-10-05,24.95,16
acb,todorovic dejan||acb,2017-10-08,20.0,16
acb,todorovic dejan||acb,2017-10-15,25.466666666666665,6
acb,todorovic dejan||acb,2017-10-21,21.183333333333334,-5
acb,todorovic dejan||acb,2017-10-29,28.05,28
acb,todorovic dejan||acb,2017-11-05,26.633333333333333,3
acb,todorovic dejan||acb,2017-11-12,28.483333333333334,12
acb,todorovic dejan||acb,2017-11-19,21.583333333333332,3
acb,todorovic dejan||acb,2017-12-03,26.483333333333334,3
acb,todorovic dejan||acb,2017-12-09,24.4,11
acb,todorovic dejan||acb,2017-12-17,26.2,26
acb,todorovic dejan||acb,2017-12-23,29.25,0
acb,todorovic dejan||acb,2017-12-30,18.283333333333335,6
acb,todorovic dejan||acb,2018-01-07,30.433333333333334,14
acb,todorovic dejan||acb,2018-01-14,19.433333333333334,9
acb,todorovic dejan||acb,2018-01-21,28.266666666666666,17
acb,tomas pere||acb,2017-09-30,20.45,3
acb,tomas pere||acb,2017-10-05,19.283333333333335,13
acb,tomas pere||acb,2017-10-08,17.416666666666668,10
acb,tomas pere||acb,2017-10-15,24.85,10
acb,tomas pere||acb,2017-10-21,26.033333333333335,10
acb,tomas pere||acb,2017-10-29,23.716666666666665,5
acb,tomas pere||acb,2017-11-05,19.9,11
acb,tomas pere||acb,2017-11-12,24.383333333333333,2
acb,tomas pere||acb,2017-11-19,34.38333333333333,19
acb,tomas pere||acb,2017-12-03,27.283333333333335,15
acb,tomas pere||acb,2017-12-09,0.0,0
acb,tomas pere||acb,2017-12-17,0.0,0
acb,tomas pere||acb,2017-12-23,23.266666666666666,16
acb,tomas pere||acb,2017-12-30,22.616666666666667,8
acb,tomas pere||acb,2018-01-07,15.566666666666666,1
acb,tomas pere||acb,2018-01-14,17.766666666666666,5
acb,tomas pere||acb,2018-01-21,15.116666666666667,7
acb,tomic ante||acb,2017-10-15,16.883333333333333,23
acb,tomic ante||acb,2017-10-22,18.016666666666666,11
acb,tomic ante||acb,2017-10-29,4.95,-2
acb,tomic ante||acb,2017-11-05,18.416666666666668,12
acb,tomic ante||acb,2017-11-12,19.033333333333335,16
acb,tomic ante||acb,2017-11-19,17.833333333333332,10
acb,tomic ante||acb,2017-12-03,12.183333333333334,3
acb,tomic ante||acb,2017-12-10,7.166666666666667,3
acb,tomic ante||acb,2017-12-17,10.666666666666666,4
acb,tomic ante||acb,2017-12-31,14.833333333333334,17
acb,tomic ante||acb,2018-01-02,12.116666666666667,12
acb,tomic ante||acb,2018-01-07,23.65,16
acb,tomic ante||acb,2018-01-14,16.716666666666665,13
acb,tomic ante||acb,2018-01-21,11.883333333333333,9
acb,triguero j.||acb,2017-09-30,4.616666666666667,3
acb,triguero j.||acb,2017-10-04,0.0,0
acb,triguero j.||acb,2017-10-08,10.983333333333333,1
acb,triguero j.||acb,2017-10-15,6.366666666666666,3
acb,triguero j.||acb,2017-10-22,0.0,0
acb,triguero j.||acb,2017-10-29,0.0,0
acb,triguero j.||acb,2017-11-05,0.0,0
acb,triguero j.||acb,2017-11-12,0.0,0
acb,triguero j.||acb,2017-11-18,0.0,0
acb,triguero j.||acb,2017-12-03,0.0,0
acb,triguero j.||acb,2017-12-10,5.65,4
acb,triguero j.||acb,2017-12-17,0.0,0
acb,triguero j.||acb,2017-12-23,1.2666666666666666,1
acb,triguero j.||acb,2017-12-30,3.1166666666666667,0
acb,triguero j.||acb,2018-01-07,6.266666666666667,-2
acb,triguero j.||acb,2018-01-13,15.4,7
acb,triguero j.||acb,2018-01-21,2.2333333333333334,2
acb,tumba kevin||acb,2017-10-01,20.683333333333334,5
acb,tumba kevin||acb,2017-10-04,21.483333333333334,9
acb,tumba kevin||acb,2017-10-08,13.15,13
acb,tumba kevin||acb,2017-10-15,25.533333333333335,6
acb,tumba kevin||acb,2017-10-22,20.866666666666667,4
acb,tumba kevin||acb,2017-10-29,16.933333333333334,5
acb,tumba kevin||acb,2017-11-05,10.966666666666667,11
acb,tumba kevin||acb,2017-11-11,15.233333333333333,4
acb,tumba kevin||acb,2017-11-19,21.133333333333333,3
acb,tumba kevin||acb,2017-12-03,11.683333333333334,-2
acb,tumba kevin||acb,2017-12-10,19.65,8
acb,tumba kevin||acb,2017-12-17,14.783333333333333,-2
acb,tumba kevin||acb,2017-12-23,23.566666666666666,9
acb,tumba kevin||acb,2017-12-31,16.833333333333332,4
acb,tumba kevin||acb,2018-01-07,13.7,0
acb,tumba kevin||acb,2018-01-14,23.933333333333334,12
acb,tumba kevin||acb,2018-01-21,16.966666666666665,4
acb,tvalabeishvili g.||acb,2018-01-06,0.0,0
acb,uriz mikel||acb,2017-10-01,0.9666666666666667,0
acb,uriz mikel||acb,2017-10-04,0.0,0
acb,uriz mikel||acb,2017-10-08,0.0,0
acb,uriz mikel||acb,2017-10-14,14.716666666666667,8
acb,uriz mikel||acb,2017-10-22,9.35,6
acb,uriz mikel||acb,2017-10-29,0.0,0
acb,uriz mikel||acb,2017-11-05,7.166666666666667,2
acb,uriz mikel||acb,2017-11-12,18.65,2
acb,uriz mikel||acb,2017-11-18,9.35,5
acb,uriz mikel||acb,2017-12-02,15.316666666666666,5
acb,uriz mikel||acb,2017-12-10,20.766666666666666,14
acb,uriz mikel||acb,2017-12-17,20.633333333333333,11
acb,uriz mikel||acb,2017-12-23,21.55,13
acb,uriz mikel||acb,2017-12-30,9.566666666666666,0
acb,uriz mikel||acb,2018-01-07,12.583333333333334,0
acb,uriz mikel||acb,2018-01-14,5.783333333333333,0
acb,uriz mikel||acb,2018-01-21,16.633333333333333,7
acb,urtasun alex||acb,2017-10-01,11.866666666666667,0
acb,urtasun alex||acb,2017-10-04,21.566666666666666,-2
acb,urtasun alex||acb,2017-10-08,18.266666666666666,5
acb,urtasun alex||acb,2017-10-15,19.216666666666665,5
acb,urtasun alex||acb,2017-10-22,26.583333333333332,15
acb,urtasun alex||acb,2017-10-29,18.95,22
acb,urtasun alex||acb,2017-11-05,17.616666666666667,-1
acb,urtasun alex||acb,2017-12-03,8.8,0
acb,urtasun alex||acb,2017-12-10,5.133333333333334,-3
acb,urtasun alex||acb,2017-12-17,14.716666666666667,5
acb,urtasun alex||acb,2017-12-23,6.016666666666667,-1
acb,urtasun alex||acb,2017-12-31,13.95,11
acb,urtasun alex||acb,2018-01-07,13.65,-1
acb,urtasun alex||acb,2018-01-14,6.55,-4
acb,urtasun alex||acb,2018-01-21,16.8,-4
acb,urtasun txemi||acb,2017-12-30,0.0,0
acb,urtasun txemi||acb,2018-01-07,10.0,-2
acb,urtasun txemi||acb,2018-01-13,17.25,-3
acb,urtasun txemi||acb,2018-01-21,0.0,0
acb,van lacke fede||acb,2017-10-01,14.466666666666667,2
acb,van lacke fede||acb,2017-10-04,27.766666666666666,15
acb,van lacke fede||acb,2017-10-08,17.533333333333335,-1
acb,van lacke fede||acb,2017-10-15,23.383333333333333,12
acb,van lacke fede||acb,2017-10-22,17.15,-1
acb,van lacke fede||acb,2017-10-29,22.95,8
acb,van lacke fede||acb,2017-11-05,23.616666666666667,9
acb,van lacke fede||acb,2017-11-12,17.666666666666668,9
acb,van lacke fede||acb,2017-11-19,29.083333333333332,6
acb,van lacke fede||acb,2017-12-02,25.4,4
acb,van lacke fede||acb,2017-12-09,18.783333333333335,-2
acb,van lacke fede||acb,2017-12-17,25.033333333333335,4
acb,van lacke fede||acb,2017-12-30,31.566666666666666,23
acb,van lacke fede||acb,2018-01-02,16.283333333333335,7
acb,van lacke fede||acb,2018-01-07,30.066666666666666,16
acb,van lacke fede||acb,2018-01-13,31.4,24
acb,van lacke fede||acb,2018-01-21,27.833333333333332,8
acb,van rossom sam||acb,2017-10-01,20.316666666666666,13
acb,van rossom sam||acb,2017-10-04,22.816666666666666,15
acb,van rossom sam||acb,2017-10-08,17.45,4
acb,van rossom sam||acb,2017-10-15,15.1,-2
acb,van rossom sam||acb,2017-10-22,20.533333333333335,10
acb,van rossom sam||acb,2017-10-29,20.783333333333335,7
acb,van rossom sam||acb,2017-11-05,25.616666666666667,16
acb,van rossom sam||acb,2017-11-12,17.016666666666666,6
acb,van rossom sam||acb,2017-11-19,18.166666666666668,-1
acb,van rossom sam||acb,2017-12-03,27.6,13
acb,van rossom sam||acb,2017-12-10,20.75,6
acb,van rossom sam||acb,2017-12-17,19.666666666666668,11
acb,van rossom sam||acb,2017-12-30,29.016666666666666,19
acb,van rossom sam||acb,2018-01-02,29.533333333333335,20
acb,van rossom sam||acb,2018-01-07,30.916666666666668,19
acb,van rossom sam||acb,2018-01-13,22.183333333333334,18
acb,van rossom sam||acb,2018-01-21,21.283333333333335,5
acb,vargas gregory||acb,2017-09-30,21.666666666666668,-2
acb,vargas gregory||acb,2017-10-04,18.95,7
acb,vargas gregory||acb,2017-10-08,26.033333333333335,4
acb,vargas gregory||acb,2017-10-15,19.433333333333334,6
acb,vargas gregory||acb,2017-10-22,25.916666666666668,8
acb,vargas gregory||acb,2017-10-28,20.166666666666668,5
acb,vargas gregory||acb,2017-11-05,20.583333333333332,4
acb,vargas gregory||acb,2017-11-12,27.316666666666666,4
acb,vargas gregory||acb,2017-11-18,24.833333333333332,10
acb,vargas gregory||acb,2017-12-02,26.983333333333334,0
acb,vargas gregory||acb,2017-12-10,23.4,2
acb,vargas gregory||acb,2017-12-16,22.816666666666666,6
acb,vargas gregory||acb,2017-12-23,24.9,8
acb,vargas gregory||acb,2017-12-31,20.716666666666665,3
acb,vargas gregory||acb,2018-01-07,21.283333333333335,8
acb,vargas gregory||acb,2018-01-14,13.666666666666666,-3
acb,vargas gregory||acb,2018-01-21,20.016666666666666,2
acb,varnado jarvis||acb,2017-09-30,16.583333333333332,3
acb,varnado jarvis||acb,2017-10-04,19.583333333333332,17
acb,varnado jarvis||acb,2017-10-08,15.366666666666667,0
acb,varnado jarvis||acb,2017-10-15,31.966666666666665,20
acb,varnado jarvis||acb,2017-10-22,23.4,17
acb,varnado jarvis||acb,2017-10-29,16.4,6
acb,varnado jarvis||acb,2017-11-05,21.866666666666667,18
acb,varnado jarvis||acb,2017-11-12,23.983333333333334,15
acb,varnado jarvis||acb,2017-11-18,20.383333333333333,5
acb,varnado jarvis||acb,2017-12-03,20.766666666666666,15
acb,varnado jarvis||acb,2017-12-10,15.666666666666666,1
acb,varnado jarvis||acb,2017-12-17,33.9,17
acb,varnado jarvis||acb,2017-12-23,21.516666666666666,10
acb,varnado jarvis||acb,2017-12-30,21.65,6
acb,varnado jarvis||acb,2018-01-07,20.116666666666667,13
acb,varnado jarvis||acb,2018-01-13,15.483333333333333,6
acb,varnado jarvis||acb,2018-01-21,25.883333333333333,15
acb,vasileiadis k.||acb,2017-12-10,21.933333333333334,14
acb,vasileiadis k.||acb,2017-12-16,11.983333333333333,7
acb,vasileiadis k.||acb,2017-12-23,22.416666666666668,4
acb,vasileiadis k.||acb,2017-12-30,16.366666666666667,9
acb,vasileiadis k.||acb,2018-01-07,17.966666666666665,17
acb,vasileiadis k.||acb,2018-01-14,23.95,18
acb,vasileiadis k.||acb,2018-01-21,18.95,7
acb,vazquez fran||acb,2017-10-01,13.75,23
acb,vazquez fran||acb,2017-10-04,10.633333333333333,1
acb,vazquez fran||acb,2017-10-08,13.7,4
acb,vazquez fran||acb,2017-10-15,27.116666666666667,19
acb,vazquez fran||acb,2017-10-21,16.833333333333332,10
acb,vazquez fran||acb,2017-10-29,15.95,6
acb,vazquez fran||acb,2017-11-04,18.816666666666666,2
acb,vazquez fran||acb,2017-11-12,27.15,2
acb,vazquez fran||acb,2017-11-19,9.966666666666667,1
acb,vazquez fran||acb,2017-12-02,20.866666666666667,4
acb,vazquez fran||acb,2017-12-10,22.516666666666666,3
acb,vazquez fran||acb,2017-12-16,4.016666666666667,0
acb,vazquez fran||acb,2017-12-23,7.75,10
acb,vazquez fran||acb,2017-12-30,11.666666666666666,10
acb,vazquez fran||acb,2018-01-07,10.4,1
acb,vazquez fran||acb,2018-01-14,9.15,0
acb,vazquez fran||acb,2018-01-21,13.983333333333333,1
acb,vega javier||acb,2017-10-01,22.316666666666666,11
acb,vega javier||acb,2017-10-05,21.05,6
acb,vega javier||acb,2017-10-08,22.666666666666668,4
acb,vega javier||acb,2017-10-14,3.3333333333333335,-7
acb,vega javier||acb,2017-10-21,33.516666666666666,12
acb,vega javier||acb,2017-10-28,8.866666666666667,-2
acb,vega javier||acb,2017-11-05,11.05,2
acb,vega javier||acb,2017-11-11,11.55,-1
acb,vega javier||acb,2017-11-19,14.933333333333334,-1
acb,vega javier||acb,2017-12-03,13.016666666666667,3
acb,vega javier||acb,2017-12-10,13.1,-3
acb,vega javier||acb,2017-12-16,14.466666666666667,-7
acb,vega javier||acb,2017-12-23,9.516666666666667,10
acb,vega javier||acb,2017-12-30,15.5,3
acb,vega javier||acb,2018-01-06,15.416666666666666,1
acb,vega javier||acb,2018-01-14,11.316666666666666,-1
acb,vega javier||acb,2018-01-21,15.616666666666667,5
acb,ventura albert||acb,2017-10-05,20.5,12
acb,ventura albert||acb,2017-10-07,17.383333333333333,1
acb,ventura albert||acb,2017-10-15,27.983333333333334,11
acb,ventura albert||acb,2017-10-22,22.066666666666666,6
acb,ventura albert||acb,2017-10-29,21.4,10
acb,ventura albert||acb,2017-11-05,16.866666666666667,0
acb,ventura albert||acb,2017-11-12,17.1,3
acb,ventura albert||acb,2017-11-19,14.516666666666667,0
acb,ventura albert||acb,2017-12-03,17.283333333333335,4
acb,ventura albert||acb,2017-12-10,6.4,-3
acb,ventura albert||acb,2017-12-17,33.61666666666667,16
acb,ventura albert||acb,2017-12-23,21.866666666666667,6
acb,ventura albert||acb,2017-12-30,25.283333333333335,13
acb,ventura albert||acb,2018-01-04,26.983333333333334,16
acb,ventura albert||acb,2018-01-07,24.216666666666665,7
acb,ventura albert||acb,2018-01-14,19.016666666666666,3
acb,ventura albert||acb,2018-01-21,17.133333333333333,1
acb,vezenkov a.||acb,2017-09-29,28.15,20
acb,vezenkov a.||acb,2017-10-05,19.533333333333335,4
acb,vezenkov a.||acb,2017-10-08,18.016666666666666,8
acb,vezenkov a.||acb,2017-10-15,18.083333333333332,14
acb,vezenkov a.||acb,2017-10-22,16.1,2
acb,vezenkov a.||acb,2017-10-29,28.616666666666667,19
acb,vezenkov a.||acb,2017-12-31,18.3,12
acb,vezenkov a.||acb,2018-01-02,22.866666666666667,20
acb,vezenkov a.||acb,2018-01-07,21.533333333333335,20
acb,vezenkov a.||acb,2018-01-14,14.383333333333333,-4
acb,vezenkov a.||acb,2018-01-21,18.5,15
acb,vicedo edgar||acb,2017-10-05,12.766666666666667,5
acb,vicedo edgar||acb,2017-10-08,14.9,8
acb,vicedo edgar||acb,2017-10-14,21.766666666666666,13
acb,vicedo edgar||acb,2017-10-22,15.35,3
acb,vicedo edgar||acb,2017-10-29,14.8,5
acb,vicedo edgar||acb,2017-11-05,12.9,3
acb,vicedo edgar||acb,2017-11-12,15.533333333333333,10
acb,vicedo edgar||acb,2017-11-19,25.816666666666666,22
acb,vicedo edgar||acb,2017-12-03,29.55,5
acb,vicedo edgar||acb,2017-12-10,32.45,18
acb,vicedo edgar||acb,2017-12-17,20.883333333333333,17
acb,vicedo edgar||acb,2017-12-23,18.7,7
acb,vicedo edgar||acb,2017-12-31,24.783333333333335,13
acb,vicedo edgar||acb,2018-01-04,23.116666666666667,14
acb,vicedo edgar||acb,2018-01-07,28.5,14
acb,vicedo edgar||acb,2018-01-14,12.866666666666667,6
acb,vicedo edgar||acb,2018-01-21,22.25,11
acb,vidal sergi||acb,2017-10-05,28.55,9
acb,vidal sergi||acb,2017-10-07,23.633333333333333,2
acb,vidal sergi||acb,2017-10-15,28.266666666666666,4
acb,vidal sergi||acb,2017-10-22,28.116666666666667,11
acb,vidal sergi||acb,2017-10-29,27.166666666666668,15
acb,vidal sergi||acb,2017-11-05,38.2,20
acb,vidal sergi||acb,2017-11-12,28.666666666666668,10
acb,vidal sergi||acb,2017-11-19,30.5,17
acb,vidal sergi||acb,2017-12-03,31.516666666666666,11
acb,vidal sergi||acb,2017-12-10,32.9,13
acb,vidal sergi||acb,2017-12-17,20.716666666666665,16
acb,vidal sergi||acb,2017-12-23,22.883333333333333,21
acb,vidal sergi||acb,2017-12-30,24.0,14
acb,vidal sergi||acb,2018-01-04,34.46666666666667,19
acb,vidal sergi||acb,2018-01-07,25.133333333333333,1
acb,vidal sergi||acb,2018-01-14,26.466666666666665,6
acb,vidal sergi||acb,2018-01-21,25.1,11
acb,vildoza luca||acb,2017-09-29,0.0,0
acb,vildoza luca||acb,2017-10-05,4.55,2
acb,vildoza luca||acb,2017-10-07,2.066666666666667,4
acb,vildoza luca||acb,2017-10-15,6.416666666666667,1
acb,vildoza luca||acb,2017-10-22,5.883333333333333,3
acb,vildoza luca||acb,2017-10-29,3.4,0
acb,vildoza luca||acb,2017-11-05,0.0,0
acb,vildoza luca||acb,2017-11-12,3.9833333333333334,-2
acb,vildoza luca||acb,2017-11-19,6.733333333333333,2
acb,vildoza luca||acb,2017-12-03,0.08333333333333333,0
acb,vildoza luca||acb,2017-12-09,0.0,0
acb,vildoza luca||acb,2017-12-17,0.0,0
acb,vildoza luca||acb,2018-01-21,14.283333333333333,4
acb,vives guillem||acb,2017-10-01,19.683333333333334,8
acb,vives guillem||acb,2017-10-04,17.183333333333334,-5
acb,vives guillem||acb,2017-10-08,24.2,10
acb,vives guillem||acb,2017-10-15,24.9,4
acb,vives guillem||acb,2017-10-22,17.833333333333332,13
acb,vives guillem||acb,2017-10-29,20.3,12
acb,vives guillem||acb,2017-11-05,13.05,-3
acb,vives guillem||acb,2017-11-12,22.733333333333334,12
acb,vives guillem||acb,2017-11-19,21.833333333333332,7
acb,vives guillem||acb,2017-12-03,15.066666666666666,-3
acb,vives guillem||acb,2017-12-10,19.25,4
acb,vives guillem||acb,2017-12-17,21.233333333333334,4
acb,voigtmann j.||acb,2017-09-29,25.133333333333333,12
acb,voigtmann j.||acb,2017-10-05,16.683333333333334,15
acb,voigtmann j.||acb,2017-10-07,15.133333333333333,3
acb,voigtmann j.||acb,2017-10-15,25.3,4
acb,voigtmann j.||acb,2017-10-22,15.733333333333333,13
acb,voigtmann j.||acb,2017-10-29,23.516666666666666,14
acb,voigtmann j.||acb,2017-11-05,25.433333333333334,19
acb,voigtmann j.||acb,2017-11-12,15.433333333333334,6
acb,voigtmann j.||acb,2017-11-19,17.95,21
acb,voigtmann j.||acb,2017-12-03,18.266666666666666,4
acb,voigtmann j.||acb,2017-12-09,22.45,24
acb,voigtmann j.||acb,2017-12-17,17.7,7
acb,voigtmann j.||acb,2017-12-31,12.95,13
acb,voigtmann j.||acb,2018-01-03,0.0,0
acb,voigtmann j.||acb,2018-01-07,15.433333333333334,10
acb,voigtmann j.||acb,2018-01-14,22.466666666666665,7
acb,voigtmann j.||acb,2018-01-21,9.75,4
acb,vrabac adin||acb,2017-10-01,1.3166666666666667,0
acb,vrabac adin||acb,2017-10-04,2.716666666666667,-1
acb,vrabac adin||acb,2017-10-08,0.0,0
acb,vrabac adin||acb,2017-10-15,4.116666666666666,-2
acb,vrabac adin||acb,2017-10-21,3.5,0
acb,vrabac adin||acb,2017-10-29,0.0,0
acb,vrabac adin||acb,2017-11-04,0.0,0
acb,vrabac adin||acb,2017-11-12,0.0,0
acb,vrabac adin||acb,2017-11-19,9.25,1
acb,vrabac adin||acb,2017-12-02,7.383333333333334,1
acb,vucetic vasilije||acb,2017-09-30,2.8333333333333335,1
acb,vucetic vasilije||acb,2017-10-05,0.0,0
acb,vucetic vasilije||acb,2017-10-08,25.016666666666666,-2
acb,vucetic vasilije||acb,2017-10-15,1.0166666666666666,0
acb,vucetic vasilije||acb,2017-10-21,0.0,0
acb,vucetic vasilije||acb,2017-10-29,7.65,-3
acb,vucetic vasilije||acb,2017-11-05,15.7,2
acb,vucetic vasilije||acb,2017-11-12,15.7,0
acb,vucetic vasilije||acb,2017-11-19,7.716666666666667,-3
acb,vucetic vasilije||acb,2017-12-03,0.0,0
acb,vucetic vasilije||acb,2017-12-09,12.383333333333333,-3
acb,vucetic vasilije||acb,2017-12-17,0.0,0
acb,vucetic vasilije||acb,2017-12-23,0.0,0
acb,vucetic vasilije||acb,2017-12-30,5.583333333333333,-1
acb,vucetic vasilije||acb,2018-01-07,0.0,0
acb,vucetic vasilije||acb,2018-01-21,10.466666666666667,0
acb,waczynski adam||acb,2017-10-01,10.55,1
acb,waczynski adam||acb,2017-10-05,21.1,13
acb,waczynski adam||acb,2017-10-08,14.033333333333333,2
acb,waczynski adam||acb,2017-10-14,14.033333333333333,2
acb,waczynski adam||acb,2017-10-22,17.666666666666668,6
acb,waczynski adam||acb,2017-10-29,25.416666666666668,17
acb,waczynski adam||acb,2017-11-05,11.066666666666666,8
acb,waczynski adam||acb,2017-11-12,18.983333333333334,0
acb,waczynski adam||acb,2017-11-19,26.866666666666667,13
acb,waczynski adam||acb,2017-12-03,16.233333333333334,3
acb,waczynski adam||acb,2017-12-10,17.883333333333333,16
acb,waczynski adam||acb,2017-12-16,21.016666666666666,5
acb,waczynski adam||acb,2017-12-30,29.633333333333333,10
acb,waczynski adam||acb,2018-01-02,24.983333333333334,13
acb,waczynski adam||acb,2018-01-06,16.8,17
acb,waczynski adam||acb,2018-01-14,16.8,5
acb,waczynski adam||acb,2018-01-21,15.3,4
acb,walker david||acb,2017-10-01,20.6,16
acb,walker david||acb,2017-10-04,26.75,0
acb,walker david||acb,2017-10-08,29.033333333333335,6
acb,walker david||acb,2017-10-15,21.05,8
acb,walker david||acb,2017-10-22,20.983333333333334,7
acb,walker david||acb,2017-10-29,22.383333333333333,10
acb,walker david||acb,2017-11-05,14.983333333333333,-1
acb,walker david||acb,2017-11-12,27.383333333333333,12
acb,walker david||acb,2017-11-19,26.333333333333332,7
acb,walker david||acb,2017-12-03,16.3,-3
acb,walker david||acb,2017-12-09,19.366666666666667,5
acb,walker david||acb,2017-12-17,22.166666666666668,6
acb,walker david||acb,2017-12-23,10.85,0
acb,walker david||acb,2017-12-30,31.733333333333334,-2
acb,walker david||acb,2018-01-06,30.816666666666666,18
acb,walker david||acb,2018-01-14,15.016666666666667,0
acb,walker david||acb,2018-01-21,28.366666666666667,9
acb,wayns maalik||acb,2017-10-29,16.6,-5
acb,wayns maalik||acb,2017-11-05,17.566666666666666,2
acb,wayns maalik||acb,2017-11-12,13.9,0
acb,wayns maalik||acb,2017-11-19,20.8,6
acb,wayns maalik||acb,2017-12-03,34.21666666666667,14
acb,wayns maalik||acb,2017-12-10,28.116666666666667,15
acb,wayns maalik||acb,2017-12-17,25.366666666666667,14
acb,wayns maalik||acb,2017-12-23,26.8,14
acb,wayns maalik||acb,2017-12-30,0.0,0
acb,wayns maalik||acb,2018-01-04,30.866666666666667,21
acb,wayns maalik||acb,2018-01-07,24.316666666666666,25
acb,wayns maalik||acb,2018-01-14,20.866666666666667,1
acb,wayns maalik||acb,2018-01-21,21.016666666666666,-4
acb,white davin||acb,2017-10-01,14.966666666666667,5
acb,white davin||acb,2017-10-04,25.116666666666667,11
acb,white davin||acb,2017-10-08,14.583333333333334,-1
acb,white davin||acb,2017-10-21,0.0,0
acb,white davin||acb,2017-10-29,20.033333333333335,6
acb,white davin||acb,2017-11-04,21.8,-2
acb,white davin||acb,2017-11-12,16.5,3
acb,white davin||acb,2017-11-19,17.4,4
acb,white davin||acb,2017-12-02,18.716666666666665,5
acb,white davin||acb,2017-12-10,10.666666666666666,-2
acb,white davin||acb,2017-12-16,23.383333333333333,3
acb,white davin||acb,2017-12-23,11.483333333333333,-6
acb,white davin||acb,2017-12-30,27.116666666666667,13
acb,white davin||acb,2018-01-07,13.55,-1
acb,white davin||acb,2018-01-14,15.55,1
acb,white davin||acb,2018-01-21,22.683333333333334,14
acb,yusta santiago||acb,2017-10-01,9.95,-3
acb,yusta santiago||acb,2017-10-05,0.15,0
acb,yusta santiago||acb,2017-10-08,18.033333333333335,7
acb,yusta santiago||acb,2017-10-15,4.55,-2
acb,yusta santiago||acb,2017-10-22,13.8,3
acb,yusta santiago||acb,2017-10-28,17.233333333333334,16
acb,yusta santiago||acb,2017-11-04,0.21666666666666667,0
acb,yusta santiago||acb,2017-11-18,21.683333333333334,5
acb,yusta santiago||acb,2017-12-03,2.85,3
acb,yusta santiago||acb,2017-12-10,10.816666666666666,2
acb,yusta santiago||acb,2017-12-17,12.266666666666667,0
acb,yusta santiago||acb,2017-12-31,18.683333333333334,0
acb,yusta santiago||acb,2018-01-03,5.716666666666667,1
acb,yusta santiago||acb,2018-01-07,27.433333333333334,21
acb,yusta santiago||acb,2018-01-14,11.166666666666666,2
acb,yusta santiago||acb,2018-01-21,18.25,3
acb,zagorac rade||acb,2017-12-02,3.066666666666667,2
acb,zagorac rade||acb,2017-12-10,0.0,0
acb,zagorac rade||acb,2017-12-23,7.2,3
acb,zagorac rade||acb,2017-12-30,5.366666666666666,-1
acb,zagorac rade||acb,2018-01-07,5.55,3
acb,zagorac rade||acb,2018-01-14,8.966666666666667,-3
acb,zagorac rade||acb,2018-01-21,12.9,5
eurocup,aguilar pablo||eurocup,2017-10-11,19.75,17
eurocup,aguilar pablo||eurocup,2017-10-25,0.0,0
eurocup,aguilar pablo||eurocup,2017-11-01,18.35,7
eurocup,aguilar pablo||eurocup,2017-11-08,6.75,0
eurocup,aguilar pablo||eurocup,2017-12-13,0.0,0
eurocup,aguilar pablo||eurocup,2017-12-20,17.333333333333332,3
eurocup,aguilar pablo||eurocup,2017-12-27,24.383333333333333,24
eurocup,aguilar pablo||eurocup,2018-01-02,18.283333333333335,13
eurocup,aguilar pablo||eurocup,2018-01-10,22.983333333333334,17
eurocup,aguilar pablo||eurocup,2018-01-16,21.783333333333335,17
eurocup,akpinar ismet||eurocup,2017-10-10,30.316666666666666,12
eurocup,akpinar ismet||eurocup,2017-10-17,17.616666666666667,8
eurocup,akpinar ismet||eurocup,2017-10-25,21.9,13
eurocup,akpinar ismet||eurocup,2017-11-01,12.433333333333334,-3
eurocup,akpinar ismet||eurocup,2017-11-08,19.25,12
eurocup,akpinar ismet||eurocup,2017-11-15,20.5,-1
eurocup,akpinar ismet||eurocup,2017-12-06,25.133333333333333,7
eurocup,akpinar ismet||eurocup,2017-12-19,20.466666666666665,-2
eurocup,akpinar ismet||eurocup,2017-12-27,19.033333333333335,6
eurocup,albicy andrew||eurocup,2017-10-11,26.566666666666666,14
eurocup,albicy andrew||eurocup,2017-10-17,28.05,15
eurocup,albicy andrew||eurocup,2017-10-25,17.35,1
eurocup,albicy andrew||eurocup,2017-10-31,11.6,4
eurocup,albicy andrew||eurocup,2017-11-07,29.583333333333332,9
eurocup,albicy andrew||eurocup,2017-11-15,23.95,0
eurocup,albicy andrew||eurocup,2017-12-06,24.283333333333335,-2
eurocup,albicy andrew||eurocup,2017-12-13,22.266666666666666,8
eurocup,albicy andrew||eurocup,2017-12-20,23.583333333333332,22
eurocup,aldemir furkan||eurocup,2017-10-11,22.95,11
eurocup,aldemir furkan||eurocup,2017-11-07,13.25,6
eurocup,aldemir furkan||eurocup,2017-11-15,15.366666666666667,8
eurocup,aldemir furkan||eurocup,2017-12-06,13.766666666666667,6
eurocup,aldemir furkan||eurocup,2017-12-13,12.95,3
eurocup,aldemir furkan||eurocup,2017-12-20,6.6,5
eurocup,aldemir furkan||eurocup,2017-12-27,7.366666666666666,4
eurocup,aldemir furkan||eurocup,2018-01-10,10.4,5
eurocup,andric mihajlo||eurocup,2017-10-11,13.033333333333333,0
eurocup,andric mihajlo||eurocup,2017-10-18,21.266666666666666,-1
eurocup,andric mihajlo||eurocup,2017-10-24,12.566666666666666,-2
eurocup,andric mihajlo||eurocup,2017-10-31,12.666666666666666,-1
eurocup,andric mihajlo||eurocup,2017-11-08,24.8,5
eurocup,andric mihajlo||eurocup,2017-11-14,12.733333333333333,2
eurocup,andric mihajlo||eurocup,2017-12-05,23.933333333333334,3
eurocup,andric mihajlo||eurocup,2017-12-13,25.4,4
eurocup,andric mihajlo||eurocup,2017-12-19,32.05,12
eurocup,andric mihajlo||eurocup,2017-12-27,21.683333333333334,-8
eurocup,andusic danilo||eurocup,2017-11-08,16.4,-2
eurocup,andusic danilo||eurocup,2017-11-15,2.5666666666666664,0
eurocup,andusic danilo||eurocup,2017-12-06,2.85,0
eurocup,andusic danilo||eurocup,2017-12-13,2.9166666666666665,0
eurocup,andusic danilo||eurocup,2017-12-20,4.0,2
eurocup,andusic danilo||eurocup,2017-12-26,3.8,1
eurocup,andusic danilo||eurocup,2018-01-03,13.5,10
eurocup,andusic danilo||eurocup,2018-01-09,18.75,9
eurocup,andusic danilo||eurocup,2018-01-16,13.7,3
eurocup,antipov pavel||eurocup,2017-10-11,20.816666666666666,6
eurocup,antipov pavel||eurocup,2017-10-18,9.4,-1
eurocup,antipov pavel||eurocup,2017-10-24,22.25,7
eurocup,antipov pavel||eurocup,2017-11-01,27.816666666666666,4
eurocup,antipov pavel||eurocup,2017-11-08,22.633333333333333,9
eurocup,antipov pavel||eurocup,2017-11-15,18.983333333333334,3
eurocup,antipov pavel||eurocup,2017-12-05,25.816666666666666,11
eurocup,antipov pavel||eurocup,2017-12-13,12.7,4
eurocup,antipov pavel||eurocup,2017-12-27,23.5,19
eurocup,antipov pavel||eurocup,2018-01-03,8.3,-2
eurocup,antipov pavel||eurocup,2018-01-10,14.916666666666666,7
eurocup,antipov pavel||eurocup,2018-01-16,7.466666666666667,1
eurocup,aranitovic aleksandar||eurocup,2017-10-11,10.933333333333334,-1
eurocup,aranitovic aleksandar||eurocup,2017-10-18,3.85,4
eurocup,aranitovic aleksandar||eurocup,2017-10-24,13.4,5
eurocup,aranitovic aleksandar||eurocup,2017-10-31,9.866666666666667,-2
eurocup,aranitovic aleksandar||eurocup,2017-11-08,2.7333333333333334,-3
eurocup,aranitovic aleksandar||eurocup,2017-11-14,9.833333333333334,-2
eurocup,aranitovic aleksandar||eurocup,2017-12-05,10.616666666666667,3
eurocup,aranitovic aleksandar||eurocup,2017-12-13,15.833333333333334,8
eurocup,aranitovic aleksandar||eurocup,2017-12-19,30.95,8
eurocup,aranitovic aleksandar||eurocup,2017-12-27,22.8,-7
eurocup,arar ege||eurocup,2017-10-11,18.633333333333333,1
eurocup,arar ege||eurocup,2017-10-18,2.8333333333333335,1
eurocup,arar ege||eurocup,2017-10-25,0.0,0
eurocup,arar ege||eurocup,2017-11-01,6.25,-3
eurocup,arar ege||eurocup,2017-11-08,4.516666666666667,-3
eurocup,arar ege||eurocup,2017-11-15,20.05,5
eurocup,arar ege||eurocup,2017-12-06,10.2,8
eurocup,arar ege||eurocup,2017-12-12,20.116666666666667,4
eurocup,arar ege||eurocup,2017-12-19,12.816666666666666,3
eurocup,arar ege||eurocup,2017-12-27,19.766666666666666,11
eurocup,arar ege||eurocup,2018-01-03,17.416666666666668,10
eurocup,arar ege||eurocup,2018-01-10,17.7,9
eurocup,arar ege||eurocup,2018-01-16,12.5,3
eurocup,arslan yigit||eurocup,2017-10-10,18.25,11
eurocup,arslan yigit||eurocup,2017-10-17,20.633333333333333,24
eurocup,arslan yigit||eurocup,2017-10-25,7.35,1
eurocup,arslan yigit||eurocup,2017-11-01,0.0,0
eurocup,arslan yigit||eurocup,2017-11-08,0.0,0
eurocup,arslan yigit||eurocup,2017-11-15,2.4166666666666665,-2
eurocup,arslan yigit||eurocup,2017-12-06,11.333333333333334,-3
eurocup,arslan yigit||eurocup,2017-12-13,10.816666666666666,8
eurocup,arslan yigit||eurocup,2017-12-20,10.466666666666667,3
eurocup,arslan yigit||eurocup,2017-12-26,9.833333333333334,0
eurocup,aukstikalnis lukas||eurocup,2017-10-11,3.85,1
eurocup,aukstikalnis lukas||eurocup,2017-10-18,8.566666666666666,3
eurocup,aukstikalnis lukas||eurocup,2017-10-25,3.2333333333333334,-1
eurocup,aukstikalnis lukas||eurocup,2017-11-01,4.583333333333333,0
eurocup,aukstikalnis lukas||eurocup,2017-11-07,0.0,0
eurocup,aukstikalnis lukas||eurocup,2017-11-15,9.833333333333334,1
eurocup,aukstikalnis lukas||eurocup,2017-12-06,0.0,0
eurocup,aukstikalnis lukas||eurocup,2017-12-13,3.9833333333333334,-1
eurocup,aukstikalnis lukas||eurocup,2017-12-19,6.816666666666666,1
eurocup,aukstikalnis lukas||eurocup,2017-12-27,8.5,3
eurocup,aydin serkan||eurocup,2017-10-11,0.0,0
eurocup,aydin serkan||eurocup,2017-10-18,0.0,0
eurocup,aydin serkan||eurocup,2017-10-25,0.0,0
eurocup,aydin serkan||eurocup,2017-11-01,0.0,0
eurocup,aydin serkan||eurocup,2017-11-08,0.0,0
eurocup,aydin serkan||eurocup,2017-11-15,0.0,0
eurocup,aydin serkan||eurocup,2017-12-06,0.0,0
eurocup,aydin serkan||eurocup,2017-12-12,0.9833333333333333,2
eurocup,aydin serkan||eurocup,2017-12-19,0.0,0
eurocup,aydin serkan||eurocup,2017-12-27,1.9,4
eurocup,aydin serkan||eurocup,2018-01-03,0.0,0
eurocup,aydin serkan||eurocup,2018-01-10,0.0,0
eurocup,aydin serkan||eurocup,2018-01-16,0.0,0
eurocup,babb chris||eurocup,2017-10-11,27.066666666666666,15
eurocup,babb chris||eurocup,2017-10-18,26.283333333333335,22
eurocup,babb chris||eurocup,2017-10-24,38.25,6
eurocup,babb chris||eurocup,2017-11-15,7.733333333333333,-3
eurocup,babb chris||eurocup,2017-12-05,5.5,-1
eurocup,babb chris||eurocup,2017-12-13,13.133333333333333,0
eurocup,babb chris||eurocup,2017-12-20,27.016666666666666,20
eurocup,babb chris||eurocup,2017-12-27,18.183333333333334,12
eurocup,babb chris||eurocup,2018-01-03,20.666666666666668,6
eurocup,babb chris||eurocup,2018-01-10,28.2,19
eurocup,babb chris||eurocup,2018-01-16,26.433333333333334,1
eurocup,baburin evgeny||eurocup,2017-10-11,0.0,0
eurocup,baburin evgeny||eurocup,2017-10-18,2.0833333333333335,-1
eurocup,baburin evgeny||eurocup,2017-10-24,0.0,0
eurocup,baburin evgeny||eurocup,2017-11-01,0.5333333333333333,-1
eurocup,baburin evgeny||eurocup,2017-11-08,0.0,0
eurocup,baburin evgeny||eurocup,2017-12-05,0.0,0
eurocup,baburin evgeny||eurocup,2017-12-20,11.2,0
eurocup,baburin evgeny||eurocup,2018-01-03,0.0,0
eurocup,baburin evgeny||eurocup,2018-01-10,0.0,0
eurocup,baburin evgeny||eurocup,2018-01-16,0.0,0
eurocup,baez eulis||eurocup,2017-10-11,20.25,16
eurocup,baez eulis||eurocup,2017-10-17,17.95,0
eurocup,baez eulis||eurocup,2017-10-25,24.816666666666666,14
eurocup,baez eulis||eurocup,2017-11-01,21.65,11
eurocup,baez eulis||eurocup,2017-11-08,30.333333333333332,25
eurocup,baez eulis||eurocup,2017-11-14,20.65,18
eurocup,baez eulis||eurocup,2017-12-06,20.516666666666666,17
eurocup,baez eulis||eurocup,2017-12-13,29.45,20
eurocup,baez eulis||eurocup,2017-12-20,22.7,6
eurocup,baez eulis||eurocup,2017-12-27,30.616666666666667,9
eurocup,baez eulis||eurocup,2018-01-02,21.716666666666665,15
eurocup,baez eulis||eurocup,2018-01-10,17.016666666666666,-3
eurocup,baez eulis||eurocup,2018-01-16,0.0,0
eurocup,bajo darko||eurocup,2017-10-11,0.0,0
eurocup,bajo darko||eurocup,2017-10-18,0.0,0
eurocup,bajo darko||eurocup,2017-10-25,0.0,0
eurocup,bajo darko||eurocup,2017-12-27,0.0,0
eurocup,balcerowski aleksander||eurocup,2017-12-06,1.3666666666666667,2
eurocup,baldi rossi filippo||eurocup,2017-10-11,16.15,3
eurocup,baldi rossi filippo||eurocup,2017-10-18,11.416666666666666,-2
eurocup,baldi rossi filippo||eurocup,2017-10-25,8.05,3
eurocup,baldi rossi filippo||eurocup,2017-11-01,12.233333333333333,-2
eurocup,baldi rossi filippo||eurocup,2017-11-08,9.9,2
eurocup,baldi rossi filippo||eurocup,2017-11-14,9.816666666666666,2
eurocup,balvin ondrej||eurocup,2017-10-11,20.033333333333335,12
eurocup,balvin ondrej||eurocup,2017-10-17,19.583333333333332,8
eurocup,balvin ondrej||eurocup,2017-10-25,18.166666666666668,7
eurocup,balvin ondrej||eurocup,2017-11-01,15.983333333333333,12
eurocup,balvin ondrej||eurocup,2017-11-08,23.0,21
eurocup,balvin ondrej||eurocup,2017-11-14,25.6,15
eurocup,balvin ondrej||eurocup,2017-12-06,24.516666666666666,26
eurocup,balvin ondrej||eurocup,2017-12-13,30.316666666666666,23
eurocup,balvin ondrej||eurocup,2017-12-20,18.016666666666666,9
eurocup,balvin ondrej||eurocup,2017-12-27,38.35,34
eurocup,balvin ondrej||eurocup,2018-01-02,15.9,6
eurocup,balvin ondrej||eurocup,2018-01-10,28.85,14
eurocup,balvin ondrej||eurocup,2018-01-16,24.666666666666668,26
eurocup,barinov nikita||eurocup,2017-10-11,0.0,0
eurocup,barinov nikita||eurocup,2017-10-18,1.3166666666666667,0
eurocup,barinov nikita||eurocup,2017-10-25,12.5,0
eurocup,barinov nikita||eurocup,2017-11-01,10.1,0
eurocup,barinov nikita||eurocup,2017-11-08,0.0,0
eurocup,barinov nikita||eurocup,2017-11-14,0.0,0
eurocup,barinov nikita||eurocup,2017-12-05,0.0,0
eurocup,barinov nikita||eurocup,2017-12-12,0.0,0
eurocup,barinov nikita||eurocup,2017-12-19,0.0,0
eurocup,barinov nikita||eurocup,2018-01-03,0.0,0
eurocup,barinov nikita||eurocup,2018-01-10,0.0,0
eurocup,barinov nikita||eurocup,2018-01-17,13.683333333333334,4
eurocup,baron jimmy||eurocup,2017-10-11,24.75,19
eurocup,baron jimmy||eurocup,2017-10-18,22.433333333333334,11
eurocup,baron jimmy||eurocup,2017-10-24,36.766666666666666,14
eurocup,baron jimmy||eurocup,2017-11-01,29.266666666666666,3
eurocup,baron jimmy||eurocup,2017-11-07,24.8,10
eurocup,baron jimmy||eurocup,2017-11-15,30.316666666666666,3
eurocup,baron jimmy||eurocup,2017-12-05,30.083333333333332,24
eurocup,baron jimmy||eurocup,2017-12-13,25.416666666666668,5
eurocup,baron jimmy||eurocup,2017-12-20,14.816666666666666,7
eurocup,baron jimmy||eurocup,2017-12-26,26.75,-3
eurocup,baron jimmy||eurocup,2018-01-03,11.166666666666666,-5
eurocup,baron jimmy||eurocup,2018-01-10,17.716666666666665,-5
eurocup,baron jimmy||eurocup,2018-01-17,20.583333333333332,9
eurocup,barovic filip||eurocup,2017-10-11,20.75,6
eurocup,barovic filip||eurocup,2017-10-17,21.316666666666666,25
eurocup,barovic filip||eurocup,2017-11-01,17.5,6
eurocup,barovic filip||eurocup,2017-11-07,19.35,28
eurocup,barovic filip||eurocup,2017-11-15,13.916666666666666,5
eurocup,barovic filip||eurocup,2017-12-06,26.0,13
eurocup,barovic filip||eurocup,2018-01-10,2.966666666666667,0
eurocup,barovic filip||eurocup,2018-01-17,9.716666666666667,4
eurocup,barthel danilo||eurocup,2017-10-11,12.733333333333333,3
eurocup,barthel danilo||eurocup,2017-10-18,19.233333333333334,15
eurocup,barthel danilo||eurocup,2017-10-25,14.383333333333333,2
eurocup,barthel danilo||eurocup,2017-11-01,21.816666666666666,6
eurocup,barthel danilo||eurocup,2017-11-08,20.866666666666667,10
eurocup,barthel danilo||eurocup,2017-11-15,17.366666666666667,10
eurocup,barthel danilo||eurocup,2017-12-06,22.316666666666666,11
eurocup,barthel danilo||eurocup,2017-12-13,19.25,33
eurocup,barthel danilo||eurocup,2017-12-19,17.483333333333334,8
eurocup,barthel danilo||eurocup,2017-12-27,27.966666666666665,9
eurocup,barthel danilo||eurocup,2018-01-02,19.183333333333334,2
eurocup,barthel danilo||eurocup,2018-01-10,22.716666666666665,13
eurocup,barthel danilo||eurocup,2018-01-17,12.816666666666666,5
eurocup,bartolome hugo||eurocup,2017-12-27,0.0,0
eurocup,baygul muhammed||eurocup,2017-10-11,2.033333333333333,-3
eurocup,baygul muhammed||eurocup,2017-10-18,0.0,0
eurocup,baygul muhammed||eurocup,2017-10-25,0.05,0
eurocup,baygul muhammed||eurocup,2017-11-01,18.516666666666666,4
eurocup,baygul muhammed||eurocup,2017-11-07,2.033333333333333,-1
eurocup,baygul muhammed||eurocup,2017-12-06,7.166666666666667,1
eurocup,baygul muhammed||eurocup,2017-12-13,0.0,0
eurocup,baygul muhammed||eurocup,2017-12-20,0.0,0
eurocup,baygul muhammed||eurocup,2017-12-27,11.083333333333334,6
eurocup,baygul muhammed||eurocup,2018-01-03,2.15,0
eurocup,baygul muhammed||eurocup,2018-01-10,3.3333333333333335,0
eurocup,baygul muhammed||eurocup,2018-01-17,15.233333333333333,4
eurocup,bayram kadir||eurocup,2017-10-10,0.0,0
eurocup,bayram kadir||eurocup,2017-10-25,0.0,0
eurocup,bayram kadir||eurocup,2017-11-01,0.0,0
eurocup,bayram kadir||eurocup,2017-11-08,0.0,0
eurocup,bayram kadir||eurocup,2017-11-15,0.0,0
eurocup,bayram kadir||eurocup,2017-12-06,0.0,0
eurocup,bayram kadir||eurocup,2017-12-20,0.0,0
eurocup,bayram kadir||eurocup,2017-12-26,0.0,0
eurocup,bazille timothee||eurocup,2017-10-11,0.0,0
eurocup,bazille timothee||eurocup,2017-10-18,0.0,0
eurocup,bazille timothee||eurocup,2017-10-24,0.0,0
eurocup,bazille timothee||eurocup,2017-10-31,0.0,0
eurocup,bazille timothee||eurocup,2017-12-05,0.4666666666666667,-1
eurocup,bazille timothee||eurocup,2017-12-19,2.216666666666667,-1
eurocup,bazille timothee||eurocup,2017-12-26,11.4,2
eurocup,bazille timothee||eurocup,2018-01-09,0.0,0
eurocup,bazille timothee||eurocup,2018-01-17,0.5333333333333333,0
eurocup,behanan chane||eurocup,2017-10-11,32.93333333333333,20
eurocup,behanan chane||eurocup,2017-10-18,23.266666666666666,11
eurocup,behanan chane||eurocup,2017-10-25,29.15,10
eurocup,behanan chane||eurocup,2017-11-01,28.833333333333332,22
eurocup,behanan chane||eurocup,2017-11-08,17.783333333333335,9
eurocup,behanan chane||eurocup,2017-11-14,27.083333333333332,17
eurocup,behanan chane||eurocup,2017-12-05,18.916666666666668,17
eurocup,bell james||eurocup,2017-10-11,18.45,9
eurocup,bell james||eurocup,2017-10-18,29.516666666666666,16
eurocup,bell james||eurocup,2017-10-25,25.533333333333335,6
eurocup,bell james||eurocup,2017-11-01,18.916666666666668,3
eurocup,bell james||eurocup,2017-11-07,31.083333333333332,27
eurocup,bell james||eurocup,2017-11-15,18.533333333333335,3
eurocup,bell james||eurocup,2017-12-06,20.583333333333332,10
eurocup,bell james||eurocup,2017-12-13,25.566666666666666,8
eurocup,bell james||eurocup,2017-12-20,27.866666666666667,8
eurocup,bell james||eurocup,2017-12-27,27.75,-2
eurocup,bell james||eurocup,2018-01-03,19.033333333333335,0
eurocup,bell james||eurocup,2018-01-10,19.933333333333334,-1
eurocup,bell james||eurocup,2018-01-17,23.933333333333334,15
eurocup,benimon jerrelle||eurocup,2017-11-08,24.616666666666667,18
eurocup,benimon jerrelle||eurocup,2017-11-15,21.866666666666667,6
eurocup,benimon jerrelle||eurocup,2017-12-06,26.9,18
eurocup,benimon jerrelle||eurocup,2017-12-13,24.15,7
eurocup,benimon jerrelle||eurocup,2017-12-19,24.916666666666668,21
eurocup,beyschlag georg||eurocup,2017-12-13,2.6666666666666665,0
eurocup,bille aleksandr||eurocup,2017-11-08,0.0,0
eurocup,blazic jaka||eurocup,2017-10-11,4.883333333333333,13
eurocup,blazic jaka||eurocup,2017-10-17,21.8,24
eurocup,blazic jaka||eurocup,2017-10-25,21.05,14
eurocup,blazic jaka||eurocup,2017-10-31,18.016666666666666,9
eurocup,blazic jaka||eurocup,2017-11-07,26.216666666666665,7
eurocup,blazic jaka||eurocup,2017-11-15,21.716666666666665,9
eurocup,blazic jaka||eurocup,2017-12-06,25.933333333333334,5
eurocup,blazic jaka||eurocup,2017-12-13,17.6,18
eurocup,blazic jaka||eurocup,2017-12-20,16.35,11
eurocup,blazic jaka||eurocup,2017-12-27,22.466666666666665,21
eurocup,bojic bogdan||eurocup,2017-10-11,0.18333333333333332,-1
eurocup,bojic bogdan||eurocup,2017-10-25,0.36666666666666664,0
eurocup,bojic bogdan||eurocup,2017-11-07,0.0,0
eurocup,bojic bogdan||eurocup,2017-11-15,0.0,0
eurocup,bojic bogdan||eurocup,2017-12-06,0.55,0
eurocup,bojic bogdan||eurocup,2017-12-12,1.3833333333333333,0
eurocup,bojic bogdan||eurocup,2017-12-19,0.0,0
eurocup,bojic bogdan||eurocup,2017-12-27,0.18333333333333332,0
eurocup,bojic bogdan||eurocup,2018-01-03,0.0,0
eurocup,bonacini federico||eurocup,2017-10-11,0.0,0
eurocup,bonacini federico||eurocup,2017-10-18,0.35,-1
eurocup,bonacini federico||eurocup,2017-10-25,0.0,0
eurocup,bonacini federico||eurocup,2017-11-01,0.0,0
eurocup,bonacini federico||eurocup,2017-11-08,3.7333333333333334,-1
eurocup,bonacini federico||eurocup,2017-11-15,4.2,1
eurocup,bonacini federico||eurocup,2017-12-06,0.0,0
eurocup,bonacini federico||eurocup,2017-12-13,0.0,0
eurocup,bonacini federico||eurocup,2017-12-20,0.0,0
eurocup,bonacini federico||eurocup,2017-12-27,0.0,0
eurocup,bonacini federico||eurocup,2018-01-10,0.0,0
eurocup,bonacini federico||eurocup,2018-01-16,0.0,0
eurocup,booker devin||eurocup,2017-10-11,25.166666666666668,17
eurocup,booker devin||eurocup,2017-10-18,17.283333333333335,5
eurocup,booker devin||eurocup,2017-10-25,18.683333333333334,0
eurocup,booker devin||eurocup,2017-11-01,19.4,22
eurocup,booker devin||eurocup,2017-11-08,18.0,18
eurocup,booker devin||eurocup,2017-11-15,27.916666666666668,18
eurocup,booker devin||eurocup,2017-12-06,13.866666666666667,11
eurocup,booker devin||eurocup,2017-12-13,15.9,4
eurocup,booker devin||eurocup,2017-12-19,17.433333333333334,17
eurocup,booker devin||eurocup,2017-12-27,25.316666666666666,13
eurocup,booker devin||eurocup,2018-01-02,25.933333333333334,19
eurocup,booker devin||eurocup,2018-01-10,18.6,23
eurocup,booker devin||eurocup,2018-01-17,24.033333333333335,38
eurocup,bouteille axel||eurocup,2017-10-11,22.266666666666666,18
eurocup,bouteille axel||eurocup,2017-10-18,22.8,9
eurocup,bouteille axel||eurocup,2017-10-24,15.416666666666666,4
eurocup,bouteille axel||eurocup,2017-10-31,29.283333333333335,22
eurocup,bouteille axel||eurocup,2017-11-07,19.45,19
eurocup,bouteille axel||eurocup,2017-11-15,26.15,6
eurocup,bouteille axel||eurocup,2017-12-05,29.35,15
eurocup,bouteille axel||eurocup,2017-12-12,21.516666666666666,9
eurocup,bouteille axel||eurocup,2017-12-19,25.666666666666668,21
eurocup,bouteille axel||eurocup,2017-12-26,26.483333333333334,18
eurocup,bouteille axel||eurocup,2018-01-02,26.216666666666665,5
eurocup,bouteille axel||eurocup,2018-01-09,20.083333333333332,11
eurocup,bouteille axel||eurocup,2018-01-17,17.166666666666668,13
eurocup,bretzel nicolas||eurocup,2017-12-27,1.8833333333333333,-1
eurocup,briki sofiane||eurocup,2017-10-17,5.466666666666667,4
eurocup,briki sofiane||eurocup,2017-10-25,0.0,0
eurocup,briki sofiane||eurocup,2017-11-01,0.0,0
eurocup,briki sofiane||eurocup,2017-11-08,0.0,0
eurocup,briki sofiane||eurocup,2017-11-14,0.0,0
eurocup,briki sofiane||eurocup,2018-01-10,0.0,0
eurocup,briki sofiane||eurocup,2018-01-17,0.0,0
eurocup,broekhoff ryan||eurocup,2017-10-11,19.783333333333335,7
eurocup,broekhoff ryan||eurocup,2017-10-18,21.65,6
eurocup,broekhoff ryan||eurocup,2017-10-24,33.483333333333334,18
eurocup,broekhoff ryan||eurocup,2017-11-01,28.233333333333334,19
eurocup,broekhoff ryan||eurocup,2017-11-08,23.333333333333332,13
eurocup,broekhoff ryan||eurocup,2017-11-15,19.566666666666666,16
eurocup,broekhoff ryan||eurocup,2017-12-05,19.933333333333334,28
eurocup,broekhoff ryan||eurocup,2017-12-13,32.483333333333334,17
eurocup,broekhoff ryan||eurocup,2017-12-20,33.65,18
eurocup,broekhoff ryan||eurocup,2017-12-27,16.5,15
eurocup,broekhoff ryan||eurocup,2018-01-03,29.45,21
eurocup,broekhoff ryan||eurocup,2018-01-10,29.2,19
eurocup,broekhoff ryan||eurocup,2018-01-16,32.53333333333333,15
eurocup,brussino nicolas||eurocup,2018-01-10,15.283333333333333,0
eurocup,brussino nicolas||eurocup,2018-01-16,10.983333333333333,5
eurocup,butkevicius arnas||eurocup,2017-12-20,17.35,9
eurocup,butkevicius arnas||eurocup,2017-12-26,0.0,0
eurocup,butkevicius arnas||eurocup,2018-01-03,20.666666666666668,4
eurocup,butkevicius arnas||eurocup,2018-01-10,24.25,2
eurocup,butkevicius arnas||eurocup,2018-01-17,15.716666666666667,3
eurocup,butler da sean||eurocup,2017-10-10,27.7,15
eurocup,butler da sean||eurocup,2017-10-17,24.95,10
eurocup,butler da sean||eurocup,2017-10-25,28.983333333333334,5
eurocup,butler da sean||eurocup,2017-11-01,22.216666666666665,3
eurocup,butler da sean||eurocup,2017-11-08,22.95,13
eurocup,butler da sean||eurocup,2017-11-15,23.45,17
eurocup,butler da sean||eurocup,2017-12-06,30.666666666666668,18
eurocup,butler da sean||eurocup,2017-12-13,25.25,15
eurocup,butler da sean||eurocup,2017-12-19,19.283333333333335,12
eurocup,butler da sean||eurocup,2017-12-27,21.283333333333335,7
eurocup,butterfield spencer||eurocup,2017-10-11,21.8,23
eurocup,butterfield spencer||eurocup,2017-10-18,24.466666666666665,3
eurocup,butterfield spencer||eurocup,2017-10-24,22.1,5
eurocup,butterfield spencer||eurocup,2017-11-01,28.883333333333333,8
eurocup,butterfield spencer||eurocup,2017-11-08,28.816666666666666,9
eurocup,butterfield spencer||eurocup,2017-11-14,28.266666666666666,19
eurocup,butterfield spencer||eurocup,2017-12-05,24.466666666666665,13
eurocup,butterfield spencer||eurocup,2017-12-12,27.866666666666667,2
eurocup,butterfield spencer||eurocup,2017-12-20,21.65,6
eurocup,cakarevic marko||eurocup,2017-10-24,23.666666666666668,6
eurocup,cakarevic marko||eurocup,2017-10-31,23.216666666666665,12
eurocup,cakarevic marko||eurocup,2017-12-05,22.083333333333332,12
eurocup,campbell louis||eurocup,2017-10-11,19.216666666666665,-3
eurocup,campbell louis||eurocup,2017-10-18,24.683333333333334,11
eurocup,campbell louis||eurocup,2017-10-25,27.25,10
eurocup,campbell louis||eurocup,2017-10-31,27.75,13
eurocup,campbell louis||eurocup,2017-11-08,25.083333333333332,0
eurocup,campbell louis||eurocup,2017-11-15,26.616666666666667,6
eurocup,campbell louis||eurocup,2017-12-06,21.15,5
eurocup,campbell louis||eurocup,2017-12-13,27.533333333333335,8
eurocup,campbell louis||eurocup,2017-12-20,8.083333333333334,7
eurocup,campbell louis||eurocup,2017-12-27,25.833333333333332,10
eurocup,candi leonardo||eurocup,2017-10-11,22.0,4
eurocup,candi leonardo||eurocup,2017-10-18,14.783333333333333,8
eurocup,candi leonardo||eurocup,2017-10-25,19.5,2
eurocup,candi leonardo||eurocup,2017-11-01,7.75,-3
eurocup,candi leonardo||eurocup,2017-11-08,24.016666666666666,3
eurocup,candi leonardo||eurocup,2017-11-15,22.583333333333332,1
eurocup,candi leonardo||eurocup,2017-12-06,17.533333333333335,1
eurocup,candi leonardo||eurocup,2017-12-13,19.066666666666666,3
eurocup,candi leonardo||eurocup,2017-12-20,17.733333333333334,1
eurocup,candi leonardo||eurocup,2017-12-27,7.216666666666667,-1
eurocup,candi leonardo||eurocup,2018-01-02,17.383333333333333,5
eurocup,candi leonardo||eurocup,2018-01-10,9.883333333333333,0
eurocup,candi leonardo||eurocup,2018-01-16,20.933333333333334,4
eurocup,carter josh||eurocup,2017-10-11,27.983333333333334,7
eurocup,carter josh||eurocup,2017-10-18,23.666666666666668,10
eurocup,carter josh||eurocup,2017-10-24,28.083333333333332,8
eurocup,carter josh||eurocup,2017-10-31,22.816666666666666,4
eurocup,carter josh||eurocup,2017-11-07,25.383333333333333,2
eurocup,carter josh||eurocup,2017-11-15,19.733333333333334,3
eurocup,carter josh||eurocup,2017-12-05,25.45,14
eurocup,carter josh||eurocup,2017-12-12,18.216666666666665,-1
eurocup,carter josh||eurocup,2017-12-19,26.383333333333333,26
eurocup,carter josh||eurocup,2017-12-26,13.45,4
eurocup,carter josh||eurocup,2018-01-02,24.083333333333332,-3
eurocup,carter josh||eurocup,2018-01-09,20.016666666666666,10
eurocup,carter josh||eurocup,2018-01-17,13.116666666666667,-1
eurocup,carter marc||eurocup,2017-10-11,11.316666666666666,13
eurocup,carter marc||eurocup,2017-10-18,23.633333333333333,7
eurocup,carter marc||eurocup,2017-10-24,22.433333333333334,2
eurocup,carter marc||eurocup,2017-11-01,0.0,0
eurocup,carter robert||eurocup,2017-10-11,16.3,13
eurocup,carter robert||eurocup,2017-10-18,14.183333333333334,-1
eurocup,carter robert||eurocup,2017-10-24,12.483333333333333,11
eurocup,carter robert||eurocup,2017-11-01,0.0,0
eurocup,carter robert||eurocup,2017-11-07,10.1,3
eurocup,carter robert||eurocup,2017-11-15,23.533333333333335,13
eurocup,cepukaitis vaidas||eurocup,2017-10-11,17.15,5
eurocup,cepukaitis vaidas||eurocup,2017-10-18,21.25,3
eurocup,cepukaitis vaidas||eurocup,2017-10-25,15.016666666666667,7
eurocup,cepukaitis vaidas||eurocup,2017-11-01,18.566666666666666,20
eurocup,cepukaitis vaidas||eurocup,2017-11-07,18.966666666666665,15
eurocup,cepukaitis vaidas||eurocup,2017-11-15,14.033333333333333,6
eurocup,cepukaitis vaidas||eurocup,2017-12-06,15.5,4
eurocup,cepukaitis vaidas||eurocup,2017-12-13,5.466666666666667,1
eurocup,cepukaitis vaidas||eurocup,2017-12-19,18.216666666666665,7
eurocup,cepukaitis vaidas||eurocup,2017-12-27,11.85,5
eurocup,cervi riccardo||eurocup,2017-10-11,17.783333333333335,7
eurocup,cervi riccardo||eurocup,2018-01-10,2.7666666666666666,0
eurocup,cervi riccardo||eurocup,2018-01-16,13.133333333333333,-1
eurocup,cherry will||eurocup,2017-10-11,23.933333333333334,2
eurocup,cherry will||eurocup,2017-10-18,33.05,17
eurocup,cherry will||eurocup,2017-10-25,25.4,10
eurocup,cherry will||eurocup,2017-11-01,25.416666666666668,13
eurocup,cherry will||eurocup,2017-11-08,21.866666666666667,2
eurocup,cherry will||eurocup,2017-11-15,24.0,17
eurocup,cherry will||eurocup,2017-12-06,33.8,12
eurocup,cherry will||eurocup,2017-12-13,24.633333333333333,20
eurocup,cherry will||eurocup,2017-12-20,34.81666666666667,14
eurocup,cherry will||eurocup,2017-12-27,27.316666666666666,27
eurocup,cherry will||eurocup,2018-01-03,23.583333333333332,4
eurocup,cherry will||eurocup,2018-01-10,30.25,7
eurocup,cherry will||eurocup,2018-01-16,18.283333333333335,1
eurocup,christmas rakeem||eurocup,2017-10-11,16.866666666666667,-3
eurocup,christmas rakeem||eurocup,2017-10-18,31.233333333333334,20
eurocup,christmas rakeem||eurocup,2017-10-25,11.883333333333333,5
eurocup,christmas rakeem||eurocup,2017-11-01,9.0,-2
eurocup,christmas rakeem||eurocup,2017-11-08,10.966666666666667,2
eurocup,cipolla alessandro||eurocup,2017-10-25,0.0,0
eurocup,cipolla alessandro||eurocup,2017-11-01,0.0,0
eurocup,cipolla alessandro||eurocup,2017-11-08,0.0,0
eurocup,cipolla alessandro||eurocup,2017-11-15,0.0,0
eurocup,clifford dennis||eurocup,2017-10-11,25.0,10
eurocup,clifford dennis||eurocup,2017-10-18,22.933333333333334,11
eurocup,clifford dennis||eurocup,2017-10-24,25.233333333333334,21
eurocup,clifford dennis||eurocup,2017-11-01,19.6,16
eurocup,clifford dennis||eurocup,2017-11-08,12.55,2
eurocup,clifford dennis||eurocup,2017-11-14,23.9,17
eurocup,clifford dennis||eurocup,2017-12-05,17.65,16
eurocup,clifford dennis||eurocup,2017-12-12,18.5,8
eurocup,clifford dennis||eurocup,2017-12-20,13.95,4
eurocup,clifford dennis||eurocup,2017-12-27,26.966666666666665,22
eurocup,clifford dennis||eurocup,2018-01-02,22.3,5
eurocup,clifford dennis||eurocup,2018-01-10,27.183333333333334,9
eurocup,clifford dennis||eurocup,2018-01-17,21.633333333333333,8
eurocup,cline tj||eurocup,2017-10-11,4.766666666666667,1
eurocup,cline tj||eurocup,2017-10-18,6.383333333333334,-1
eurocup,cline tj||eurocup,2017-10-25,12.5,5
eurocup,cline tj||eurocup,2017-11-01,14.266666666666667,8
eurocup,collins mardy||eurocup,2017-10-11,23.3,-9
eurocup,collins mardy||eurocup,2017-10-18,25.666666666666668,5
eurocup,collins mardy||eurocup,2017-10-24,26.483333333333334,11
eurocup,collins mardy||eurocup,2017-11-01,8.516666666666667,5
eurocup,collins mardy||eurocup,2017-11-08,18.583333333333332,6
eurocup,collins mardy||eurocup,2017-11-15,17.85,2
eurocup,collins mardy||eurocup,2017-12-05,27.333333333333332,17
eurocup,collins mardy||eurocup,2017-12-13,19.816666666666666,25
eurocup,collins mardy||eurocup,2017-12-20,30.9,9
eurocup,collins mardy||eurocup,2017-12-27,18.15,16
eurocup,collins mardy||eurocup,2018-01-03,28.883333333333333,5
eurocup,collins mardy||eurocup,2018-01-10,21.85,13
eurocup,collins mardy||eurocup,2018-01-16,17.7,-4
eurocup,colom guillem||eurocup,2017-10-11,4.683333333333334,-1
eurocup,colom guillem||eurocup,2017-10-17,0.0,0
eurocup,colom guillem||eurocup,2017-10-25,8.466666666666667,1
eurocup,colom guillem||eurocup,2017-10-31,9.233333333333333,-1
eurocup,colom guillem||eurocup,2017-11-07,0.0,0
eurocup,colom guillem||eurocup,2017-11-15,20.366666666666667,10
eurocup,colom guillem||eurocup,2017-12-06,5.133333333333334,0
eurocup,colom guillem||eurocup,2017-12-13,2.2333333333333334,-1
eurocup,colom guillem||eurocup,2017-12-20,8.45,-2
eurocup,colom guillem||eurocup,2017-12-27,18.3,7
eurocup,colom quino||eurocup,2017-10-11,26.55,13
eurocup,colom quino||eurocup,2017-10-18,22.733333333333334,26
eurocup,colom quino||eurocup,2017-10-25,21.266666666666666,19
eurocup,colom quino||eurocup,2017-11-01,27.616666666666667,22
eurocup,colom quino||eurocup,2017-11-08,31.016666666666666,36
eurocup,colom quino||eurocup,2017-11-15,23.533333333333335,17
eurocup,colom quino||eurocup,2017-12-06,27.15,17
eurocup,colom quino||eurocup,2017-12-13,26.033333333333335,22
eurocup,colom quino||eurocup,2017-12-20,29.55,18
eurocup,colom quino||eurocup,2017-12-26,21.283333333333335,4
eurocup,colom quino||eurocup,2018-01-03,25.916666666666668,11
eurocup,colom quino||eurocup,2018-01-09,23.933333333333334,11
eurocup,colom quino||eurocup,2018-01-16,25.366666666666667,14
eurocup,conklin brian||eurocup,2017-10-11,22.183333333333334,5
eurocup,conklin brian||eurocup,2017-10-18,18.333333333333332,13
eurocup,conklin brian||eurocup,2017-10-24,15.366666666666667,3
eurocup,conklin brian||eurocup,2017-10-31,15.016666666666667,10
eurocup,conklin brian||eurocup,2017-11-07,19.383333333333333,10
eurocup,conklin brian||eurocup,2017-11-15,24.7,3
eurocup,conklin brian||eurocup,2017-12-05,21.216666666666665,11
eurocup,conklin brian||eurocup,2017-12-12,19.65,4
eurocup,conklin brian||eurocup,2017-12-26,9.65,11
eurocup,conklin brian||eurocup,2018-01-02,20.0,13
eurocup,conklin brian||eurocup,2018-01-09,25.15,-1
eurocup,conklin brian||eurocup,2018-01-17,20.116666666666667,18
eurocup,conti luca||eurocup,2017-12-05,1.1333333333333333,0
eurocup,conti luca||eurocup,2017-12-13,0.0,0
eurocup,conti luca||eurocup,2017-12-27,0.6666666666666666,-1
eurocup,conti luca||eurocup,2018-01-03,0.0,0
eurocup,copeland chris||eurocup,2017-12-06,12.733333333333333,0
eurocup,copeland chris||eurocup,2017-12-13,0.0,0
eurocup,crocker tony||eurocup,2017-10-17,0.0,0
eurocup,crocker tony||eurocup,2017-10-25,24.183333333333334,20
eurocup,crocker tony||eurocup,2017-11-01,27.666666666666668,9
eurocup,crocker tony||eurocup,2017-11-08,30.833333333333332,7
eurocup,crocker tony||eurocup,2017-11-15,22.433333333333334,20
eurocup,crocker tony||eurocup,2017-12-06,16.566666666666666,7
eurocup,crocker tony||eurocup,2017-12-13,33.71666666666667,-6
eurocup,crocker tony||eurocup,2017-12-20,27.216666666666665,15
eurocup,crocker tony||eurocup,2017-12-26,20.35,2
eurocup,cummings will||eurocup,2017-10-11,20.7,5
eurocup,cummings will||eurocup,2017-10-18,23.433333333333334,2
eurocup,cummings will||eurocup,2017-10-25,31.833333333333332,5
eurocup,cummings will||eurocup,2017-11-01,19.316666666666666,21
eurocup,cummings will||eurocup,2017-11-07,17.366666666666667,10
eurocup,cummings will||eurocup,2017-11-15,20.816666666666666,4
eurocup,cummings will||eurocup,2017-12-06,23.966666666666665,2
eurocup,cummings will||eurocup,2017-12-13,17.716666666666665,4
eurocup,cummings will||eurocup,2017-12-20,28.55,15
eurocup,cummings will||eurocup,2017-12-27,24.166666666666668,19
eurocup,cummings will||eurocup,2018-01-03,29.166666666666668,7
eurocup,cummings will||eurocup,2018-01-10,10.716666666666667,4
eurocup,cummings will||eurocup,2018-01-17,22.866666666666667,6
eurocup,cunningham jared||eurocup,2017-10-11,20.483333333333334,-2
eurocup,cunningham jared||eurocup,2017-10-18,21.25,8
eurocup,cunningham jared||eurocup,2017-10-25,10.516666666666667,7
eurocup,cunningham jared||eurocup,2017-11-01,19.966666666666665,7
eurocup,cunningham jared||eurocup,2017-11-08,18.05,12
eurocup,cunningham jared||eurocup,2017-11-15,29.283333333333335,18
eurocup,cunningham jared||eurocup,2017-12-06,15.683333333333334,2
eurocup,cunningham jared||eurocup,2017-12-13,18.8,20
eurocup,cunningham jared||eurocup,2017-12-19,31.266666666666666,15
eurocup,cunningham jared||eurocup,2017-12-27,12.133333333333333,1
eurocup,cunningham jared||eurocup,2018-01-02,29.133333333333333,7
eurocup,cunningham jared||eurocup,2018-01-10,26.733333333333334,16
eurocup,cunningham jared||eurocup,2018-01-17,21.766666666666666,8
eurocup,daye austin||eurocup,2017-10-11,30.083333333333332,8
eurocup,daye austin||eurocup,2017-10-17,18.35,9
eurocup,daye austin||eurocup,2017-10-25,29.616666666666667,26
eurocup,daye austin||eurocup,2017-11-01,28.383333333333333,13
eurocup,daye austin||eurocup,2017-11-08,25.9,12
eurocup,daye austin||eurocup,2017-11-15,10.433333333333334,7
eurocup,daye austin||eurocup,2017-12-06,22.95,8
eurocup,daye austin||eurocup,2017-12-13,9.8,-5
eurocup,daye austin||eurocup,2017-12-20,0.11666666666666667,0
eurocup,daye austin||eurocup,2017-12-27,4.516666666666667,-3
eurocup,de vico niccolo||eurocup,2017-10-11,19.333333333333332,9
eurocup,de vico niccolo||eurocup,2017-10-18,5.9,-6
eurocup,de vico niccolo||eurocup,2017-10-25,25.366666666666667,-2
eurocup,de vico niccolo||eurocup,2017-11-01,11.016666666666667,0
eurocup,de vico niccolo||eurocup,2017-11-08,13.433333333333334,-7
eurocup,de vico niccolo||eurocup,2017-11-15,15.983333333333333,-4
eurocup,de vico niccolo||eurocup,2017-12-06,0.0,0
eurocup,de vico niccolo||eurocup,2017-12-13,18.833333333333332,3
eurocup,de vico niccolo||eurocup,2017-12-20,22.266666666666666,2
eurocup,de vico niccolo||eurocup,2017-12-27,11.983333333333333,7
eurocup,de vico niccolo||eurocup,2018-01-02,19.783333333333335,7
eurocup,dedovic nihad||eurocup,2017-10-11,0.0,0
eurocup,dedovic nihad||eurocup,2017-10-18,24.666666666666668,20
eurocup,dedovic nihad||eurocup,2017-10-25,3.2,-1
eurocup,dedovic nihad||eurocup,2017-11-01,22.35,17
eurocup,dedovic nihad||eurocup,2017-11-08,23.466666666666665,13
eurocup,dedovic nihad||eurocup,2017-11-15,18.15,16
eurocup,dedovic nihad||eurocup,2017-12-06,25.533333333333335,19
eurocup,dedovic nihad||eurocup,2017-12-13,24.75,14
eurocup,dedovic nihad||eurocup,2017-12-19,17.016666666666666,11
eurocup,dedovic nihad||eurocup,2017-12-27,20.583333333333332,-1
eurocup,dedovic nihad||eurocup,2018-01-02,15.633333333333333,6
eurocup,dedovic nihad||eurocup,2018-01-10,20.116666666666667,13
eurocup,dedovic nihad||eurocup,2018-01-17,18.616666666666667,7
eurocup,della valle amedeo||eurocup,2017-10-11,28.183333333333334,16
eurocup,della valle amedeo||eurocup,2017-10-18,35.03333333333333,29
eurocup,della valle amedeo||eurocup,2017-10-25,30.883333333333333,30
eurocup,della valle amedeo||eurocup,2017-11-01,35.85,37
eurocup,della valle amedeo||eurocup,2017-11-08,29.833333333333332,24
eurocup,della valle amedeo||eurocup,2017-11-15,33.5,20
eurocup,della valle amedeo||eurocup,2017-12-06,33.983333333333334,3
eurocup,della valle amedeo||eurocup,2017-12-13,34.333333333333336,19
eurocup,della valle amedeo||eurocup,2017-12-27,32.18333333333333,29
eurocup,della valle amedeo||eurocup,2018-01-02,28.15,38
eurocup,della valle amedeo||eurocup,2018-01-10,29.383333333333333,21
eurocup,della valle amedeo||eurocup,2018-01-16,25.416666666666668,7
eurocup,dellosto nicolo||eurocup,2017-12-06,0.0,0
eurocup,dellosto nicolo||eurocup,2017-12-13,0.0,0
eurocup,diagne moussa||eurocup,2017-10-11,19.9,10
eurocup,diagne moussa||eurocup,2017-10-17,10.85,4
eurocup,diagne moussa||eurocup,2017-10-25,9.55,7
eurocup,diagne moussa||eurocup,2017-10-31,17.85,17
eurocup,diagne moussa||eurocup,2017-11-07,11.05,1
eurocup,diagne moussa||eurocup,2017-11-15,22.783333333333335,17
eurocup,diagne moussa||eurocup,2017-12-06,14.1,8
eurocup,diagne moussa||eurocup,2017-12-13,17.8,11
eurocup,diagne moussa||eurocup,2017-12-20,22.016666666666666,19
eurocup,diagne moussa||eurocup,2017-12-27,24.216666666666665,7
eurocup,diaw boris||eurocup,2017-10-11,28.35,16
eurocup,diaw boris||eurocup,2017-10-18,30.766666666666666,7
eurocup,diaw boris||eurocup,2017-10-25,31.533333333333335,20
eurocup,diaw boris||eurocup,2017-10-31,20.6,3
eurocup,diaw boris||eurocup,2017-11-08,30.483333333333334,11
eurocup,diaw boris||eurocup,2017-11-15,26.566666666666666,28
eurocup,diaw boris||eurocup,2017-12-06,28.083333333333332,17
eurocup,diaw boris||eurocup,2017-12-13,30.983333333333334,31
eurocup,diaw boris||eurocup,2017-12-20,26.633333333333333,29
eurocup,drescher hendrik||eurocup,2017-11-08,0.0,0
eurocup,drescher hendrik||eurocup,2017-12-05,0.0,0
eurocup,drescher hendrik||eurocup,2018-01-17,0.0,0
eurocup,durmaz berkan||eurocup,2017-10-10,0.016666666666666666,0
eurocup,durmaz berkan||eurocup,2017-10-17,0.0,0
eurocup,durmaz berkan||eurocup,2017-10-25,0.0,0
eurocup,durmaz berkan||eurocup,2017-11-01,0.0,0
eurocup,dyson jerome||eurocup,2017-10-11,28.1,2
eurocup,dyson jerome||eurocup,2017-10-17,34.6,28
eurocup,dyson jerome||eurocup,2017-10-25,33.516666666666666,11
eurocup,dyson jerome||eurocup,2017-11-01,36.78333333333333,23
eurocup,dyson jerome||eurocup,2017-11-08,33.2,18
eurocup,dyson jerome||eurocup,2017-11-15,32.43333333333333,14
eurocup,dyson jerome||eurocup,2017-12-06,34.46666666666667,23
eurocup,dyson jerome||eurocup,2017-12-13,22.716666666666665,4
eurocup,dyson jerome||eurocup,2017-12-20,35.71666666666667,27
eurocup,dyson jerome||eurocup,2017-12-27,21.85,15
eurocup,eboh tim||eurocup,2017-10-11,0.0,0
eurocup,eboh tim||eurocup,2017-10-24,0.0,0
eurocup,eboh tim||eurocup,2017-10-31,0.0,0
eurocup,echodas martynas||eurocup,2017-10-11,9.133333333333333,1
eurocup,echodas martynas||eurocup,2017-10-18,5.433333333333334,0
eurocup,echodas martynas||eurocup,2017-10-24,1.1666666666666667,0
eurocup,echodas martynas||eurocup,2017-11-01,30.433333333333334,20
eurocup,echodas martynas||eurocup,2017-11-07,19.016666666666666,15
eurocup,echodas martynas||eurocup,2017-11-15,21.083333333333332,18
eurocup,echodas martynas||eurocup,2017-12-05,20.833333333333332,15
eurocup,echodas martynas||eurocup,2017-12-13,28.683333333333334,15
eurocup,echodas martynas||eurocup,2017-12-20,23.4,12
eurocup,echodas martynas||eurocup,2017-12-26,8.333333333333334,3
eurocup,echodas martynas||eurocup,2018-01-03,10.0,12
eurocup,echodas martynas||eurocup,2018-01-10,17.9,11
eurocup,echodas martynas||eurocup,2018-01-17,12.016666666666667,0
eurocup,ejim melvin||eurocup,2017-10-11,14.416666666666666,6
eurocup,ejim melvin||eurocup,2017-10-18,26.483333333333334,14
eurocup,ejim melvin||eurocup,2017-10-25,24.766666666666666,4
eurocup,ejim melvin||eurocup,2017-11-01,24.783333333333335,-1
eurocup,ejim melvin||eurocup,2017-11-08,15.783333333333333,4
eurocup,ejim melvin||eurocup,2017-11-15,23.616666666666667,7
eurocup,ejim melvin||eurocup,2017-12-06,27.383333333333333,8
eurocup,ejim melvin||eurocup,2017-12-13,22.916666666666668,9
eurocup,ejim melvin||eurocup,2017-12-20,19.083333333333332,0
eurocup,ejim melvin||eurocup,2017-12-26,23.183333333333334,18
eurocup,ejim melvin||eurocup,2018-01-03,36.13333333333333,21
eurocup,ejim melvin||eurocup,2018-01-09,26.15,10
eurocup,ejim melvin||eurocup,2018-01-16,27.55,13
eurocup,elegar frank||eurocup,2017-10-18,16.216666666666665,10
eurocup,elegar frank||eurocup,2017-10-24,25.3,30
eurocup,elegar frank||eurocup,2017-11-01,19.45,21
eurocup,elegar frank||eurocup,2017-11-08,13.816666666666666,0
eurocup,elegar frank||eurocup,2017-11-15,27.15,14
eurocup,elegar frank||eurocup,2017-12-05,15.933333333333334,8
eurocup,elegar frank||eurocup,2017-12-13,23.416666666666668,11
eurocup,elegar frank||eurocup,2017-12-20,24.383333333333333,12
eurocup,elegar frank||eurocup,2017-12-27,9.483333333333333,0
eurocup,elegar frank||eurocup,2018-01-03,26.566666666666666,18
eurocup,elegar frank||eurocup,2018-01-10,22.2,20
eurocup,elegar frank||eurocup,2018-01-16,23.3,24
eurocup,elias-pour ram||eurocup,2017-10-11,0.0,0
eurocup,elias-pour ram||eurocup,2017-10-17,4.933333333333334,2
eurocup,elias-pour ram||eurocup,2017-11-01,0.0,0
eurocup,elias-pour ram||eurocup,2017-12-20,0.0,0
eurocup,elias-pour ram||eurocup,2017-12-27,13.45,1
eurocup,eliezer cyrille||eurocup,2017-10-11,21.7,9
eurocup,eliezer cyrille||eurocup,2017-10-18,22.6,0
eurocup,eliezer cyrille||eurocup,2017-10-25,0.0,0
eurocup,eliezer cyrille||eurocup,2017-11-15,0.0,0
eurocup,eliezer cyrille||eurocup,2017-12-06,13.583333333333334,1
eurocup,eliezer cyrille||eurocup,2017-12-13,18.25,4
eurocup,eliezer cyrille||eurocup,2017-12-20,17.233333333333334,1
eurocup,eliezer cyrille||eurocup,2017-12-27,0.0,0
eurocup,eliyahu lior||eurocup,2017-10-11,7.85,1
eurocup,eliyahu lior||eurocup,2017-10-17,27.5,11
eurocup,eliyahu lior||eurocup,2017-10-25,2.783333333333333,-1
eurocup,eliyahu lior||eurocup,2017-11-01,0.0,0
eurocup,eliyahu lior||eurocup,2017-11-08,5.1,-1
eurocup,eliyahu lior||eurocup,2017-11-15,11.533333333333333,1
eurocup,eliyahu lior||eurocup,2017-12-06,6.066666666666666,1
eurocup,eliyahu lior||eurocup,2017-12-13,0.0,0
eurocup,eliyahu lior||eurocup,2017-12-20,15.633333333333333,7
eurocup,eliyahu lior||eurocup,2017-12-27,22.583333333333332,19
eurocup,english aj||eurocup,2017-10-18,16.866666666666667,1
eurocup,english aj||eurocup,2017-10-24,15.7,-1
eurocup,english aj||eurocup,2017-10-31,0.0,0
eurocup,english aj||eurocup,2017-11-15,0.0,0
eurocup,eric michael||eurocup,2017-10-11,10.566666666666666,4
eurocup,eric michael||eurocup,2017-10-18,23.233333333333334,7
eurocup,eric michael||eurocup,2017-10-25,17.7,15
eurocup,eric michael||eurocup,2017-11-01,23.45,9
eurocup,eric michael||eurocup,2017-11-07,23.466666666666665,15
eurocup,eric michael||eurocup,2017-11-15,15.7,11
eurocup,eric michael||eurocup,2017-12-06,20.316666666666666,8
eurocup,eric michael||eurocup,2017-12-13,12.15,8
eurocup,eric michael||eurocup,2017-12-20,29.25,15
eurocup,eric michael||eurocup,2017-12-27,19.75,10
eurocup,eric michael||eurocup,2018-01-03,22.05,15
eurocup,eric michael||eurocup,2018-01-10,8.583333333333334,4
eurocup,eric michael||eurocup,2018-01-17,19.85,14
eurocup,eriksson marcus||eurocup,2017-10-11,21.683333333333334,1
eurocup,eriksson marcus||eurocup,2017-10-17,18.2,8
eurocup,eriksson marcus||eurocup,2017-10-25,22.166666666666668,24
eurocup,eriksson marcus||eurocup,2017-11-01,25.2,19
eurocup,eriksson marcus||eurocup,2017-11-08,24.15,15
eurocup,eriksson marcus||eurocup,2017-12-06,29.15,20
eurocup,eriksson marcus||eurocup,2017-12-13,25.766666666666666,25
eurocup,eriksson marcus||eurocup,2017-12-20,17.416666666666668,5
eurocup,eriksson marcus||eurocup,2017-12-27,38.833333333333336,10
eurocup,eriksson marcus||eurocup,2018-01-02,28.383333333333333,13
eurocup,eriksson marcus||eurocup,2018-01-10,18.016666666666666,5
eurocup,eriksson marcus||eurocup,2018-01-16,24.15,15
eurocup,ermis baris||eurocup,2017-10-10,26.766666666666666,10
eurocup,ermis baris||eurocup,2017-10-17,25.383333333333333,7
eurocup,ermis baris||eurocup,2017-10-25,15.2,4
eurocup,ermis baris||eurocup,2017-11-01,25.366666666666667,8
eurocup,ermis baris||eurocup,2017-11-08,28.416666666666668,24
eurocup,ermis baris||eurocup,2017-11-15,19.883333333333333,6
eurocup,ermis baris||eurocup,2017-12-06,24.216666666666665,11
eurocup,ermis baris||eurocup,2017-12-13,21.066666666666666,17
eurocup,ermis baris||eurocup,2017-12-20,7.933333333333334,-3
eurocup,ermis baris||eurocup,2017-12-26,28.966666666666665,22
eurocup,fernandez jaime||eurocup,2017-10-11,13.433333333333334,4
eurocup,fernandez jaime||eurocup,2017-10-17,13.783333333333333,4
eurocup,fernandez jaime||eurocup,2017-10-25,22.65,7
eurocup,fernandez jaime||eurocup,2017-10-31,21.416666666666668,17
eurocup,fernandez jaime||eurocup,2017-11-07,10.416666666666666,-1
eurocup,fernandez jaime||eurocup,2017-11-15,19.466666666666665,17
eurocup,fernandez jaime||eurocup,2017-12-06,26.9,22
eurocup,fernandez jaime||eurocup,2017-12-13,19.1,14
eurocup,fernandez jaime||eurocup,2017-12-20,21.933333333333334,16
eurocup,fernandez jaime||eurocup,2017-12-27,19.15,-3
eurocup,ferner joschka||eurocup,2017-10-10,4.733333333333333,-1
eurocup,ferner joschka||eurocup,2017-10-17,11.233333333333333,1
eurocup,ferner joschka||eurocup,2017-10-25,4.65,0
eurocup,ferner joschka||eurocup,2017-11-01,8.2,1
eurocup,ferner joschka||eurocup,2017-11-08,13.216666666666667,10
eurocup,ferner joschka||eurocup,2017-12-06,4.066666666666666,-1
eurocup,ferner joschka||eurocup,2017-12-13,0.0,0
eurocup,ferner joschka||eurocup,2017-12-19,13.166666666666666,9
eurocup,ferner joschka||eurocup,2017-12-27,14.416666666666666,9
eurocup,fevrier ivan||eurocup,2017-10-11,4.216666666666667,-3
eurocup,fevrier ivan||eurocup,2017-10-18,11.1,-1
eurocup,fevrier ivan||eurocup,2017-10-25,6.35,0
eurocup,fevrier ivan||eurocup,2017-10-31,9.25,0
eurocup,fevrier ivan||eurocup,2017-11-08,11.05,-1
eurocup,fevrier ivan||eurocup,2017-11-15,23.533333333333335,0
eurocup,fevrier ivan||eurocup,2017-12-06,7.666666666666667,5
eurocup,fevrier ivan||eurocup,2017-12-13,0.0,0
eurocup,fevrier ivan||eurocup,2017-12-27,15.333333333333334,2
eurocup,fischer lucas||eurocup,2017-10-11,4.533333333333333,3
eurocup,fischer lucas||eurocup,2017-10-17,20.266666666666666,6
eurocup,fischer lucas||eurocup,2017-10-25,16.133333333333333,-1
eurocup,fischer lucas||eurocup,2017-11-01,11.483333333333333,9
eurocup,fischer lucas||eurocup,2017-11-08,5.983333333333333,0
eurocup,fischer lucas||eurocup,2017-11-14,14.4,11
eurocup,fischer lucas||eurocup,2017-12-06,15.483333333333333,8
eurocup,fischer lucas||eurocup,2017-12-13,5.183333333333334,1
eurocup,fischer lucas||eurocup,2017-12-20,4.483333333333333,4
eurocup,fischer lucas||eurocup,2017-12-27,0.0,0
eurocup,fischer lucas||eurocup,2018-01-02,0.0,0
eurocup,fischer lucas||eurocup,2018-01-10,0.0,0
eurocup,fischer lucas||eurocup,2018-01-16,14.833333333333334,6
eurocup,fischer ricardo||eurocup,2017-10-11,16.083333333333332,-1
eurocup,fischer ricardo||eurocup,2017-10-18,17.866666666666667,4
eurocup,fischer ricardo||eurocup,2017-10-24,18.95,6
eurocup,fischer ricardo||eurocup,2017-11-01,16.6,8
eurocup,fischer ricardo||eurocup,2017-11-08,13.833333333333334,3
eurocup,fischer ricardo||eurocup,2017-11-15,12.9,1
eurocup,fischer ricardo||eurocup,2017-12-05,18.7,3
eurocup,fischer ricardo||eurocup,2017-12-13,20.916666666666668,10
eurocup,fischer ricardo||eurocup,2017-12-20,13.933333333333334,8
eurocup,flaccadori diego||eurocup,2017-10-11,29.25,14
eurocup,flaccadori diego||eurocup,2017-10-18,20.716666666666665,3
eurocup,flaccadori diego||eurocup,2017-10-25,20.416666666666668,0
eurocup,flaccadori diego||eurocup,2017-11-01,20.416666666666668,4
eurocup,flaccadori diego||eurocup,2017-11-08,32.166666666666664,25
eurocup,flaccadori diego||eurocup,2017-11-14,27.75,5
eurocup,flaccadori diego||eurocup,2017-12-05,22.483333333333334,3
eurocup,flaccadori diego||eurocup,2017-12-13,18.816666666666666,2
eurocup,flaccadori diego||eurocup,2017-12-20,19.35,-3
eurocup,flaccadori diego||eurocup,2017-12-27,19.25,2
eurocup,flaccadori diego||eurocup,2018-01-03,20.433333333333334,3
eurocup,flaccadori diego||eurocup,2018-01-10,19.9,12
eurocup,flaccadori diego||eurocup,2018-01-17,15.766666666666667,2
eurocup,forray toto||eurocup,2017-10-11,26.016666666666666,11
eurocup,forray toto||eurocup,2017-10-18,20.383333333333333,-2
eurocup,forray toto||eurocup,2017-10-25,14.433333333333334,9
eurocup,forray toto||eurocup,2017-11-01,21.5,3
eurocup,forray toto||eurocup,2017-11-08,16.266666666666666,5
eurocup,forray toto||eurocup,2017-11-14,31.733333333333334,4
eurocup,forray toto||eurocup,2017-12-05,26.766666666666666,18
eurocup,forray toto||eurocup,2017-12-13,29.066666666666666,20
eurocup,forray toto||eurocup,2017-12-20,22.75,-3
eurocup,forray toto||eurocup,2017-12-27,26.316666666666666,11
eurocup,forray toto||eurocup,2018-01-03,21.783333333333335,5
eurocup,forray toto||eurocup,2018-01-10,18.216666666666665,-7
eurocup,forray toto||eurocup,2018-01-17,18.783333333333335,10
eurocup,fotu isaac||eurocup,2017-10-10,25.8,6
eurocup,fotu isaac||eurocup,2017-10-17,22.0,6
eurocup,fotu isaac||eurocup,2017-10-25,28.133333333333333,3
eurocup,fotu isaac||eurocup,2017-11-01,28.616666666666667,22
eurocup,fotu isaac||eurocup,2017-11-08,19.216666666666665,3
eurocup,fotu isaac||eurocup,2017-11-15,18.133333333333333,16
eurocup,fotu isaac||eurocup,2017-12-06,22.433333333333334,7
eurocup,fotu isaac||eurocup,2017-12-13,21.983333333333334,2
eurocup,fotu isaac||eurocup,2017-12-19,27.883333333333333,18
eurocup,fotu isaac||eurocup,2017-12-27,23.5,10
eurocup,francisco sylvain||eurocup,2017-10-11,7.166666666666667,1
eurocup,francisco sylvain||eurocup,2017-10-18,10.633333333333333,7
eurocup,francisco sylvain||eurocup,2017-10-25,19.233333333333334,13
eurocup,francisco sylvain||eurocup,2017-10-31,26.3,7
eurocup,francisco sylvain||eurocup,2017-11-08,13.45,9
eurocup,francisco sylvain||eurocup,2017-11-15,22.966666666666665,2
eurocup,francisco sylvain||eurocup,2017-12-06,10.9,0
eurocup,francisco sylvain||eurocup,2017-12-13,24.0,9
eurocup,francisco sylvain||eurocup,2017-12-20,24.2,16
eurocup,francisco sylvain||eurocup,2017-12-27,7.183333333333334,6
eurocup,franke yannick||eurocup,2017-10-11,14.35,4
eurocup,franke yannick||eurocup,2017-10-18,0.0,0
eurocup,franke yannick||eurocup,2017-10-25,0.0,0
eurocup,franke yannick||eurocup,2017-11-01,19.183333333333334,16
eurocup,franke yannick||eurocup,2017-11-08,9.483333333333333,-1
eurocup,franke yannick||eurocup,2017-11-14,12.283333333333333,4
eurocup,franke yannick||eurocup,2017-12-05,7.0,1
eurocup,franke yannick||eurocup,2017-12-13,3.2,0
eurocup,franke yannick||eurocup,2017-12-20,2.183333333333333,2
eurocup,franke yannick||eurocup,2017-12-27,13.733333333333333,3
eurocup,franke yannick||eurocup,2018-01-03,4.4,2
eurocup,franke yannick||eurocup,2018-01-10,12.133333333333333,12
eurocup,franke yannick||eurocup,2018-01-17,4.833333333333333,-2
eurocup,gacic sandro||eurocup,2017-10-31,1.25,0
eurocup,gacic sandro||eurocup,2017-12-27,2.533333333333333,-1
eurocup,garrett diante||eurocup,2017-10-11,34.233333333333334,16
eurocup,garrett diante||eurocup,2017-10-17,25.75,11
eurocup,garrett diante||eurocup,2017-10-25,29.533333333333335,17
eurocup,garrett diante||eurocup,2017-11-01,23.716666666666665,10
eurocup,garrett diante||eurocup,2017-11-08,30.016666666666666,16
eurocup,garrett diante||eurocup,2017-11-15,19.916666666666668,6
eurocup,garrett diante||eurocup,2017-12-06,38.233333333333334,16
eurocup,garrett diante||eurocup,2017-12-13,29.633333333333333,17
eurocup,garrett diante||eurocup,2017-12-20,37.31666666666667,27
eurocup,garrett diante||eurocup,2017-12-26,31.35,6
eurocup,garrett diante||eurocup,2018-01-02,35.25,30
eurocup,garrett diante||eurocup,2018-01-10,28.85,3
eurocup,garrett diante||eurocup,2018-01-17,27.783333333333335,12
eurocup,gavel anton||eurocup,2017-10-11,21.766666666666666,4
eurocup,gavel anton||eurocup,2017-10-18,15.183333333333334,-1
eurocup,gavel anton||eurocup,2017-10-25,17.783333333333335,4
eurocup,gavel anton||eurocup,2017-11-01,15.266666666666667,7
eurocup,gavel anton||eurocup,2017-11-08,18.033333333333335,-1
eurocup,gavel anton||eurocup,2017-11-15,21.266666666666666,12
eurocup,gavel anton||eurocup,2017-12-06,19.166666666666668,-1
eurocup,gavel anton||eurocup,2017-12-13,17.116666666666667,13
eurocup,gavel anton||eurocup,2017-12-19,15.883333333333333,5
eurocup,gavel anton||eurocup,2017-12-27,26.2,7
eurocup,gavel anton||eurocup,2018-01-02,21.433333333333334,5
eurocup,gavel anton||eurocup,2018-01-10,13.25,5
eurocup,gavel anton||eurocup,2018-01-17,19.45,5
eurocup,gavrilovic strahinja||eurocup,2017-10-11,15.85,3
eurocup,gavrilovic strahinja||eurocup,2017-10-18,25.233333333333334,10
eurocup,gavrilovic strahinja||eurocup,2017-10-24,5.65,-1
eurocup,gavrilovic strahinja||eurocup,2017-10-31,11.8,6
eurocup,gavrilovic strahinja||eurocup,2017-11-08,27.1,4
eurocup,gavrilovic strahinja||eurocup,2017-11-14,13.783333333333333,4
eurocup,gavrilovic strahinja||eurocup,2017-12-05,7.9,-2
eurocup,gavrilovic strahinja||eurocup,2017-12-27,15.533333333333333,6
eurocup,gegic amar||eurocup,2017-11-08,1.5333333333333332,2
eurocup,gegic amar||eurocup,2017-11-15,0.0,0
eurocup,gegic amar||eurocup,2017-12-13,4.266666666666667,-2
eurocup,gegic amar||eurocup,2017-12-19,0.0,0
eurocup,gegic amar||eurocup,2017-12-27,0.0,0
eurocup,gerasimov timofei||eurocup,2017-12-20,2.2333333333333334,-1
eurocup,gibson danny||eurocup,2017-10-11,30.45,13
eurocup,gibson danny||eurocup,2017-10-18,22.183333333333334,18
eurocup,gibson danny||eurocup,2017-10-24,24.3,-2
eurocup,gibson danny||eurocup,2017-10-31,24.5,6
eurocup,gibson danny||eurocup,2017-11-07,18.65,0
eurocup,gibson danny||eurocup,2017-11-15,19.7,-2
eurocup,gibson danny||eurocup,2017-12-05,21.616666666666667,8
eurocup,gibson danny||eurocup,2017-12-12,16.75,20
eurocup,gibson danny||eurocup,2017-12-19,17.966666666666665,4
eurocup,gibson danny||eurocup,2017-12-26,22.016666666666666,7
eurocup,gibson danny||eurocup,2018-01-02,17.366666666666667,1
eurocup,gibson danny||eurocup,2018-01-09,19.366666666666667,3
eurocup,gibson danny||eurocup,2018-01-17,13.05,0
eurocup,gibson kyle||eurocup,2017-10-11,26.616666666666667,21
eurocup,gibson kyle||eurocup,2017-10-17,26.55,3
eurocup,gibson kyle||eurocup,2017-10-25,28.7,11
eurocup,gibson kyle||eurocup,2017-11-01,30.9,2
eurocup,gibson kyle||eurocup,2017-11-07,29.366666666666667,2
eurocup,gibson kyle||eurocup,2017-11-15,33.13333333333333,4
eurocup,gibson kyle||eurocup,2017-12-06,20.016666666666666,6
eurocup,gibson kyle||eurocup,2017-12-12,25.666666666666668,5
eurocup,gibson kyle||eurocup,2017-12-19,26.75,-5
eurocup,gibson kyle||eurocup,2017-12-27,32.916666666666664,18
eurocup,gibson kyle||eurocup,2018-01-03,29.633333333333333,-4
eurocup,gibson kyle||eurocup,2018-01-10,28.633333333333333,16
eurocup,gibson kyle||eurocup,2018-01-17,33.583333333333336,18
eurocup,giedraitis rokas||eurocup,2017-10-11,10.733333333333333,-5
eurocup,giedraitis rokas||eurocup,2017-10-18,29.616666666666667,31
eurocup,giedraitis rokas||eurocup,2017-10-24,32.75,10
eurocup,giedraitis rokas||eurocup,2017-11-01,28.533333333333335,8
eurocup,giedraitis rokas||eurocup,2017-11-07,32.9,21
eurocup,giedraitis rokas||eurocup,2017-11-15,26.7,12
eurocup,giedraitis rokas||eurocup,2017-12-05,23.683333333333334,8
eurocup,giedraitis rokas||eurocup,2017-12-13,24.783333333333335,5
eurocup,giedraitis rokas||eurocup,2017-12-20,13.933333333333334,6
eurocup,giedraitis rokas||eurocup,2017-12-26,20.583333333333332,2
eurocup,giedraitis rokas||eurocup,2018-01-03,23.483333333333334,20
eurocup,giedraitis rokas||eurocup,2018-01-10,25.283333333333335,16
eurocup,giedraitis rokas||eurocup,2018-01-17,29.583333333333332,16
eurocup,giffey niels||eurocup,2017-10-11,23.55,18
eurocup,giffey niels||eurocup,2017-10-18,29.366666666666667,-3
eurocup,giffey niels||eurocup,2017-10-24,19.666666666666668,6
eurocup,giffey niels||eurocup,2017-11-01,25.35,16
eurocup,giffey niels||eurocup,2017-12-20,17.033333333333335,10
eurocup,giffey niels||eurocup,2017-12-27,7.533333333333333,-2
eurocup,giffey niels||eurocup,2018-01-02,17.733333333333334,3
eurocup,giffey niels||eurocup,2018-01-10,20.566666666666666,11
eurocup,giffey niels||eurocup,2018-01-17,24.566666666666666,9
eurocup,girdziunas mindaugas||eurocup,2017-12-20,16.8,11
eurocup,girdziunas mindaugas||eurocup,2017-12-26,15.416666666666666,1
eurocup,girdziunas mindaugas||eurocup,2018-01-03,9.483333333333333,4
eurocup,girdziunas mindaugas||eurocup,2018-01-10,14.45,11
eurocup,girdziunas mindaugas||eurocup,2018-01-17,13.616666666666667,1
eurocup,gladness mickell||eurocup,2017-10-11,25.483333333333334,18
eurocup,gladness mickell||eurocup,2017-10-18,15.416666666666666,5
eurocup,gladness mickell||eurocup,2017-10-24,16.283333333333335,7
eurocup,gladness mickell||eurocup,2017-11-01,10.083333333333334,5
eurocup,gladness mickell||eurocup,2017-11-08,18.066666666666666,12
eurocup,gladness mickell||eurocup,2017-11-15,26.883333333333333,20
eurocup,gladness mickell||eurocup,2017-12-05,18.2,6
eurocup,gladness mickell||eurocup,2017-12-13,28.183333333333334,20
eurocup,gladness mickell||eurocup,2017-12-20,22.933333333333334,8
eurocup,gladness mickell||eurocup,2017-12-27,21.15,11
eurocup,gomes beto||eurocup,2017-10-11,25.6,11
eurocup,gomes beto||eurocup,2017-10-18,27.116666666666667,10
eurocup,gomes beto||eurocup,2017-10-25,30.433333333333334,22
eurocup,gomes beto||eurocup,2017-11-01,23.033333333333335,2
eurocup,gomes beto||eurocup,2017-11-08,30.5,15
eurocup,gomes beto||eurocup,2017-11-14,31.933333333333334,12
eurocup,gomes beto||eurocup,2017-12-05,34.18333333333333,23
eurocup,gomes beto||eurocup,2017-12-13,33.766666666666666,17
eurocup,gomes beto||eurocup,2017-12-20,27.933333333333334,1
eurocup,gomes beto||eurocup,2017-12-27,25.25,22
eurocup,gomes beto||eurocup,2018-01-03,30.583333333333332,6
eurocup,gomes beto||eurocup,2018-01-10,20.966666666666665,1
eurocup,gomes beto||eurocup,2018-01-17,29.883333333333333,2
eurocup,gordic nemanja||eurocup,2017-10-11,29.083333333333332,18
eurocup,gordic nemanja||eurocup,2017-10-17,31.433333333333334,11
eurocup,gordic nemanja||eurocup,2017-10-25,26.783333333333335,10
eurocup,gordic nemanja||eurocup,2017-11-01,30.8,2
eurocup,gordic nemanja||eurocup,2017-11-07,22.816666666666666,3
eurocup,gordic nemanja||eurocup,2017-11-15,28.85,21
eurocup,gordic nemanja||eurocup,2017-12-06,23.933333333333334,5
eurocup,gordic nemanja||eurocup,2017-12-12,21.65,-4
eurocup,gordic nemanja||eurocup,2017-12-19,32.266666666666666,22
eurocup,gordic nemanja||eurocup,2017-12-27,16.733333333333334,5
eurocup,gordic nemanja||eurocup,2018-01-03,29.266666666666666,10
eurocup,gordic nemanja||eurocup,2018-01-10,30.6,16
eurocup,gordic nemanja||eurocup,2018-01-17,28.183333333333334,2
eurocup,gordon drew||eurocup,2017-10-11,26.366666666666667,16
eurocup,gordon drew||eurocup,2017-10-18,29.516666666666666,27
eurocup,gordon drew||eurocup,2017-10-25,27.8,36
eurocup,gordon drew||eurocup,2017-11-01,5.716666666666667,3
eurocup,gordon drew||eurocup,2017-11-08,25.283333333333335,16
eurocup,gordon drew||eurocup,2017-11-14,27.483333333333334,21
eurocup,gordon drew||eurocup,2017-12-05,20.483333333333334,-4
eurocup,gordon drew||eurocup,2017-12-12,28.066666666666666,13
eurocup,gordon drew||eurocup,2017-12-19,25.283333333333335,19
eurocup,gordon drew||eurocup,2017-12-26,30.3,35
eurocup,gordon drew||eurocup,2018-01-03,32.06666666666667,26
eurocup,gordon drew||eurocup,2018-01-10,5.733333333333333,3
eurocup,grigonis marius||eurocup,2017-10-11,20.483333333333334,13
eurocup,grigonis marius||eurocup,2017-10-18,20.933333333333334,8
eurocup,grigonis marius||eurocup,2017-10-24,22.9,15
eurocup,grigonis marius||eurocup,2017-11-01,18.216666666666665,3
eurocup,grigonis marius||eurocup,2017-11-08,24.25,16
eurocup,grigonis marius||eurocup,2017-11-14,26.666666666666668,27
eurocup,grigonis marius||eurocup,2017-12-05,28.15,17
eurocup,grigonis marius||eurocup,2017-12-12,24.933333333333334,7
eurocup,grigonis marius||eurocup,2017-12-20,29.95,12
eurocup,grigonis marius||eurocup,2017-12-27,24.2,15
eurocup,grigonis marius||eurocup,2018-01-02,27.966666666666665,10
eurocup,grigonis marius||eurocup,2018-01-10,24.95,15
eurocup,grigonis marius||eurocup,2018-01-17,22.25,2
eurocup,guenther per||eurocup,2017-10-17,15.733333333333333,0
eurocup,guenther per||eurocup,2017-10-25,28.033333333333335,21
eurocup,guenther per||eurocup,2017-11-01,16.05,5
eurocup,guenther per||eurocup,2017-11-08,19.316666666666666,-2
eurocup,guenther per||eurocup,2017-11-15,15.2,0
eurocup,guenther per||eurocup,2017-12-06,12.683333333333334,-4
eurocup,guenther per||eurocup,2017-12-13,16.133333333333333,-5
eurocup,guenther per||eurocup,2017-12-19,14.516666666666667,-2
eurocup,gutierrez jorge||eurocup,2017-10-11,0.0,0
eurocup,gutierrez jorge||eurocup,2017-10-18,22.716666666666665,0
eurocup,gutierrez jorge||eurocup,2017-10-25,25.566666666666666,9
eurocup,gutierrez jorge||eurocup,2017-11-01,24.3,-2
eurocup,gutierrez jorge||eurocup,2017-11-08,27.95,10
eurocup,gutierrez jorge||eurocup,2017-11-14,0.0,0
eurocup,gutierrez jorge||eurocup,2017-12-05,20.816666666666666,6
eurocup,gutierrez jorge||eurocup,2017-12-13,18.55,15
eurocup,gutierrez jorge||eurocup,2017-12-20,22.9,19
eurocup,gutierrez jorge||eurocup,2017-12-27,23.683333333333334,16
eurocup,gutierrez jorge||eurocup,2018-01-03,27.966666666666665,14
eurocup,gutierrez jorge||eurocup,2018-01-10,23.1,13
eurocup,gutierrez jorge||eurocup,2018-01-17,28.9,5
eurocup,halperin yotam||eurocup,2017-10-11,14.05,1
eurocup,halperin yotam||eurocup,2017-10-17,11.583333333333334,0
eurocup,halperin yotam||eurocup,2017-10-25,12.783333333333333,7
eurocup,halperin yotam||eurocup,2017-11-01,17.6,2
eurocup,halperin yotam||eurocup,2017-11-08,21.7,11
eurocup,halperin yotam||eurocup,2017-11-15,21.1,6
eurocup,halperin yotam||eurocup,2017-12-06,8.033333333333333,6
eurocup,halperin yotam||eurocup,2017-12-13,3.783333333333333,-1
eurocup,halperin yotam||eurocup,2017-12-20,14.933333333333334,5
eurocup,halperin yotam||eurocup,2017-12-27,16.383333333333333,5
eurocup,hammink shane||eurocup,2017-10-11,22.683333333333334,13
eurocup,hammink shane||eurocup,2017-10-18,14.6,12
eurocup,hammink shane||eurocup,2017-10-24,11.783333333333333,7
eurocup,hammink shane||eurocup,2017-11-01,22.483333333333334,2
eurocup,hammink shane||eurocup,2017-11-08,14.983333333333333,2
eurocup,hammink shane||eurocup,2017-11-15,8.233333333333333,-1
eurocup,hammink shane||eurocup,2017-12-05,28.083333333333332,17
eurocup,hammink shane||eurocup,2017-12-13,23.183333333333334,3
eurocup,hammink shane||eurocup,2017-12-20,12.383333333333333,3
eurocup,hammink shane||eurocup,2017-12-27,30.966666666666665,-3
eurocup,harangody luke||eurocup,2017-10-10,26.5,17
eurocup,harangody luke||eurocup,2017-10-17,25.716666666666665,14
eurocup,harangody luke||eurocup,2017-10-25,21.183333333333334,15
eurocup,harangody luke||eurocup,2017-11-01,28.316666666666666,18
eurocup,harangody luke||eurocup,2017-11-15,22.5,5
eurocup,harangody luke||eurocup,2017-12-13,22.716666666666665,17
eurocup,harangody luke||eurocup,2017-12-19,25.25,11
eurocup,hardy dwight||eurocup,2017-10-11,29.666666666666668,18
eurocup,hardy dwight||eurocup,2017-10-18,27.966666666666665,0
eurocup,hardy dwight||eurocup,2017-10-25,25.2,3
eurocup,hardy dwight||eurocup,2017-11-01,28.25,5
eurocup,hardy dwight||eurocup,2017-11-08,28.5,24
eurocup,hardy dwight||eurocup,2017-11-15,32.78333333333333,18
eurocup,hardy dwight||eurocup,2017-12-06,35.916666666666664,22
eurocup,hardy dwight||eurocup,2017-12-12,31.433333333333334,23
eurocup,hardy dwight||eurocup,2017-12-19,23.983333333333334,1
eurocup,hardy dwight||eurocup,2017-12-27,26.0,12
eurocup,hardy dwight||eurocup,2018-01-03,31.65,16
eurocup,hardy dwight||eurocup,2018-01-10,26.65,4
eurocup,hardy dwight||eurocup,2018-01-16,33.05,13
eurocup,harper demonte||eurocup,2017-10-11,25.983333333333334,9
eurocup,harper demonte||eurocup,2017-10-18,34.13333333333333,26
eurocup,harper demonte||eurocup,2017-10-25,26.85,5
eurocup,harper demonte||eurocup,2017-11-01,28.9,23
eurocup,harper demonte||eurocup,2017-11-08,29.383333333333333,4
eurocup,harper demonte||eurocup,2017-11-14,20.733333333333334,-3
eurocup,harper demonte||eurocup,2017-12-05,20.816666666666666,21
eurocup,harper demonte||eurocup,2017-12-12,22.95,10
eurocup,harper demonte||eurocup,2017-12-19,21.583333333333332,10
eurocup,harper demonte||eurocup,2017-12-26,17.55,-1
eurocup,harper demonte||eurocup,2018-01-03,24.816666666666666,10
eurocup,harper demonte||eurocup,2018-01-10,25.7,20
eurocup,harper demonte||eurocup,2018-01-17,26.433333333333334,-2
eurocup,harper justin||eurocup,2017-10-11,27.45,10
eurocup,harper justin||eurocup,2017-10-17,27.933333333333334,22
eurocup,harper justin||eurocup,2017-10-25,20.45,16
eurocup,harper justin||eurocup,2017-11-01,20.583333333333332,14
eurocup,harper justin||eurocup,2017-11-08,16.033333333333335,2
eurocup,harper justin||eurocup,2017-11-14,17.7,4
eurocup,harper justin||eurocup,2017-12-06,14.8,1
eurocup,harper justin||eurocup,2017-12-12,27.5,16
eurocup,harper justin||eurocup,2017-12-20,17.833333333333332,9
eurocup,harper justin||eurocup,2017-12-27,12.633333333333333,-3
eurocup,harper justin||eurocup,2018-01-03,17.55,4
eurocup,harper justin||eurocup,2018-01-10,19.733333333333334,7
eurocup,harper justin||eurocup,2018-01-17,13.983333333333333,9
eurocup,hayes kenny||eurocup,2017-10-11,28.783333333333335,7
eurocup,hayes kenny||eurocup,2017-10-18,25.283333333333335,17
eurocup,hayes kenny||eurocup,2017-10-24,30.666666666666668,20
eurocup,hayes kenny||eurocup,2017-10-31,29.633333333333333,20
eurocup,hayes kenny||eurocup,2017-11-07,34.13333333333333,14
eurocup,hayes kenny||eurocup,2017-11-15,25.95,14
eurocup,hayes kenny||eurocup,2017-12-05,0.0,0
eurocup,hayes kenny||eurocup,2017-12-12,25.75,6
eurocup,hayes kenny||eurocup,2017-12-19,26.266666666666666,24
eurocup,hayes kenny||eurocup,2017-12-26,21.2,9
eurocup,hayes kenny||eurocup,2018-01-02,26.383333333333333,5
eurocup,hayes kenny||eurocup,2018-01-09,25.3,3
eurocup,hayes kenny||eurocup,2018-01-17,26.583333333333332,9
eurocup,hendrix richard||eurocup,2017-10-11,23.133333333333333,25
eurocup,hendrix richard||eurocup,2017-10-18,8.766666666666667,11
eurocup,hendrix richard||eurocup,2017-10-25,22.45,13
eurocup,hendrix richard||eurocup,2017-11-01,24.75,6
eurocup,hendrix richard||eurocup,2017-11-08,29.033333333333335,15
eurocup,hendrix richard||eurocup,2017-11-15,19.333333333333332,10
eurocup,hendrix richard||eurocup,2017-12-06,29.2,28
eurocup,hendrix richard||eurocup,2017-12-12,19.883333333333333,13
eurocup,hendrix richard||eurocup,2017-12-19,25.066666666666666,20
eurocup,hendrix richard||eurocup,2017-12-27,20.233333333333334,30
eurocup,hendrix richard||eurocup,2018-01-03,9.766666666666667,2
eurocup,hendrix richard||eurocup,2018-01-10,13.616666666666667,0
eurocup,henry pierria||eurocup,2017-10-10,23.466666666666665,5
eurocup,henry pierria||eurocup,2017-10-17,25.5,15
eurocup,henry pierria||eurocup,2017-10-25,29.35,31
eurocup,henry pierria||eurocup,2017-11-01,21.866666666666667,14
eurocup,henry pierria||eurocup,2017-11-08,13.983333333333333,5
eurocup,henry pierria||eurocup,2017-11-15,30.366666666666667,33
eurocup,henry pierria||eurocup,2017-12-06,30.416666666666668,12
eurocup,henry pierria||eurocup,2017-12-13,23.05,18
eurocup,henry pierria||eurocup,2017-12-20,32.06666666666667,24
eurocup,henry pierria||eurocup,2017-12-26,25.766666666666666,6
eurocup,hervelle axel||eurocup,2017-10-11,21.416666666666668,13
eurocup,hervelle axel||eurocup,2017-10-18,22.766666666666666,0
eurocup,hervelle axel||eurocup,2017-10-24,21.85,26
eurocup,hervelle axel||eurocup,2017-11-01,17.083333333333332,1
eurocup,hervelle axel||eurocup,2017-11-08,22.8,6
eurocup,hervelle axel||eurocup,2017-11-15,16.866666666666667,-4
eurocup,hervelle axel||eurocup,2017-12-05,9.65,-2
eurocup,hervelle axel||eurocup,2017-12-13,27.516666666666666,16
eurocup,hervelle axel||eurocup,2017-12-20,18.65,3
eurocup,hervelle axel||eurocup,2017-12-27,6.8,7
eurocup,hobbs braydon||eurocup,2017-10-11,20.583333333333332,20
eurocup,hobbs braydon||eurocup,2017-10-18,22.233333333333334,14
eurocup,hobbs braydon||eurocup,2017-10-25,19.383333333333333,13
eurocup,hobbs braydon||eurocup,2017-11-01,19.916666666666668,5
eurocup,hobbs braydon||eurocup,2017-11-08,23.866666666666667,12
eurocup,hobbs braydon||eurocup,2017-11-15,18.2,-5
eurocup,hobbs braydon||eurocup,2017-12-06,22.083333333333332,10
eurocup,hobbs braydon||eurocup,2017-12-13,23.6,17
eurocup,hobbs braydon||eurocup,2017-12-19,24.116666666666667,18
eurocup,hobbs braydon||eurocup,2017-12-27,22.316666666666666,14
eurocup,hobbs braydon||eurocup,2018-01-02,24.0,0
eurocup,hobbs braydon||eurocup,2018-01-10,14.133333333333333,0
eurocup,hobbs braydon||eurocup,2018-01-17,16.5,13
eurocup,hogue dustin||eurocup,2017-12-20,19.75,17
eurocup,hogue dustin||eurocup,2017-12-27,21.933333333333334,20
eurocup,hogue dustin||eurocup,2018-01-03,29.633333333333333,40
eurocup,hogue dustin||eurocup,2018-01-10,21.883333333333333,5
eurocup,hogue dustin||eurocup,2018-01-17,24.383333333333333,13
eurocup,hopson scotty||eurocup,2017-10-11,27.916666666666668,15
eurocup,hopson scotty||eurocup,2017-10-18,26.416666666666668,7
eurocup,hopson scotty||eurocup,2017-10-25,26.716666666666665,18
eurocup,hopson scotty||eurocup,2017-11-01,33.55,14
eurocup,hopson scotty||eurocup,2017-11-08,23.316666666666666,6
eurocup,hopson scotty||eurocup,2017-11-15,16.55,15
eurocup,hopson scotty||eurocup,2017-12-06,32.15,20
eurocup,hopson scotty||eurocup,2017-12-12,23.45,18
eurocup,hopson scotty||eurocup,2017-12-19,10.866666666666667,4
eurocup,hopson scotty||eurocup,2017-12-27,28.633333333333333,15
eurocup,hopson scotty||eurocup,2018-01-03,1.9666666666666668,-1
eurocup,hopson scotty||eurocup,2018-01-10,14.733333333333333,12
eurocup,hopson scotty||eurocup,2018-01-16,16.65,9
eurocup,howard william||eurocup,2017-10-11,21.866666666666667,6
eurocup,howard william||eurocup,2017-10-18,30.916666666666668,10
eurocup,howard william||eurocup,2017-10-24,29.966666666666665,14
eurocup,howard william||eurocup,2017-10-31,31.15,15
eurocup,howard william||eurocup,2017-11-07,20.183333333333334,-1
eurocup,howard william||eurocup,2017-11-15,26.383333333333333,5
eurocup,howard william||eurocup,2017-12-05,23.583333333333332,18
eurocup,howard william||eurocup,2017-12-12,19.183333333333334,4
eurocup,howard william||eurocup,2017-12-19,22.416666666666668,2
eurocup,howard william||eurocup,2017-12-26,18.8,11
eurocup,howard william||eurocup,2018-01-02,13.783333333333333,5
eurocup,howard william||eurocup,2018-01-09,22.933333333333334,20
eurocup,howard william||eurocup,2018-01-17,25.016666666666666,17
eurocup,howell richard||eurocup,2017-10-11,25.783333333333335,12
eurocup,howell richard||eurocup,2017-10-17,0.0,0
eurocup,howell richard||eurocup,2017-10-25,26.783333333333335,14
eurocup,howell richard||eurocup,2017-11-01,23.666666666666668,9
eurocup,howell richard||eurocup,2017-11-08,23.233333333333334,20
eurocup,howell richard||eurocup,2017-11-15,22.233333333333334,21
eurocup,howell richard||eurocup,2017-12-06,15.666666666666666,3
eurocup,hundt bennet||eurocup,2017-10-11,1.7,0
eurocup,hundt bennet||eurocup,2017-10-18,21.15,2
eurocup,hundt bennet||eurocup,2017-10-24,0.0,0
eurocup,hundt bennet||eurocup,2017-11-01,0.0,0
eurocup,hundt bennet||eurocup,2017-11-08,0.0,0
eurocup,hundt bennet||eurocup,2017-11-14,2.35,-2
eurocup,hundt bennet||eurocup,2017-12-05,7.666666666666667,3
eurocup,hundt bennet||eurocup,2017-12-12,13.533333333333333,-2
eurocup,hundt bennet||eurocup,2017-12-20,19.083333333333332,7
eurocup,hundt bennet||eurocup,2017-12-27,4.333333333333333,-2
eurocup,iannuzzi antonio||eurocup,2017-10-11,17.816666666666666,5
eurocup,iannuzzi antonio||eurocup,2017-10-17,17.133333333333333,2
eurocup,iannuzzi antonio||eurocup,2017-10-25,14.666666666666666,1
eurocup,iannuzzi antonio||eurocup,2017-11-01,26.116666666666667,11
eurocup,iannuzzi antonio||eurocup,2017-11-08,17.533333333333335,-4
eurocup,iannuzzi antonio||eurocup,2017-11-15,16.65,5
eurocup,iannuzzi antonio||eurocup,2017-12-06,14.0,-2
eurocup,iannuzzi antonio||eurocup,2017-12-13,22.366666666666667,8
eurocup,iannuzzi antonio||eurocup,2017-12-20,17.35,0
eurocup,iannuzzi antonio||eurocup,2017-12-26,16.333333333333332,7
eurocup,iannuzzi antonio||eurocup,2018-01-02,27.116666666666667,6
eurocup,iannuzzi antonio||eurocup,2018-01-10,26.916666666666668,29
eurocup,iannuzzi antonio||eurocup,2018-01-17,25.1,9
eurocup,ilic aleksa||eurocup,2017-10-11,19.416666666666668,2
eurocup,ilic aleksa||eurocup,2017-10-17,8.716666666666667,2
eurocup,ilic aleksa||eurocup,2017-10-25,20.3,8
eurocup,ilic aleksa||eurocup,2017-11-01,10.466666666666667,2
eurocup,ilic aleksa||eurocup,2017-12-06,17.083333333333332,19
eurocup,ilic aleksa||eurocup,2017-12-12,22.583333333333332,21
eurocup,ilic aleksa||eurocup,2017-12-19,20.583333333333332,-1
eurocup,ilic aleksa||eurocup,2017-12-27,27.916666666666668,11
eurocup,ilic aleksa||eurocup,2018-01-03,25.133333333333333,9
eurocup,ilic aleksa||eurocup,2018-01-10,6.683333333333334,2
eurocup,ilic aleksa||eurocup,2018-01-17,17.283333333333335,2
eurocup,ilnitskiy stanislav||eurocup,2017-10-11,4.666666666666667,1
eurocup,ilnitskiy stanislav||eurocup,2017-10-18,7.783333333333333,1
eurocup,ilnitskiy stanislav||eurocup,2017-10-24,0.0,0
eurocup,ilnitskiy stanislav||eurocup,2017-11-01,7.033333333333333,0
eurocup,ilnitskiy stanislav||eurocup,2017-11-08,2.3166666666666664,-2
eurocup,ilnitskiy stanislav||eurocup,2017-11-15,6.05,5
eurocup,ilnitskiy stanislav||eurocup,2017-12-13,3.95,-1
eurocup,ilnitskiy stanislav||eurocup,2017-12-27,17.116666666666667,6
eurocup,ilnitskiy stanislav||eurocup,2018-01-10,0.0,0
eurocup,ilnitskiy stanislav||eurocup,2018-01-16,1.8666666666666667,-2
eurocup,ivanovic nikola||eurocup,2017-10-11,26.383333333333333,13
eurocup,ivanovic nikola||eurocup,2017-10-17,21.083333333333332,21
eurocup,ivanovic nikola||eurocup,2017-10-25,21.8,19
eurocup,ivanovic nikola||eurocup,2017-11-01,21.1,9
eurocup,ivanovic nikola||eurocup,2017-11-07,27.383333333333333,18
eurocup,ivanovic nikola||eurocup,2017-11-15,24.383333333333333,14
eurocup,ivanovic nikola||eurocup,2017-12-06,25.5,15
eurocup,ivanovic nikola||eurocup,2017-12-12,24.3,7
eurocup,ivanovic nikola||eurocup,2017-12-19,32.78333333333333,39
eurocup,ivanovic nikola||eurocup,2017-12-27,28.0,17
eurocup,ivanovic nikola||eurocup,2018-01-03,23.7,9
eurocup,ivanovic nikola||eurocup,2018-01-10,25.933333333333334,4
eurocup,ivanovic nikola||eurocup,2018-01-17,25.05,25
eurocup,ivlev vladimir||eurocup,2017-10-11,11.783333333333333,4
eurocup,ivlev vladimir||eurocup,2017-10-18,5.283333333333333,0
eurocup,ivlev vladimir||eurocup,2017-10-24,14.7,3
eurocup,ivlev vladimir||eurocup,2017-11-01,12.966666666666667,4
eurocup,ivlev vladimir||eurocup,2017-11-08,16.916666666666668,1
eurocup,ivlev vladimir||eurocup,2017-11-15,12.3,8
eurocup,ivlev vladimir||eurocup,2017-12-05,0.4,0
eurocup,ivlev vladimir||eurocup,2017-12-13,6.183333333333334,0
eurocup,ivlev vladimir||eurocup,2017-12-27,17.733333333333334,6
eurocup,ivlev vladimir||eurocup,2018-01-03,2.8,-1
eurocup,ivlev vladimir||eurocup,2018-01-10,7.066666666666666,0
eurocup,ivlev vladimir||eurocup,2018-01-16,6.416666666666667,0
eurocup,jaiteh mam||eurocup,2017-10-11,25.95,6
eurocup,jaiteh mam||eurocup,2017-10-18,22.6,25
eurocup,jaiteh mam||eurocup,2017-10-24,26.733333333333334,23
eurocup,jaiteh mam||eurocup,2017-10-31,25.733333333333334,24
eurocup,jaiteh mam||eurocup,2017-11-07,24.533333333333335,9
eurocup,jaiteh mam||eurocup,2017-11-15,28.083333333333332,6
eurocup,jaiteh mam||eurocup,2017-12-05,23.25,5
eurocup,jaiteh mam||eurocup,2017-12-12,22.483333333333334,17
eurocup,jaiteh mam||eurocup,2017-12-19,22.0,7
eurocup,jaiteh mam||eurocup,2017-12-26,15.416666666666666,1
eurocup,jaiteh mam||eurocup,2018-01-02,19.233333333333334,3
eurocup,jaiteh mam||eurocup,2018-01-09,25.65,9
eurocup,jaiteh mam||eurocup,2018-01-17,14.983333333333333,15
eurocup,jallow karim||eurocup,2017-11-08,2.0833333333333335,2
eurocup,jallow karim||eurocup,2017-12-19,0.0,0
eurocup,jallow karim||eurocup,2017-12-27,4.133333333333334,3
eurocup,jallow karim||eurocup,2018-01-02,0.0,0
eurocup,jallow karim||eurocup,2018-01-10,0.0,0
eurocup,jallow karim||eurocup,2018-01-17,0.0,0
eurocup,jankovic vladimir||eurocup,2017-10-11,20.166666666666668,-5
eurocup,jankovic vladimir||eurocup,2017-10-17,24.433333333333334,24
eurocup,jankovic vladimir||eurocup,2017-10-25,15.95,1
eurocup,jankovic vladimir||eurocup,2017-10-31,15.8,1
eurocup,jankovic vladimir||eurocup,2017-11-07,25.15,28
eurocup,jankovic vladimir||eurocup,2017-12-06,0.0,0
eurocup,jankovic vladimir||eurocup,2017-12-13,20.733333333333334,6
eurocup,jankovic vladimir||eurocup,2017-12-20,24.25,15
eurocup,jankovic vladimir||eurocup,2017-12-27,22.183333333333334,1
eurocup,jasaitis simas||eurocup,2017-10-11,14.116666666666667,8
eurocup,jasaitis simas||eurocup,2017-10-18,16.033333333333335,0
eurocup,jasaitis simas||eurocup,2017-10-25,19.616666666666667,12
eurocup,jasaitis simas||eurocup,2017-11-01,20.833333333333332,5
eurocup,jasaitis simas||eurocup,2017-11-07,16.983333333333334,2
eurocup,jasaitis simas||eurocup,2017-11-15,22.766666666666666,17
eurocup,jasaitis simas||eurocup,2017-12-06,8.533333333333333,2
eurocup,jasaitis simas||eurocup,2017-12-13,22.3,16
eurocup,jasaitis simas||eurocup,2017-12-19,19.116666666666667,2
eurocup,jasaitis simas||eurocup,2017-12-27,10.183333333333334,8
eurocup,jelinek david||eurocup,2017-10-11,36.3,13
eurocup,jelinek david||eurocup,2017-10-17,18.65,1
eurocup,jelinek david||eurocup,2017-10-25,15.2,-1
eurocup,jelinek david||eurocup,2017-10-31,25.566666666666666,15
eurocup,jelinek david||eurocup,2017-11-07,17.416666666666668,3
eurocup,jelinek david||eurocup,2017-11-15,9.016666666666667,-4
eurocup,jelinek david||eurocup,2017-12-06,10.933333333333334,3
eurocup,jelinek david||eurocup,2017-12-13,24.5,3
eurocup,jelinek david||eurocup,2017-12-20,10.116666666666667,-8
eurocup,jelinek david||eurocup,2017-12-27,21.566666666666666,2
eurocup,jerrells curtis||eurocup,2017-10-11,34.416666666666664,30
eurocup,jerrells curtis||eurocup,2017-10-17,30.85,7
eurocup,johnson chris||eurocup,2017-10-11,5.916666666666667,2
eurocup,johnson chris||eurocup,2017-10-18,7.5,0
eurocup,johnson chris||eurocup,2017-10-25,13.15,8
eurocup,johnson chris||eurocup,2017-11-01,12.166666666666666,12
eurocup,johnson chris||eurocup,2017-11-08,7.316666666666666,1
eurocup,johnson chris||eurocup,2017-11-15,12.816666666666666,5
eurocup,johnson chris||eurocup,2017-12-13,11.916666666666666,3
eurocup,johnson chris||eurocup,2017-12-20,9.933333333333334,-2
eurocup,johnson chris||eurocup,2017-12-27,10.6,-1
eurocup,johnson chris||eurocup,2018-01-03,8.966666666666667,4
eurocup,johnson chris||eurocup,2018-01-10,0.0,0
eurocup,johnson chris||eurocup,2018-01-16,0.0,0
eurocup,johnson jajuan||eurocup,2017-10-11,27.133333333333333,10
eurocup,johnson jajuan||eurocup,2017-10-18,29.933333333333334,24
eurocup,johnson jajuan||eurocup,2017-10-25,30.8,16
eurocup,johnson jajuan||eurocup,2017-11-01,29.8,28
eurocup,johnson jajuan||eurocup,2017-11-07,32.36666666666667,11
eurocup,johnson jajuan||eurocup,2017-11-15,25.033333333333335,17
eurocup,johnson jajuan||eurocup,2017-12-06,26.266666666666666,17
eurocup,johnson jajuan||eurocup,2017-12-13,33.4,13
eurocup,johnson jajuan||eurocup,2017-12-20,35.5,8
eurocup,johnson jajuan||eurocup,2017-12-27,33.03333333333333,25
eurocup,johnson jajuan||eurocup,2018-01-03,37.53333333333333,37
eurocup,johnson jajuan||eurocup,2018-01-10,34.43333333333333,19
eurocup,johnson jajuan||eurocup,2018-01-17,33.1,11
eurocup,jomantas arturas||eurocup,2017-10-11,10.75,3
eurocup,jomantas arturas||eurocup,2017-10-18,18.0,7
eurocup,jomantas arturas||eurocup,2017-10-24,18.766666666666666,6
eurocup,jomantas arturas||eurocup,2017-11-01,17.616666666666667,2
eurocup,jomantas arturas||eurocup,2017-11-07,8.95,2
eurocup,jomantas arturas||eurocup,2017-11-15,6.966666666666667,0
eurocup,jomantas arturas||eurocup,2017-12-05,5.95,-1
eurocup,jomantas arturas||eurocup,2017-12-13,21.566666666666666,8
eurocup,jomantas arturas||eurocup,2017-12-20,16.233333333333334,-1
eurocup,jomantas arturas||eurocup,2017-12-26,19.666666666666668,13
eurocup,jomantas arturas||eurocup,2018-01-03,9.25,0
eurocup,jomantas arturas||eurocup,2018-01-10,10.816666666666666,1
eurocup,jomantas arturas||eurocup,2018-01-17,4.133333333333334,3
eurocup,jones andre||eurocup,2017-10-11,5.716666666666667,-4
eurocup,jones andre||eurocup,2017-10-17,22.516666666666666,3
eurocup,jones andre||eurocup,2017-10-25,12.3,1
eurocup,jones andre||eurocup,2017-11-01,17.133333333333333,2
eurocup,jones andre||eurocup,2017-11-08,9.683333333333334,-1
eurocup,jones andre||eurocup,2017-11-15,15.95,4
eurocup,jones andre||eurocup,2017-12-06,5.0,-1
eurocup,jones andre||eurocup,2017-12-13,11.45,-3
eurocup,jones andre||eurocup,2017-12-20,14.95,0
eurocup,jones andre||eurocup,2017-12-26,12.416666666666666,-5
eurocup,jones andre||eurocup,2018-01-02,6.883333333333333,1
eurocup,jones andre||eurocup,2018-01-10,19.366666666666667,7
eurocup,jones andre||eurocup,2018-01-17,10.6,3
eurocup,jovanovic slobodan||eurocup,2017-11-08,0.0,0
eurocup,jovanovic slobodan||eurocup,2017-12-19,0.0,0
eurocup,jovanovic slobodan||eurocup,2017-12-27,0.06666666666666667,0
eurocup,jovic stefan||eurocup,2017-10-11,19.866666666666667,10
eurocup,jovic stefan||eurocup,2017-10-18,16.9,14
eurocup,jovic stefan||eurocup,2017-10-25,17.033333333333335,8
eurocup,jovic stefan||eurocup,2017-11-01,24.733333333333334,4
eurocup,jovic stefan||eurocup,2017-12-06,13.216666666666667,2
eurocup,jovic stefan||eurocup,2018-01-02,0.0,0
eurocup,jovic stefan||eurocup,2018-01-10,18.7,-1
eurocup,jovic stefan||eurocup,2018-01-17,20.55,10
eurocup,joyce dru||eurocup,2017-11-07,21.35,7
eurocup,joyce dru||eurocup,2017-11-15,21.816666666666666,10
eurocup,joyce dru||eurocup,2017-12-05,20.0,8
eurocup,joyce dru||eurocup,2017-12-12,23.25,16
eurocup,joyce dru||eurocup,2017-12-19,22.516666666666666,9
eurocup,joyce dru||eurocup,2017-12-26,17.983333333333334,2
eurocup,joyce dru||eurocup,2018-01-02,22.633333333333333,0
eurocup,joyce dru||eurocup,2018-01-09,20.983333333333334,7
eurocup,joyce dru||eurocup,2018-01-17,26.95,-1
eurocup,juskevicius adas||eurocup,2017-10-11,23.2,10
eurocup,juskevicius adas||eurocup,2017-10-18,19.75,3
eurocup,juskevicius adas||eurocup,2017-10-25,29.25,7
eurocup,juskevicius adas||eurocup,2017-11-01,25.283333333333335,7
eurocup,juskevicius adas||eurocup,2017-11-07,29.983333333333334,38
eurocup,juskevicius adas||eurocup,2017-11-15,32.016666666666666,15
eurocup,juskevicius adas||eurocup,2017-12-06,31.1,23
eurocup,juskevicius adas||eurocup,2017-12-13,30.383333333333333,12
eurocup,juskevicius adas||eurocup,2017-12-19,27.883333333333333,6
eurocup,juskevicius adas||eurocup,2017-12-27,30.983333333333334,8
eurocup,kaba alpha||eurocup,2017-10-11,7.033333333333333,2
eurocup,kaba alpha||eurocup,2017-10-17,22.3,7
eurocup,kaba alpha||eurocup,2017-10-25,8.833333333333334,6
eurocup,kaba alpha||eurocup,2017-11-01,13.866666666666667,-3
eurocup,kaba alpha||eurocup,2017-11-08,18.6,6
eurocup,kaba alpha||eurocup,2017-11-14,16.3,9
eurocup,kaba alpha||eurocup,2017-12-06,16.866666666666667,0
eurocup,kaba alpha||eurocup,2017-12-12,19.516666666666666,23
eurocup,kaba alpha||eurocup,2017-12-20,25.85,23
eurocup,kaba alpha||eurocup,2017-12-27,14.5,3
eurocup,kaba alpha||eurocup,2018-01-03,14.45,5
eurocup,kaba alpha||eurocup,2018-01-10,15.966666666666667,22
eurocup,kaba alpha||eurocup,2018-01-17,11.633333333333333,4
eurocup,kadji kenny||eurocup,2017-10-10,24.233333333333334,24
eurocup,kadji kenny||eurocup,2017-10-17,26.733333333333334,14
eurocup,kadji kenny||eurocup,2017-10-25,25.55,6
eurocup,kadji kenny||eurocup,2017-11-01,23.533333333333335,9
eurocup,kadji kenny||eurocup,2017-11-08,22.883333333333333,3
eurocup,kadji kenny||eurocup,2017-11-15,16.6,2
eurocup,kadji kenny||eurocup,2017-12-06,20.516666666666666,1
eurocup,kadji kenny||eurocup,2017-12-13,23.866666666666667,15
eurocup,kadji kenny||eurocup,2017-12-20,21.4,1
eurocup,kadji kenny||eurocup,2017-12-26,29.433333333333334,8
eurocup,kahudi charles||eurocup,2017-10-11,18.783333333333335,8
eurocup,kahudi charles||eurocup,2017-10-17,22.266666666666666,10
eurocup,kahudi charles||eurocup,2017-10-25,30.016666666666666,9
eurocup,kahudi charles||eurocup,2017-11-01,32.8,10
eurocup,kahudi charles||eurocup,2017-11-08,29.616666666666667,18
eurocup,kahudi charles||eurocup,2017-12-06,27.816666666666666,16
eurocup,kahudi charles||eurocup,2017-12-12,23.916666666666668,13
eurocup,kahudi charles||eurocup,2017-12-20,27.466666666666665,17
eurocup,kahudi charles||eurocup,2017-12-27,43.06666666666667,27
eurocup,kahudi charles||eurocup,2018-01-03,31.616666666666667,2
eurocup,kahudi charles||eurocup,2018-01-10,20.733333333333334,12
eurocup,kahudi charles||eurocup,2018-01-17,21.55,6
eurocup,kaimakoglou kostas||eurocup,2017-10-11,17.7,8
eurocup,kaimakoglou kostas||eurocup,2017-10-18,13.516666666666667,8
eurocup,kaimakoglou kostas||eurocup,2017-10-25,15.233333333333333,0
eurocup,kaimakoglou kostas||eurocup,2017-11-01,17.2,3
eurocup,karasev sergey||eurocup,2017-10-11,31.433333333333334,12
eurocup,karasev sergey||eurocup,2017-10-18,28.966666666666665,16
eurocup,karasev sergey||eurocup,2017-10-25,26.333333333333332,-5
eurocup,karasev sergey||eurocup,2017-11-01,30.116666666666667,9
eurocup,karasev sergey||eurocup,2017-11-08,33.583333333333336,16
eurocup,karasev sergey||eurocup,2017-11-14,32.55,32
eurocup,karasev sergey||eurocup,2017-12-05,24.55,19
eurocup,karasev sergey||eurocup,2017-12-12,29.133333333333333,30
eurocup,karasev sergey||eurocup,2017-12-19,28.566666666666666,8
eurocup,karasev sergey||eurocup,2017-12-26,28.883333333333333,14
eurocup,karasev sergey||eurocup,2018-01-03,30.116666666666667,10
eurocup,karasev sergey||eurocup,2018-01-10,33.3,19
eurocup,karasev sergey||eurocup,2018-01-17,20.35,14
eurocup,karnowski przemek||eurocup,2017-10-11,14.666666666666666,3
eurocup,karnowski przemek||eurocup,2017-10-17,21.333333333333332,6
eurocup,karnowski przemek||eurocup,2017-10-25,24.433333333333334,10
eurocup,karnowski przemek||eurocup,2017-10-31,22.6,10
eurocup,karnowski przemek||eurocup,2017-11-07,22.666666666666668,16
eurocup,karnowski przemek||eurocup,2017-11-15,15.833333333333334,7
eurocup,karnowski przemek||eurocup,2017-12-06,22.333333333333332,12
eurocup,karnowski przemek||eurocup,2017-12-13,19.95,5
eurocup,karnowski przemek||eurocup,2017-12-20,17.983333333333334,4
eurocup,karnowski przemek||eurocup,2017-12-27,1.05,-1
eurocup,katic toni||eurocup,2017-10-11,0.0,0
eurocup,katic toni||eurocup,2017-10-18,2.7333333333333334,1
eurocup,katic toni||eurocup,2017-10-25,13.016666666666667,0
eurocup,katic toni||eurocup,2017-11-01,15.6,5
eurocup,katic toni||eurocup,2017-11-08,9.683333333333334,1
eurocup,katic toni||eurocup,2017-11-15,4.516666666666667,3
eurocup,katic toni||eurocup,2017-12-06,0.0,0
eurocup,katic toni||eurocup,2017-12-13,0.0,0
eurocup,katic toni||eurocup,2017-12-20,8.8,-3
eurocup,katic toni||eurocup,2017-12-27,18.033333333333335,7
eurocup,katic toni||eurocup,2018-01-03,6.25,2
eurocup,katic toni||eurocup,2018-01-10,6.35,-1
eurocup,katic toni||eurocup,2018-01-16,23.683333333333334,7
eurocup,kempton tim||eurocup,2017-10-11,10.233333333333333,14
eurocup,kempton tim||eurocup,2017-10-18,6.583333333333333,5
eurocup,kempton tim||eurocup,2017-10-24,10.1,-2
eurocup,kempton tim||eurocup,2017-11-01,12.583333333333334,6
eurocup,khvostov dmitry||eurocup,2017-10-11,10.0,2
eurocup,khvostov dmitry||eurocup,2017-10-18,13.966666666666667,-2
eurocup,khvostov dmitry||eurocup,2017-10-24,21.783333333333335,-2
eurocup,khvostov dmitry||eurocup,2017-11-01,19.116666666666667,8
eurocup,khvostov dmitry||eurocup,2017-11-08,8.6,1
eurocup,khvostov dmitry||eurocup,2017-11-15,21.533333333333335,10
eurocup,khvostov dmitry||eurocup,2017-12-05,16.066666666666666,3
eurocup,khvostov dmitry||eurocup,2017-12-13,13.05,-2
eurocup,khvostov dmitry||eurocup,2017-12-27,6.85,4
eurocup,khvostov dmitry||eurocup,2018-01-03,10.983333333333333,5
eurocup,khvostov dmitry||eurocup,2018-01-10,18.15,5
eurocup,khvostov dmitry||eurocup,2018-01-16,11.416666666666666,0
eurocup,kidd stanton||eurocup,2017-10-11,16.15,11
eurocup,kidd stanton||eurocup,2017-10-18,3.15,-2
eurocup,kidd stanton||eurocup,2017-10-25,6.366666666666666,1
eurocup,kidd stanton||eurocup,2017-11-01,17.333333333333332,5
eurocup,kidd stanton||eurocup,2017-11-07,9.55,0
eurocup,kidd stanton||eurocup,2017-11-15,13.416666666666666,10
eurocup,kidd stanton||eurocup,2017-12-06,30.583333333333332,8
eurocup,kidd stanton||eurocup,2017-12-13,21.5,12
eurocup,kidd stanton||eurocup,2017-12-20,11.983333333333333,0
eurocup,kidd stanton||eurocup,2017-12-27,1.9166666666666665,-1
eurocup,kidd stanton||eurocup,2018-01-03,21.5,12
eurocup,kidd stanton||eurocup,2018-01-10,26.4,18
eurocup,kidd stanton||eurocup,2018-01-17,19.133333333333333,3
eurocup,king alex||eurocup,2017-10-11,0.0,0
eurocup,king alex||eurocup,2017-10-18,11.816666666666666,11
eurocup,king alex||eurocup,2017-10-25,0.0,0
eurocup,king alex||eurocup,2017-11-01,0.0,0
eurocup,king alex||eurocup,2017-11-08,10.416666666666666,4
eurocup,king alex||eurocup,2017-11-15,2.5833333333333335,-1
eurocup,king alex||eurocup,2017-12-06,5.35,3
eurocup,king alex||eurocup,2017-12-13,12.6,3
eurocup,king alex||eurocup,2017-12-19,16.366666666666667,3
eurocup,king alex||eurocup,2017-12-27,18.2,1
eurocup,king alex||eurocup,2018-01-02,0.0,0
eurocup,king alex||eurocup,2018-01-10,5.666666666666667,-2
eurocup,king alex||eurocup,2018-01-17,0.0,0
eurocup,kinsey tarence||eurocup,2017-11-01,12.65,-2
eurocup,kinsey tarence||eurocup,2017-11-08,25.116666666666667,8
eurocup,kinsey tarence||eurocup,2017-11-15,10.283333333333333,-2
eurocup,kinsey tarence||eurocup,2017-12-06,29.25,8
eurocup,kinsey tarence||eurocup,2017-12-13,33.03333333333333,17
eurocup,kinsey tarence||eurocup,2017-12-20,25.133333333333333,8
eurocup,kinsey tarence||eurocup,2017-12-27,24.366666666666667,17
eurocup,kljajic jovan||eurocup,2017-12-06,0.7333333333333333,3
eurocup,koksal goksenin||eurocup,2017-10-11,21.833333333333332,5
eurocup,koksal goksenin||eurocup,2017-10-18,15.583333333333334,2
eurocup,koksal goksenin||eurocup,2017-10-25,11.583333333333334,-3
eurocup,koksal goksenin||eurocup,2017-11-01,18.2,10
eurocup,koksal goksenin||eurocup,2017-11-08,23.85,16
eurocup,koksal goksenin||eurocup,2017-11-15,24.35,2
eurocup,koksal goksenin||eurocup,2017-12-06,5.216666666666667,-6
eurocup,koksal goksenin||eurocup,2017-12-12,15.566666666666666,-2
eurocup,koksal goksenin||eurocup,2017-12-19,28.883333333333333,16
eurocup,koksal goksenin||eurocup,2017-12-27,0.0,0
eurocup,koksal goksenin||eurocup,2018-01-03,16.883333333333333,-3
eurocup,koksal goksenin||eurocup,2018-01-10,22.3,11
eurocup,koksal goksenin||eurocup,2018-01-16,16.833333333333332,2
eurocup,kolesnikov evgeny||eurocup,2017-10-11,6.183333333333334,1
eurocup,kolesnikov evgeny||eurocup,2017-10-18,13.35,-2
eurocup,kolesnikov evgeny||eurocup,2017-10-25,8.25,-2
eurocup,kolesnikov evgeny||eurocup,2017-11-15,8.366666666666667,6
eurocup,kolesnikov evgeny||eurocup,2017-12-06,12.05,4
eurocup,kolesnikov evgeny||eurocup,2017-12-13,5.2,-1
eurocup,kolesnikov evgeny||eurocup,2017-12-20,14.466666666666667,-5
eurocup,kolesnikov evgeny||eurocup,2017-12-26,14.75,-1
eurocup,kolesnikov evgeny||eurocup,2018-01-03,3.2,-1
eurocup,kolesnikov evgeny||eurocup,2018-01-09,0.0,0
eurocup,kolesnikov evgeny||eurocup,2018-01-16,5.2,-2
eurocup,konuk mert||eurocup,2017-10-10,0.0,0
eurocup,konuk mert||eurocup,2017-10-17,0.0,0
eurocup,konuk mert||eurocup,2017-12-13,0.0,0
eurocup,koshcheev andrey||eurocup,2017-10-11,13.9,0
eurocup,koshcheev andrey||eurocup,2017-10-18,8.2,1
eurocup,koshcheev andrey||eurocup,2017-10-25,13.966666666666667,2
eurocup,koshcheev andrey||eurocup,2017-11-01,2.35,-2
eurocup,koshcheev andrey||eurocup,2017-12-06,0.0,0
eurocup,kosut emircan||eurocup,2017-10-18,0.43333333333333335,0
eurocup,kosut emircan||eurocup,2017-10-25,7.733333333333333,1
eurocup,kosut emircan||eurocup,2017-11-01,9.416666666666666,0
eurocup,kosut emircan||eurocup,2017-11-15,10.483333333333333,8
eurocup,kosut emircan||eurocup,2017-12-06,0.0,0
eurocup,kosut emircan||eurocup,2017-12-20,4.5,5
eurocup,kosut emircan||eurocup,2017-12-27,10.0,0
eurocup,kosut emircan||eurocup,2018-01-03,9.916666666666666,1
eurocup,kosut emircan||eurocup,2018-01-17,0.18333333333333332,0
eurocup,kraemer david||eurocup,2017-10-10,9.6,-3
eurocup,kraemer david||eurocup,2017-10-17,15.633333333333333,15
eurocup,kraemer david||eurocup,2017-10-25,0.0,0
eurocup,kraemer david||eurocup,2017-11-08,13.333333333333334,0
eurocup,kraemer david||eurocup,2017-11-15,9.383333333333333,10
eurocup,kraemer david||eurocup,2017-12-13,5.85,0
eurocup,kraemer david||eurocup,2017-12-19,7.883333333333333,5
eurocup,kraemer david||eurocup,2017-12-27,16.0,7
eurocup,kramer chris||eurocup,2017-10-11,26.666666666666668,11
eurocup,kramer chris||eurocup,2017-10-24,0.0,0
eurocup,kramer chris||eurocup,2017-11-01,30.05,15
eurocup,kramer chris||eurocup,2017-11-07,34.13333333333333,13
eurocup,kramer chris||eurocup,2017-11-15,32.7,38
eurocup,kramer chris||eurocup,2017-12-05,31.533333333333335,19
eurocup,kramer chris||eurocup,2017-12-13,34.96666666666667,26
eurocup,kramer chris||eurocup,2017-12-20,20.483333333333334,3
eurocup,kramer chris||eurocup,2017-12-26,27.95,21
eurocup,kramer chris||eurocup,2018-01-03,30.516666666666666,11
eurocup,kramer chris||eurocup,2018-01-10,27.15,10
eurocup,kramer chris||eurocup,2018-01-17,33.166666666666664,26
eurocup,kruslin filip||eurocup,2017-10-11,28.983333333333334,13
eurocup,kruslin filip||eurocup,2017-10-18,25.183333333333334,2
eurocup,kruslin filip||eurocup,2017-10-25,25.2,7
eurocup,kruslin filip||eurocup,2017-11-01,29.15,16
eurocup,kruslin filip||eurocup,2017-11-08,24.483333333333334,7
eurocup,kruslin filip||eurocup,2017-11-15,20.516666666666666,6
eurocup,kruslin filip||eurocup,2017-12-06,23.766666666666666,-2
eurocup,kruslin filip||eurocup,2017-12-13,20.9,0
eurocup,kruslin filip||eurocup,2017-12-20,27.716666666666665,7
eurocup,kruslin filip||eurocup,2017-12-27,28.383333333333333,14
eurocup,kruslin filip||eurocup,2018-01-03,0.0,0
eurocup,kulagin dmitry||eurocup,2017-11-01,8.05,-1
eurocup,kulagin dmitry||eurocup,2017-11-08,25.0,29
eurocup,kulagin dmitry||eurocup,2017-11-15,23.283333333333335,11
eurocup,kulagin dmitry||eurocup,2017-12-05,19.1,11
eurocup,kulagin dmitry||eurocup,2017-12-13,26.083333333333332,9
eurocup,kulagin dmitry||eurocup,2017-12-27,22.8,22
eurocup,kulagin dmitry||eurocup,2018-01-03,26.95,10
eurocup,kulagin dmitry||eurocup,2018-01-10,24.583333333333332,9
eurocup,kulagin dmitry||eurocup,2018-01-16,32.733333333333334,5
eurocup,kuric kyle||eurocup,2017-10-11,27.7,16
eurocup,kuric kyle||eurocup,2017-10-18,25.716666666666665,10
eurocup,kuric kyle||eurocup,2017-10-25,28.8,20
eurocup,kuric kyle||eurocup,2017-11-01,25.166666666666668,8
eurocup,kuric kyle||eurocup,2017-11-08,28.75,27
eurocup,kuric kyle||eurocup,2017-11-14,26.783333333333335,12
eurocup,kuric kyle||eurocup,2017-12-05,23.366666666666667,4
eurocup,kuric kyle||eurocup,2017-12-12,18.683333333333334,4
eurocup,kuric kyle||eurocup,2017-12-19,18.45,-1
eurocup,kuric kyle||eurocup,2017-12-26,16.333333333333332,-4
eurocup,kuric kyle||eurocup,2018-01-03,30.033333333333335,33
eurocup,kuric kyle||eurocup,2018-01-10,31.3,40
eurocup,kuric kyle||eurocup,2018-01-17,19.633333333333333,30
eurocup,lacey trevor||eurocup,2017-10-11,24.166666666666668,5
eurocup,lacey trevor||eurocup,2017-10-18,22.983333333333334,10
eurocup,lacey trevor||eurocup,2017-11-01,27.25,31
eurocup,lacey trevor||eurocup,2017-11-08,28.1,18
eurocup,lacey trevor||eurocup,2017-11-15,20.85,17
eurocup,lacey trevor||eurocup,2017-12-05,22.816666666666666,13
eurocup,lacey trevor||eurocup,2017-12-13,12.766666666666667,8
eurocup,lacey trevor||eurocup,2017-12-20,19.533333333333335,16
eurocup,lacey trevor||eurocup,2017-12-27,15.766666666666667,7
eurocup,lacey trevor||eurocup,2018-01-03,12.833333333333334,-5
eurocup,lacey trevor||eurocup,2018-01-10,21.366666666666667,18
eurocup,lacey trevor||eurocup,2018-01-16,25.783333333333335,21
eurocup,landry kyle||eurocup,2017-10-11,10.2,5
eurocup,landry kyle||eurocup,2017-10-17,23.283333333333335,12
eurocup,landry kyle||eurocup,2017-10-25,14.916666666666666,4
eurocup,landry kyle||eurocup,2017-11-01,21.966666666666665,22
eurocup,landry kyle||eurocup,2017-11-07,21.7,10
eurocup,landry kyle||eurocup,2017-11-15,24.233333333333334,0
eurocup,landry kyle||eurocup,2017-12-06,15.266666666666667,4
eurocup,landry kyle||eurocup,2017-12-12,19.066666666666666,13
eurocup,landry kyle||eurocup,2017-12-19,26.6,14
eurocup,landry kyle||eurocup,2017-12-27,22.383333333333333,15
eurocup,landry kyle||eurocup,2018-01-03,15.95,9
eurocup,landry kyle||eurocup,2018-01-10,24.116666666666667,10
eurocup,landry kyle||eurocup,2018-01-17,19.766666666666666,7
eurocup,lang nicolas||eurocup,2017-10-11,17.383333333333333,-2
eurocup,lang nicolas||eurocup,2017-10-17,23.883333333333333,17
eurocup,lang nicolas||eurocup,2017-10-25,14.666666666666666,-4
eurocup,lang nicolas||eurocup,2017-12-06,7.733333333333333,0
eurocup,lang nicolas||eurocup,2017-12-12,11.766666666666667,2
eurocup,lang nicolas||eurocup,2017-12-20,11.25,0
eurocup,lang nicolas||eurocup,2017-12-27,11.933333333333334,4
eurocup,lang nicolas||eurocup,2018-01-03,9.1,-1
eurocup,lang nicolas||eurocup,2018-01-10,11.583333333333334,1
eurocup,lang nicolas||eurocup,2018-01-17,11.366666666666667,6
eurocup,laprovittola nicolas||eurocup,2017-10-11,14.6,12
eurocup,laprovittola nicolas||eurocup,2017-10-18,22.683333333333334,14
eurocup,laprovittola nicolas||eurocup,2017-10-25,26.0,13
eurocup,laprovittola nicolas||eurocup,2017-11-01,12.583333333333334,11
eurocup,laprovittola nicolas||eurocup,2017-11-08,2.3666666666666667,-1
eurocup,laprovittola nicolas||eurocup,2017-11-14,0.0,0
eurocup,laprovittola nicolas||eurocup,2017-12-05,25.75,24
eurocup,laprovittola nicolas||eurocup,2017-12-12,16.216666666666665,7
eurocup,laprovittola nicolas||eurocup,2017-12-19,0.0,0
eurocup,laprovittola nicolas||eurocup,2017-12-26,0.0,0
eurocup,lasme stephane||eurocup,2017-10-11,20.0,19
eurocup,lasme stephane||eurocup,2017-10-18,27.133333333333333,23
eurocup,lasme stephane||eurocup,2017-10-25,23.283333333333335,10
eurocup,lasme stephane||eurocup,2017-11-01,30.0,29
eurocup,lasme stephane||eurocup,2017-11-08,30.4,31
eurocup,lasme stephane||eurocup,2017-11-15,28.933333333333334,22
eurocup,lasme stephane||eurocup,2017-12-06,31.883333333333333,16
eurocup,lasme stephane||eurocup,2017-12-13,30.283333333333335,20
eurocup,lasme stephane||eurocup,2017-12-20,29.183333333333334,28
eurocup,lasme stephane||eurocup,2017-12-26,23.2,22
eurocup,lasme stephane||eurocup,2018-01-03,26.016666666666666,18
eurocup,lasme stephane||eurocup,2018-01-09,27.15,16
eurocup,lasme stephane||eurocup,2018-01-16,32.983333333333334,13
eurocup,lavrinovic darjus||eurocup,2017-10-11,11.266666666666667,11
eurocup,lavrinovic darjus||eurocup,2017-10-18,10.95,-1
eurocup,lavrinovic darjus||eurocup,2017-10-25,13.783333333333333,14
eurocup,lavrinovic darjus||eurocup,2017-11-01,16.666666666666668,25
eurocup,lavrinovic darjus||eurocup,2017-11-07,14.466666666666667,8
eurocup,lavrinovic darjus||eurocup,2017-11-15,15.566666666666666,0
eurocup,lavrinovic darjus||eurocup,2017-12-06,18.283333333333335,17
eurocup,lavrinovic darjus||eurocup,2017-12-13,12.283333333333333,10
eurocup,lavrinovic darjus||eurocup,2017-12-19,13.4,13
eurocup,lavrinovic darjus||eurocup,2017-12-27,13.45,6
eurocup,lavrinovic ksistof||eurocup,2017-10-11,27.7,27
eurocup,lavrinovic ksistof||eurocup,2017-10-18,19.35,-2
eurocup,lavrinovic ksistof||eurocup,2017-10-25,26.116666666666667,11
eurocup,lavrinovic ksistof||eurocup,2017-11-01,13.466666666666667,2
eurocup,lavrinovic ksistof||eurocup,2017-11-07,23.266666666666666,10
eurocup,lavrinovic ksistof||eurocup,2017-11-15,15.683333333333334,1
eurocup,lavrinovic ksistof||eurocup,2017-12-06,21.7,17
eurocup,lavrinovic ksistof||eurocup,2017-12-13,27.25,15
eurocup,lavrinovic ksistof||eurocup,2017-12-19,26.6,34
eurocup,lavrinovic ksistof||eurocup,2017-12-27,21.6,0
eurocup,lazarev ivan||eurocup,2017-10-11,8.883333333333333,7
eurocup,lazarev ivan||eurocup,2017-11-08,0.35,0
eurocup,lazarev ivan||eurocup,2017-11-14,7.3,0
eurocup,lazarev ivan||eurocup,2017-12-05,14.916666666666666,6
eurocup,lazarev ivan||eurocup,2017-12-12,6.133333333333334,1
eurocup,lazarev ivan||eurocup,2017-12-19,7.683333333333334,5
eurocup,lazarev ivan||eurocup,2017-12-26,6.333333333333333,1
eurocup,lazarev ivan||eurocup,2018-01-03,0.0,0
eurocup,lazarev ivan||eurocup,2018-01-10,9.033333333333333,5
eurocup,lazarev ivan||eurocup,2018-01-17,5.983333333333333,-5
eurocup,lechthaler luca||eurocup,2017-10-11,1.3333333333333333,1
eurocup,lechthaler luca||eurocup,2017-10-18,0.0,0
eurocup,lechthaler luca||eurocup,2017-10-25,0.0,0
eurocup,lechthaler luca||eurocup,2017-11-01,2.0833333333333335,-2
eurocup,lechthaler luca||eurocup,2017-11-08,0.0,0
eurocup,lechthaler luca||eurocup,2017-11-14,0.0,0
eurocup,lechthaler luca||eurocup,2017-12-05,19.866666666666667,5
eurocup,lechthaler luca||eurocup,2017-12-13,8.5,4
eurocup,lechthaler luca||eurocup,2017-12-20,10.433333333333334,1
eurocup,lechthaler luca||eurocup,2017-12-27,11.983333333333333,-1
eurocup,lechthaler luca||eurocup,2018-01-03,6.416666666666667,1
eurocup,lechthaler luca||eurocup,2018-01-10,12.816666666666666,-1
eurocup,lechthaler luca||eurocup,2018-01-17,5.15,1
eurocup,leonavicius gintaras||eurocup,2017-10-11,18.15,0
eurocup,leonavicius gintaras||eurocup,2017-10-18,17.85,10
eurocup,leonavicius gintaras||eurocup,2017-10-25,15.166666666666666,1
eurocup,leonavicius gintaras||eurocup,2017-11-01,17.966666666666665,0
eurocup,leonavicius gintaras||eurocup,2017-11-07,10.016666666666667,-3
eurocup,leonavicius gintaras||eurocup,2017-11-15,4.05,2
eurocup,leonavicius gintaras||eurocup,2017-12-06,8.916666666666666,0
eurocup,leonavicius gintaras||eurocup,2017-12-13,19.783333333333335,0
eurocup,leonavicius gintaras||eurocup,2017-12-19,12.116666666666667,0
eurocup,leonavicius gintaras||eurocup,2017-12-27,11.116666666666667,1
eurocup,lesca remy||eurocup,2017-10-11,17.9,5
eurocup,lesca remy||eurocup,2017-10-18,3.466666666666667,-2
eurocup,lesca remy||eurocup,2017-10-25,18.066666666666666,2
eurocup,lesca remy||eurocup,2017-10-31,16.683333333333334,-2
eurocup,lesca remy||eurocup,2017-11-08,26.833333333333332,32
eurocup,lesca remy||eurocup,2017-11-15,25.25,6
eurocup,lesca remy||eurocup,2017-12-06,15.683333333333334,-3
eurocup,lesca remy||eurocup,2017-12-13,4.066666666666666,1
eurocup,lesca remy||eurocup,2017-12-20,13.5,4
eurocup,lesca remy||eurocup,2017-12-27,16.766666666666666,-4
eurocup,leslie travis||eurocup,2017-12-06,32.18333333333333,12
eurocup,leslie travis||eurocup,2017-12-13,30.366666666666667,19
eurocup,leslie travis||eurocup,2017-12-20,24.233333333333334,7
eurocup,leslie travis||eurocup,2017-12-27,28.016666666666666,4
eurocup,levshin denis||eurocup,2017-12-20,3.1,0
eurocup,lewis trey||eurocup,2017-10-10,30.4,20
eurocup,lewis trey||eurocup,2017-10-17,23.35,8
eurocup,lewis trey||eurocup,2017-10-25,15.066666666666666,12
eurocup,lewis trey||eurocup,2017-11-01,30.6,11
eurocup,lewis trey||eurocup,2017-11-08,21.083333333333332,2
eurocup,lewis trey||eurocup,2017-11-15,22.383333333333333,10
eurocup,lewis trey||eurocup,2017-12-06,18.8,5
eurocup,lewis trey||eurocup,2017-12-13,34.11666666666667,22
eurocup,lewis trey||eurocup,2017-12-19,19.883333333333333,1
eurocup,lewis trey||eurocup,2017-12-27,23.666666666666668,7
eurocup,lighty david||eurocup,2017-10-11,26.25,15
eurocup,lighty david||eurocup,2017-10-17,25.683333333333334,16
eurocup,lighty david||eurocup,2017-10-25,23.4,12
eurocup,lighty david||eurocup,2017-11-01,34.8,19
eurocup,lighty david||eurocup,2017-11-08,23.9,10
eurocup,lighty david||eurocup,2017-11-14,31.35,14
eurocup,lighty david||eurocup,2017-12-06,10.833333333333334,-5
eurocup,lighty david||eurocup,2017-12-12,13.816666666666666,4
eurocup,lighty david||eurocup,2017-12-20,28.45,15
eurocup,lighty david||eurocup,2017-12-27,42.333333333333336,24
eurocup,lighty david||eurocup,2018-01-03,27.633333333333333,-6
eurocup,lighty david||eurocup,2018-01-10,19.133333333333333,3
eurocup,lighty david||eurocup,2018-01-17,25.0,13
eurocup,llompart pedro||eurocup,2017-12-06,22.466666666666665,3
eurocup,llompart pedro||eurocup,2017-12-13,24.766666666666666,2
eurocup,llompart pedro||eurocup,2017-12-20,24.416666666666668,7
eurocup,llompart pedro||eurocup,2017-12-27,23.533333333333335,11
eurocup,llompart pedro||eurocup,2018-01-02,15.766666666666667,5
eurocup,llompart pedro||eurocup,2018-01-10,24.366666666666667,0
eurocup,llompart pedro||eurocup,2018-01-16,24.883333333333333,-2
eurocup,lockett trent||eurocup,2017-10-11,29.35,18
eurocup,lockett trent||eurocup,2017-10-18,28.983333333333334,8
eurocup,lockett trent||eurocup,2017-10-25,35.61666666666667,8
eurocup,lockett trent||eurocup,2017-11-01,21.15,0
eurocup,lockett trent||eurocup,2017-11-08,16.583333333333332,1
eurocup,lockett trent||eurocup,2017-11-15,30.55,23
eurocup,lockett trent||eurocup,2017-12-06,27.483333333333334,13
eurocup,lockett trent||eurocup,2017-12-13,33.18333333333333,12
eurocup,lockett trent||eurocup,2017-12-20,26.966666666666665,10
eurocup,lockett trent||eurocup,2017-12-26,29.6,13
eurocup,lockett trent||eurocup,2018-01-03,25.383333333333333,7
eurocup,lockett trent||eurocup,2018-01-09,23.266666666666666,10
eurocup,lockett trent||eurocup,2018-01-16,29.033333333333335,11
eurocup,lopez javi||eurocup,2018-01-02,0.0,0
eurocup,loubaki fred||eurocup,2017-11-08,0.0,0
eurocup,loubaki fred||eurocup,2017-11-15,6.333333333333333,-1
eurocup,loubaki fred||eurocup,2017-12-06,0.0,0
eurocup,loubaki fred||eurocup,2017-12-13,0.0,0
eurocup,loubaki fred||eurocup,2017-12-20,0.31666666666666665,-1
eurocup,loubaki fred||eurocup,2017-12-27,0.0,0
eurocup,lucas kalin||eurocup,2017-11-08,3.2333333333333334,0
eurocup,lucas kalin||eurocup,2017-11-15,21.316666666666666,24
eurocup,lucas kalin||eurocup,2017-12-06,30.666666666666668,4
eurocup,lucas kalin||eurocup,2017-12-13,29.183333333333334,17
eurocup,lucas kalin||eurocup,2017-12-20,21.766666666666666,-3
eurocup,lucas kalin||eurocup,2017-12-27,21.583333333333332,-2
eurocup,lucic vladimir||eurocup,2017-10-11,26.75,20
eurocup,lucic vladimir||eurocup,2017-10-18,15.633333333333333,14
eurocup,lucic vladimir||eurocup,2017-10-25,28.65,23
eurocup,lukauskis mindaugas||eurocup,2017-10-11,19.55,7
eurocup,lukauskis mindaugas||eurocup,2017-10-18,22.55,0
eurocup,lukauskis mindaugas||eurocup,2017-10-24,28.8,5
eurocup,lukauskis mindaugas||eurocup,2017-11-01,22.116666666666667,18
eurocup,lukauskis mindaugas||eurocup,2017-11-07,19.216666666666665,4
eurocup,lukauskis mindaugas||eurocup,2017-11-15,23.766666666666666,5
eurocup,lukauskis mindaugas||eurocup,2017-12-05,9.1,4
eurocup,lukauskis mindaugas||eurocup,2017-12-13,17.783333333333335,3
eurocup,lukauskis mindaugas||eurocup,2017-12-20,8.083333333333334,6
eurocup,lukauskis mindaugas||eurocup,2018-01-03,9.333333333333334,3
eurocup,lukauskis mindaugas||eurocup,2018-01-10,0.0,0
eurocup,lukauskis mindaugas||eurocup,2018-01-17,2.4,-1
eurocup,lydeka tautvydas||eurocup,2017-12-05,15.283333333333333,13
eurocup,lydeka tautvydas||eurocup,2017-12-12,17.183333333333334,11
eurocup,lydeka tautvydas||eurocup,2017-12-19,17.966666666666665,16
eurocup,lydeka tautvydas||eurocup,2017-12-26,19.333333333333332,3
eurocup,lydeka tautvydas||eurocup,2018-01-02,16.033333333333335,6
eurocup,lydeka tautvydas||eurocup,2018-01-09,9.65,0
eurocup,lydeka tautvydas||eurocup,2018-01-17,24.483333333333334,12
eurocup,macvan milan||eurocup,2017-10-11,25.266666666666666,14
eurocup,macvan milan||eurocup,2017-10-18,16.416666666666668,9
eurocup,macvan milan||eurocup,2017-10-25,21.583333333333332,16
eurocup,macvan milan||eurocup,2017-11-01,20.45,6
eurocup,macvan milan||eurocup,2017-11-08,20.766666666666666,3
eurocup,macvan milan||eurocup,2017-11-15,27.883333333333333,13
eurocup,macvan milan||eurocup,2017-12-06,21.1,24
eurocup,macvan milan||eurocup,2017-12-13,18.583333333333332,9
eurocup,macvan milan||eurocup,2017-12-19,22.6,11
eurocup,macvan milan||eurocup,2018-01-02,19.7,16
eurocup,macvan milan||eurocup,2018-01-10,23.966666666666665,25
eurocup,macvan milan||eurocup,2018-01-17,30.933333333333334,20
eurocup,madgen ben||eurocup,2017-10-11,24.483333333333334,2
eurocup,madgen ben||eurocup,2017-12-05,24.1,4
eurocup,madgen ben||eurocup,2017-12-13,24.916666666666668,7
eurocup,madgen ben||eurocup,2017-12-20,21.166666666666668,21
eurocup,madgen ben||eurocup,2017-12-26,21.1,1
eurocup,madgen ben||eurocup,2018-01-03,15.766666666666667,0
eurocup,madgen ben||eurocup,2018-01-10,11.15,-3
eurocup,madgen ben||eurocup,2018-01-17,7.516666666666667,-1
eurocup,maledon theo||eurocup,2017-10-17,5.833333333333333,-1
eurocup,maledon theo||eurocup,2017-10-25,0.0,0
eurocup,maledon theo||eurocup,2017-11-01,5.15,0
eurocup,maledon theo||eurocup,2017-11-08,0.0,0
eurocup,maledon theo||eurocup,2017-11-14,0.0,0
eurocup,maledon theo||eurocup,2017-12-20,0.0,0
eurocup,maledon theo||eurocup,2018-01-10,0.0,0
eurocup,maledon theo||eurocup,2018-01-17,0.0,0
eurocup,maric nikola||eurocup,2017-10-11,0.0,0
eurocup,maric nikola||eurocup,2017-10-17,0.0,0
eurocup,maric nikola||eurocup,2017-10-25,0.0,0
eurocup,marinkovic vanja||eurocup,2017-10-11,34.28333333333333,15
eurocup,marinkovic vanja||eurocup,2017-10-18,31.3,8
eurocup,marinkovic vanja||eurocup,2017-10-24,19.466666666666665,4
eurocup,marinkovic vanja||eurocup,2017-10-31,33.75,13
eurocup,marinkovic vanja||eurocup,2017-11-08,30.466666666666665,9
eurocup,marinkovic vanja||eurocup,2017-11-14,31.85,9
eurocup,marinkovic vanja||eurocup,2017-12-05,19.55,6
eurocup,marinkovic vanja||eurocup,2017-12-19,0.0,0
eurocup,marinkovic vanja||eurocup,2017-12-27,27.066666666666666,13
eurocup,markoishvili manuchar||eurocup,2017-10-11,17.5,0
eurocup,markoishvili manuchar||eurocup,2017-10-18,24.8,3
eurocup,markoishvili manuchar||eurocup,2017-10-25,32.0,11
eurocup,markoishvili manuchar||eurocup,2017-11-01,36.31666666666667,3
eurocup,markoishvili manuchar||eurocup,2017-11-08,24.35,12
eurocup,markoishvili manuchar||eurocup,2017-11-15,31.966666666666665,15
eurocup,markoishvili manuchar||eurocup,2017-12-06,31.05,12
eurocup,markoishvili manuchar||eurocup,2017-12-13,35.666666666666664,15
eurocup,markoishvili manuchar||eurocup,2017-12-20,29.883333333333333,12
eurocup,markoishvili manuchar||eurocup,2017-12-27,27.7,6
eurocup,markoishvili manuchar||eurocup,2018-01-02,14.483333333333333,-5
eurocup,markoishvili manuchar||eurocup,2018-01-10,24.1,6
eurocup,markoishvili manuchar||eurocup,2018-01-16,29.733333333333334,9
eurocup,markota damir||eurocup,2017-12-06,17.083333333333332,1
eurocup,markota damir||eurocup,2017-12-13,16.266666666666666,3
eurocup,markota damir||eurocup,2017-12-20,9.683333333333334,-3
eurocup,markota damir||eurocup,2017-12-27,18.383333333333333,16
eurocup,markota damir||eurocup,2018-01-03,25.25,11
eurocup,markota damir||eurocup,2018-01-10,16.133333333333333,3
eurocup,markota damir||eurocup,2018-01-16,15.666666666666666,11
eurocup,mattisseck jonas||eurocup,2017-12-12,0.0,0
eurocup,mattisseck jonas||eurocup,2018-01-10,4.383333333333334,2
eurocup,mattisseck jonas||eurocup,2018-01-17,0.0,0
eurocup,mavrokefalidis loukas||eurocup,2017-10-11,25.6,18
eurocup,mavrokefalidis loukas||eurocup,2017-10-18,27.25,26
eurocup,mavrokefalidis loukas||eurocup,2017-10-24,31.8,26
eurocup,mavrokefalidis loukas||eurocup,2017-11-01,23.55,15
eurocup,mavrokefalidis loukas||eurocup,2017-11-07,22.216666666666665,19
eurocup,mavrokefalidis loukas||eurocup,2017-11-15,25.083333333333332,19
eurocup,mavrokefalidis loukas||eurocup,2017-12-05,23.35,7
eurocup,mavrokefalidis loukas||eurocup,2017-12-26,19.966666666666665,14
eurocup,mavrokefalidis loukas||eurocup,2018-01-03,21.583333333333332,20
eurocup,mavrokefalidis loukas||eurocup,2018-01-10,23.533333333333335,7
eurocup,mavrokefalidis loukas||eurocup,2018-01-17,23.016666666666666,14
eurocup,mayor igor||eurocup,2017-10-17,0.0,0
eurocup,mayor igor||eurocup,2017-10-25,0.0,0
eurocup,mayor igor||eurocup,2017-11-01,0.0,0
eurocup,mayor igor||eurocup,2017-11-08,0.0,0
eurocup,mayor igor||eurocup,2017-11-15,0.0,0
eurocup,mazzola valerio||eurocup,2017-10-11,6.4,7
eurocup,mazzola valerio||eurocup,2017-10-17,6.183333333333334,-2
eurocup,mazzola valerio||eurocup,2017-10-25,17.666666666666668,-2
eurocup,mazzola valerio||eurocup,2017-11-01,5.4,-2
eurocup,mazzola valerio||eurocup,2017-11-08,4.05,2
eurocup,mazzola valerio||eurocup,2017-11-15,16.466666666666665,2
eurocup,mazzola valerio||eurocup,2017-12-06,11.983333333333333,6
eurocup,mazzola valerio||eurocup,2017-12-13,6.966666666666667,3
eurocup,mazzola valerio||eurocup,2017-12-20,17.1,-2
eurocup,mazzola valerio||eurocup,2017-12-26,8.383333333333333,2
eurocup,mazzola valerio||eurocup,2018-01-02,12.366666666666667,1
eurocup,mazzola valerio||eurocup,2018-01-10,12.833333333333334,-2
eurocup,mazzola valerio||eurocup,2018-01-17,16.166666666666668,1
eurocup,mbakwe trevor||eurocup,2017-10-11,22.183333333333334,28
eurocup,mbakwe trevor||eurocup,2017-10-17,22.733333333333334,23
eurocup,mbakwe trevor||eurocup,2017-10-25,24.516666666666666,14
eurocup,mbakwe trevor||eurocup,2017-11-01,20.2,10
eurocup,mbakwe trevor||eurocup,2017-11-08,22.466666666666665,19
eurocup,mbakwe trevor||eurocup,2017-11-15,21.816666666666666,7
eurocup,mbakwe trevor||eurocup,2017-12-06,25.916666666666668,6
eurocup,mbakwe trevor||eurocup,2017-12-13,17.183333333333334,2
eurocup,mbakwe trevor||eurocup,2017-12-20,20.016666666666666,16
eurocup,mbakwe trevor||eurocup,2017-12-26,23.616666666666667,9
eurocup,mbakwe trevor||eurocup,2018-01-17,7.633333333333333,-3
eurocup,mckissic shaquielle||eurocup,2017-10-11,15.2,13
eurocup,mckissic shaquielle||eurocup,2017-10-17,15.9,15
eurocup,mckissic shaquielle||eurocup,2017-10-25,3.75,-5
eurocup,mckissic shaquielle||eurocup,2017-11-01,14.666666666666666,3
eurocup,mckissic shaquielle||eurocup,2017-11-08,15.316666666666666,5
eurocup,mckissic shaquielle||eurocup,2017-11-14,21.833333333333332,17
eurocup,meiers martins||eurocup,2017-10-11,6.1,0
eurocup,meiers martins||eurocup,2017-10-18,4.666666666666667,2
eurocup,meiers martins||eurocup,2017-10-25,2.75,-1
eurocup,meiers martins||eurocup,2017-11-01,0.0,0
eurocup,meiers martins||eurocup,2017-11-08,9.6,7
eurocup,meiers martins||eurocup,2017-11-15,4.733333333333333,-2
eurocup,meiers martins||eurocup,2017-12-06,10.066666666666666,1
eurocup,mejia sammy||eurocup,2017-10-10,31.25,6
eurocup,mejia sammy||eurocup,2017-10-17,27.7,10
eurocup,mejia sammy||eurocup,2017-10-25,31.516666666666666,8
eurocup,mejia sammy||eurocup,2017-11-01,32.233333333333334,2
eurocup,mejia sammy||eurocup,2017-11-08,31.166666666666668,11
eurocup,mejia sammy||eurocup,2017-11-15,33.1,30
eurocup,mejia sammy||eurocup,2017-12-06,18.366666666666667,6
eurocup,mejia sammy||eurocup,2017-12-13,33.1,13
eurocup,mejia sammy||eurocup,2017-12-20,26.35,18
eurocup,mejia sammy||eurocup,2017-12-26,31.05,29
eurocup,mekel gal||eurocup,2017-10-11,21.7,9
eurocup,mekel gal||eurocup,2017-10-17,20.083333333333332,19
eurocup,mekel gal||eurocup,2017-10-25,16.583333333333332,10
eurocup,mekel gal||eurocup,2017-11-01,16.466666666666665,6
eurocup,mekel gal||eurocup,2017-11-08,20.316666666666666,9
eurocup,mekel gal||eurocup,2017-11-14,21.383333333333333,-1
eurocup,mekel gal||eurocup,2017-12-06,18.733333333333334,3
eurocup,mekel gal||eurocup,2017-12-13,20.183333333333334,6
eurocup,mekel gal||eurocup,2017-12-20,28.533333333333335,15
eurocup,mekel gal||eurocup,2017-12-27,33.45,12
eurocup,mekel gal||eurocup,2018-01-02,22.533333333333335,25
eurocup,mekel gal||eurocup,2018-01-10,0.0,0
eurocup,mekel gal||eurocup,2018-01-16,25.683333333333334,13
eurocup,melian luis||eurocup,2017-12-13,0.0,0
eurocup,mendia borja||eurocup,2017-10-11,0.0,0
eurocup,mendia borja||eurocup,2017-10-18,0.3333333333333333,0
eurocup,mendia borja||eurocup,2017-10-24,0.9833333333333333,-1
eurocup,mendia borja||eurocup,2017-11-01,3.9,0
eurocup,mendia borja||eurocup,2017-11-08,0.0,0
eurocup,mendia borja||eurocup,2017-11-15,0.0,0
eurocup,mendia borja||eurocup,2017-12-05,2.4166666666666665,0
eurocup,mendia borja||eurocup,2017-12-13,2.9166666666666665,-1
eurocup,mendia borja||eurocup,2017-12-20,0.0,0
eurocup,mendia borja||eurocup,2017-12-27,7.216666666666667,-1
eurocup,miller patrick||eurocup,2017-10-11,19.85,19
eurocup,miller patrick||eurocup,2017-10-18,30.766666666666666,24
eurocup,miller patrick||eurocup,2017-10-24,26.416666666666668,9
eurocup,miller patrick||eurocup,2017-10-31,26.5,22
eurocup,miller patrick||eurocup,2017-11-08,26.666666666666668,16
eurocup,miller patrick||eurocup,2017-11-14,29.516666666666666,17
eurocup,miller patrick||eurocup,2017-12-05,29.883333333333333,25
eurocup,miller patrick||eurocup,2017-12-13,23.066666666666666,3
eurocup,miller patrick||eurocup,2017-12-19,29.65,23
eurocup,miller patrick||eurocup,2017-12-27,21.166666666666668,4
eurocup,mockevicius egidijus||eurocup,2017-12-20,11.366666666666667,6
eurocup,mockevicius egidijus||eurocup,2017-12-26,18.416666666666668,24
eurocup,mockevicius egidijus||eurocup,2018-01-03,16.5,15
eurocup,mockevicius egidijus||eurocup,2018-01-10,14.4,7
eurocup,mockevicius egidijus||eurocup,2018-01-17,15.316666666666666,2
eurocup,morency jean-frederic||eurocup,2017-10-11,15.45,2
eurocup,morency jean-frederic||eurocup,2017-10-18,12.65,5
eurocup,morency jean-frederic||eurocup,2017-10-24,5.466666666666667,-2
eurocup,morency jean-frederic||eurocup,2017-10-31,17.25,9
eurocup,morency jean-frederic||eurocup,2017-11-07,16.933333333333334,6
eurocup,morency jean-frederic||eurocup,2017-11-15,7.483333333333333,-3
eurocup,morency jean-frederic||eurocup,2017-12-05,19.783333333333335,14
eurocup,morency jean-frederic||eurocup,2017-12-12,16.016666666666666,6
eurocup,morency jean-frederic||eurocup,2017-12-19,16.6,6
eurocup,morency jean-frederic||eurocup,2017-12-26,16.6,0
eurocup,morency jean-frederic||eurocup,2018-01-02,14.266666666666667,1
eurocup,morency jean-frederic||eurocup,2018-01-09,8.55,-4
eurocup,morency jean-frederic||eurocup,2018-01-17,18.0,6
eurocup,morgan raymar||eurocup,2017-10-10,32.28333333333333,15
eurocup,morgan raymar||eurocup,2017-10-17,21.733333333333334,8
eurocup,morgan raymar||eurocup,2017-10-25,32.7,28
eurocup,morgan raymar||eurocup,2017-11-01,34.78333333333333,25
eurocup,morgan raymar||eurocup,2017-11-08,25.566666666666666,13
eurocup,morgan raymar||eurocup,2017-11-15,32.0,15
eurocup,morgan raymar||eurocup,2017-12-06,26.85,5
eurocup,morgan raymar||eurocup,2017-12-13,34.46666666666667,14
eurocup,morgan raymar||eurocup,2017-12-20,30.883333333333333,14
eurocup,morgan raymar||eurocup,2017-12-26,29.916666666666668,4
eurocup,motovilov grigory||eurocup,2017-10-18,0.0,0
eurocup,motovilov grigory||eurocup,2017-11-08,0.0,0
eurocup,mumbru alex||eurocup,2017-10-11,22.466666666666665,10
eurocup,mumbru alex||eurocup,2017-10-18,20.3,10
eurocup,mumbru alex||eurocup,2017-10-24,25.216666666666665,4
eurocup,mumbru alex||eurocup,2017-11-01,19.5,22
eurocup,mumbru alex||eurocup,2017-11-08,26.183333333333334,19
eurocup,mumbru alex||eurocup,2017-11-15,24.366666666666667,15
eurocup,mumbru alex||eurocup,2017-12-05,27.933333333333334,24
eurocup,mumbru alex||eurocup,2017-12-13,17.316666666666666,2
eurocup,mumbru alex||eurocup,2017-12-20,20.35,8
eurocup,mumbru alex||eurocup,2017-12-27,23.416666666666668,10
eurocup,murphy kevin||eurocup,2017-10-11,18.1,1
eurocup,murphy kevin||eurocup,2017-10-18,20.85,13
eurocup,murphy kevin||eurocup,2017-10-25,20.066666666666666,18
eurocup,murphy kevin||eurocup,2017-11-01,12.4,9
eurocup,murphy kevin||eurocup,2017-11-08,11.133333333333333,4
eurocup,murphy kevin||eurocup,2017-11-15,25.366666666666667,26
eurocup,murphy kevin||eurocup,2017-12-06,14.95,7
eurocup,murphy kevin||eurocup,2017-12-13,10.766666666666667,6
eurocup,murphy kevin||eurocup,2017-12-20,13.4,-3
eurocup,murphy kevin||eurocup,2017-12-27,15.483333333333333,9
eurocup,murphy kevin||eurocup,2018-01-03,18.65,6
eurocup,murphy kevin||eurocup,2018-01-10,16.683333333333334,6
eurocup,murphy kevin||eurocup,2018-01-16,14.333333333333334,5
eurocup,murry toure||eurocup,2017-10-10,23.666666666666668,12
eurocup,murry toure||eurocup,2017-10-17,19.033333333333335,8
eurocup,murry toure||eurocup,2017-10-25,20.283333333333335,17
eurocup,murry toure||eurocup,2017-11-01,20.133333333333333,10
eurocup,murry toure||eurocup,2017-11-08,26.4,0
eurocup,murry toure||eurocup,2017-11-15,23.6,6
eurocup,murry toure||eurocup,2017-12-06,23.2,7
eurocup,murry toure||eurocup,2017-12-13,23.866666666666667,11
eurocup,murry toure||eurocup,2017-12-19,24.833333333333332,9
eurocup,murry toure||eurocup,2017-12-27,24.566666666666666,5
eurocup,musa dzanan||eurocup,2017-10-11,23.65,11
eurocup,musa dzanan||eurocup,2017-10-18,23.966666666666665,15
eurocup,musa dzanan||eurocup,2017-10-25,15.166666666666666,17
eurocup,musa dzanan||eurocup,2017-11-01,18.066666666666666,18
eurocup,musa dzanan||eurocup,2017-11-08,26.75,16
eurocup,musa dzanan||eurocup,2017-11-15,14.216666666666667,1
eurocup,musa dzanan||eurocup,2017-12-06,12.35,14
eurocup,musa dzanan||eurocup,2017-12-13,28.666666666666668,16
eurocup,musa dzanan||eurocup,2017-12-20,24.616666666666667,11
eurocup,musa dzanan||eurocup,2017-12-27,24.516666666666666,11
eurocup,musa dzanan||eurocup,2018-01-03,13.916666666666666,9
eurocup,musa dzanan||eurocup,2018-01-10,27.433333333333334,17
eurocup,musa dzanan||eurocup,2018-01-16,11.016666666666667,0
eurocup,mussini federico||eurocup,2017-10-11,18.0,7
eurocup,mussini federico||eurocup,2017-10-18,25.216666666666665,-4
eurocup,mussini federico||eurocup,2017-10-25,17.5,5
eurocup,mussini federico||eurocup,2017-11-01,24.366666666666667,2
eurocup,mussini federico||eurocup,2017-11-08,24.633333333333333,-9
eurocup,mussini federico||eurocup,2017-11-15,10.366666666666667,-4
eurocup,mussini federico||eurocup,2017-12-06,14.966666666666667,1
eurocup,mussini federico||eurocup,2017-12-13,5.933333333333334,-5
eurocup,mussini federico||eurocup,2017-12-20,0.0,0
eurocup,mussini federico||eurocup,2017-12-27,4.65,1
eurocup,mussini federico||eurocup,2018-01-02,0.0,0
eurocup,mussini federico||eurocup,2018-01-10,0.0,0
eurocup,mussini federico||eurocup,2018-01-16,0.0,0
eurocup,ndour maurice||eurocup,2017-12-13,19.783333333333335,14
eurocup,ndour maurice||eurocup,2017-12-20,13.916666666666666,4
eurocup,ndour maurice||eurocup,2017-12-26,17.6,9
eurocup,ndour maurice||eurocup,2018-01-03,22.016666666666666,10
eurocup,ndour maurice||eurocup,2018-01-09,18.366666666666667,1
eurocup,ndour maurice||eurocup,2018-01-16,19.466666666666665,11
eurocup,nelson demarcus||eurocup,2017-10-11,28.25,16
eurocup,nelson demarcus||eurocup,2017-11-08,21.95,-1
eurocup,nelson demarcus||eurocup,2017-11-14,30.65,18
eurocup,nelson demarcus||eurocup,2017-12-06,13.416666666666666,6
eurocup,nelson demarcus||eurocup,2017-12-12,26.316666666666666,14
eurocup,nelson demarcus||eurocup,2017-12-20,21.9,2
eurocup,nelson demarcus||eurocup,2017-12-27,10.366666666666667,2
eurocup,nelson demarcus||eurocup,2018-01-03,16.433333333333334,0
eurocup,nelson demarcus||eurocup,2018-01-10,21.016666666666666,1
eurocup,nelson demarcus||eurocup,2018-01-17,21.683333333333334,13
eurocup,nelyubov ivan||eurocup,2017-10-11,0.0,0
eurocup,nelyubov ivan||eurocup,2017-10-24,0.0,0
eurocup,nevels garrett||eurocup,2017-10-11,14.983333333333333,8
eurocup,nevels garrett||eurocup,2017-10-18,16.55,-2
eurocup,nevels garrett||eurocup,2017-10-25,20.116666666666667,16
eurocup,nevels garrett||eurocup,2017-11-01,8.266666666666667,3
eurocup,nevels garrett||eurocup,2018-01-02,0.0,0
eurocup,nevels garrett||eurocup,2018-01-10,17.866666666666667,6
eurocup,nevels garrett||eurocup,2018-01-16,19.033333333333335,-2
eurocup,nichols demetris||eurocup,2017-10-11,33.11666666666667,17
eurocup,nichols demetris||eurocup,2017-10-18,23.916666666666668,5
eurocup,nichols demetris||eurocup,2017-10-25,29.433333333333334,18
eurocup,nichols demetris||eurocup,2017-11-01,16.233333333333334,0
eurocup,nichols demetris||eurocup,2017-11-08,34.333333333333336,10
eurocup,nichols demetris||eurocup,2017-11-15,22.55,4
eurocup,nichols demetris||eurocup,2017-12-06,36.733333333333334,24
eurocup,nichols demetris||eurocup,2017-12-13,25.366666666666667,16
eurocup,nichols demetris||eurocup,2017-12-20,28.883333333333333,2
eurocup,nichols demetris||eurocup,2018-01-03,37.3,20
eurocup,nichols demetris||eurocup,2018-01-10,33.65,9
eurocup,nichols demetris||eurocup,2018-01-16,32.8,11
eurocup,nikic kresimir||eurocup,2017-10-11,2.2,1
eurocup,nikic kresimir||eurocup,2017-11-14,0.0,0
eurocup,nikic kresimir||eurocup,2017-12-12,5.0,-1
eurocup,nikic kresimir||eurocup,2017-12-27,13.033333333333333,4
eurocup,nikic kresimir||eurocup,2018-01-02,5.9,2
eurocup,nikic kresimir||eurocup,2018-01-10,8.5,-3
eurocup,nikolic danilo||eurocup,2017-10-11,18.316666666666666,4
eurocup,nikolic danilo||eurocup,2017-10-17,16.516666666666666,6
eurocup,nikolic danilo||eurocup,2017-10-25,19.866666666666667,15
eurocup,nikolic danilo||eurocup,2017-11-01,14.416666666666666,-2
eurocup,nikolic danilo||eurocup,2017-11-07,27.0,2
eurocup,nikolic danilo||eurocup,2017-11-15,21.966666666666665,3
eurocup,nikolic danilo||eurocup,2017-12-12,14.45,2
eurocup,nikolic danilo||eurocup,2017-12-19,4.766666666666667,-1
eurocup,nikolic danilo||eurocup,2017-12-27,10.566666666666666,0
eurocup,nikolic danilo||eurocup,2018-01-03,9.883333333333333,1
eurocup,nikolic danilo||eurocup,2018-01-10,13.433333333333334,-1
eurocup,nikolic danilo||eurocup,2018-01-17,15.616666666666667,2
eurocup,nikolic zoran||eurocup,2017-10-11,9.05,5
eurocup,nikolic zoran||eurocup,2017-10-17,9.75,5
eurocup,nikolic zoran||eurocup,2017-10-25,24.916666666666668,27
eurocup,nikolic zoran||eurocup,2017-11-01,15.65,1
eurocup,nikolic zoran||eurocup,2017-11-07,11.5,0
eurocup,nikolic zoran||eurocup,2017-11-15,13.7,4
eurocup,nikolic zoran||eurocup,2017-12-06,11.666666666666666,8
eurocup,nikolic zoran||eurocup,2017-12-12,19.55,6
eurocup,nikolic zoran||eurocup,2017-12-19,11.85,-6
eurocup,nikolic zoran||eurocup,2017-12-27,19.133333333333333,15
eurocup,nikolic zoran||eurocup,2018-01-03,24.133333333333333,23
eurocup,nikolic zoran||eurocup,2018-01-10,12.366666666666667,11
eurocup,nikolic zoran||eurocup,2018-01-17,10.516666666666667,8
eurocup,normantas margiris||eurocup,2017-10-11,0.0,0
eurocup,normantas margiris||eurocup,2017-10-18,3.8333333333333335,0
eurocup,normantas margiris||eurocup,2017-10-24,0.06666666666666667,0
eurocup,normantas margiris||eurocup,2017-11-01,0.0,0
eurocup,normantas margiris||eurocup,2017-11-07,0.0,0
eurocup,normantas margiris||eurocup,2017-11-15,0.0,0
eurocup,normantas margiris||eurocup,2017-12-05,1.9666666666666668,3
eurocup,normantas margiris||eurocup,2017-12-13,3.55,-2
eurocup,normantas margiris||eurocup,2017-12-20,7.05,3
eurocup,noua amine||eurocup,2017-10-11,22.55,14
eurocup,noua amine||eurocup,2017-10-25,20.983333333333334,14
eurocup,noua amine||eurocup,2017-11-01,22.083333333333332,3
eurocup,noua amine||eurocup,2017-11-08,19.1,1
eurocup,noua amine||eurocup,2017-11-14,26.316666666666666,15
eurocup,noua amine||eurocup,2017-12-06,25.2,10
eurocup,noua amine||eurocup,2017-12-12,12.866666666666667,14
eurocup,noua amine||eurocup,2017-12-20,25.033333333333335,10
eurocup,noua amine||eurocup,2017-12-27,33.93333333333333,12
eurocup,noua amine||eurocup,2018-01-03,18.4,7
eurocup,noua amine||eurocup,2018-01-10,19.516666666666666,2
eurocup,noua amine||eurocup,2018-01-17,23.75,0
eurocup,nwaelele onyenma||eurocup,2017-10-11,18.333333333333332,8
eurocup,nwaelele onyenma||eurocup,2017-10-18,19.183333333333334,7
eurocup,nwaelele onyenma||eurocup,2017-10-25,16.116666666666667,5
eurocup,nwaelele onyenma||eurocup,2017-10-31,15.2,-4
eurocup,odom roderick||eurocup,2017-10-31,16.416666666666668,-1
eurocup,odom roderick||eurocup,2017-11-08,26.383333333333333,4
eurocup,odom roderick||eurocup,2017-11-15,27.9,13
eurocup,odom roderick||eurocup,2017-12-06,25.083333333333332,5
eurocup,odom roderick||eurocup,2017-12-13,21.4,8
eurocup,odom roderick||eurocup,2017-12-20,29.833333333333332,22
eurocup,odom roderick||eurocup,2017-12-27,32.21666666666667,8
eurocup,ogunsipe marvin||eurocup,2017-11-15,0.0,0
eurocup,ohayon yogev||eurocup,2017-10-17,24.616666666666667,6
eurocup,ohayon yogev||eurocup,2017-10-25,30.75,5
eurocup,ohayon yogev||eurocup,2017-11-01,24.45,2
eurocup,ohayon yogev||eurocup,2017-11-08,25.683333333333334,3
eurocup,ohayon yogev||eurocup,2017-11-15,21.766666666666666,6
eurocup,ohayon yogev||eurocup,2017-12-06,15.8,2
eurocup,ohayon yogev||eurocup,2017-12-13,15.566666666666666,0
eurocup,ohayon yogev||eurocup,2017-12-20,16.116666666666667,-2
eurocup,ohayon yogev||eurocup,2017-12-27,16.133333333333333,-6
eurocup,ohlbrecht tim||eurocup,2017-12-27,16.366666666666667,11
eurocup,okeke david||eurocup,2017-10-11,2.8333333333333335,0
eurocup,okeke david||eurocup,2017-10-17,13.933333333333334,17
eurocup,okeke david||eurocup,2017-10-25,5.8,5
eurocup,okeke david||eurocup,2017-11-01,18.8,1
eurocup,okeke david||eurocup,2017-11-08,6.5,1
eurocup,okeke david||eurocup,2017-11-15,13.216666666666667,-2
eurocup,okeke david||eurocup,2017-12-06,5.383333333333334,2
eurocup,okeke david||eurocup,2017-12-13,20.016666666666666,16
eurocup,okeke david||eurocup,2017-12-20,16.4,4
eurocup,okeke david||eurocup,2017-12-26,15.05,9
eurocup,okeke david||eurocup,2018-01-02,14.433333333333334,3
eurocup,okeke david||eurocup,2018-01-10,12.966666666666667,7
eurocup,okeke david||eurocup,2018-01-17,20.966666666666665,4
eurocup,oliver albert||eurocup,2017-10-11,18.3,13
eurocup,oliver albert||eurocup,2017-10-17,19.916666666666668,-1
eurocup,oliver albert||eurocup,2017-10-25,23.416666666666668,10
eurocup,oliver albert||eurocup,2017-11-01,23.533333333333335,6
eurocup,oliver albert||eurocup,2017-11-08,22.666666666666668,16
eurocup,oliver albert||eurocup,2017-11-14,18.616666666666667,6
eurocup,oliver albert||eurocup,2017-12-06,24.533333333333335,13
eurocup,oliver albert||eurocup,2017-12-13,19.816666666666666,7
eurocup,oliver albert||eurocup,2017-12-20,11.466666666666667,9
eurocup,oliver albert||eurocup,2017-12-27,4.55,0
eurocup,oliver albert||eurocup,2018-01-02,14.066666666666666,15
eurocup,oliver albert||eurocup,2018-01-10,14.2,5
eurocup,oliver albert||eurocup,2018-01-16,4.45,-1
eurocup,omic alen||eurocup,2017-10-11,14.216666666666667,5
eurocup,omic alen||eurocup,2017-10-17,25.683333333333334,14
eurocup,omic alen||eurocup,2017-10-25,19.583333333333332,6
eurocup,omic alen||eurocup,2017-11-01,27.95,10
eurocup,omic alen||eurocup,2017-11-08,16.766666666666666,18
eurocup,omic alen||eurocup,2017-11-15,17.766666666666666,10
eurocup,omic alen||eurocup,2017-12-06,18.066666666666666,8
eurocup,omic alen||eurocup,2017-12-13,14.183333333333334,4
eurocup,omic alen||eurocup,2017-12-20,6.933333333333334,-2
eurocup,omic alen||eurocup,2017-12-27,8.516666666666667,0
eurocup,owens josh||eurocup,2017-10-10,17.55,12
eurocup,owens josh||eurocup,2017-10-17,22.383333333333333,29
eurocup,owens josh||eurocup,2017-10-25,17.583333333333332,-2
eurocup,owens josh||eurocup,2017-11-01,20.666666666666668,21
eurocup,owens josh||eurocup,2017-11-08,24.3,14
eurocup,owens josh||eurocup,2017-11-15,23.066666666666666,10
eurocup,owens josh||eurocup,2017-12-06,27.0,9
eurocup,owens josh||eurocup,2017-12-13,12.916666666666666,4
eurocup,owens josh||eurocup,2017-12-20,21.883333333333333,6
eurocup,owens josh||eurocup,2017-12-26,7.983333333333333,0
eurocup,ozdemiroglu dogus||eurocup,2017-10-11,11.683333333333334,3
eurocup,ozdemiroglu dogus||eurocup,2017-10-18,13.583333333333334,2
eurocup,ozdemiroglu dogus||eurocup,2017-10-25,6.15,0
eurocup,ozdemiroglu dogus||eurocup,2017-11-01,1.1166666666666667,-1
eurocup,ozdemiroglu dogus||eurocup,2017-11-07,2.5666666666666664,0
eurocup,ozdemiroglu dogus||eurocup,2017-11-15,10.516666666666667,-2
eurocup,ozdemiroglu dogus||eurocup,2017-12-06,0.0,0
eurocup,ozdemiroglu dogus||eurocup,2017-12-13,0.0,0
eurocup,ozdemiroglu dogus||eurocup,2017-12-20,0.0,0
eurocup,ozdemiroglu dogus||eurocup,2017-12-27,11.083333333333334,-1
eurocup,ozdemiroglu dogus||eurocup,2018-01-03,3.0833333333333335,2
eurocup,ozdemiroglu dogus||eurocup,2018-01-10,0.11666666666666667,-1
eurocup,ozdemiroglu dogus||eurocup,2018-01-17,0.0,0
eurocup,ozmizrak kartal||eurocup,2017-10-11,2.65,4
eurocup,ozmizrak kartal||eurocup,2017-10-18,0.0,0
eurocup,ozmizrak kartal||eurocup,2017-10-25,3.65,0
eurocup,ozmizrak kartal||eurocup,2017-11-01,4.866666666666667,-3
eurocup,ozmizrak kartal||eurocup,2017-11-07,0.0,0
eurocup,ozmizrak kartal||eurocup,2017-11-15,10.0,6
eurocup,ozmizrak kartal||eurocup,2017-12-06,31.383333333333333,12
eurocup,ozmizrak kartal||eurocup,2017-12-13,7.6,1
eurocup,ozmizrak kartal||eurocup,2017-12-20,20.983333333333334,7
eurocup,ozmizrak kartal||eurocup,2017-12-27,6.616666666666667,3
eurocup,ozmizrak kartal||eurocup,2018-01-03,14.3,3
eurocup,ozmizrak kartal||eurocup,2018-01-10,8.85,9
eurocup,ozmizrak kartal||eurocup,2018-01-17,2.1666666666666665,1
eurocup,pape till||eurocup,2017-10-10,0.0,0
eurocup,pape till||eurocup,2017-10-17,13.8,3
eurocup,pape till||eurocup,2017-10-25,1.7,0
eurocup,pape till||eurocup,2017-11-01,1.6333333333333333,0
eurocup,pape till||eurocup,2017-11-15,0.0,0
eurocup,pape till||eurocup,2017-12-06,0.0,0
eurocup,pape till||eurocup,2017-12-13,0.0,0
eurocup,pape till||eurocup,2017-12-19,1.9166666666666665,0
eurocup,pape till||eurocup,2017-12-27,9.25,-4
eurocup,parente davide||eurocup,2017-10-11,0.0,0
eurocup,parente davide||eurocup,2017-10-17,0.0,0
eurocup,parente davide||eurocup,2017-10-25,0.0,0
eurocup,parente davide||eurocup,2017-11-01,2.283333333333333,-2
eurocup,parente davide||eurocup,2017-11-08,0.0,0
eurocup,parente davide||eurocup,2017-11-15,0.0,0
eurocup,parente davide||eurocup,2017-12-06,0.08333333333333333,0
eurocup,parente davide||eurocup,2017-12-13,0.0,0
eurocup,parente davide||eurocup,2017-12-20,0.0,0
eurocup,parente davide||eurocup,2017-12-26,0.0,0
eurocup,parente davide||eurocup,2018-01-02,0.0,0
eurocup,parente davide||eurocup,2018-01-10,0.0,0
eurocup,parente davide||eurocup,2018-01-17,0.0,0
eurocup,pasecniks anzejs||eurocup,2017-10-11,15.433333333333334,6
eurocup,pasecniks anzejs||eurocup,2017-10-17,21.9,25
eurocup,pasecniks anzejs||eurocup,2017-10-25,20.883333333333333,8
eurocup,pasecniks anzejs||eurocup,2017-11-01,12.366666666666667,17
eurocup,pasecniks anzejs||eurocup,2017-11-08,13.816666666666666,6
eurocup,pasecniks anzejs||eurocup,2017-11-14,15.35,6
eurocup,pasecniks anzejs||eurocup,2017-12-06,18.116666666666667,13
eurocup,pasecniks anzejs||eurocup,2017-12-13,15.05,0
eurocup,pasecniks anzejs||eurocup,2017-12-20,17.466666666666665,13
eurocup,pasecniks anzejs||eurocup,2017-12-27,16.65,14
eurocup,pasecniks anzejs||eurocup,2018-01-02,24.1,16
eurocup,pasecniks anzejs||eurocup,2018-01-10,10.966666666666667,7
eurocup,pasecniks anzejs||eurocup,2018-01-16,18.216666666666665,13
eurocup,patterson lamar||eurocup,2017-10-11,35.5,25
eurocup,patterson lamar||eurocup,2017-10-17,27.35,15
eurocup,patterson lamar||eurocup,2017-10-25,29.066666666666666,22
eurocup,patterson lamar||eurocup,2017-11-01,19.366666666666667,-8
eurocup,patterson lamar||eurocup,2017-11-08,29.616666666666667,21
eurocup,patterson lamar||eurocup,2017-11-15,26.783333333333335,5
eurocup,patterson lamar||eurocup,2017-12-06,32.4,8
eurocup,patterson lamar||eurocup,2017-12-13,25.766666666666666,14
eurocup,patterson lamar||eurocup,2017-12-20,29.15,19
eurocup,patterson lamar||eurocup,2017-12-26,25.683333333333334,11
eurocup,patterson lamar||eurocup,2018-01-02,32.95,22
eurocup,patterson lamar||eurocup,2018-01-10,36.5,22
eurocup,patterson lamar||eurocup,2018-01-17,33.166666666666664,24
eurocup,pauli oriol||eurocup,2017-10-11,17.25,14
eurocup,pauli oriol||eurocup,2017-10-17,13.716666666666667,9
eurocup,pauli oriol||eurocup,2017-10-25,16.95,7
eurocup,pauli oriol||eurocup,2017-11-01,18.516666666666666,11
eurocup,pauli oriol||eurocup,2017-11-08,14.266666666666667,3
eurocup,pauli oriol||eurocup,2017-11-14,20.95,0
eurocup,pauli oriol||eurocup,2017-12-06,23.133333333333333,14
eurocup,pauli oriol||eurocup,2017-12-13,24.483333333333334,10
eurocup,pauli oriol||eurocup,2017-12-20,12.766666666666667,4
eurocup,pauli oriol||eurocup,2017-12-27,28.466666666666665,21
eurocup,pauli oriol||eurocup,2018-01-02,21.033333333333335,17
eurocup,pauli oriol||eurocup,2018-01-10,23.883333333333333,4
eurocup,pauli oriol||eurocup,2018-01-16,9.716666666666667,7
eurocup,paunic ivan||eurocup,2017-10-10,23.166666666666668,1
eurocup,paunic ivan||eurocup,2017-10-17,21.316666666666666,6
eurocup,paunic ivan||eurocup,2017-10-25,12.45,-1
eurocup,paunic ivan||eurocup,2017-11-01,13.883333333333333,10
eurocup,paunic ivan||eurocup,2017-11-08,17.716666666666665,7
eurocup,paunic ivan||eurocup,2017-11-15,14.016666666666667,6
eurocup,paunic ivan||eurocup,2017-12-06,23.183333333333334,3
eurocup,paunic ivan||eurocup,2017-12-13,7.0,-2
eurocup,paunic ivan||eurocup,2017-12-20,16.65,2
eurocup,paunic ivan||eurocup,2017-12-26,16.7,4
eurocup,pecarski marko||eurocup,2017-10-11,23.1,10
eurocup,pecarski marko||eurocup,2017-10-18,14.133333333333333,11
eurocup,pecarski marko||eurocup,2017-10-24,5.7,5
eurocup,pecarski marko||eurocup,2017-10-31,12.516666666666667,4
eurocup,pecarski marko||eurocup,2017-11-08,12.9,6
eurocup,pecarski marko||eurocup,2017-11-14,14.233333333333333,5
eurocup,pecarski marko||eurocup,2017-12-05,4.633333333333333,-3
eurocup,pecarski marko||eurocup,2017-12-13,14.866666666666667,-2
eurocup,pecarski marko||eurocup,2017-12-19,14.266666666666667,9
eurocup,pecarski marko||eurocup,2017-12-27,9.35,9
eurocup,peiners zanis||eurocup,2017-10-11,28.183333333333334,20
eurocup,peiners zanis||eurocup,2017-10-18,18.483333333333334,9
eurocup,peiners zanis||eurocup,2017-10-25,36.38333333333333,24
eurocup,peiners zanis||eurocup,2017-11-01,37.55,26
eurocup,peiners zanis||eurocup,2017-11-07,34.55,20
eurocup,peiners zanis||eurocup,2017-11-15,29.583333333333332,17
eurocup,peiners zanis||eurocup,2017-12-06,31.466666666666665,10
eurocup,peiners zanis||eurocup,2017-12-13,31.45,25
eurocup,peiners zanis||eurocup,2017-12-19,19.25,12
eurocup,peiners zanis||eurocup,2017-12-27,28.716666666666665,14
eurocup,peno stefan||eurocup,2017-10-11,27.416666666666668,14
eurocup,peno stefan||eurocup,2017-10-18,18.85,10
eurocup,peno stefan||eurocup,2017-10-24,17.533333333333335,5
eurocup,peno stefan||eurocup,2017-11-01,9.016666666666667,4
eurocup,peno stefan||eurocup,2017-11-08,17.9,12
eurocup,peno stefan||eurocup,2017-11-14,15.316666666666666,15
eurocup,peno stefan||eurocup,2017-12-05,16.016666666666666,3
eurocup,peno stefan||eurocup,2017-12-12,26.466666666666665,17
eurocup,peno stefan||eurocup,2017-12-20,14.233333333333333,3
eurocup,peno stefan||eurocup,2017-12-27,17.833333333333332,8
eurocup,peno stefan||eurocup,2018-01-02,19.666666666666668,0
eurocup,peno stefan||eurocup,2018-01-10,17.483333333333334,8
eurocup,peno stefan||eurocup,2018-01-17,11.883333333333333,2
eurocup,perkovic toni||eurocup,2017-12-27,0.0,0
eurocup,perkovic toni||eurocup,2018-01-10,0.0,0
eurocup,perkovic toni||eurocup,2018-01-16,1.4833333333333334,0
eurocup,perperoglou stratos||eurocup,2017-10-11,26.483333333333334,10
eurocup,perperoglou stratos||eurocup,2017-10-17,18.066666666666666,5
eurocup,perperoglou stratos||eurocup,2017-10-25,26.216666666666665,8
eurocup,perperoglou stratos||eurocup,2017-11-01,27.383333333333333,7
eurocup,perperoglou stratos||eurocup,2017-11-08,20.066666666666666,5
eurocup,perperoglou stratos||eurocup,2017-11-15,31.133333333333333,14
eurocup,perperoglou stratos||eurocup,2017-12-06,12.766666666666667,1
eurocup,perperoglou stratos||eurocup,2017-12-13,27.233333333333334,16
eurocup,perperoglou stratos||eurocup,2017-12-20,30.7,5
eurocup,perperoglou stratos||eurocup,2017-12-27,18.533333333333335,8
eurocup,peterson travis||eurocup,2017-10-11,20.716666666666665,8
eurocup,peterson travis||eurocup,2017-10-18,33.06666666666667,20
eurocup,peterson travis||eurocup,2017-10-24,39.96666666666667,12
eurocup,peterson travis||eurocup,2017-11-01,18.433333333333334,9
eurocup,peterson travis||eurocup,2017-11-07,28.666666666666668,22
eurocup,peterson travis||eurocup,2017-11-15,9.85,1
eurocup,peterson travis||eurocup,2017-12-05,27.433333333333334,25
eurocup,peterson travis||eurocup,2017-12-13,15.2,-4
eurocup,peterson travis||eurocup,2017-12-20,29.316666666666666,17
eurocup,peterson travis||eurocup,2017-12-26,21.816666666666666,2
eurocup,peterson travis||eurocup,2018-01-03,22.25,20
eurocup,peterson travis||eurocup,2018-01-10,13.35,-1
eurocup,peterson travis||eurocup,2018-01-17,22.933333333333334,7
eurocup,pietrus florent||eurocup,2017-10-11,20.65,5
eurocup,pietrus florent||eurocup,2017-10-18,6.216666666666667,0
eurocup,pietrus florent||eurocup,2017-10-25,18.483333333333334,-1
eurocup,pietrus florent||eurocup,2017-10-31,12.766666666666667,3
eurocup,poeta giuseppe||eurocup,2017-10-11,9.316666666666666,3
eurocup,poeta giuseppe||eurocup,2017-10-17,14.516666666666667,1
eurocup,poeta giuseppe||eurocup,2017-10-25,15.6,8
eurocup,poeta giuseppe||eurocup,2017-11-01,16.283333333333335,5
eurocup,poeta giuseppe||eurocup,2017-11-08,17.0,11
eurocup,poeta giuseppe||eurocup,2017-11-15,22.566666666666666,15
eurocup,poeta giuseppe||eurocup,2017-12-06,12.55,1
eurocup,poeta giuseppe||eurocup,2017-12-13,14.366666666666667,5
eurocup,poeta giuseppe||eurocup,2017-12-20,2.8333333333333335,-1
eurocup,poeta giuseppe||eurocup,2017-12-26,13.266666666666667,3
eurocup,poeta giuseppe||eurocup,2018-01-02,12.55,6
eurocup,poeta giuseppe||eurocup,2018-01-10,18.733333333333334,8
eurocup,poeta giuseppe||eurocup,2018-01-17,14.033333333333333,-3
eurocup,pongo marcell||eurocup,2017-10-10,0.0,0
eurocup,pongo marcell||eurocup,2017-12-06,2.0166666666666666,-2
eurocup,pongo marcell||eurocup,2017-12-27,10.033333333333333,9
eurocup,ponkrashov anton||eurocup,2017-10-11,21.266666666666666,15
eurocup,ponkrashov anton||eurocup,2017-10-18,20.433333333333334,7
eurocup,ponkrashov anton||eurocup,2017-10-25,21.8,10
eurocup,ponkrashov anton||eurocup,2017-11-01,16.5,-2
eurocup,ponkrashov anton||eurocup,2017-11-08,23.4,14
eurocup,ponkrashov anton||eurocup,2017-11-15,22.916666666666668,14
eurocup,ponkrashov anton||eurocup,2017-12-06,24.066666666666666,6
eurocup,ponkrashov anton||eurocup,2017-12-13,17.633333333333333,2
eurocup,ponkrashov anton||eurocup,2017-12-20,18.533333333333335,17
eurocup,ponkrashov anton||eurocup,2017-12-26,20.7,4
eurocup,ponkrashov anton||eurocup,2018-01-03,25.2,27
eurocup,ponkrashov anton||eurocup,2018-01-09,19.183333333333334,13
eurocup,ponkrashov anton||eurocup,2018-01-16,14.633333333333333,7
eurocup,popovic petar||eurocup,2017-10-11,0.0,0
eurocup,popovic petar||eurocup,2017-10-17,11.7,4
eurocup,popovic petar||eurocup,2017-10-25,10.65,8
eurocup,popovic petar||eurocup,2017-11-01,9.35,0
eurocup,popovic petar||eurocup,2017-11-07,0.0,0
eurocup,popovic petar||eurocup,2017-12-06,26.683333333333334,22
eurocup,popovic petar||eurocup,2017-12-12,19.316666666666666,4
eurocup,popovic petar||eurocup,2017-12-19,11.366666666666667,2
eurocup,popovic petar||eurocup,2017-12-27,18.133333333333333,-4
eurocup,popovic petar||eurocup,2018-01-03,16.15,-2
eurocup,popovic petar||eurocup,2018-01-10,8.433333333333334,2
eurocup,popovic petar||eurocup,2018-01-17,0.8666666666666667,0
eurocup,preldzic emir||eurocup,2017-10-11,17.85,3
eurocup,preldzic emir||eurocup,2017-10-18,27.666666666666668,20
eurocup,preldzic emir||eurocup,2017-10-25,24.933333333333334,7
eurocup,preldzic emir||eurocup,2017-11-15,16.233333333333334,0
eurocup,preldzic emir||eurocup,2017-12-06,22.216666666666665,16
eurocup,preldzic emir||eurocup,2017-12-12,20.533333333333335,9
eurocup,preldzic emir||eurocup,2017-12-19,25.366666666666667,17
eurocup,preldzic emir||eurocup,2017-12-27,24.416666666666668,4
eurocup,preldzic emir||eurocup,2018-01-03,25.3,1
eurocup,preldzic emir||eurocup,2018-01-10,21.483333333333334,11
eurocup,prepelic klemen||eurocup,2017-10-11,27.283333333333335,18
eurocup,prepelic klemen||eurocup,2017-10-18,29.633333333333333,16
eurocup,prepelic klemen||eurocup,2017-10-25,26.25,13
eurocup,prepelic klemen||eurocup,2017-11-08,33.766666666666666,26
eurocup,prepelic klemen||eurocup,2017-11-15,26.083333333333332,0
eurocup,prepelic klemen||eurocup,2017-12-06,21.816666666666666,0
eurocup,prepelic klemen||eurocup,2017-12-13,21.9,3
eurocup,prepelic klemen||eurocup,2017-12-20,27.7,16
eurocup,prepelic klemen||eurocup,2017-12-27,28.783333333333335,29
eurocup,qvale brian||eurocup,2017-10-11,29.166666666666668,17
eurocup,qvale brian||eurocup,2017-10-18,21.933333333333334,6
eurocup,qvale brian||eurocup,2017-10-24,15.7,12
eurocup,qvale brian||eurocup,2017-11-01,16.05,12
eurocup,qvale brian||eurocup,2017-11-08,16.7,7
eurocup,qvale brian||eurocup,2017-11-15,7.116666666666666,9
eurocup,qvale brian||eurocup,2017-12-05,24.066666666666666,8
eurocup,qvale brian||eurocup,2017-12-13,10.4,11
eurocup,qvale brian||eurocup,2017-12-20,16.05,11
eurocup,qvale brian||eurocup,2017-12-27,12.783333333333333,12
eurocup,qvale brian||eurocup,2018-01-03,11.25,-3
eurocup,qvale brian||eurocup,2018-01-10,12.466666666666667,8
eurocup,qvale brian||eurocup,2018-01-16,14.35,2
eurocup,rabaseda xavier||eurocup,2017-10-11,16.283333333333335,8
eurocup,rabaseda xavier||eurocup,2017-10-17,6.466666666666667,-1
eurocup,rabaseda xavier||eurocup,2017-10-25,14.533333333333333,9
eurocup,rabaseda xavier||eurocup,2017-11-01,6.45,-2
eurocup,rabaseda xavier||eurocup,2017-11-08,9.783333333333333,7
eurocup,rabaseda xavier||eurocup,2017-11-14,16.583333333333332,8
eurocup,rabaseda xavier||eurocup,2017-12-13,8.633333333333333,-3
eurocup,rabaseda xavier||eurocup,2017-12-20,24.8,7
eurocup,rabaseda xavier||eurocup,2017-12-27,24.45,7
eurocup,rabaseda xavier||eurocup,2018-01-02,16.433333333333334,5
eurocup,rabaseda xavier||eurocup,2018-01-10,19.316666666666666,-1
eurocup,rabaseda xavier||eurocup,2018-01-16,21.416666666666668,11
eurocup,radosavljevic bogdan||eurocup,2017-10-18,8.916666666666666,6
eurocup,radosavljevic bogdan||eurocup,2017-10-24,9.366666666666667,-2
eurocup,radosavljevic bogdan||eurocup,2017-11-01,12.95,2
eurocup,radosavljevic bogdan||eurocup,2017-11-08,21.65,9
eurocup,radosavljevic bogdan||eurocup,2017-11-14,12.216666666666667,-2
eurocup,radosavljevic bogdan||eurocup,2017-12-05,15.333333333333334,2
eurocup,radosavljevic bogdan||eurocup,2017-12-12,16.5,13
eurocup,radosavljevic bogdan||eurocup,2017-12-20,22.183333333333334,18
eurocup,ragland joe||eurocup,2017-10-11,29.25,18
eurocup,ragland joe||eurocup,2017-10-18,26.75,18
eurocup,ragland joe||eurocup,2017-10-24,27.05,26
eurocup,ragland joe||eurocup,2017-11-01,24.983333333333334,7
eurocup,ragland joe||eurocup,2017-11-08,24.0,26
eurocup,ragland joe||eurocup,2017-11-15,17.583333333333332,8
eurocup,ragland joe||eurocup,2017-12-05,23.033333333333335,3
eurocup,ragland joe||eurocup,2017-12-13,26.016666666666666,3
eurocup,ragland joe||eurocup,2017-12-20,31.933333333333334,25
eurocup,ragland joe||eurocup,2017-12-27,21.133333333333333,11
eurocup,ragland joe||eurocup,2018-01-03,21.316666666666666,10
eurocup,ramljak ivan||eurocup,2017-11-01,1.45,-1
eurocup,ramljak ivan||eurocup,2017-11-08,1.3333333333333333,1
eurocup,ramljak ivan||eurocup,2017-11-15,19.183333333333334,9
eurocup,ramljak ivan||eurocup,2017-12-06,14.3,4
eurocup,ramljak ivan||eurocup,2017-12-13,15.4,6
eurocup,ramljak ivan||eurocup,2017-12-20,10.2,-4
eurocup,redding reggie||eurocup,2017-10-11,12.8,12
eurocup,redding reggie||eurocup,2017-10-18,4.433333333333334,-2
eurocup,redding reggie||eurocup,2017-10-25,28.533333333333335,14
eurocup,redding reggie||eurocup,2017-11-01,17.766666666666666,1
eurocup,redding reggie||eurocup,2017-11-08,24.75,18
eurocup,redding reggie||eurocup,2017-11-15,31.516666666666666,27
eurocup,redding reggie||eurocup,2017-12-06,24.566666666666666,11
eurocup,redding reggie||eurocup,2017-12-13,21.083333333333332,7
eurocup,redding reggie||eurocup,2017-12-19,25.666666666666668,8
eurocup,redding reggie||eurocup,2017-12-27,26.616666666666667,16
eurocup,redding reggie||eurocup,2018-01-02,33.416666666666664,19
eurocup,redding reggie||eurocup,2018-01-10,24.933333333333334,12
eurocup,redding reggie||eurocup,2018-01-17,30.95,15
eurocup,redivo lucio||eurocup,2017-10-11,16.183333333333334,-3
eurocup,redivo lucio||eurocup,2017-10-18,13.716666666666667,8
eurocup,redivo lucio||eurocup,2017-10-24,15.816666666666666,11
eurocup,redivo lucio||eurocup,2017-11-01,18.016666666666666,2
eurocup,redivo lucio||eurocup,2017-11-08,21.916666666666668,15
eurocup,redivo lucio||eurocup,2017-11-15,15.466666666666667,0
eurocup,redivo lucio||eurocup,2017-12-05,6.65,3
eurocup,redivo lucio||eurocup,2017-12-13,25.633333333333333,23
eurocup,redivo lucio||eurocup,2017-12-20,22.783333333333335,2
eurocup,redivo lucio||eurocup,2017-12-27,0.0,0
eurocup,renfroe alex||eurocup,2017-10-11,26.35,6
eurocup,renfroe alex||eurocup,2017-10-18,22.883333333333333,-1
eurocup,renfroe alex||eurocup,2017-10-25,36.7,20
eurocup,renfroe alex||eurocup,2017-11-01,21.933333333333334,12
eurocup,renfroe alex||eurocup,2017-11-08,29.933333333333334,12
eurocup,renfroe alex||eurocup,2017-11-15,26.25,16
eurocup,renfroe alex||eurocup,2017-12-06,32.03333333333333,22
eurocup,renfroe alex||eurocup,2017-12-12,30.25,14
eurocup,renfroe alex||eurocup,2017-12-19,27.166666666666668,16
eurocup,renfroe alex||eurocup,2017-12-27,26.433333333333334,8
eurocup,renfroe alex||eurocup,2018-01-03,23.9,5
eurocup,renfroe alex||eurocup,2018-01-10,19.633333333333333,-2
eurocup,renfroe alex||eurocup,2018-01-16,7.0,2
eurocup,reynolds jalen||eurocup,2017-10-11,20.766666666666666,10
eurocup,reynolds jalen||eurocup,2017-10-18,35.31666666666667,31
eurocup,reynolds jalen||eurocup,2017-10-25,16.816666666666666,8
eurocup,reynolds jalen||eurocup,2017-11-01,30.3,10
eurocup,reynolds jalen||eurocup,2017-11-08,32.416666666666664,22
eurocup,reynolds jalen||eurocup,2017-11-15,19.05,14
eurocup,reynolds jalen||eurocup,2017-12-06,27.616666666666667,19
eurocup,reynolds jalen||eurocup,2017-12-13,19.2,4
eurocup,reynolds jalen||eurocup,2017-12-20,25.366666666666667,22
eurocup,reynolds jalen||eurocup,2017-12-27,18.433333333333334,7
eurocup,reynolds jalen||eurocup,2018-01-02,17.433333333333334,5
eurocup,reynolds jalen||eurocup,2018-01-10,29.2,20
eurocup,reynolds jalen||eurocup,2018-01-16,19.716666666666665,12
eurocup,reynolds scottie||eurocup,2017-10-11,25.6,9
eurocup,reynolds scottie||eurocup,2017-10-18,1.4166666666666667,-1
eurocup,reynolds scottie||eurocup,2017-10-25,6.216666666666667,0
eurocup,reynolds scottie||eurocup,2017-11-01,27.416666666666668,17
eurocup,reynolds scottie||eurocup,2017-11-08,22.966666666666665,14
eurocup,reynolds scottie||eurocup,2017-11-14,27.383333333333333,27
eurocup,reynolds scottie||eurocup,2017-12-05,7.333333333333333,-1
eurocup,reynolds scottie||eurocup,2017-12-12,22.8,10
eurocup,reynolds scottie||eurocup,2017-12-19,28.933333333333334,25
eurocup,reynolds scottie||eurocup,2017-12-26,26.816666666666666,13
eurocup,reynolds scottie||eurocup,2018-01-03,23.916666666666668,3
eurocup,reynolds scottie||eurocup,2018-01-10,28.116666666666667,12
eurocup,reynolds scottie||eurocup,2018-01-17,28.966666666666665,10
eurocup,rimsa tomas||eurocup,2017-10-25,0.0,0
eurocup,roberson john||eurocup,2017-10-11,24.033333333333335,3
eurocup,roberson john||eurocup,2017-10-17,26.75,29
eurocup,roberson john||eurocup,2017-10-25,33.03333333333333,28
eurocup,roberson john||eurocup,2017-11-01,25.566666666666666,20
eurocup,roberson john||eurocup,2017-11-08,22.783333333333335,10
eurocup,roberson john||eurocup,2017-11-14,29.2,10
eurocup,roberson john||eurocup,2017-12-06,29.033333333333335,30
eurocup,roberson john||eurocup,2017-12-12,13.483333333333333,-3
eurocup,roberson john||eurocup,2017-12-20,18.1,12
eurocup,roberson john||eurocup,2017-12-27,42.3,44
eurocup,roberson john||eurocup,2018-01-03,28.483333333333334,28
eurocup,roberson john||eurocup,2018-01-10,27.05,8
eurocup,roberson john||eurocup,2018-01-17,23.3,12
eurocup,roberts ronald||eurocup,2017-12-06,6.266666666666667,0
eurocup,roberts ronald||eurocup,2017-12-13,25.816666666666666,13
eurocup,roberts ronald||eurocup,2017-12-20,32.95,24
eurocup,roberts ronald||eurocup,2017-12-27,18.033333333333335,7
eurocup,rohwer bjoern||eurocup,2017-10-10,0.0,0
eurocup,rohwer bjoern||eurocup,2017-10-17,10.933333333333334,3
eurocup,rohwer bjoern||eurocup,2017-10-25,0.0,0
eurocup,rohwer bjoern||eurocup,2017-11-01,0.0,0
eurocup,rohwer bjoern||eurocup,2017-11-08,0.0,0
eurocup,rohwer bjoern||eurocup,2017-12-06,0.0,0
eurocup,roos maxime||eurocup,2017-10-11,13.366666666666667,-1
eurocup,roos maxime||eurocup,2017-10-18,16.233333333333334,6
eurocup,roos maxime||eurocup,2017-10-25,14.883333333333333,-1
eurocup,roos maxime||eurocup,2017-10-31,27.8,2
eurocup,roos maxime||eurocup,2017-11-08,9.816666666666666,1
eurocup,roos maxime||eurocup,2017-11-15,14.75,1
eurocup,roos maxime||eurocup,2017-12-06,7.283333333333333,-4
eurocup,roos maxime||eurocup,2017-12-13,11.016666666666667,1
eurocup,roos maxime||eurocup,2017-12-20,10.95,2
eurocup,roos maxime||eurocup,2017-12-27,13.816666666666666,1
eurocup,saibou joshiko||eurocup,2017-10-11,13.116666666666667,4
eurocup,saibou joshiko||eurocup,2017-10-18,8.25,-2
eurocup,saibou joshiko||eurocup,2017-10-24,16.433333333333334,6
eurocup,saibou joshiko||eurocup,2017-11-01,13.7,7
eurocup,saibou joshiko||eurocup,2017-11-08,14.966666666666667,3
eurocup,saibou joshiko||eurocup,2017-11-14,11.733333333333333,2
eurocup,saibou joshiko||eurocup,2017-12-05,15.35,5
eurocup,saibou joshiko||eurocup,2017-12-12,18.333333333333332,5
eurocup,saibou joshiko||eurocup,2017-12-20,8.5,-1
eurocup,saibou joshiko||eurocup,2017-12-27,15.75,5
eurocup,saibou joshiko||eurocup,2018-01-02,10.633333333333333,-5
eurocup,saibou joshiko||eurocup,2018-01-10,21.866666666666667,17
eurocup,saibou joshiko||eurocup,2018-01-17,20.716666666666665,-3
eurocup,salgado javi||eurocup,2017-11-08,0.0,0
eurocup,salgado javi||eurocup,2017-11-15,0.45,0
eurocup,salgado javi||eurocup,2017-12-05,21.3,5
eurocup,salgado javi||eurocup,2017-12-13,19.083333333333332,14
eurocup,salgado javi||eurocup,2017-12-20,24.983333333333334,5
eurocup,salgado javi||eurocup,2017-12-27,23.9,14
eurocup,salic doko||eurocup,2017-10-11,21.816666666666666,9
eurocup,salic doko||eurocup,2017-10-18,17.05,5
eurocup,salic doko||eurocup,2017-10-24,15.616666666666667,3
eurocup,salic doko||eurocup,2017-10-31,26.116666666666667,4
eurocup,salic doko||eurocup,2017-11-08,13.15,5
eurocup,salic doko||eurocup,2017-11-14,13.066666666666666,9
eurocup,salic doko||eurocup,2017-12-05,27.466666666666665,20
eurocup,salic doko||eurocup,2017-12-13,18.3,1
eurocup,salic doko||eurocup,2017-12-19,24.65,17
eurocup,salic doko||eurocup,2017-12-27,17.5,4
eurocup,samuels samardo||eurocup,2017-11-08,26.85,14
eurocup,samuels samardo||eurocup,2017-11-14,17.566666666666666,12
eurocup,sane landing||eurocup,2017-10-11,19.65,8
eurocup,sane landing||eurocup,2017-10-18,10.883333333333333,-3
eurocup,sane landing||eurocup,2017-10-25,8.75,-2
eurocup,sane landing||eurocup,2017-11-01,25.75,5
eurocup,sane landing||eurocup,2017-11-08,19.066666666666666,2
eurocup,sane landing||eurocup,2017-11-15,22.95,17
eurocup,sane landing||eurocup,2017-12-06,1.5833333333333335,0
eurocup,sane landing||eurocup,2017-12-13,9.4,3
eurocup,sane landing||eurocup,2017-12-20,15.35,8
eurocup,sane landing||eurocup,2017-12-27,12.3,3
eurocup,sane landing||eurocup,2018-01-02,19.966666666666665,23
eurocup,sant-roos  howard||eurocup,2017-10-11,25.816666666666666,13
eurocup,sant-roos  howard||eurocup,2017-10-18,32.56666666666667,6
eurocup,sant-roos  howard||eurocup,2017-10-25,27.0,18
eurocup,sant-roos  howard||eurocup,2017-11-01,27.283333333333335,23
eurocup,sant-roos  howard||eurocup,2017-11-07,30.516666666666666,12
eurocup,sant-roos  howard||eurocup,2017-11-15,20.3,9
eurocup,sant-roos  howard||eurocup,2017-12-06,37.833333333333336,18
eurocup,sant-roos  howard||eurocup,2017-12-13,25.85,8
eurocup,sant-roos  howard||eurocup,2017-12-20,25.333333333333332,20
eurocup,sant-roos  howard||eurocup,2017-12-27,22.0,11
eurocup,sant-roos  howard||eurocup,2018-01-03,36.13333333333333,31
eurocup,sant-roos  howard||eurocup,2018-01-10,32.93333333333333,28
eurocup,sant-roos  howard||eurocup,2018-01-17,32.85,27
eurocup,schneider tim||eurocup,2017-10-11,19.25,3
eurocup,schneider tim||eurocup,2017-10-18,11.85,5
eurocup,schneider tim||eurocup,2017-10-24,8.816666666666666,0
eurocup,schneider tim||eurocup,2017-11-01,6.5,2
eurocup,schneider tim||eurocup,2017-11-14,11.783333333333333,0
eurocup,schneider tim||eurocup,2017-12-05,12.966666666666667,1
eurocup,schneider tim||eurocup,2017-12-12,8.6,7
eurocup,schneider tim||eurocup,2017-12-20,9.9,-2
eurocup,schneider tim||eurocup,2017-12-27,16.616666666666667,16
eurocup,schneider tim||eurocup,2018-01-02,14.666666666666666,2
eurocup,schneider tim||eurocup,2018-01-10,9.166666666666666,-3
eurocup,schneider tim||eurocup,2018-01-17,26.866666666666667,3
eurocup,seeley dennis||eurocup,2017-10-11,9.583333333333334,0
eurocup,seeley dennis||eurocup,2017-10-17,26.016666666666666,20
eurocup,seeley dennis||eurocup,2017-10-25,22.6,7
eurocup,seeley dennis||eurocup,2017-11-01,15.333333333333334,2
eurocup,seeley dennis||eurocup,2017-11-08,13.616666666666667,-5
eurocup,seeley dennis||eurocup,2017-11-14,24.633333333333333,0
eurocup,seeley dennis||eurocup,2017-12-06,23.716666666666665,2
eurocup,seeley dennis||eurocup,2017-12-13,21.116666666666667,29
eurocup,seeley dennis||eurocup,2017-12-20,25.016666666666666,5
eurocup,seeley dennis||eurocup,2017-12-27,35.25,12
eurocup,seeley dennis||eurocup,2018-01-02,17.55,6
eurocup,seeley dennis||eurocup,2018-01-10,29.483333333333334,25
eurocup,seeley dennis||eurocup,2018-01-16,24.1,23
eurocup,sehovic sead||eurocup,2017-10-17,0.0,0
eurocup,sehovic sead||eurocup,2017-10-25,0.0,0
eurocup,sehovic sead||eurocup,2017-11-01,10.083333333333334,-2
eurocup,sehovic sead||eurocup,2017-11-07,10.633333333333333,6
eurocup,sehovic sead||eurocup,2017-11-15,16.233333333333334,3
eurocup,sehovic sead||eurocup,2017-12-06,24.716666666666665,10
eurocup,sehovic sead||eurocup,2017-12-12,18.433333333333334,4
eurocup,sehovic sead||eurocup,2017-12-19,23.3,3
eurocup,sehovic sead||eurocup,2017-12-27,0.0,0
eurocup,sehovic sead||eurocup,2018-01-03,0.0,0
eurocup,sehovic sead||eurocup,2018-01-10,21.35,23
eurocup,sehovic sead||eurocup,2018-01-17,17.866666666666667,7
eurocup,sehovic suad||eurocup,2017-10-11,28.983333333333334,5
eurocup,sehovic suad||eurocup,2017-10-17,18.75,6
eurocup,sehovic suad||eurocup,2017-10-25,24.9,4
eurocup,sehovic suad||eurocup,2017-11-01,17.766666666666666,1
eurocup,sehovic suad||eurocup,2017-11-07,24.35,9
eurocup,sehovic suad||eurocup,2017-11-15,18.533333333333335,5
eurocup,sehovic suad||eurocup,2017-12-19,0.0,0
eurocup,sehovic suad||eurocup,2017-12-27,23.85,9
eurocup,sehovic suad||eurocup,2018-01-03,21.216666666666665,0
eurocup,sehovic suad||eurocup,2018-01-10,25.483333333333334,-1
eurocup,sehovic suad||eurocup,2018-01-17,21.55,8
eurocup,sergeev pavel||eurocup,2017-10-11,1.15,0
eurocup,sergeev pavel||eurocup,2017-10-18,0.0,0
eurocup,sergeev pavel||eurocup,2017-10-25,0.0,0
eurocup,sergeev pavel||eurocup,2017-11-01,8.516666666666667,-1
eurocup,sergeev pavel||eurocup,2017-11-08,0.8333333333333334,0
eurocup,sergeev pavel||eurocup,2017-11-15,7.083333333333333,0
eurocup,sergeev pavel||eurocup,2017-12-06,0.0,0
eurocup,sergeev pavel||eurocup,2017-12-13,0.0,0
eurocup,sergeev pavel||eurocup,2017-12-20,0.0,0
eurocup,sergeev pavel||eurocup,2017-12-26,1.7,0
eurocup,sergeev pavel||eurocup,2018-01-03,0.0,0
eurocup,sergeev pavel||eurocup,2018-01-09,0.0,0
eurocup,sergeev pavel||eurocup,2018-01-16,0.0,0
eurocup,shields shavon||eurocup,2017-10-11,16.366666666666667,10
eurocup,shields shavon||eurocup,2017-10-18,31.966666666666665,18
eurocup,shields shavon||eurocup,2017-10-25,29.35,-4
eurocup,shields shavon||eurocup,2017-11-01,2.7333333333333334,0
eurocup,shields shavon||eurocup,2017-11-14,0.0,0
eurocup,shields shavon||eurocup,2017-12-05,25.766666666666666,27
eurocup,shields shavon||eurocup,2017-12-13,32.25,8
eurocup,shields shavon||eurocup,2017-12-20,29.483333333333334,18
eurocup,shields shavon||eurocup,2017-12-27,27.9,23
eurocup,shields shavon||eurocup,2018-01-03,36.03333333333333,18
eurocup,shields shavon||eurocup,2018-01-10,28.4,9
eurocup,shields shavon||eurocup,2018-01-17,27.683333333333334,3
eurocup,shukhovtcov grigory||eurocup,2017-11-01,4.633333333333333,1
eurocup,shukhovtcov grigory||eurocup,2017-11-08,0.0,0
eurocup,shukhovtcov grigory||eurocup,2017-11-15,6.333333333333333,6
eurocup,shukhovtcov grigory||eurocup,2017-12-13,5.983333333333333,-1
eurocup,shukhovtcov grigory||eurocup,2017-12-20,0.0,0
eurocup,shukhovtcov grigory||eurocup,2017-12-26,1.7,0
eurocup,shukhovtcov grigory||eurocup,2018-01-03,0.0,0
eurocup,shukhovtcov grigory||eurocup,2018-01-09,0.0,0
eurocup,shukhovtcov grigory||eurocup,2018-01-16,0.0,0
eurocup,shurna john||eurocup,2017-10-11,15.016666666666667,5
eurocup,shurna john||eurocup,2017-10-17,26.283333333333335,8
eurocup,shurna john||eurocup,2017-10-25,23.55,10
eurocup,shurna john||eurocup,2017-10-31,21.933333333333334,5
eurocup,shurna john||eurocup,2017-11-07,19.583333333333332,1
eurocup,shurna john||eurocup,2017-11-15,23.55,12
eurocup,shurna john||eurocup,2017-12-06,3.9833333333333334,1
eurocup,shurna john||eurocup,2017-12-13,21.416666666666668,5
eurocup,shurna john||eurocup,2017-12-20,20.116666666666667,5
eurocup,shurna john||eurocup,2017-12-27,27.183333333333334,12
eurocup,sikma luke||eurocup,2017-10-11,27.616666666666667,31
eurocup,sikma luke||eurocup,2017-10-18,26.566666666666666,13
eurocup,sikma luke||eurocup,2017-10-24,28.733333333333334,20
eurocup,sikma luke||eurocup,2017-11-01,26.65,16
eurocup,sikma luke||eurocup,2017-11-08,28.583333333333332,17
eurocup,sikma luke||eurocup,2017-11-14,28.216666666666665,18
eurocup,sikma luke||eurocup,2017-12-05,24.616666666666667,9
eurocup,sikma luke||eurocup,2017-12-12,28.083333333333332,15
eurocup,sikma luke||eurocup,2017-12-20,21.95,2
eurocup,sikma luke||eurocup,2017-12-27,23.383333333333333,6
eurocup,sikma luke||eurocup,2018-01-02,26.683333333333334,35
eurocup,sikma luke||eurocup,2018-01-10,29.633333333333333,32
eurocup,sikma luke||eurocup,2018-01-17,21.233333333333334,19
eurocup,silins ojars||eurocup,2017-10-11,17.983333333333334,-4
eurocup,silins ojars||eurocup,2017-10-18,16.666666666666668,2
eurocup,silins ojars||eurocup,2017-10-25,13.783333333333333,4
eurocup,silins ojars||eurocup,2017-11-01,16.1,-2
eurocup,silins ojars||eurocup,2017-11-08,31.85,16
eurocup,silins ojars||eurocup,2017-11-14,25.666666666666668,6
eurocup,silins ojars||eurocup,2017-12-13,20.483333333333334,6
eurocup,silins ojars||eurocup,2017-12-20,12.116666666666667,2
eurocup,silins ojars||eurocup,2018-01-03,22.75,11
eurocup,silins ojars||eurocup,2018-01-10,23.416666666666668,10
eurocup,silins ojars||eurocup,2018-01-17,9.483333333333333,-2
eurocup,simonovic marko||eurocup,2017-10-11,20.133333333333333,-2
eurocup,simonovic marko||eurocup,2017-10-18,16.0,-2
eurocup,simonovic marko||eurocup,2017-11-01,32.666666666666664,21
eurocup,simonovic marko||eurocup,2017-11-08,33.68333333333333,15
eurocup,simonovic marko||eurocup,2017-11-14,28.1,3
eurocup,simonovic marko||eurocup,2017-12-05,24.783333333333335,9
eurocup,simonovic marko||eurocup,2017-12-12,32.083333333333336,7
eurocup,simonovic marko||eurocup,2017-12-19,28.366666666666667,18
eurocup,simonovic marko||eurocup,2017-12-26,24.6,9
eurocup,simonovic marko||eurocup,2018-01-03,16.816666666666666,2
eurocup,simonovic marko||eurocup,2018-01-10,11.8,-3
eurocup,simonovic marko||eurocup,2018-01-17,18.383333333333333,6
eurocup,sirvydis deividas||eurocup,2017-12-05,1.9666666666666668,-1
eurocup,sirvydis deividas||eurocup,2017-12-13,3.1333333333333333,0
eurocup,siva  peyton||eurocup,2017-10-11,10.883333333333333,9
eurocup,siva  peyton||eurocup,2017-10-18,0.0,0
eurocup,siva  peyton||eurocup,2017-10-24,22.466666666666665,5
eurocup,siva  peyton||eurocup,2017-11-01,30.983333333333334,31
eurocup,siva  peyton||eurocup,2017-11-08,32.46666666666667,21
eurocup,siva  peyton||eurocup,2017-11-14,25.983333333333334,18
eurocup,siva  peyton||eurocup,2017-12-05,16.483333333333334,13
eurocup,siva  peyton||eurocup,2017-12-20,7.683333333333334,7
eurocup,siva  peyton||eurocup,2017-12-27,17.833333333333332,10
eurocup,siva  peyton||eurocup,2018-01-02,26.516666666666666,9
eurocup,siva  peyton||eurocup,2018-01-10,18.133333333333333,11
eurocup,siva  peyton||eurocup,2018-01-17,28.116666666666667,24
eurocup,skucas zygimantas||eurocup,2017-10-11,0.0,0
eurocup,skucas zygimantas||eurocup,2017-10-18,11.55,1
eurocup,skucas zygimantas||eurocup,2017-10-25,9.1,3
eurocup,skucas zygimantas||eurocup,2017-11-01,6.533333333333333,0
eurocup,skucas zygimantas||eurocup,2017-11-07,5.45,-1
eurocup,skucas zygimantas||eurocup,2017-11-15,0.0,0
eurocup,skucas zygimantas||eurocup,2017-12-06,24.5,14
eurocup,skucas zygimantas||eurocup,2017-12-13,19.083333333333332,8
eurocup,skucas zygimantas||eurocup,2017-12-19,6.133333333333334,-3
eurocup,skucas zygimantas||eurocup,2017-12-27,15.55,4
eurocup,slaughter aj||eurocup,2017-10-11,13.633333333333333,0
eurocup,slaughter aj||eurocup,2017-10-17,18.683333333333334,19
eurocup,slaughter aj||eurocup,2017-10-25,26.933333333333334,15
eurocup,slaughter aj||eurocup,2017-11-01,24.633333333333333,3
eurocup,slaughter aj||eurocup,2017-11-08,27.683333333333334,7
eurocup,slaughter aj||eurocup,2017-11-14,28.066666666666666,3
eurocup,slaughter aj||eurocup,2017-12-06,31.166666666666668,21
eurocup,slaughter aj||eurocup,2017-12-12,30.483333333333334,15
eurocup,slaughter aj||eurocup,2017-12-20,13.416666666666666,-1
eurocup,slaughter aj||eurocup,2017-12-27,24.066666666666666,-2
eurocup,slaughter aj||eurocup,2018-01-03,32.45,10
eurocup,slaughter aj||eurocup,2018-01-10,21.3,5
eurocup,slaughter aj||eurocup,2018-01-17,23.466666666666665,14
eurocup,slavica nik||eurocup,2017-10-11,4.35,0
eurocup,slavica nik||eurocup,2017-10-18,0.0,0
eurocup,slavica nik||eurocup,2017-10-25,2.0,0
eurocup,slavica nik||eurocup,2017-11-01,2.0833333333333335,-2
eurocup,slavica nik||eurocup,2017-11-08,0.0,0
eurocup,slavica nik||eurocup,2017-11-15,4.866666666666667,-1
eurocup,slavica nik||eurocup,2017-12-06,0.0,0
eurocup,slavica nik||eurocup,2017-12-27,13.75,7
eurocup,slavica nik||eurocup,2018-01-03,0.0,0
eurocup,slavica nik||eurocup,2018-01-10,5.266666666666667,-4
eurocup,slavica nik||eurocup,2018-01-16,2.5166666666666666,0
eurocup,smith jamar||eurocup,2017-10-11,30.716666666666665,9
eurocup,smith jamar||eurocup,2017-10-18,31.583333333333332,12
eurocup,smith jamar||eurocup,2017-10-25,30.283333333333335,15
eurocup,smith jamar||eurocup,2017-11-01,29.383333333333333,6
eurocup,smith jamar||eurocup,2017-11-08,35.016666666666666,15
eurocup,smith jamar||eurocup,2017-11-15,27.516666666666666,20
eurocup,smith jamar||eurocup,2017-12-06,26.35,11
eurocup,smith jamar||eurocup,2017-12-13,34.35,9
eurocup,smith jamar||eurocup,2017-12-20,26.483333333333334,6
eurocup,smith jamar||eurocup,2017-12-26,27.783333333333335,9
eurocup,smith jamar||eurocup,2018-01-03,41.8,11
eurocup,smith jamar||eurocup,2018-01-09,35.35,15
eurocup,smith jamar||eurocup,2018-01-16,32.06666666666667,10
eurocup,sow khadim||eurocup,2017-10-17,3.5,1
eurocup,sow khadim||eurocup,2017-10-25,0.0,0
eurocup,starovlah milic||eurocup,2017-10-11,11.016666666666667,4
eurocup,starovlah milic||eurocup,2017-10-17,10.9,0
eurocup,starovlah milic||eurocup,2017-10-25,6.8,-1
eurocup,starovlah milic||eurocup,2017-11-01,0.0,0
eurocup,starovlah milic||eurocup,2017-11-07,5.9,-2
eurocup,starovlah milic||eurocup,2017-11-15,5.05,4
eurocup,starovlah milic||eurocup,2017-12-06,8.583333333333334,-2
eurocup,starovlah milic||eurocup,2017-12-12,13.6,1
eurocup,starovlah milic||eurocup,2017-12-19,9.733333333333333,4
eurocup,starovlah milic||eurocup,2017-12-27,0.18333333333333332,0
eurocup,starovlah milic||eurocup,2018-01-03,4.933333333333334,-2
eurocup,starovlah milic||eurocup,2018-01-10,0.0,0
eurocup,starovlah milic||eurocup,2018-01-17,0.0,0
eurocup,stephens quinton||eurocup,2017-10-11,3.6333333333333333,-1
eurocup,stephens quinton||eurocup,2017-10-17,6.566666666666666,0
eurocup,stephens quinton||eurocup,2017-10-25,0.0,0
eurocup,stephens quinton||eurocup,2017-11-01,3.3333333333333335,-1
eurocup,stephens quinton||eurocup,2017-11-08,0.0,0
eurocup,stephens quinton||eurocup,2017-11-15,0.0,0
eurocup,stephens quinton||eurocup,2017-12-06,3.3,-1
eurocup,stephens quinton||eurocup,2017-12-13,0.0,0
eurocup,stephens quinton||eurocup,2017-12-20,0.0,0
eurocup,stephens quinton||eurocup,2017-12-26,0.0,0
eurocup,stephens quinton||eurocup,2018-01-02,0.0,0
eurocup,stephens quinton||eurocup,2018-01-10,0.0,0
eurocup,stephens quinton||eurocup,2018-01-17,0.0,0
eurocup,stevanovic andreja||eurocup,2017-10-11,11.766666666666667,-7
eurocup,stevanovic andreja||eurocup,2017-10-18,16.183333333333334,4
eurocup,stevanovic andreja||eurocup,2017-10-24,0.0,0
eurocup,stevanovic andreja||eurocup,2017-10-31,15.883333333333333,4
eurocup,stevanovic andreja||eurocup,2017-11-14,6.866666666666667,1
eurocup,stevanovic andreja||eurocup,2017-12-05,24.75,3
eurocup,stevanovic andreja||eurocup,2017-12-13,2.1666666666666665,-1
eurocup,stevanovic andreja||eurocup,2017-12-19,8.816666666666666,-2
eurocup,stevic oliver||eurocup,2017-10-11,17.633333333333333,12
eurocup,stevic oliver||eurocup,2017-10-17,20.45,1
eurocup,stevic oliver||eurocup,2017-10-25,14.3,5
eurocup,stevic oliver||eurocup,2017-10-31,9.083333333333334,1
eurocup,stevic oliver||eurocup,2017-11-07,25.466666666666665,13
eurocup,stevic oliver||eurocup,2017-11-15,17.833333333333332,7
eurocup,stevic oliver||eurocup,2017-12-06,26.766666666666666,26
eurocup,stevic oliver||eurocup,2017-12-13,17.483333333333334,7
eurocup,stevic oliver||eurocup,2017-12-20,16.283333333333335,5
eurocup,stevic oliver||eurocup,2017-12-27,15.716666666666667,15
eurocup,stipanovic andrija||eurocup,2017-10-11,29.1,19
eurocup,stipanovic andrija||eurocup,2017-10-18,31.333333333333332,17
eurocup,stipanovic andrija||eurocup,2017-10-25,21.466666666666665,9
eurocup,stipanovic andrija||eurocup,2017-11-01,24.783333333333335,3
eurocup,stipanovic andrija||eurocup,2017-11-08,31.833333333333332,23
eurocup,stipanovic andrija||eurocup,2017-11-15,23.9,12
eurocup,stipanovic andrija||eurocup,2017-12-06,29.416666666666668,0
eurocup,stipanovic andrija||eurocup,2017-12-13,25.416666666666668,6
eurocup,stipanovic andrija||eurocup,2017-12-20,14.833333333333334,5
eurocup,stipanovic andrija||eurocup,2017-12-27,18.816666666666666,12
eurocup,stipanovic andrija||eurocup,2018-01-03,18.25,-3
eurocup,stipanovic andrija||eurocup,2018-01-10,21.133333333333333,18
eurocup,stipanovic andrija||eurocup,2018-01-16,23.266666666666666,9
eurocup,summers dajuan||eurocup,2017-10-11,12.983333333333333,-2
eurocup,summers dajuan||eurocup,2017-10-18,30.266666666666666,6
eurocup,summers dajuan||eurocup,2017-10-25,28.033333333333335,8
eurocup,summers dajuan||eurocup,2017-11-01,25.733333333333334,21
eurocup,summers dajuan||eurocup,2017-11-08,29.65,15
eurocup,summers dajuan||eurocup,2017-11-15,23.766666666666666,6
eurocup,summers dajuan||eurocup,2017-12-06,18.383333333333333,-1
eurocup,summers dajuan||eurocup,2017-12-12,19.466666666666665,5
eurocup,summers dajuan||eurocup,2017-12-19,16.75,1
eurocup,summers dajuan||eurocup,2017-12-27,19.283333333333335,13
eurocup,summers dajuan||eurocup,2018-01-03,27.833333333333332,5
eurocup,summers dajuan||eurocup,2018-01-10,24.8,7
eurocup,summers dajuan||eurocup,2018-01-16,32.416666666666664,22
eurocup,sutton dominique||eurocup,2017-10-11,20.016666666666666,19
eurocup,sutton dominique||eurocup,2017-10-18,25.75,18
eurocup,sutton dominique||eurocup,2017-10-25,29.016666666666666,28
eurocup,sutton dominique||eurocup,2017-11-01,29.583333333333332,24
eurocup,sutton dominique||eurocup,2017-11-08,24.1,9
eurocup,sutton dominique||eurocup,2017-11-14,33.733333333333334,15
eurocup,sutton dominique||eurocup,2017-12-05,23.066666666666666,5
eurocup,sutton dominique||eurocup,2017-12-13,35.36666666666667,32
eurocup,sutton dominique||eurocup,2017-12-20,33.1,19
eurocup,sutton dominique||eurocup,2017-12-27,29.283333333333335,27
eurocup,sutton dominique||eurocup,2018-01-10,19.166666666666668,6
eurocup,sutton dominique||eurocup,2018-01-17,35.13333333333333,26
eurocup,tabu jonathan||eurocup,2017-10-11,23.916666666666668,10
eurocup,tabu jonathan||eurocup,2017-10-18,22.133333333333333,8
eurocup,tabu jonathan||eurocup,2017-10-24,21.05,2
eurocup,tabu jonathan||eurocup,2017-11-01,23.866666666666667,23
eurocup,tabu jonathan||eurocup,2017-11-08,26.166666666666668,6
eurocup,tabu jonathan||eurocup,2017-11-15,27.1,8
eurocup,tabu jonathan||eurocup,2017-12-27,17.983333333333334,-4
eurocup,tadic tadija||eurocup,2017-10-11,0.0,0
eurocup,tadic tadija||eurocup,2017-10-18,0.0,0
eurocup,tadic tadija||eurocup,2017-10-31,0.0,0
eurocup,tadic tadija||eurocup,2017-11-08,0.0,0
eurocup,tadic tadija||eurocup,2017-12-05,0.0,0
eurocup,tadic tadija||eurocup,2017-12-13,4.983333333333333,-3
eurocup,tadic tadija||eurocup,2017-12-19,0.0,0
eurocup,talton gary||eurocup,2017-10-11,19.466666666666665,7
eurocup,talton gary||eurocup,2017-10-18,16.616666666666667,9
eurocup,talton gary||eurocup,2017-10-25,21.133333333333333,5
eurocup,talton gary||eurocup,2017-11-01,34.13333333333333,3
eurocup,talton gary||eurocup,2017-11-07,26.45,0
eurocup,talton gary||eurocup,2017-11-15,28.0,16
eurocup,talton gary||eurocup,2017-12-06,8.75,-2
eurocup,talton gary||eurocup,2017-12-13,12.466666666666667,-5
eurocup,talton gary||eurocup,2017-12-19,17.3,8
eurocup,talton gary||eurocup,2017-12-27,3.1,-1
eurocup,tanaskovic nikola||eurocup,2017-12-05,29.183333333333334,7
eurocup,tanaskovic nikola||eurocup,2017-12-13,20.716666666666665,6
eurocup,tanaskovic nikola||eurocup,2017-12-19,26.45,4
eurocup,tanaskovic nikola||eurocup,2017-12-27,21.6,3
eurocup,tarolis donatas||eurocup,2017-10-11,9.6,1
eurocup,tarolis donatas||eurocup,2017-10-18,13.683333333333334,4
eurocup,tarolis donatas||eurocup,2017-10-25,11.2,3
eurocup,tarolis donatas||eurocup,2017-11-01,4.416666666666667,-3
eurocup,tarolis donatas||eurocup,2017-11-07,6.316666666666666,1
eurocup,tarolis donatas||eurocup,2017-11-15,16.466666666666665,11
eurocup,tarolis donatas||eurocup,2017-12-06,0.0,0
eurocup,tarolis donatas||eurocup,2017-12-13,8.016666666666667,4
eurocup,tarolis donatas||eurocup,2017-12-19,7.216666666666667,7
eurocup,tarolis donatas||eurocup,2017-12-27,8.983333333333333,6
eurocup,taylor jordan||eurocup,2017-11-08,20.233333333333334,6
eurocup,taylor jordan||eurocup,2017-11-15,12.783333333333333,-3
eurocup,taylor jordan||eurocup,2017-12-06,5.633333333333333,-1
eurocup,taylor jordan||eurocup,2017-12-12,11.466666666666667,17
eurocup,taylor jordan||eurocup,2017-12-19,22.25,6
eurocup,taylor jordan||eurocup,2017-12-27,16.35,8
eurocup,taylor jordan||eurocup,2018-01-03,16.1,2
eurocup,taylor jordan||eurocup,2018-01-10,7.95,0
eurocup,taylor jordan||eurocup,2018-01-16,30.266666666666666,14
eurocup,tchewa russel||eurocup,2017-10-25,0.0,0
eurocup,tchewa russel||eurocup,2017-11-01,0.0,0
eurocup,tchewa russel||eurocup,2017-11-08,0.0,0
eurocup,tchewa russel||eurocup,2017-11-15,0.0,0
eurocup,thomas devin robert||eurocup,2017-12-05,8.033333333333333,1
eurocup,thomas devin robert||eurocup,2017-12-13,10.25,-1
eurocup,thomas devin robert||eurocup,2017-12-20,15.25,6
eurocup,thomas devin robert||eurocup,2017-12-27,18.85,19
eurocup,thompson ryan||eurocup,2017-10-10,21.283333333333335,5
eurocup,thompson ryan||eurocup,2017-10-25,30.066666666666666,20
eurocup,thompson ryan||eurocup,2017-11-01,31.8,26
eurocup,thompson ryan||eurocup,2017-11-08,20.6,1
eurocup,thompson ryan||eurocup,2017-11-15,22.983333333333334,14
eurocup,thompson ryan||eurocup,2017-12-06,34.1,27
eurocup,thompson ryan||eurocup,2017-12-13,25.933333333333334,-4
eurocup,thompson ryan||eurocup,2017-12-19,0.0,0
eurocup,thompson ryan||eurocup,2017-12-27,20.0,9
eurocup,timor bar||eurocup,2017-10-11,19.016666666666666,0
eurocup,timor bar||eurocup,2017-10-17,3.8166666666666664,2
eurocup,timor bar||eurocup,2017-10-25,17.966666666666665,5
eurocup,timor bar||eurocup,2017-11-01,1.1333333333333333,4
eurocup,timor bar||eurocup,2017-12-06,0.0,0
eurocup,timor bar||eurocup,2017-12-13,18.683333333333334,-4
eurocup,timor bar||eurocup,2017-12-20,0.0,0
eurocup,timor bar||eurocup,2017-12-27,14.05,2
eurocup,todorovic dejan||eurocup,2017-10-11,24.3,26
eurocup,todorovic dejan||eurocup,2017-10-18,28.566666666666666,21
eurocup,todorovic dejan||eurocup,2017-10-24,26.333333333333332,14
eurocup,todorovic dejan||eurocup,2017-11-01,24.983333333333334,10
eurocup,todorovic dejan||eurocup,2017-11-08,21.516666666666666,11
eurocup,todorovic dejan||eurocup,2017-11-15,29.9,22
eurocup,todorovic dejan||eurocup,2017-12-05,17.766666666666666,2
eurocup,todorovic dejan||eurocup,2017-12-13,25.0,1
eurocup,todorovic dejan||eurocup,2017-12-20,27.966666666666665,20
eurocup,todorovic dejan||eurocup,2017-12-27,33.81666666666667,8
eurocup,tomas pere||eurocup,2017-10-11,17.233333333333334,17
eurocup,tomas pere||eurocup,2017-10-18,23.266666666666666,7
eurocup,tomas pere||eurocup,2017-10-24,26.066666666666666,22
eurocup,tomas pere||eurocup,2017-11-01,14.0,4
eurocup,tomas pere||eurocup,2017-11-08,21.583333333333332,13
eurocup,tomas pere||eurocup,2017-11-15,24.783333333333335,17
eurocup,tomas pere||eurocup,2017-12-05,27.5,8
eurocup,tomas pere||eurocup,2017-12-13,0.0,0
eurocup,tomas pere||eurocup,2017-12-20,18.95,-2
eurocup,tomas pere||eurocup,2017-12-27,15.9,7
eurocup,tomic obrad||eurocup,2017-10-11,5.983333333333333,-2
eurocup,tomic obrad||eurocup,2017-10-18,11.016666666666667,3
eurocup,tomic obrad||eurocup,2017-10-24,13.833333333333334,6
eurocup,tomic obrad||eurocup,2017-11-08,0.0,0
eurocup,tomic obrad||eurocup,2017-11-14,0.0,0
eurocup,tomic obrad||eurocup,2017-12-13,21.7,5
eurocup,topaloglu caner||eurocup,2017-11-08,0.0,0
eurocup,topaloglu caner||eurocup,2017-11-15,0.3,-1
eurocup,topaloglu caner||eurocup,2017-12-06,0.0,0
eurocup,topaloglu caner||eurocup,2017-12-13,0.0,0
eurocup,topaloglu caner||eurocup,2017-12-20,0.0,0
eurocup,topaloglu caner||eurocup,2017-12-26,0.0,0
eurocup,trushkin vladislav||eurocup,2017-10-11,12.666666666666666,5
eurocup,trushkin vladislav||eurocup,2017-10-18,2.9166666666666665,-1
eurocup,trushkin vladislav||eurocup,2017-10-25,2.783333333333333,2
eurocup,trushkin vladislav||eurocup,2017-11-01,17.866666666666667,12
eurocup,trushkin vladislav||eurocup,2017-11-08,20.966666666666665,7
eurocup,trushkin vladislav||eurocup,2017-11-15,13.85,-3
eurocup,trushkin vladislav||eurocup,2017-12-06,10.716666666666667,5
eurocup,trushkin vladislav||eurocup,2017-12-13,1.7166666666666668,1
eurocup,trushkin vladislav||eurocup,2017-12-20,17.816666666666666,13
eurocup,trushkin vladislav||eurocup,2017-12-26,14.7,14
eurocup,trushkin vladislav||eurocup,2018-01-03,5.833333333333333,-1
eurocup,trushkin vladislav||eurocup,2018-01-09,7.85,0
eurocup,trushkin vladislav||eurocup,2018-01-16,0.0,0
eurocup,ukic roko||eurocup,2017-10-11,20.983333333333334,11
eurocup,ukic roko||eurocup,2017-10-18,17.716666666666665,9
eurocup,ukic roko||eurocup,2017-10-25,21.15,4
eurocup,ukic roko||eurocup,2017-11-01,23.216666666666665,23
eurocup,ukic roko||eurocup,2017-11-08,25.6,15
eurocup,ukic roko||eurocup,2017-11-15,24.783333333333335,9
eurocup,ukic roko||eurocup,2017-12-06,34.9,27
eurocup,ukic roko||eurocup,2017-12-13,20.666666666666668,-3
eurocup,ukic roko||eurocup,2018-01-03,28.766666666666666,11
eurocup,ukic roko||eurocup,2018-01-10,29.933333333333334,13
eurocup,ukic roko||eurocup,2018-01-16,30.15,2
eurocup,ulubay okben||eurocup,2017-10-11,6.95,-1
eurocup,ulubay okben||eurocup,2017-10-18,12.783333333333333,11
eurocup,ulubay okben||eurocup,2017-10-25,6.183333333333334,1
eurocup,ulubay okben||eurocup,2017-11-01,0.0,0
eurocup,ulubay okben||eurocup,2017-11-07,4.95,-3
eurocup,ulubay okben||eurocup,2017-11-15,17.283333333333335,11
eurocup,ulubay okben||eurocup,2017-12-06,13.133333333333333,8
eurocup,ulubay okben||eurocup,2017-12-13,16.483333333333334,0
eurocup,ulubay okben||eurocup,2017-12-20,9.433333333333334,3
eurocup,ulubay okben||eurocup,2017-12-27,25.233333333333334,1
eurocup,ulubay okben||eurocup,2018-01-03,5.133333333333334,-2
eurocup,ulubay okben||eurocup,2018-01-10,16.683333333333334,5
eurocup,ulubay okben||eurocup,2018-01-17,3.6333333333333333,0
eurocup,valiev evgeny||eurocup,2017-10-11,19.3,0
eurocup,valiev evgeny||eurocup,2017-10-18,14.1,-2
eurocup,valiev evgeny||eurocup,2017-10-25,15.65,2
eurocup,valiev evgeny||eurocup,2017-11-01,13.533333333333333,8
eurocup,valiev evgeny||eurocup,2017-11-08,17.9,9
eurocup,valiev evgeny||eurocup,2017-11-14,12.533333333333333,7
eurocup,valiev evgeny||eurocup,2017-12-05,9.816666666666666,-2
eurocup,valiev evgeny||eurocup,2017-12-12,11.3,-1
eurocup,valiev evgeny||eurocup,2017-12-19,18.333333333333332,9
eurocup,valiev evgeny||eurocup,2017-12-26,8.733333333333333,0
eurocup,valiev evgeny||eurocup,2018-01-03,8.466666666666667,3
eurocup,valiev evgeny||eurocup,2018-01-10,17.833333333333332,7
eurocup,valiev evgeny||eurocup,2018-01-17,17.016666666666666,8
eurocup,vargas akeem||eurocup,2017-10-11,6.983333333333333,3
eurocup,vargas akeem||eurocup,2017-10-18,6.716666666666667,2
eurocup,vargas akeem||eurocup,2017-10-24,6.75,-2
eurocup,vargas akeem||eurocup,2017-11-01,8.15,6
eurocup,vargas akeem||eurocup,2017-11-08,18.816666666666666,8
eurocup,vargas akeem||eurocup,2017-11-14,13.566666666666666,3
eurocup,vargas akeem||eurocup,2017-12-05,21.3,9
eurocup,vargas akeem||eurocup,2017-12-12,12.183333333333334,5
eurocup,vargas akeem||eurocup,2017-12-20,13.883333333333333,7
eurocup,vargas akeem||eurocup,2017-12-27,32.516666666666666,23
eurocup,vargas akeem||eurocup,2018-01-02,27.933333333333334,12
eurocup,vargas akeem||eurocup,2018-01-10,18.133333333333333,6
eurocup,vargas akeem||eurocup,2018-01-17,22.733333333333334,-1
eurocup,velickovic novica||eurocup,2017-10-11,13.25,7
eurocup,velickovic novica||eurocup,2017-10-18,10.85,-2
eurocup,velickovic novica||eurocup,2017-10-24,26.15,21
eurocup,velickovic novica||eurocup,2017-11-14,21.533333333333335,12
eurocup,velickovic novica||eurocup,2017-12-13,19.583333333333332,12
eurocup,velickovic novica||eurocup,2017-12-19,0.0,0
eurocup,velickovic novica||eurocup,2017-12-27,16.016666666666666,8
eurocup,vikhrov artem||eurocup,2017-10-11,0.0,0
eurocup,vikhrov artem||eurocup,2017-10-18,15.3,2
eurocup,vikhrov artem||eurocup,2017-10-25,7.816666666666666,2
eurocup,vikhrov artem||eurocup,2017-11-01,0.5,0
eurocup,vikhrov artem||eurocup,2017-11-08,5.733333333333333,-3
eurocup,vikhrov artem||eurocup,2017-11-14,9.083333333333334,5
eurocup,vikhrov artem||eurocup,2017-12-05,11.733333333333333,-4
eurocup,vikhrov artem||eurocup,2017-12-12,0.0,0
eurocup,vikhrov artem||eurocup,2017-12-19,5.4,-2
eurocup,vikhrov artem||eurocup,2017-12-26,9.516666666666667,4
eurocup,vikhrov artem||eurocup,2018-01-03,1.9,-1
eurocup,vikhrov artem||eurocup,2018-01-10,9.083333333333334,0
eurocup,vikhrov artem||eurocup,2018-01-17,11.133333333333333,1
eurocup,voronov evgeny||eurocup,2017-10-18,10.85,4
eurocup,voronov evgeny||eurocup,2017-10-25,22.033333333333335,5
eurocup,voronov evgeny||eurocup,2017-11-01,13.3,1
eurocup,voronov evgeny||eurocup,2017-11-14,8.05,3
eurocup,voronov evgeny||eurocup,2017-12-05,16.45,1
eurocup,voronov evgeny||eurocup,2017-12-12,12.633333333333333,7
eurocup,voronov evgeny||eurocup,2017-12-19,17.4,3
eurocup,voronov evgeny||eurocup,2017-12-26,26.85,12
eurocup,voronov evgeny||eurocup,2018-01-03,23.1,3
eurocup,voronov evgeny||eurocup,2018-01-10,21.866666666666667,18
eurocup,voronov evgeny||eurocup,2018-01-17,11.333333333333334,-2
eurocup,vucetic vasilije||eurocup,2017-10-11,0.0,0
eurocup,vucetic vasilije||eurocup,2017-10-18,14.45,4
eurocup,vucetic vasilije||eurocup,2017-10-24,5.566666666666666,1
eurocup,vucetic vasilije||eurocup,2017-11-01,16.9,4
eurocup,vucetic vasilije||eurocup,2017-11-08,12.95,2
eurocup,vucetic vasilije||eurocup,2017-11-15,13.05,-2
eurocup,vucetic vasilije||eurocup,2017-12-05,13.766666666666667,3
eurocup,vucetic vasilije||eurocup,2017-12-13,0.0,0
eurocup,vucetic vasilije||eurocup,2017-12-20,1.8166666666666667,0
eurocup,vucetic vasilije||eurocup,2017-12-27,0.0,0
eurocup,vujacic sasha||eurocup,2017-10-11,32.46666666666667,4
eurocup,vujacic sasha||eurocup,2017-10-17,27.0,8
eurocup,vujacic sasha||eurocup,2017-10-25,27.7,7
eurocup,vujacic sasha||eurocup,2017-11-01,22.866666666666667,4
eurocup,vujacic sasha||eurocup,2017-11-08,30.183333333333334,16
eurocup,vujacic sasha||eurocup,2017-11-15,21.566666666666666,2
eurocup,vujacic sasha||eurocup,2017-12-06,30.45,17
eurocup,vujacic sasha||eurocup,2017-12-13,30.566666666666666,19
eurocup,vujacic sasha||eurocup,2017-12-20,25.133333333333333,2
eurocup,vujacic sasha||eurocup,2017-12-26,27.633333333333333,8
eurocup,vujacic sasha||eurocup,2018-01-02,32.36666666666667,24
eurocup,vujacic sasha||eurocup,2018-01-10,30.816666666666666,9
eurocup,vujacic sasha||eurocup,2018-01-17,31.633333333333333,27
eurocup,walker david||eurocup,2017-10-11,26.75,6
eurocup,walker david||eurocup,2017-10-17,14.366666666666667,-3
eurocup,walker david||eurocup,2017-10-25,27.5,12
eurocup,walker david||eurocup,2017-10-31,25.65,12
eurocup,walker david||eurocup,2017-11-07,12.45,-1
eurocup,walker david||eurocup,2017-11-15,25.483333333333334,6
eurocup,walker david||eurocup,2017-12-06,26.9,4
eurocup,walker david||eurocup,2017-12-13,16.916666666666668,0
eurocup,walker david||eurocup,2017-12-20,18.916666666666668,12
eurocup,walker david||eurocup,2017-12-27,25.633333333333333,5
eurocup,walker henry||eurocup,2018-01-03,14.566666666666666,8
eurocup,walker henry||eurocup,2018-01-10,18.716666666666665,3
eurocup,walker henry||eurocup,2018-01-16,26.1,0
eurocup,ware gavin||eurocup,2017-10-11,21.816666666666666,2
eurocup,ware gavin||eurocup,2017-10-18,25.483333333333334,14
eurocup,ware gavin||eurocup,2017-10-25,21.833333333333332,15
eurocup,ware gavin||eurocup,2017-10-31,27.233333333333334,24
eurocup,ware gavin||eurocup,2017-11-08,23.133333333333333,19
eurocup,ware gavin||eurocup,2017-12-06,16.566666666666666,11
eurocup,ware gavin||eurocup,2017-12-13,10.483333333333333,-1
eurocup,ware gavin||eurocup,2017-12-20,17.316666666666666,12
eurocup,ware gavin||eurocup,2017-12-27,32.05,20
eurocup,washington deron||eurocup,2017-10-11,29.9,14
eurocup,washington deron||eurocup,2017-10-17,16.316666666666666,4
eurocup,washington deron||eurocup,2017-10-25,23.15,1
eurocup,washington deron||eurocup,2017-11-01,24.5,8
eurocup,washington deron||eurocup,2017-11-08,32.95,14
eurocup,washington deron||eurocup,2017-11-15,25.066666666666666,13
eurocup,washington deron||eurocup,2017-12-06,20.7,8
eurocup,washington deron||eurocup,2017-12-13,21.683333333333334,11
eurocup,washington deron||eurocup,2017-12-20,19.75,3
eurocup,washington deron||eurocup,2017-12-26,26.266666666666666,23
eurocup,washington deron||eurocup,2018-01-02,26.083333333333332,12
eurocup,washington deron||eurocup,2018-01-10,13.016666666666667,6
eurocup,washington deron||eurocup,2018-01-17,12.916666666666666,8
eurocup,watkins darryl||eurocup,2017-10-11,14.633333333333333,8
eurocup,watkins darryl||eurocup,2017-10-17,17.7,6
eurocup,watkins darryl||eurocup,2017-10-25,21.683333333333334,14
eurocup,watkins darryl||eurocup,2017-11-01,20.516666666666666,10
eurocup,watkins darryl||eurocup,2017-11-08,20.333333333333332,1
eurocup,watkins darryl||eurocup,2017-11-14,20.416666666666668,15
eurocup,watkins darryl||eurocup,2017-12-06,23.133333333333333,27
eurocup,watkins darryl||eurocup,2017-12-12,20.333333333333332,7
eurocup,watkins darryl||eurocup,2017-12-20,10.7,3
eurocup,watkins darryl||eurocup,2017-12-27,39.86666666666667,21
eurocup,watkins darryl||eurocup,2018-01-03,28.883333333333333,21
eurocup,watkins darryl||eurocup,2018-01-10,23.966666666666665,22
eurocup,watkins darryl||eurocup,2018-01-17,24.266666666666666,26
eurocup,white james||eurocup,2017-12-06,25.45,14
eurocup,white james||eurocup,2017-12-13,26.683333333333334,8
eurocup,white james||eurocup,2017-12-20,24.65,14
eurocup,white james||eurocup,2017-12-27,27.7,24
eurocup,white james||eurocup,2018-01-02,20.033333333333335,7
eurocup,white james||eurocup,2018-01-10,30.966666666666665,0
eurocup,white james||eurocup,2018-01-16,23.1,21
eurocup,whittington  shayne||eurocup,2017-12-26,4.083333333333333,0
eurocup,whittington  shayne||eurocup,2018-01-03,8.766666666666667,-2
eurocup,whittington  shayne||eurocup,2018-01-10,6.233333333333333,-6
eurocup,whittington  shayne||eurocup,2018-01-17,27.083333333333332,6
eurocup,wilbekin scottie||eurocup,2017-10-11,34.916666666666664,11
eurocup,wilbekin scottie||eurocup,2017-10-18,31.366666666666667,29
eurocup,wilbekin scottie||eurocup,2017-10-25,37.0,21
eurocup,wilbekin scottie||eurocup,2017-11-01,29.983333333333334,11
eurocup,wilbekin scottie||eurocup,2017-11-07,32.85,21
eurocup,wilbekin scottie||eurocup,2017-11-15,22.55,29
eurocup,wilbekin scottie||eurocup,2017-12-13,26.783333333333335,21
eurocup,wilbekin scottie||eurocup,2018-01-03,0.0,0
eurocup,wilbekin scottie||eurocup,2018-01-10,27.616666666666667,16
eurocup,wilbekin scottie||eurocup,2018-01-17,27.05,11
eurocup,williams lorenzo||eurocup,2017-10-11,27.316666666666666,19
eurocup,williams lorenzo||eurocup,2017-10-18,25.916666666666668,9
eurocup,williams lorenzo||eurocup,2017-11-01,0.0,0
eurocup,williams lorenzo||eurocup,2017-11-07,13.55,6
eurocup,williams lorenzo||eurocup,2017-11-15,12.0,-4
eurocup,williams lorenzo||eurocup,2017-12-06,31.25,10
eurocup,williams lorenzo||eurocup,2017-12-13,32.53333333333333,10
eurocup,williams lorenzo||eurocup,2017-12-19,25.95,8
eurocup,williams lorenzo||eurocup,2017-12-27,35.96666666666667,-1
eurocup,williams-goss nigel||eurocup,2017-10-11,30.133333333333333,16
eurocup,williams-goss nigel||eurocup,2017-10-18,18.35,14
eurocup,williams-goss nigel||eurocup,2017-10-24,37.53333333333333,37
eurocup,williams-goss nigel||eurocup,2017-10-31,27.683333333333334,22
eurocup,williams-goss nigel||eurocup,2017-11-08,35.333333333333336,16
eurocup,williams-goss nigel||eurocup,2017-11-14,29.016666666666666,0
eurocup,williams-goss nigel||eurocup,2017-12-05,0.0,0
eurocup,williams-goss nigel||eurocup,2017-12-13,33.38333333333333,29
eurocup,williams-goss nigel||eurocup,2017-12-19,33.166666666666664,36
eurocup,williams-goss nigel||eurocup,2017-12-27,27.216666666666665,11
eurocup,wright chris||eurocup,2017-11-15,9.133333333333333,-4
eurocup,wright chris||eurocup,2017-12-20,25.7,23
eurocup,wright chris||eurocup,2017-12-27,12.733333333333333,1
eurocup,wright chris||eurocup,2018-01-02,24.233333333333334,11
eurocup,wright chris||eurocup,2018-01-10,16.95,2
eurocup,wright julian||eurocup,2017-10-11,21.8,5
eurocup,wright julian||eurocup,2017-10-18,31.166666666666668,16
eurocup,wright julian||eurocup,2017-10-25,29.066666666666666,18
eurocup,wright julian||eurocup,2017-11-01,20.383333333333333,-3
eurocup,wright julian||eurocup,2017-11-08,28.516666666666666,6
eurocup,wright julian||eurocup,2017-11-15,30.266666666666666,24
eurocup,wright julian||eurocup,2017-12-06,25.35,19
eurocup,wright julian||eurocup,2017-12-13,31.116666666666667,13
eurocup,wright julian||eurocup,2017-12-20,14.633333333333333,8
eurocup,wright julian||eurocup,2017-12-27,21.566666666666666,16
eurocup,wright julian||eurocup,2018-01-02,22.766666666666666,15
eurocup,wright julian||eurocup,2018-01-10,14.516666666666667,-2
eurocup,wright julian||eurocup,2018-01-16,24.05,17
eurocup,yagmur mehmet||eurocup,2017-11-01,18.066666666666666,0
eurocup,yagmur mehmet||eurocup,2017-11-15,7.9,2
eurocup,yagmur mehmet||eurocup,2017-12-06,9.05,-3
eurocup,yagmur mehmet||eurocup,2017-12-12,6.85,1
eurocup,yagmur mehmet||eurocup,2017-12-19,6.85,0
eurocup,yagmur mehmet||eurocup,2017-12-27,16.983333333333334,8
eurocup,yagmur mehmet||eurocup,2018-01-03,14.616666666666667,-1
eurocup,yagmur mehmet||eurocup,2018-01-10,12.416666666666666,-1
eurocup,yagmur mehmet||eurocup,2018-01-16,25.183333333333334,11
eurocup,yasar muhsin||eurocup,2017-10-10,3.0166666666666666,2
eurocup,yasar muhsin||eurocup,2017-10-17,8.616666666666667,2
eurocup,yasar muhsin||eurocup,2017-10-25,4.116666666666666,6
eurocup,yasar muhsin||eurocup,2017-11-01,0.0,0
eurocup,yasar muhsin||eurocup,2017-11-08,5.133333333333334,1
eurocup,yasar muhsin||eurocup,2017-11-15,5.816666666666666,3
eurocup,yasar muhsin||eurocup,2017-12-06,1.55,-2
eurocup,yasar muhsin||eurocup,2017-12-13,0.0,0
eurocup,yasar muhsin||eurocup,2017-12-20,5.15,0
eurocup,yasar muhsin||eurocup,2017-12-26,0.0,0
eurocup,zerbo frejus||eurocup,2017-10-11,5.066666666666666,-5
eurocup,zerbo frejus||eurocup,2017-10-18,4.7,2
eurocup,zerbo frejus||eurocup,2017-10-24,8.3,0
eurocup,zerbo frejus||eurocup,2017-10-31,4.616666666666667,-1
eurocup,zerbo frejus||eurocup,2017-11-07,0.0,0
eurocup,zerbo frejus||eurocup,2017-12-26,7.666666666666667,0
eurocup,zerbo frejus||eurocup,2018-01-02,0.0,0
eurocup,zerbo frejus||eurocup,2018-01-09,2.3166666666666664,-1
eurocup,zganec karlo||eurocup,2017-10-11,11.866666666666667,6
eurocup,zganec karlo||eurocup,2017-10-18,13.75,4
eurocup,zganec karlo||eurocup,2017-10-25,13.95,10
eurocup,zganec karlo||eurocup,2017-11-01,19.433333333333334,8
eurocup,zganec karlo||eurocup,2017-11-08,5.666666666666667,5
eurocup,zganec karlo||eurocup,2017-11-15,3.283333333333333,2
eurocup,zganec karlo||eurocup,2017-12-06,7.7,2
eurocup,zganec karlo||eurocup,2017-12-13,0.0,0
eurocup,zganec karlo||eurocup,2017-12-20,17.116666666666667,21
eurocup,zganec karlo||eurocup,2017-12-27,24.716666666666665,20
eurocup,zganec karlo||eurocup,2018-01-03,19.066666666666666,10
eurocup,zganec karlo||eurocup,2018-01-10,13.166666666666666,0
eurocup,zganec karlo||eurocup,2018-01-16,26.8,29
eurocup,zirbes maik||eurocup,2017-10-11,14.583333333333334,7
eurocup,zirbes maik||eurocup,2017-10-18,14.95,-2
eurocup,zirbes maik||eurocup,2017-10-25,20.25,5
eurocup,zirbes maik||eurocup,2017-11-01,18.333333333333332,9
eurocup,zirbes maik||eurocup,2017-11-08,18.166666666666668,9
eurocup,zirbes maik||eurocup,2017-11-15,5.833333333333333,1
eurocup,zirbes maik||eurocup,2017-12-06,17.116666666666667,1
eurocup,zirbes maik||eurocup,2017-12-13,21.383333333333333,20
eurocup,zirbes maik||eurocup,2017-12-19,12.166666666666666,0
eurocup,zirbes maik||eurocup,2017-12-27,16.533333333333335,10
eurocup,zirbes maik||eurocup,2018-01-02,11.566666666666666,10
eurocup,zirbes maik||eurocup,2018-01-10,11.183333333333334,-3
eurocup,zirbes maik||eurocup,2018-01-17,4.383333333333334,3
euroleague,abalde alberto||euroleague,2017-10-13,7.666666666666667,-3
euroleague,abalde alberto||euroleague,2017-10-20,5.5,0
euroleague,abalde alberto||euroleague,2017-10-25,26.216666666666665,15
euroleague,abalde alberto||euroleague,2017-10-27,24.183333333333334,19
euroleague,abalde alberto||euroleague,2017-11-02,18.216666666666665,1
euroleague,abalde alberto||euroleague,2017-11-09,11.1,-3
euroleague,abalde alberto||euroleague,2017-11-15,0.0,0
euroleague,abalde alberto||euroleague,2017-11-17,0.0,0
euroleague,abalde alberto||euroleague,2017-12-15,20.366666666666667,12
euroleague,abalde alberto||euroleague,2017-12-19,11.016666666666667,-4
euroleague,abalde alberto||euroleague,2017-12-21,17.083333333333332,-1
euroleague,abalde alberto||euroleague,2017-12-28,20.95,7
euroleague,abalde alberto||euroleague,2018-01-04,19.483333333333334,15
euroleague,abalde alberto||euroleague,2018-01-11,25.166666666666668,17
euroleague,abalde alberto||euroleague,2018-01-16,18.933333333333334,3
euroleague,abalde alberto||euroleague,2018-01-18,16.066666666666666,0
euroleague,abass awudu||euroleague,2017-10-12,0.0,0
euroleague,abass awudu||euroleague,2017-10-19,0.0,0
euroleague,abass awudu||euroleague,2017-10-24,0.0,0
euroleague,abass awudu||euroleague,2017-10-26,0.9166666666666666,0
euroleague,abass awudu||euroleague,2017-11-02,0.0,0
euroleague,abass awudu||euroleague,2017-11-09,12.5,0
euroleague,abass awudu||euroleague,2017-11-15,0.0,0
euroleague,abass awudu||euroleague,2017-11-30,0.0,0
euroleague,abass awudu||euroleague,2017-12-22,0.0,0
euroleague,abass awudu||euroleague,2018-01-05,1.4333333333333333,0
euroleague,abass awudu||euroleague,2018-01-11,3.75,2
euroleague,adams josh||euroleague,2017-10-12,5.566666666666666,0
euroleague,adams josh||euroleague,2017-10-20,14.116666666666667,4
euroleague,adams josh||euroleague,2017-10-25,24.65,-5
euroleague,adams josh||euroleague,2017-10-27,26.5,19
euroleague,adams josh||euroleague,2017-11-03,23.666666666666668,11
euroleague,adams josh||euroleague,2017-11-09,16.916666666666668,9
euroleague,adams josh||euroleague,2017-11-14,12.916666666666666,5
euroleague,adams josh||euroleague,2017-11-16,11.883333333333333,1
euroleague,adams josh||euroleague,2017-11-23,27.416666666666668,17
euroleague,adams josh||euroleague,2017-11-30,15.75,0
euroleague,adams josh||euroleague,2017-12-08,22.233333333333334,18
euroleague,adams josh||euroleague,2017-12-15,15.733333333333333,8
euroleague,adams josh||euroleague,2017-12-20,9.383333333333333,-2
euroleague,adams josh||euroleague,2017-12-22,5.983333333333333,2
euroleague,adams josh||euroleague,2017-12-29,3.5833333333333335,-1
euroleague,adams josh||euroleague,2018-01-04,32.766666666666666,19
euroleague,agravanis dimitris||euroleague,2017-10-12,16.433333333333334,18
euroleague,agravanis dimitris||euroleague,2017-10-20,14.25,-1
euroleague,agravanis dimitris||euroleague,2017-10-24,10.733333333333333,4
euroleague,agravanis dimitris||euroleague,2017-10-26,13.533333333333333,3
euroleague,agravanis dimitris||euroleague,2017-11-03,13.45,0
euroleague,agravanis dimitris||euroleague,2017-11-10,4.966666666666667,-2
euroleague,agravanis dimitris||euroleague,2017-11-15,3.5666666666666664,-1
euroleague,agravanis dimitris||euroleague,2017-11-17,13.816666666666666,-2
euroleague,anderson james||euroleague,2017-10-13,30.333333333333332,6
euroleague,anderson james||euroleague,2017-10-20,24.6,0
euroleague,anderson james||euroleague,2017-10-24,35.95,28
euroleague,anderson james||euroleague,2017-10-26,19.216666666666665,11
euroleague,anderson james||euroleague,2017-11-02,23.633333333333333,16
euroleague,anderson james||euroleague,2017-11-10,30.35,20
euroleague,anderson james||euroleague,2017-11-14,26.716666666666665,9
euroleague,anderson james||euroleague,2017-11-16,35.43333333333333,10
euroleague,anderson james||euroleague,2017-11-24,31.733333333333334,1
euroleague,anderson james||euroleague,2017-11-30,32.3,15
euroleague,anderson james||euroleague,2017-12-07,30.716666666666665,1
euroleague,anderson james||euroleague,2017-12-14,13.733333333333333,7
euroleague,anderson james||euroleague,2017-12-20,18.3,6
euroleague,anderson james||euroleague,2017-12-22,13.816666666666666,5
euroleague,anderson james||euroleague,2017-12-29,21.7,5
euroleague,anderson james||euroleague,2018-01-05,18.033333333333335,-1
euroleague,anderson james||euroleague,2018-01-12,18.883333333333333,3
euroleague,anderson james||euroleague,2018-01-16,19.783333333333335,14
euroleague,anderson james||euroleague,2018-01-18,27.55,14
euroleague,antetokounmpo thanasis||euroleague,2017-10-13,8.583333333333334,1
euroleague,antetokounmpo thanasis||euroleague,2017-10-19,0.0,0
euroleague,antetokounmpo thanasis||euroleague,2017-10-25,15.45,6
euroleague,antetokounmpo thanasis||euroleague,2017-10-27,7.466666666666667,7
euroleague,antetokounmpo thanasis||euroleague,2017-11-02,0.13333333333333333,0
euroleague,antetokounmpo thanasis||euroleague,2017-11-10,16.15,1
euroleague,antetokounmpo thanasis||euroleague,2017-11-14,11.75,11
euroleague,antetokounmpo thanasis||euroleague,2017-11-16,21.15,5
euroleague,antetokounmpo thanasis||euroleague,2017-11-24,7.5,1
euroleague,antetokounmpo thanasis||euroleague,2017-12-01,10.283333333333333,-3
euroleague,antetokounmpo thanasis||euroleague,2017-12-07,11.383333333333333,4
euroleague,antetokounmpo thanasis||euroleague,2017-12-15,6.033333333333333,7
euroleague,antetokounmpo thanasis||euroleague,2017-12-19,8.2,2
euroleague,antetokounmpo thanasis||euroleague,2017-12-21,15.433333333333334,13
euroleague,antetokounmpo thanasis||euroleague,2017-12-28,8.316666666666666,-2
euroleague,antetokounmpo thanasis||euroleague,2018-01-04,16.116666666666667,4
euroleague,antetokounmpo thanasis||euroleague,2018-01-11,3.7,-1
euroleague,antetokounmpo thanasis||euroleague,2018-01-17,10.366666666666667,7
euroleague,antetokounmpo thanasis||euroleague,2018-01-19,27.566666666666666,14
euroleague,antic pero||euroleague,2017-10-13,20.316666666666666,14
euroleague,antic pero||euroleague,2017-10-20,17.7,16
euroleague,antic pero||euroleague,2017-10-24,18.433333333333334,10
euroleague,antic pero||euroleague,2017-10-26,20.816666666666666,7
euroleague,antic pero||euroleague,2017-11-15,21.266666666666666,10
euroleague,antic pero||euroleague,2017-11-17,16.483333333333334,6
euroleague,antic pero||euroleague,2017-12-01,25.566666666666666,9
euroleague,antic pero||euroleague,2017-12-08,13.066666666666666,7
euroleague,antic pero||euroleague,2017-12-15,26.2,11
euroleague,antic pero||euroleague,2017-12-19,14.983333333333333,4
euroleague,antic pero||euroleague,2017-12-21,18.833333333333332,2
euroleague,antic pero||euroleague,2017-12-29,22.916666666666668,6
euroleague,antic pero||euroleague,2018-01-05,18.916666666666668,6
euroleague,antic pero||euroleague,2018-01-12,0.0,0
euroleague,antic pero||euroleague,2018-01-16,12.616666666666667,-3
euroleague,antonov semen||euroleague,2017-10-12,7.616666666666667,0
euroleague,antonov semen||euroleague,2017-10-19,11.083333333333334,4
euroleague,antonov semen||euroleague,2017-10-25,0.0,0
euroleague,antonov semen||euroleague,2017-10-27,14.233333333333333,3
euroleague,antonov semen||euroleague,2017-11-03,7.016666666666667,-2
euroleague,antonov semen||euroleague,2017-11-09,4.616666666666667,3
euroleague,antonov semen||euroleague,2017-11-15,11.1,0
euroleague,antonov semen||euroleague,2017-11-17,6.216666666666667,3
euroleague,antonov semen||euroleague,2017-12-01,24.266666666666666,9
euroleague,antonov semen||euroleague,2017-12-07,21.583333333333332,12
euroleague,antonov semen||euroleague,2017-12-15,30.15,12
euroleague,antonov semen||euroleague,2017-12-20,21.266666666666666,10
euroleague,antonov semen||euroleague,2017-12-22,17.166666666666668,6
euroleague,antonov semen||euroleague,2017-12-29,5.983333333333333,1
euroleague,antonov semen||euroleague,2018-01-04,8.233333333333333,-2
euroleague,antonov semen||euroleague,2018-01-11,17.216666666666665,3
euroleague,antonov semen||euroleague,2018-01-17,14.666666666666666,11
euroleague,antonov semen||euroleague,2018-01-19,10.566666666666666,-5
euroleague,apic dragan||euroleague,2017-11-02,2.4333333333333336,1
euroleague,apic dragan||euroleague,2017-11-10,13.816666666666666,-3
euroleague,apic dragan||euroleague,2017-11-15,0.0,0
euroleague,apic dragan||euroleague,2017-11-17,0.0,0
euroleague,apic dragan||euroleague,2017-11-23,0.4666666666666667,0
euroleague,arlauskas martynas||euroleague,2017-10-13,0.1,-1
euroleague,arlauskas martynas||euroleague,2017-10-26,4.183333333333334,0
euroleague,arlauskas martynas||euroleague,2017-11-03,2.9166666666666665,2
euroleague,arlauskas martynas||euroleague,2017-12-14,6.183333333333334,0
euroleague,arlauskas martynas||euroleague,2017-12-19,0.0,0
euroleague,arlauskas martynas||euroleague,2017-12-21,0.0,0
euroleague,arlauskas martynas||euroleague,2017-12-28,0.0,0
euroleague,arna egehan||euroleague,2017-11-15,0.0,0
euroleague,arna egehan||euroleague,2017-11-17,0.0,0
euroleague,arna egehan||euroleague,2017-11-24,0.0,0
euroleague,arna egehan||euroleague,2018-01-11,0.0,0
euroleague,arsenopoulos nikolaos||euroleague,2017-12-20,0.0,0
euroleague,arsenopoulos nikolaos||euroleague,2017-12-22,0.0,0
euroleague,arsenopoulos nikolaos||euroleague,2017-12-28,0.0,0
euroleague,astapkovich anton||euroleague,2017-11-24,0.0,0
euroleague,auguste zach||euroleague,2017-10-13,4.383333333333334,2
euroleague,auguste zach||euroleague,2017-10-19,10.266666666666667,3
euroleague,auguste zach||euroleague,2017-10-25,18.35,6
euroleague,auguste zach||euroleague,2017-10-27,6.466666666666667,-3
euroleague,auguste zach||euroleague,2017-11-02,7.183333333333334,-6
euroleague,auguste zach||euroleague,2017-11-10,0.0,0
euroleague,auguste zach||euroleague,2017-11-14,3.1,0
euroleague,auguste zach||euroleague,2017-11-16,0.0,0
euroleague,auguste zach||euroleague,2017-11-24,0.0,0
euroleague,auguste zach||euroleague,2017-12-01,4.016666666666667,1
euroleague,auguste zach||euroleague,2017-12-07,4.783333333333333,4
euroleague,auguste zach||euroleague,2017-12-15,4.733333333333333,-2
euroleague,auguste zach||euroleague,2017-12-19,0.0,0
euroleague,auguste zach||euroleague,2017-12-21,0.0,0
euroleague,auguste zach||euroleague,2017-12-28,4.466666666666667,5
euroleague,auguste zach||euroleague,2018-01-04,0.8,0
euroleague,auguste zach||euroleague,2018-01-11,0.0,0
euroleague,auguste zach||euroleague,2018-01-17,0.0,0
euroleague,auguste zach||euroleague,2018-01-19,4.633333333333333,5
euroleague,augustine james||euroleague,2017-10-12,18.55,12
euroleague,augustine james||euroleague,2017-10-20,26.0,17
euroleague,augustine james||euroleague,2017-10-25,16.166666666666668,6
euroleague,augustine james||euroleague,2017-11-03,24.983333333333334,18
euroleague,augustine james||euroleague,2017-11-10,22.033333333333335,13
euroleague,augustine james||euroleague,2017-11-14,20.666666666666668,11
euroleague,augustine james||euroleague,2017-11-16,3.4833333333333334,0
euroleague,augustine james||euroleague,2017-11-24,27.6,26
euroleague,augustine james||euroleague,2017-12-01,27.85,11
euroleague,augustine james||euroleague,2017-12-07,25.516666666666666,8
euroleague,augustine james||euroleague,2017-12-14,26.05,31
euroleague,augustine james||euroleague,2017-12-20,20.483333333333334,27
euroleague,augustine james||euroleague,2017-12-22,18.4,12
euroleague,augustine james||euroleague,2017-12-28,24.833333333333332,4
euroleague,augustine james||euroleague,2018-01-04,24.333333333333332,9
euroleague,augustine james||euroleague,2018-01-12,29.033333333333335,21
euroleague,augustine james||euroleague,2018-01-17,26.1,13
euroleague,augustine james||euroleague,2018-01-19,19.366666666666667,7
euroleague,ayon gustavo||euroleague,2017-10-12,33.333333333333336,30
euroleague,ayon gustavo||euroleague,2017-10-19,28.433333333333334,7
euroleague,ayon gustavo||euroleague,2017-10-24,27.566666666666666,19
euroleague,ayon gustavo||euroleague,2017-10-26,27.833333333333332,15
euroleague,ayon gustavo||euroleague,2017-11-02,23.866666666666667,15
euroleague,balbay dogus||euroleague,2017-10-12,10.683333333333334,0
euroleague,balbay dogus||euroleague,2017-10-20,21.566666666666666,-1
euroleague,balbay dogus||euroleague,2017-10-25,30.5,4
euroleague,balbay dogus||euroleague,2017-10-27,18.416666666666668,3
euroleague,balbay dogus||euroleague,2017-11-03,12.15,1
euroleague,balbay dogus||euroleague,2017-11-09,0.1,0
euroleague,balbay dogus||euroleague,2017-11-14,0.0,0
euroleague,balbay dogus||euroleague,2017-11-16,11.466666666666667,3
euroleague,batuk birkan||euroleague,2017-11-03,3.8666666666666667,-1
euroleague,batuk birkan||euroleague,2017-11-09,9.666666666666666,-1
euroleague,batuk birkan||euroleague,2017-11-14,2.7666666666666666,-1
euroleague,batuk birkan||euroleague,2017-11-16,0.0,0
euroleague,batuk birkan||euroleague,2017-11-30,3.533333333333333,-1
euroleague,batuk birkan||euroleague,2017-12-08,1.5833333333333335,-1
euroleague,batuk birkan||euroleague,2017-12-15,5.233333333333333,-1
euroleague,batuk birkan||euroleague,2017-12-20,5.1,-2
euroleague,batuk birkan||euroleague,2017-12-22,10.716666666666667,-1
euroleague,batuk birkan||euroleague,2017-12-29,6.416666666666667,-2
euroleague,batuk birkan||euroleague,2018-01-04,13.85,5
euroleague,batuk birkan||euroleague,2018-01-12,8.883333333333333,-1
euroleague,batuk birkan||euroleague,2018-01-17,25.85,0
euroleague,batuk birkan||euroleague,2018-01-19,8.333333333333334,-1
euroleague,beaubois rodrigue||euroleague,2017-10-19,24.033333333333335,23
euroleague,beaubois rodrigue||euroleague,2017-10-25,21.8,4
euroleague,beaubois rodrigue||euroleague,2017-10-27,27.666666666666668,13
euroleague,beaubois rodrigue||euroleague,2017-11-02,25.2,19
euroleague,beaubois rodrigue||euroleague,2017-11-10,20.65,5
euroleague,beaubois rodrigue||euroleague,2017-11-14,18.333333333333332,11
euroleague,beaubois rodrigue||euroleague,2017-11-16,23.283333333333335,14
euroleague,beaubois rodrigue||euroleague,2017-11-23,20.783333333333335,15
euroleague,beaubois rodrigue||euroleague,2017-11-30,27.766666666666666,5
euroleague,beaubois rodrigue||euroleague,2017-12-07,20.35,13
euroleague,beaubois rodrigue||euroleague,2017-12-15,25.266666666666666,5
euroleague,beaubois rodrigue||euroleague,2017-12-20,22.75,10
euroleague,beaubois rodrigue||euroleague,2017-12-22,15.0,6
euroleague,beaubois rodrigue||euroleague,2017-12-29,25.016666666666666,15
euroleague,beaubois rodrigue||euroleague,2018-01-05,17.366666666666667,-2
euroleague,beaubois rodrigue||euroleague,2018-01-12,15.4,16
euroleague,beaubois rodrigue||euroleague,2018-01-17,20.25,12
euroleague,beaubois rodrigue||euroleague,2018-01-19,26.716666666666665,1
euroleague,bertans dairis||euroleague,2017-10-12,21.883333333333333,11
euroleague,bertans dairis||euroleague,2017-10-19,30.35,17
euroleague,bertans dairis||euroleague,2017-10-24,22.533333333333335,9
euroleague,bertans dairis||euroleague,2017-10-26,34.416666666666664,7
euroleague,bertans dairis||euroleague,2017-11-02,28.816666666666666,12
euroleague,bertans dairis||euroleague,2017-11-09,22.35,1
euroleague,bertans dairis||euroleague,2017-11-17,18.966666666666665,3
euroleague,bertans dairis||euroleague,2017-11-23,5.283333333333333,-1
euroleague,bertans dairis||euroleague,2017-11-30,8.583333333333334,2
euroleague,bertans dairis||euroleague,2017-12-07,12.566666666666666,4
euroleague,bertans dairis||euroleague,2017-12-15,11.933333333333334,-3
euroleague,bertans dairis||euroleague,2017-12-20,8.683333333333334,-3
euroleague,bertans dairis||euroleague,2017-12-22,23.016666666666666,11
euroleague,bertans dairis||euroleague,2017-12-29,20.233333333333334,14
euroleague,bertans dairis||euroleague,2018-01-11,27.883333333333333,9
euroleague,bertans dairis||euroleague,2018-01-17,16.816666666666666,1
euroleague,bertans dairis||euroleague,2018-01-19,16.066666666666666,12
euroleague,bitim onuralp||euroleague,2017-10-12,0.0,0
euroleague,bitim onuralp||euroleague,2017-10-20,0.0,0
euroleague,bitim onuralp||euroleague,2017-10-25,2.3333333333333335,1
euroleague,bitim onuralp||euroleague,2017-10-27,0.0,0
euroleague,bitim onuralp||euroleague,2017-11-03,0.0,0
euroleague,bitim onuralp||euroleague,2017-11-09,0.0,0
euroleague,bitim onuralp||euroleague,2017-11-16,0.0,0
euroleague,bitim onuralp||euroleague,2017-11-23,0.0,0
euroleague,bitim onuralp||euroleague,2017-11-30,0.0,0
euroleague,bitim onuralp||euroleague,2017-12-20,0.0,0
euroleague,bitim onuralp||euroleague,2017-12-22,0.0,0
euroleague,bitim onuralp||euroleague,2017-12-29,0.0,0
euroleague,bitim onuralp||euroleague,2018-01-04,0.0,0
euroleague,bitim onuralp||euroleague,2018-01-12,0.0,0
euroleague,bitim onuralp||euroleague,2018-01-17,4.966666666666667,1
euroleague,bitim onuralp||euroleague,2018-01-19,0.0,0
euroleague,bjelica milko||euroleague,2017-10-13,30.25,17
euroleague,bjelica milko||euroleague,2017-10-20,29.5,23
euroleague,bjelica milko||euroleague,2017-10-24,29.133333333333333,14
euroleague,bjelica milko||euroleague,2017-10-26,24.883333333333333,11
euroleague,bjelica milko||euroleague,2017-11-02,35.016666666666666,10
euroleague,bjelica milko||euroleague,2017-11-10,25.65,-3
euroleague,bjelica milko||euroleague,2017-11-15,30.583333333333332,5
euroleague,bjelica milko||euroleague,2017-11-17,27.95,3
euroleague,bjelica milko||euroleague,2017-11-23,25.833333333333332,13
euroleague,bjelica milko||euroleague,2017-12-01,26.283333333333335,17
euroleague,bjelica milko||euroleague,2017-12-08,20.1,8
euroleague,bjelica milko||euroleague,2017-12-15,29.883333333333333,10
euroleague,bjelica milko||euroleague,2017-12-19,22.433333333333334,-2
euroleague,bjelica milko||euroleague,2017-12-21,26.65,3
euroleague,bjelica milko||euroleague,2017-12-29,31.266666666666666,28
euroleague,bjelica milko||euroleague,2018-01-05,26.6,5
euroleague,bjelica milko||euroleague,2018-01-12,29.366666666666667,22
euroleague,bjelica milko||euroleague,2018-01-16,24.75,1
euroleague,bjelica milko||euroleague,2018-01-18,25.333333333333332,6
euroleague,bogris georgios||euroleague,2017-10-12,3.6333333333333333,2
euroleague,bogris georgios||euroleague,2017-10-20,3.05,-2
euroleague,bogris georgios||euroleague,2017-10-24,0.0,0
euroleague,bogris georgios||euroleague,2017-10-26,3.9166666666666665,0
euroleague,bogris georgios||euroleague,2017-11-03,5.35,-3
euroleague,bogris georgios||euroleague,2017-11-10,0.0,0
euroleague,bogris georgios||euroleague,2017-11-23,4.083333333333333,-1
euroleague,bogris georgios||euroleague,2017-11-30,0.0,0
euroleague,bogris georgios||euroleague,2017-12-08,0.0,0
euroleague,bogris georgios||euroleague,2017-12-14,9.65,-5
euroleague,bogris georgios||euroleague,2017-12-20,8.15,-4
euroleague,bogris georgios||euroleague,2017-12-22,15.066666666666666,9
euroleague,bogris georgios||euroleague,2017-12-28,12.033333333333333,4
euroleague,bogris georgios||euroleague,2018-01-05,12.833333333333334,1
euroleague,bogris georgios||euroleague,2018-01-12,4.266666666666667,0
euroleague,bogris georgios||euroleague,2018-01-16,7.333333333333333,9
euroleague,bogris georgios||euroleague,2018-01-18,8.833333333333334,1
euroleague,bolden jonah||euroleague,2017-10-12,12.8,1
euroleague,bolden jonah||euroleague,2017-10-19,10.233333333333333,-4
euroleague,bolden jonah||euroleague,2017-10-24,22.416666666666668,9
euroleague,bolden jonah||euroleague,2017-10-26,20.266666666666666,14
euroleague,bolden jonah||euroleague,2017-11-02,12.3,0
euroleague,bolden jonah||euroleague,2017-11-09,10.6,8
euroleague,bolden jonah||euroleague,2017-11-14,24.816666666666666,24
euroleague,bolden jonah||euroleague,2017-11-16,20.266666666666666,7
euroleague,bolden jonah||euroleague,2017-11-23,27.85,6
euroleague,bolden jonah||euroleague,2017-11-30,31.533333333333335,22
euroleague,bolden jonah||euroleague,2017-12-07,18.65,7
euroleague,bolden jonah||euroleague,2017-12-15,21.166666666666668,12
euroleague,bolden jonah||euroleague,2017-12-19,14.466666666666667,1
euroleague,bolden jonah||euroleague,2017-12-21,24.25,19
euroleague,bolden jonah||euroleague,2017-12-28,30.3,18
euroleague,bolden jonah||euroleague,2018-01-05,26.45,6
euroleague,bolden jonah||euroleague,2018-01-11,28.016666666666666,19
euroleague,bolden jonah||euroleague,2018-01-18,24.016666666666666,9
euroleague,bost dee||euroleague,2017-11-09,14.466666666666667,3
euroleague,bost dee||euroleague,2017-11-14,8.033333333333333,2
euroleague,bost dee||euroleague,2017-11-16,3.1166666666666667,-1
euroleague,bost dee||euroleague,2017-11-23,10.183333333333334,4
euroleague,bost dee||euroleague,2017-11-30,4.383333333333334,1
euroleague,bost dee||euroleague,2017-12-07,6.933333333333334,5
euroleague,brooks jeff||euroleague,2017-10-12,14.983333333333333,3
euroleague,brooks jeff||euroleague,2017-10-25,22.683333333333334,4
euroleague,brooks jeff||euroleague,2017-10-27,18.483333333333334,6
euroleague,brooks jeff||euroleague,2017-11-03,15.566666666666666,6
euroleague,brooks jeff||euroleague,2017-11-10,23.283333333333335,9
euroleague,brooks jeff||euroleague,2017-11-14,30.766666666666666,29
euroleague,brooks jeff||euroleague,2017-11-16,12.816666666666666,6
euroleague,brooks jeff||euroleague,2017-11-24,17.55,1
euroleague,brooks jeff||euroleague,2017-12-01,20.933333333333334,-6
euroleague,brooks jeff||euroleague,2017-12-07,18.633333333333333,15
euroleague,brooks jeff||euroleague,2017-12-14,31.683333333333334,8
euroleague,brooks jeff||euroleague,2017-12-20,27.366666666666667,7
euroleague,brooks jeff||euroleague,2017-12-22,30.333333333333332,26
euroleague,brooks jeff||euroleague,2017-12-28,23.483333333333334,22
euroleague,brooks jeff||euroleague,2018-01-04,20.283333333333335,8
euroleague,brooks jeff||euroleague,2018-01-17,22.466666666666665,19
euroleague,brooks jeff||euroleague,2018-01-19,26.25,11
euroleague,brown derrick||euroleague,2017-12-08,13.35,-1
euroleague,brown derrick||euroleague,2017-12-15,22.966666666666665,6
euroleague,brown derrick||euroleague,2017-12-20,21.933333333333334,-2
euroleague,brown derrick||euroleague,2017-12-22,28.133333333333333,8
euroleague,brown derrick||euroleague,2017-12-29,30.9,29
euroleague,brown derrick||euroleague,2018-01-04,25.966666666666665,7
euroleague,brown derrick||euroleague,2018-01-12,17.933333333333334,8
euroleague,brown derrick||euroleague,2018-01-17,17.3,3
euroleague,brown derrick||euroleague,2018-01-19,19.116666666666667,3
euroleague,calathes nick||euroleague,2017-10-13,23.216666666666665,8
euroleague,calathes nick||euroleague,2017-10-19,27.816666666666666,25
euroleague,calathes nick||euroleague,2017-10-25,15.633333333333333,3
euroleague,calathes nick||euroleague,2017-10-27,29.283333333333335,18
euroleague,calathes nick||euroleague,2017-11-02,32.5,24
euroleague,calathes nick||euroleague,2017-11-10,22.033333333333335,1
euroleague,calathes nick||euroleague,2017-11-14,26.383333333333333,20
euroleague,calathes nick||euroleague,2017-11-16,35.9,42
euroleague,calathes nick||euroleague,2017-11-24,33.9,15
euroleague,calathes nick||euroleague,2017-12-01,32.5,25
euroleague,calathes nick||euroleague,2017-12-07,24.5,12
euroleague,calathes nick||euroleague,2017-12-15,22.483333333333334,14
euroleague,calathes nick||euroleague,2018-01-04,26.1,25
euroleague,calathes nick||euroleague,2018-01-11,33.1,31
euroleague,calathes nick||euroleague,2018-01-17,31.5,15
euroleague,calathes nick||euroleague,2018-01-19,36.43333333333333,22
euroleague,campazzo facundo||euroleague,2017-10-12,18.316666666666666,4
euroleague,campazzo facundo||euroleague,2017-10-19,17.333333333333332,7
euroleague,campazzo facundo||euroleague,2017-10-24,25.683333333333334,17
euroleague,campazzo facundo||euroleague,2017-10-26,30.2,17
euroleague,campazzo facundo||euroleague,2017-11-02,26.716666666666665,8
euroleague,campazzo facundo||euroleague,2017-11-09,26.7,9
euroleague,campazzo facundo||euroleague,2017-11-14,15.5,2
euroleague,campazzo facundo||euroleague,2017-11-16,29.133333333333333,8
euroleague,campazzo facundo||euroleague,2017-11-24,27.033333333333335,12
euroleague,campazzo facundo||euroleague,2017-12-01,19.8,2
euroleague,campazzo facundo||euroleague,2017-12-08,17.983333333333334,-3
euroleague,campazzo facundo||euroleague,2017-12-14,17.983333333333334,9
euroleague,campazzo facundo||euroleague,2017-12-19,30.383333333333333,23
euroleague,campazzo facundo||euroleague,2017-12-21,22.3,4
euroleague,campazzo facundo||euroleague,2017-12-28,28.566666666666666,7
euroleague,campazzo facundo||euroleague,2018-01-05,24.3,21
euroleague,campazzo facundo||euroleague,2018-01-12,22.466666666666665,11
euroleague,campazzo facundo||euroleague,2018-01-17,23.383333333333333,4
euroleague,campazzo facundo||euroleague,2018-01-19,20.55,4
euroleague,carroll jaycee||euroleague,2017-10-12,13.266666666666667,5
euroleague,carroll jaycee||euroleague,2017-10-19,5.733333333333333,1
euroleague,carroll jaycee||euroleague,2017-10-24,9.0,3
euroleague,carroll jaycee||euroleague,2017-10-26,4.2,0
euroleague,carroll jaycee||euroleague,2017-11-02,9.266666666666667,1
euroleague,carroll jaycee||euroleague,2017-11-09,8.783333333333333,3
euroleague,carroll jaycee||euroleague,2017-11-14,15.633333333333333,2
euroleague,carroll jaycee||euroleague,2017-11-16,22.916666666666668,12
euroleague,carroll jaycee||euroleague,2017-11-24,8.483333333333333,0
euroleague,carroll jaycee||euroleague,2017-12-01,18.816666666666666,7
euroleague,carroll jaycee||euroleague,2017-12-08,25.15,23
euroleague,carroll jaycee||euroleague,2017-12-14,15.616666666666667,12
euroleague,carroll jaycee||euroleague,2017-12-19,16.45,9
euroleague,carroll jaycee||euroleague,2017-12-21,12.583333333333334,6
euroleague,carroll jaycee||euroleague,2017-12-28,19.483333333333334,5
euroleague,carroll jaycee||euroleague,2018-01-05,12.383333333333333,2
euroleague,carroll jaycee||euroleague,2018-01-12,13.433333333333334,8
euroleague,carroll jaycee||euroleague,2018-01-17,16.0,3
euroleague,carroll jaycee||euroleague,2018-01-19,21.216666666666665,4
euroleague,causeur fabien||euroleague,2017-10-12,23.3,4
euroleague,causeur fabien||euroleague,2017-10-19,27.5,5
euroleague,causeur fabien||euroleague,2017-10-24,18.083333333333332,9
euroleague,causeur fabien||euroleague,2017-10-26,18.6,4
euroleague,causeur fabien||euroleague,2017-11-02,22.783333333333335,4
euroleague,causeur fabien||euroleague,2017-11-09,12.366666666666667,2
euroleague,causeur fabien||euroleague,2017-11-14,15.883333333333333,1
euroleague,causeur fabien||euroleague,2017-11-16,8.183333333333334,6
euroleague,causeur fabien||euroleague,2017-11-24,17.983333333333334,5
euroleague,causeur fabien||euroleague,2017-12-01,20.15,12
euroleague,causeur fabien||euroleague,2017-12-08,16.3,1
euroleague,causeur fabien||euroleague,2017-12-14,15.383333333333333,8
euroleague,causeur fabien||euroleague,2017-12-19,19.366666666666667,8
euroleague,causeur fabien||euroleague,2017-12-21,26.033333333333335,12
euroleague,causeur fabien||euroleague,2017-12-28,17.05,-2
euroleague,causeur fabien||euroleague,2018-01-05,21.033333333333335,7
euroleague,causeur fabien||euroleague,2018-01-12,24.633333333333333,19
euroleague,causeur fabien||euroleague,2018-01-17,20.816666666666666,15
euroleague,causeur fabien||euroleague,2018-01-19,14.366666666666667,-3
euroleague,cinciarini andrea||euroleague,2017-10-19,0.0,0
euroleague,cinciarini andrea||euroleague,2017-10-24,0.0,0
euroleague,cinciarini andrea||euroleague,2017-10-26,10.833333333333334,1
euroleague,cinciarini andrea||euroleague,2017-11-02,0.0,0
euroleague,cinciarini andrea||euroleague,2017-11-15,6.2,2
euroleague,cinciarini andrea||euroleague,2017-11-17,19.183333333333334,9
euroleague,cinciarini andrea||euroleague,2017-11-23,5.233333333333333,-2
euroleague,cinciarini andrea||euroleague,2017-12-07,4.75,0
euroleague,cinciarini andrea||euroleague,2017-12-15,17.066666666666666,12
euroleague,cinciarini andrea||euroleague,2017-12-20,8.733333333333333,4
euroleague,cinciarini andrea||euroleague,2017-12-22,7.033333333333333,2
euroleague,cinciarini andrea||euroleague,2017-12-29,22.8,20
euroleague,cinciarini andrea||euroleague,2018-01-05,13.866666666666667,2
euroleague,cinciarini andrea||euroleague,2018-01-11,17.0,11
euroleague,cinciarini andrea||euroleague,2018-01-17,4.783333333333333,-2
euroleague,cinciarini andrea||euroleague,2018-01-19,3.2333333333333334,-1
euroleague,claver victor||euroleague,2017-11-03,11.5,2
euroleague,claver victor||euroleague,2017-11-09,15.216666666666667,15
euroleague,claver victor||euroleague,2017-11-15,15.816666666666666,3
euroleague,claver victor||euroleague,2017-11-17,0.0,0
euroleague,claver victor||euroleague,2017-11-23,17.333333333333332,2
euroleague,claver victor||euroleague,2017-12-01,6.583333333333333,-1
euroleague,claver victor||euroleague,2017-12-08,7.133333333333334,-1
euroleague,claver victor||euroleague,2017-12-14,6.35,0
euroleague,claver victor||euroleague,2017-12-20,13.016666666666667,2
euroleague,claver victor||euroleague,2017-12-22,3.3666666666666667,1
euroleague,claver victor||euroleague,2017-12-29,17.466666666666665,14
euroleague,claver victor||euroleague,2018-01-04,15.766666666666667,6
euroleague,claver victor||euroleague,2018-01-11,19.566666666666666,2
euroleague,claver victor||euroleague,2018-01-16,15.883333333333333,5
euroleague,claver victor||euroleague,2018-01-18,20.65,2
euroleague,clyburn will||euroleague,2017-10-12,37.46666666666667,28
euroleague,clyburn will||euroleague,2017-10-19,29.4,19
euroleague,clyburn will||euroleague,2017-10-25,25.366666666666667,10
euroleague,clyburn will||euroleague,2017-10-27,26.016666666666666,20
euroleague,clyburn will||euroleague,2017-11-03,33.93333333333333,34
euroleague,clyburn will||euroleague,2017-11-09,19.283333333333335,8
euroleague,clyburn will||euroleague,2017-11-15,20.166666666666668,5
euroleague,clyburn will||euroleague,2017-11-17,32.05,8
euroleague,clyburn will||euroleague,2017-11-24,28.0,7
euroleague,clyburn will||euroleague,2017-12-01,38.2,17
euroleague,clyburn will||euroleague,2017-12-07,25.916666666666668,19
euroleague,clyburn will||euroleague,2017-12-15,22.816666666666666,2
euroleague,clyburn will||euroleague,2017-12-20,31.1,14
euroleague,clyburn will||euroleague,2017-12-22,27.233333333333334,9
euroleague,clyburn will||euroleague,2017-12-29,30.566666666666666,21
euroleague,clyburn will||euroleague,2018-01-04,18.7,12
euroleague,clyburn will||euroleague,2018-01-11,26.133333333333333,27
euroleague,clyburn will||euroleague,2018-01-17,22.15,23
euroleague,clyburn will||euroleague,2018-01-19,36.166666666666664,13
euroleague,cohen jake||euroleague,2017-10-12,4.283333333333333,2
euroleague,cohen jake||euroleague,2017-10-19,8.683333333333334,2
euroleague,cohen jake||euroleague,2017-10-24,7.45,-1
euroleague,cohen jake||euroleague,2017-10-26,5.483333333333333,0
euroleague,cohen jake||euroleague,2017-11-02,0.0,0
euroleague,cohen jake||euroleague,2017-11-09,11.85,5
euroleague,cohen jake||euroleague,2017-11-14,2.8,0
euroleague,cohen jake||euroleague,2017-11-16,0.0,0
euroleague,cohen jake||euroleague,2017-11-30,5.116666666666666,5
euroleague,cohen jake||euroleague,2017-12-07,5.016666666666667,-3
euroleague,cohen jake||euroleague,2017-12-15,17.7,13
euroleague,cohen jake||euroleague,2017-12-19,1.85,3
euroleague,cohen jake||euroleague,2017-12-21,2.4833333333333334,-1
euroleague,cohen jake||euroleague,2017-12-28,9.7,5
euroleague,cohen jake||euroleague,2018-01-05,14.083333333333334,-2
euroleague,cohen jake||euroleague,2018-01-11,0.0,0
euroleague,cohen jake||euroleague,2018-01-16,17.85,4
euroleague,cohen jake||euroleague,2018-01-18,0.0,0
euroleague,cole norris||euroleague,2017-10-12,13.716666666666667,3
euroleague,cole norris||euroleague,2017-10-19,29.55,24
euroleague,cole norris||euroleague,2017-10-24,22.116666666666667,26
euroleague,cole norris||euroleague,2017-10-26,25.166666666666668,4
euroleague,cole norris||euroleague,2017-11-02,25.766666666666666,15
euroleague,cole norris||euroleague,2017-11-09,33.13333333333333,7
euroleague,cole norris||euroleague,2017-11-14,27.966666666666665,0
euroleague,cole norris||euroleague,2017-11-16,21.1,15
euroleague,cole norris||euroleague,2017-11-23,18.783333333333335,2
euroleague,cole norris||euroleague,2017-11-30,30.3,26
euroleague,cole norris||euroleague,2017-12-07,20.5,14
euroleague,cole norris||euroleague,2017-12-15,28.683333333333334,29
euroleague,cole norris||euroleague,2017-12-19,29.35,9
euroleague,cole norris||euroleague,2017-12-21,25.483333333333334,14
euroleague,cole norris||euroleague,2017-12-28,23.933333333333334,12
euroleague,cole norris||euroleague,2018-01-16,19.75,0
euroleague,cole norris||euroleague,2018-01-18,20.683333333333334,13
euroleague,cusin marco||euroleague,2017-10-12,0.9,-1
euroleague,cusin marco||euroleague,2017-10-19,4.35,-2
euroleague,cusin marco||euroleague,2017-10-24,7.133333333333334,0
euroleague,cusin marco||euroleague,2017-10-26,0.0,0
euroleague,cusin marco||euroleague,2017-11-02,0.0,0
euroleague,cusin marco||euroleague,2017-11-09,0.0,0
euroleague,cusin marco||euroleague,2017-11-15,0.0,0
euroleague,cusin marco||euroleague,2017-11-17,0.0,0
euroleague,cusin marco||euroleague,2017-11-23,0.0,0
euroleague,cusin marco||euroleague,2017-12-07,0.0,0
euroleague,cusin marco||euroleague,2017-12-15,0.0,0
euroleague,cusin marco||euroleague,2018-01-05,11.75,0
euroleague,cusin marco||euroleague,2018-01-11,2.033333333333333,1
euroleague,cusin marco||euroleague,2018-01-17,0.0,0
euroleague,dangubic nemanja||euroleague,2017-10-13,0.0,0
euroleague,dangubic nemanja||euroleague,2017-11-02,17.783333333333335,3
euroleague,dangubic nemanja||euroleague,2017-11-10,18.983333333333334,4
euroleague,dangubic nemanja||euroleague,2017-11-15,14.416666666666666,-2
euroleague,dangubic nemanja||euroleague,2017-11-17,18.583333333333332,2
euroleague,dangubic nemanja||euroleague,2017-11-23,12.816666666666666,-1
euroleague,dangubic nemanja||euroleague,2017-12-01,20.983333333333334,8
euroleague,dangubic nemanja||euroleague,2017-12-08,20.983333333333334,7
euroleague,dangubic nemanja||euroleague,2017-12-15,20.333333333333332,4
euroleague,dangubic nemanja||euroleague,2017-12-19,18.5,3
euroleague,dangubic nemanja||euroleague,2017-12-21,21.333333333333332,8
euroleague,dangubic nemanja||euroleague,2017-12-29,21.866666666666667,6
euroleague,dangubic nemanja||euroleague,2018-01-05,23.383333333333333,11
euroleague,dangubic nemanja||euroleague,2018-01-12,27.283333333333335,6
euroleague,dangubic nemanja||euroleague,2018-01-16,22.616666666666667,15
euroleague,dangubic nemanja||euroleague,2018-01-18,22.916666666666668,7
euroleague,datome luigi||euroleague,2017-10-12,28.516666666666666,7
euroleague,datome luigi||euroleague,2017-10-19,38.05,19
euroleague,datome luigi||euroleague,2017-10-25,22.266666666666666,14
euroleague,datome luigi||euroleague,2017-10-27,30.866666666666667,9
euroleague,datome luigi||euroleague,2017-11-02,21.266666666666666,15
euroleague,datome luigi||euroleague,2017-11-10,29.4,20
euroleague,datome luigi||euroleague,2017-11-15,30.833333333333332,9
euroleague,datome luigi||euroleague,2017-11-17,21.116666666666667,9
euroleague,datome luigi||euroleague,2017-11-24,33.766666666666666,14
euroleague,datome luigi||euroleague,2017-11-30,27.4,11
euroleague,datome luigi||euroleague,2017-12-08,31.25,15
euroleague,datome luigi||euroleague,2017-12-14,24.066666666666666,9
euroleague,datome luigi||euroleague,2017-12-19,22.716666666666665,13
euroleague,datome luigi||euroleague,2017-12-21,24.75,7
euroleague,datome luigi||euroleague,2017-12-28,28.533333333333335,11
euroleague,datome luigi||euroleague,2018-01-05,10.866666666666667,-2
euroleague,datome luigi||euroleague,2018-01-11,33.03333333333333,16
euroleague,datome luigi||euroleague,2018-01-17,26.816666666666666,10
euroleague,datome luigi||euroleague,2018-01-19,3.8166666666666664,-3
euroleague,davidovac dejan||euroleague,2017-10-24,5.683333333333334,0
euroleague,davidovac dejan||euroleague,2017-10-26,0.0,0
euroleague,davidovac dejan||euroleague,2017-11-02,0.0,0
euroleague,davidovac dejan||euroleague,2017-11-10,7.45,-3
euroleague,davidovac dejan||euroleague,2017-11-23,9.8,10
euroleague,davidovac dejan||euroleague,2017-12-01,14.65,13
euroleague,davidovac dejan||euroleague,2017-12-08,11.65,12
euroleague,davidovac dejan||euroleague,2017-12-15,18.216666666666665,6
euroleague,davidovac dejan||euroleague,2017-12-19,15.066666666666666,3
euroleague,davidovac dejan||euroleague,2017-12-21,7.433333333333334,-2
euroleague,davidovac dejan||euroleague,2017-12-29,13.433333333333334,7
euroleague,davidovac dejan||euroleague,2018-01-05,20.883333333333333,15
euroleague,davidovac dejan||euroleague,2018-01-12,17.716666666666665,16
euroleague,davidovac dejan||euroleague,2018-01-16,10.416666666666666,-3
euroleague,davidovac dejan||euroleague,2018-01-18,19.95,8
euroleague,davies brandon||euroleague,2017-10-13,14.466666666666667,10
euroleague,davies brandon||euroleague,2017-10-20,16.166666666666668,6
euroleague,davies brandon||euroleague,2017-10-24,15.183333333333334,8
euroleague,davies brandon||euroleague,2017-10-26,11.716666666666667,5
euroleague,davies brandon||euroleague,2017-11-03,17.65,-7
euroleague,davies brandon||euroleague,2017-11-09,17.616666666666667,16
euroleague,davies brandon||euroleague,2017-11-14,14.783333333333333,7
euroleague,davies brandon||euroleague,2017-11-16,11.15,6
euroleague,davies brandon||euroleague,2017-11-23,13.25,8
euroleague,davies brandon||euroleague,2017-11-30,18.95,7
euroleague,davies brandon||euroleague,2017-12-07,14.783333333333333,7
euroleague,davies brandon||euroleague,2017-12-14,15.883333333333333,13
euroleague,davies brandon||euroleague,2017-12-19,13.25,7
euroleague,davies brandon||euroleague,2017-12-21,16.416666666666668,10
euroleague,davies brandon||euroleague,2017-12-28,14.433333333333334,9
euroleague,davies brandon||euroleague,2018-01-05,15.433333333333334,1
euroleague,davies brandon||euroleague,2018-01-12,17.266666666666666,10
euroleague,davies brandon||euroleague,2018-01-16,12.266666666666667,5
euroleague,davies brandon||euroleague,2018-01-18,10.233333333333333,9
euroleague,de colo nando||euroleague,2017-10-12,21.066666666666666,22
euroleague,de colo nando||euroleague,2017-10-19,24.033333333333335,6
euroleague,de colo nando||euroleague,2017-10-25,10.65,6
euroleague,de colo nando||euroleague,2017-10-27,27.333333333333332,26
euroleague,de colo nando||euroleague,2017-11-03,29.366666666666667,37
euroleague,de colo nando||euroleague,2017-11-09,20.25,28
euroleague,de colo nando||euroleague,2017-11-15,23.166666666666668,15
euroleague,de colo nando||euroleague,2017-11-17,36.11666666666667,25
euroleague,de colo nando||euroleague,2017-11-24,34.65,10
euroleague,de colo nando||euroleague,2017-12-01,33.2,30
euroleague,de colo nando||euroleague,2017-12-07,27.783333333333335,24
euroleague,de colo nando||euroleague,2017-12-15,30.933333333333334,33
euroleague,de colo nando||euroleague,2017-12-20,25.366666666666667,21
euroleague,de colo nando||euroleague,2017-12-22,16.0,3
euroleague,de colo nando||euroleague,2017-12-29,22.083333333333332,14
euroleague,de colo nando||euroleague,2018-01-04,31.55,31
euroleague,de colo nando||euroleague,2018-01-11,27.9,20
euroleague,de colo nando||euroleague,2018-01-17,24.683333333333334,22
euroleague,de colo nando||euroleague,2018-01-19,26.9,13
euroleague,delfino carlos||euroleague,2017-10-12,5.783333333333333,0
euroleague,delfino carlos||euroleague,2017-10-19,4.216666666666667,0
euroleague,demir berk||euroleague,2017-10-12,0.0,0
euroleague,demir berk||euroleague,2017-10-20,0.0,0
euroleague,demir berk||euroleague,2017-10-25,0.0,0
euroleague,demir berk||euroleague,2017-10-27,0.0,0
euroleague,demir berk||euroleague,2017-11-03,0.0,0
euroleague,demir berk||euroleague,2017-11-09,0.0,0
euroleague,demir berk||euroleague,2017-11-14,0.0,0
euroleague,demir berk||euroleague,2017-11-16,0.0,0
euroleague,demir berk||euroleague,2017-11-23,0.0,0
euroleague,demir berk||euroleague,2017-11-30,0.0,0
euroleague,demir berk||euroleague,2017-12-08,0.0,0
euroleague,demir berk||euroleague,2017-12-15,0.0,0
euroleague,demir berk||euroleague,2017-12-20,0.0,0
euroleague,demir berk||euroleague,2017-12-22,0.0,0
euroleague,demir berk||euroleague,2017-12-29,0.0,0
euroleague,demir berk||euroleague,2018-01-12,0.0,0
euroleague,demir berk||euroleague,2018-01-17,3.8,1
euroleague,demir berk||euroleague,2018-01-19,0.0,0
euroleague,denmon marcus||euroleague,2017-10-13,5.1,-1
euroleague,denmon marcus||euroleague,2017-10-19,18.85,2
euroleague,denmon marcus||euroleague,2017-10-25,12.05,-2
euroleague,denmon marcus||euroleague,2017-10-27,10.0,1
euroleague,denmon marcus||euroleague,2017-11-02,7.45,1
euroleague,denmon marcus||euroleague,2017-11-10,0.0,0
euroleague,denmon marcus||euroleague,2017-11-14,20.716666666666665,21
euroleague,denmon marcus||euroleague,2017-11-16,6.266666666666667,2
euroleague,denmon marcus||euroleague,2017-11-24,10.966666666666667,-2
euroleague,denmon marcus||euroleague,2017-12-01,9.016666666666667,1
euroleague,denmon marcus||euroleague,2017-12-07,5.916666666666667,-2
euroleague,denmon marcus||euroleague,2017-12-15,0.0,0
euroleague,denmon marcus||euroleague,2017-12-19,18.733333333333334,4
euroleague,denmon marcus||euroleague,2017-12-21,25.9,12
euroleague,denmon marcus||euroleague,2017-12-28,19.666666666666668,5
euroleague,denmon marcus||euroleague,2018-01-04,9.883333333333333,5
euroleague,denmon marcus||euroleague,2018-01-11,13.766666666666667,2
euroleague,denmon marcus||euroleague,2018-01-17,18.983333333333334,4
euroleague,denmon marcus||euroleague,2018-01-19,3.9833333333333334,-4
euroleague,diaz alberto||euroleague,2017-10-12,14.85,0
euroleague,diaz alberto||euroleague,2017-10-20,21.083333333333332,2
euroleague,diaz alberto||euroleague,2017-10-25,24.666666666666668,6
euroleague,diaz alberto||euroleague,2017-10-27,18.0,0
euroleague,diaz alberto||euroleague,2017-11-03,14.183333333333334,-6
euroleague,diaz alberto||euroleague,2017-11-10,19.233333333333334,2
euroleague,diaz alberto||euroleague,2017-11-14,16.166666666666668,-6
euroleague,diaz alberto||euroleague,2017-11-16,23.066666666666666,9
euroleague,diaz alberto||euroleague,2017-11-24,17.483333333333334,6
euroleague,diaz alberto||euroleague,2017-12-01,20.183333333333334,9
euroleague,diaz alberto||euroleague,2017-12-07,14.366666666666667,0
euroleague,diaz alberto||euroleague,2017-12-14,19.816666666666666,1
euroleague,diaz alberto||euroleague,2017-12-20,15.616666666666667,-3
euroleague,diaz alberto||euroleague,2017-12-22,18.733333333333334,12
euroleague,diaz alberto||euroleague,2017-12-28,12.4,5
euroleague,diaz alberto||euroleague,2018-01-04,16.066666666666666,0
euroleague,diaz alberto||euroleague,2018-01-12,21.483333333333334,-1
euroleague,diaz alberto||euroleague,2018-01-17,19.566666666666666,6
euroleague,diaz alberto||euroleague,2018-01-19,10.233333333333333,-1
euroleague,dibartolomeo john||euroleague,2017-10-12,24.283333333333335,8
euroleague,dibartolomeo john||euroleague,2017-10-19,19.25,2
euroleague,dibartolomeo john||euroleague,2017-10-24,17.883333333333333,9
euroleague,dibartolomeo john||euroleague,2017-10-26,21.416666666666668,-4
euroleague,dibartolomeo john||euroleague,2017-11-02,10.016666666666667,0
euroleague,dibartolomeo john||euroleague,2017-11-09,3.5833333333333335,-1
euroleague,dibartolomeo john||euroleague,2017-11-14,8.583333333333334,-2
euroleague,dibartolomeo john||euroleague,2017-11-16,19.766666666666666,8
euroleague,dibartolomeo john||euroleague,2017-11-23,24.533333333333335,6
euroleague,dibartolomeo john||euroleague,2017-11-30,1.3666666666666667,1
euroleague,dibartolomeo john||euroleague,2017-12-07,17.233333333333334,6
euroleague,dibartolomeo john||euroleague,2017-12-15,9.6,-4
euroleague,dibartolomeo john||euroleague,2017-12-19,3.6333333333333333,1
euroleague,dibartolomeo john||euroleague,2017-12-21,0.0,0
euroleague,dibartolomeo john||euroleague,2017-12-28,14.25,5
euroleague,dibartolomeo john||euroleague,2018-01-05,9.833333333333334,0
euroleague,dibartolomeo john||euroleague,2018-01-11,20.95,21
euroleague,dibartolomeo john||euroleague,2018-01-16,15.333333333333334,2
euroleague,dibartolomeo john||euroleague,2018-01-18,17.45,5
euroleague,diez daniel||euroleague,2017-10-12,0.0,0
euroleague,diez daniel||euroleague,2017-10-20,17.016666666666666,1
euroleague,diez daniel||euroleague,2017-10-25,19.083333333333332,4
euroleague,diez daniel||euroleague,2017-10-27,15.95,3
euroleague,diez daniel||euroleague,2017-11-03,0.0,0
euroleague,diez daniel||euroleague,2017-11-14,12.616666666666667,2
euroleague,diez daniel||euroleague,2017-11-16,18.8,8
euroleague,diez daniel||euroleague,2017-11-24,5.366666666666666,3
euroleague,diez daniel||euroleague,2017-12-01,12.033333333333333,2
euroleague,diez daniel||euroleague,2017-12-07,0.0,0
euroleague,diez daniel||euroleague,2017-12-14,14.9,8
euroleague,diez daniel||euroleague,2017-12-20,13.966666666666667,6
euroleague,diez daniel||euroleague,2017-12-22,0.0,0
euroleague,diez daniel||euroleague,2017-12-28,12.8,1
euroleague,diez daniel||euroleague,2018-01-04,16.283333333333335,2
euroleague,diez daniel||euroleague,2018-01-12,12.2,7
euroleague,diez daniel||euroleague,2018-01-17,16.5,7
euroleague,diop ilimane||euroleague,2017-10-12,19.933333333333334,9
euroleague,diop ilimane||euroleague,2017-10-19,20.35,7
euroleague,diop ilimane||euroleague,2017-10-25,22.183333333333334,7
euroleague,diop ilimane||euroleague,2017-10-27,13.6,3
euroleague,diop ilimane||euroleague,2017-11-02,5.216666666666667,2
euroleague,diop ilimane||euroleague,2017-11-10,3.783333333333333,3
euroleague,diop ilimane||euroleague,2017-11-14,7.7,9
euroleague,diop ilimane||euroleague,2017-12-29,0.0,0
euroleague,diop ilimane||euroleague,2018-01-05,0.9833333333333333,-2
euroleague,diop ilimane||euroleague,2018-01-12,5.783333333333333,7
euroleague,diop ilimane||euroleague,2018-01-17,3.95,0
euroleague,diop ilimane||euroleague,2018-01-19,0.0,0
euroleague,dobric ognjen||euroleague,2017-10-13,20.15,7
euroleague,dobric ognjen||euroleague,2017-10-20,18.4,7
euroleague,dobric ognjen||euroleague,2017-10-24,19.333333333333332,2
euroleague,dobric ognjen||euroleague,2017-10-26,13.45,12
euroleague,dobric ognjen||euroleague,2017-11-02,4.783333333333333,0
euroleague,dobric ognjen||euroleague,2017-11-10,16.883333333333333,1
euroleague,dobric ognjen||euroleague,2017-11-15,1.4,-2
euroleague,dobric ognjen||euroleague,2017-11-17,13.633333333333333,8
euroleague,dobric ognjen||euroleague,2017-11-23,23.466666666666665,17
euroleague,dobric ognjen||euroleague,2017-12-01,19.016666666666666,13
euroleague,dobric ognjen||euroleague,2017-12-08,11.533333333333333,4
euroleague,dobric ognjen||euroleague,2017-12-15,9.633333333333333,6
euroleague,dobric ognjen||euroleague,2017-12-19,19.816666666666666,17
euroleague,dobric ognjen||euroleague,2017-12-21,12.016666666666667,3
euroleague,dobric ognjen||euroleague,2018-01-16,0.0,0
euroleague,dobric ognjen||euroleague,2018-01-18,6.233333333333333,2
euroleague,doellman justin||euroleague,2017-10-20,12.033333333333333,1
euroleague,doellman justin||euroleague,2017-10-25,6.266666666666667,0
euroleague,doellman justin||euroleague,2017-10-27,21.25,6
euroleague,doncic luka||euroleague,2017-10-12,26.6,32
euroleague,doncic luka||euroleague,2017-10-19,26.083333333333332,21
euroleague,doncic luka||euroleague,2017-10-24,28.416666666666668,41
euroleague,doncic luka||euroleague,2017-10-26,27.75,35
euroleague,doncic luka||euroleague,2017-11-02,25.6,18
euroleague,doncic luka||euroleague,2017-11-09,32.06666666666667,30
euroleague,doncic luka||euroleague,2017-11-14,22.65,19
euroleague,doncic luka||euroleague,2017-11-16,25.15,28
euroleague,doncic luka||euroleague,2017-11-24,31.516666666666666,14
euroleague,doncic luka||euroleague,2017-12-01,29.35,32
euroleague,doncic luka||euroleague,2017-12-08,37.8,36
euroleague,doncic luka||euroleague,2017-12-14,26.366666666666667,26
euroleague,doncic luka||euroleague,2017-12-19,6.85,6
euroleague,doncic luka||euroleague,2017-12-21,24.216666666666665,14
euroleague,doncic luka||euroleague,2017-12-28,30.466666666666665,37
euroleague,doncic luka||euroleague,2018-01-05,20.233333333333334,12
euroleague,doncic luka||euroleague,2018-01-12,21.883333333333333,16
euroleague,doncic luka||euroleague,2018-01-17,20.983333333333334,16
euroleague,doncic luka||euroleague,2018-01-19,22.183333333333334,24
euroleague,doornekamp aaron||euroleague,2017-10-13,24.066666666666666,6
euroleague,doornekamp aaron||euroleague,2017-10-20,20.7,13
euroleague,doornekamp aaron||euroleague,2017-10-25,29.016666666666666,16
euroleague,doornekamp aaron||euroleague,2017-10-27,24.233333333333334,8
euroleague,doornekamp aaron||euroleague,2017-11-02,23.6,8
euroleague,doornekamp aaron||euroleague,2017-11-09,21.8,16
euroleague,doornekamp aaron||euroleague,2017-11-15,33.766666666666666,12
euroleague,doornekamp aaron||euroleague,2017-11-17,18.233333333333334,7
euroleague,doornekamp aaron||euroleague,2017-11-23,20.85,9
euroleague,doornekamp aaron||euroleague,2017-11-30,25.4,8
euroleague,doornekamp aaron||euroleague,2017-12-07,19.0,4
euroleague,doornekamp aaron||euroleague,2017-12-15,15.416666666666666,8
euroleague,doornekamp aaron||euroleague,2017-12-19,18.616666666666667,-1
euroleague,doornekamp aaron||euroleague,2017-12-21,26.666666666666668,6
euroleague,doornekamp aaron||euroleague,2017-12-28,27.966666666666665,11
euroleague,doornekamp aaron||euroleague,2018-01-04,26.566666666666666,16
euroleague,doornekamp aaron||euroleague,2018-01-11,26.583333333333332,5
euroleague,doornekamp aaron||euroleague,2018-01-16,23.683333333333334,14
euroleague,doornekamp aaron||euroleague,2018-01-18,22.95,1
euroleague,douglas toney||euroleague,2018-01-12,24.483333333333334,15
euroleague,douglas toney||euroleague,2018-01-17,15.516666666666667,0
euroleague,douglas toney||euroleague,2018-01-19,24.3,36
euroleague,dragic zoran||euroleague,2017-11-23,16.016666666666666,0
euroleague,dragic zoran||euroleague,2017-11-30,27.216666666666665,9
euroleague,dragic zoran||euroleague,2017-12-08,34.5,19
euroleague,dragic zoran||euroleague,2017-12-15,30.816666666666666,6
euroleague,dragic zoran||euroleague,2017-12-20,28.1,4
euroleague,dragic zoran||euroleague,2017-12-22,26.333333333333332,-3
euroleague,dragic zoran||euroleague,2017-12-29,34.63333333333333,2
euroleague,dragic zoran||euroleague,2018-01-04,29.816666666666666,4
euroleague,dragic zoran||euroleague,2018-01-12,26.65,34
euroleague,dragic zoran||euroleague,2018-01-17,16.533333333333335,4
euroleague,dragic zoran||euroleague,2018-01-19,22.7,11
euroleague,dubljevic bojan||euroleague,2017-10-13,21.366666666666667,3
euroleague,dubljevic bojan||euroleague,2017-10-20,21.233333333333334,10
euroleague,dubljevic bojan||euroleague,2017-10-25,25.1,21
euroleague,dubljevic bojan||euroleague,2017-10-27,16.7,13
euroleague,dubljevic bojan||euroleague,2017-11-02,15.95,14
euroleague,dubljevic bojan||euroleague,2017-11-09,15.683333333333334,13
euroleague,dubljevic bojan||euroleague,2017-11-15,25.05,22
euroleague,dubljevic bojan||euroleague,2017-11-17,17.5,11
euroleague,dubljevic bojan||euroleague,2017-12-15,23.683333333333334,11
euroleague,dubljevic bojan||euroleague,2017-12-19,24.716666666666665,18
euroleague,dubljevic bojan||euroleague,2017-12-21,20.366666666666667,21
euroleague,dubljevic bojan||euroleague,2017-12-28,16.333333333333332,13
euroleague,dubljevic bojan||euroleague,2018-01-04,15.766666666666667,9
euroleague,dubljevic bojan||euroleague,2018-01-11,18.633333333333333,9
euroleague,dubljevic bojan||euroleague,2018-01-16,27.316666666666666,26
euroleague,dubljevic bojan||euroleague,2018-01-18,10.35,-2
euroleague,dunston bryant||euroleague,2017-10-12,31.533333333333335,23
euroleague,dunston bryant||euroleague,2017-10-20,22.166666666666668,-2
euroleague,dunston bryant||euroleague,2017-10-25,31.4,20
euroleague,dunston bryant||euroleague,2017-10-27,37.05,20
euroleague,dunston bryant||euroleague,2017-11-03,29.7,19
euroleague,dunston bryant||euroleague,2017-11-09,32.733333333333334,17
euroleague,dunston bryant||euroleague,2017-11-14,35.15,17
euroleague,dunston bryant||euroleague,2017-11-16,32.46666666666667,15
euroleague,dunston bryant||euroleague,2017-11-23,35.05,25
euroleague,dunston bryant||euroleague,2017-11-30,35.03333333333333,5
euroleague,dunston bryant||euroleague,2017-12-08,29.916666666666668,18
euroleague,dunston bryant||euroleague,2017-12-15,25.316666666666666,12
euroleague,dunston bryant||euroleague,2017-12-20,25.116666666666667,22
euroleague,dunston bryant||euroleague,2017-12-22,27.35,9
euroleague,dunston bryant||euroleague,2017-12-29,31.5,22
euroleague,dunston bryant||euroleague,2018-01-04,26.783333333333335,20
euroleague,dunston bryant||euroleague,2018-01-12,30.816666666666666,22
euroleague,dunston bryant||euroleague,2018-01-17,18.516666666666666,12
euroleague,dunston bryant||euroleague,2018-01-19,20.566666666666666,10
euroleague,duverioglu ahmet||euroleague,2017-10-12,10.383333333333333,2
euroleague,duverioglu ahmet||euroleague,2017-10-19,10.833333333333334,-3
euroleague,duverioglu ahmet||euroleague,2017-10-25,0.0,0
euroleague,duverioglu ahmet||euroleague,2017-10-27,3.95,-2
euroleague,duverioglu ahmet||euroleague,2017-11-02,0.0,0
euroleague,duverioglu ahmet||euroleague,2017-11-10,8.6,6
euroleague,duverioglu ahmet||euroleague,2017-11-15,0.0,0
euroleague,duverioglu ahmet||euroleague,2017-11-17,0.0,0
euroleague,duverioglu ahmet||euroleague,2017-11-24,7.866666666666667,3
euroleague,duverioglu ahmet||euroleague,2017-11-30,9.833333333333334,10
euroleague,duverioglu ahmet||euroleague,2017-12-08,5.35,-2
euroleague,duverioglu ahmet||euroleague,2017-12-28,3.466666666666667,0
euroleague,duverioglu ahmet||euroleague,2018-01-05,6.666666666666667,-1
euroleague,duverioglu ahmet||euroleague,2018-01-11,14.25,11
euroleague,duverioglu ahmet||euroleague,2018-01-17,0.0,0
euroleague,duverioglu ahmet||euroleague,2018-01-19,9.266666666666667,2
euroleague,ennis dylan||euroleague,2017-12-15,0.0,0
euroleague,ennis dylan||euroleague,2017-12-19,9.4,-3
euroleague,ennis dylan||euroleague,2017-12-21,1.9333333333333333,-4
euroleague,ennis dylan||euroleague,2017-12-29,5.683333333333334,2
euroleague,ennis dylan||euroleague,2018-01-05,11.733333333333333,14
euroleague,ennis dylan||euroleague,2018-01-12,10.583333333333334,1
euroleague,ennis dylan||euroleague,2018-01-16,4.3,8
euroleague,ennis dylan||euroleague,2018-01-18,16.3,1
euroleague,feldeine james||euroleague,2017-10-13,30.083333333333332,6
euroleague,feldeine james||euroleague,2017-10-20,29.25,7
euroleague,feldeine james||euroleague,2017-10-24,28.9,10
euroleague,feldeine james||euroleague,2017-10-26,37.666666666666664,26
euroleague,feldeine james||euroleague,2017-11-02,30.716666666666665,5
euroleague,feldeine james||euroleague,2017-11-10,17.566666666666666,9
euroleague,feldeine james||euroleague,2017-11-15,27.05,2
euroleague,feldeine james||euroleague,2017-11-17,22.333333333333332,5
euroleague,feldeine james||euroleague,2017-11-23,24.166666666666668,14
euroleague,feldeine james||euroleague,2017-12-01,21.233333333333334,10
euroleague,feldeine james||euroleague,2017-12-08,29.716666666666665,32
euroleague,feldeine james||euroleague,2017-12-15,31.933333333333334,31
euroleague,feldeine james||euroleague,2017-12-19,17.85,2
euroleague,feldeine james||euroleague,2017-12-21,28.7,11
euroleague,feldeine james||euroleague,2017-12-29,31.366666666666667,17
euroleague,feldeine james||euroleague,2018-01-05,19.466666666666665,-3
euroleague,feldeine james||euroleague,2018-01-12,23.45,2
euroleague,feldeine james||euroleague,2018-01-16,27.3,12
euroleague,feldeine james||euroleague,2018-01-18,5.966666666666667,8
euroleague,fernandez rudy||euroleague,2017-10-19,17.933333333333334,11
euroleague,fernandez rudy||euroleague,2017-10-24,19.033333333333335,13
euroleague,fernandez rudy||euroleague,2017-10-26,17.233333333333334,10
euroleague,fernandez rudy||euroleague,2017-11-02,13.416666666666666,3
euroleague,fernandez rudy||euroleague,2017-11-09,14.383333333333333,8
euroleague,fernandez rudy||euroleague,2017-11-14,19.35,10
euroleague,fernandez rudy||euroleague,2017-11-16,20.783333333333335,17
euroleague,fernandez rudy||euroleague,2017-11-24,26.9,19
euroleague,fernandez rudy||euroleague,2017-12-01,23.916666666666668,16
euroleague,fernandez rudy||euroleague,2017-12-08,22.9,0
euroleague,fernandez rudy||euroleague,2017-12-14,21.083333333333332,5
euroleague,fernandez rudy||euroleague,2018-01-05,16.416666666666668,7
euroleague,fernandez rudy||euroleague,2018-01-12,14.933333333333334,18
euroleague,fernandez rudy||euroleague,2018-01-17,21.45,8
euroleague,fernandez rudy||euroleague,2018-01-19,14.95,14
euroleague,fontecchio simone||euroleague,2017-10-12,1.9166666666666665,0
euroleague,fontecchio simone||euroleague,2017-10-26,0.05,0
euroleague,fontecchio simone||euroleague,2017-11-30,0.0,0
euroleague,fridzon vitaly||euroleague,2017-10-12,0.0,0
euroleague,fridzon vitaly||euroleague,2017-10-19,4.616666666666667,3
euroleague,fridzon vitaly||euroleague,2017-10-25,4.45,1
euroleague,fridzon vitaly||euroleague,2017-10-27,0.0,0
euroleague,fridzon vitaly||euroleague,2017-11-03,2.8,-1
euroleague,fridzon vitaly||euroleague,2017-11-09,6.733333333333333,6
euroleague,fridzon vitaly||euroleague,2017-11-15,14.066666666666666,-7
euroleague,fridzon vitaly||euroleague,2017-11-17,0.0,0
euroleague,fridzon vitaly||euroleague,2017-12-01,4.633333333333333,-3
euroleague,fridzon vitaly||euroleague,2017-12-07,11.316666666666666,4
euroleague,fridzon vitaly||euroleague,2017-12-15,7.983333333333333,-1
euroleague,fridzon vitaly||euroleague,2017-12-20,0.0,0
euroleague,fridzon vitaly||euroleague,2017-12-22,1.6666666666666665,-3
euroleague,fridzon vitaly||euroleague,2017-12-29,7.616666666666667,0
euroleague,fridzon vitaly||euroleague,2018-01-04,16.9,1
euroleague,fridzon vitaly||euroleague,2018-01-11,7.25,6
euroleague,fridzon vitaly||euroleague,2018-01-17,14.333333333333334,5
euroleague,fridzon vitaly||euroleague,2018-01-19,5.816666666666666,-3
euroleague,gabriel kenny||euroleague,2017-10-13,11.383333333333333,0
euroleague,gabriel kenny||euroleague,2017-10-19,5.45,1
euroleague,gabriel kenny||euroleague,2017-10-25,13.7,0
euroleague,gabriel kenny||euroleague,2017-10-27,5.766666666666667,2
euroleague,gabriel kenny||euroleague,2017-11-02,1.6,-2
euroleague,gabriel kenny||euroleague,2017-11-10,14.583333333333334,6
euroleague,gabriel kenny||euroleague,2017-11-14,11.15,2
euroleague,gabriel kenny||euroleague,2017-11-16,7.75,-1
euroleague,gabriel kenny||euroleague,2017-11-24,9.9,0
euroleague,gabriel kenny||euroleague,2017-12-01,13.866666666666667,0
euroleague,gabriel kenny||euroleague,2017-12-07,13.55,3
euroleague,gabriel kenny||euroleague,2017-12-15,13.95,7
euroleague,gabriel kenny||euroleague,2017-12-19,13.233333333333333,3
euroleague,gabriel kenny||euroleague,2017-12-21,8.316666666666666,2
euroleague,gabriel kenny||euroleague,2017-12-28,6.216666666666667,2
euroleague,gabriel kenny||euroleague,2018-01-04,16.766666666666666,1
euroleague,gabriel kenny||euroleague,2018-01-11,16.766666666666666,2
euroleague,gabriel kenny||euroleague,2018-01-17,5.616666666666667,0
euroleague,gabriel kenny||euroleague,2018-01-19,13.75,4
euroleague,garcia marc||euroleague,2017-10-13,1.2333333333333334,7
euroleague,garcia sergi||euroleague,2018-01-11,17.716666666666665,9
euroleague,garino patricio||euroleague,2017-10-25,9.583333333333334,-2
euroleague,garino patricio||euroleague,2017-10-27,1.1833333333333333,-2
euroleague,garino patricio||euroleague,2017-11-02,10.266666666666667,0
euroleague,garino patricio||euroleague,2017-11-10,12.316666666666666,-1
euroleague,garino patricio||euroleague,2017-12-29,4.833333333333333,-6
euroleague,garino patricio||euroleague,2018-01-05,12.5,1
euroleague,garino patricio||euroleague,2018-01-12,23.016666666666666,7
euroleague,garino patricio||euroleague,2018-01-17,5.683333333333334,-2
euroleague,garino patricio||euroleague,2018-01-19,0.0,0
euroleague,gavrilov alexander||euroleague,2017-11-24,0.0,0
euroleague,gill anthony||euroleague,2017-10-13,11.85,0
euroleague,gill anthony||euroleague,2017-10-20,17.633333333333333,11
euroleague,gill anthony||euroleague,2017-10-24,22.083333333333332,4
euroleague,gill anthony||euroleague,2017-10-26,23.45,7
euroleague,gill anthony||euroleague,2017-11-02,29.783333333333335,14
euroleague,gill anthony||euroleague,2017-11-10,26.983333333333334,25
euroleague,gill anthony||euroleague,2017-11-24,22.666666666666668,13
euroleague,gill anthony||euroleague,2017-11-30,31.866666666666667,13
euroleague,gill anthony||euroleague,2017-12-07,14.766666666666667,1
euroleague,gill anthony||euroleague,2017-12-14,25.6,22
euroleague,gill anthony||euroleague,2017-12-20,19.966666666666665,16
euroleague,gill anthony||euroleague,2017-12-22,33.7,6
euroleague,gill anthony||euroleague,2017-12-29,28.066666666666666,17
euroleague,gill anthony||euroleague,2018-01-05,28.066666666666666,6
euroleague,gill anthony||euroleague,2018-01-12,22.85,8
euroleague,gill anthony||euroleague,2018-01-16,18.266666666666666,1
euroleague,gill anthony||euroleague,2018-01-18,25.433333333333334,14
euroleague,gist james||euroleague,2017-10-13,22.2,3
euroleague,gist james||euroleague,2017-10-19,22.7,9
euroleague,gist james||euroleague,2017-10-25,10.133333333333333,-1
euroleague,gist james||euroleague,2017-10-27,27.216666666666665,3
euroleague,gist james||euroleague,2017-11-02,23.733333333333334,17
euroleague,gist james||euroleague,2017-11-10,17.75,15
euroleague,gist james||euroleague,2017-11-14,30.266666666666666,23
euroleague,gist james||euroleague,2017-11-16,30.05,13
euroleague,gist james||euroleague,2017-11-24,29.783333333333335,18
euroleague,gist james||euroleague,2017-12-01,35.06666666666667,30
euroleague,gist james||euroleague,2017-12-07,17.933333333333334,-5
euroleague,gist james||euroleague,2017-12-15,27.233333333333334,18
euroleague,gist james||euroleague,2017-12-19,28.783333333333335,21
euroleague,gist james||euroleague,2017-12-21,36.233333333333334,18
euroleague,gist james||euroleague,2017-12-28,17.8,-3
euroleague,gist james||euroleague,2018-01-04,28.333333333333332,14
euroleague,gist james||euroleague,2018-01-11,30.266666666666666,27
euroleague,gist james||euroleague,2018-01-17,28.316666666666666,-2
euroleague,gist james||euroleague,2018-01-19,33.13333333333333,10
euroleague,gonzalez miguel||euroleague,2017-11-23,3.4333333333333336,-2
euroleague,gonzalez miguel||euroleague,2017-11-30,0.0,0
euroleague,gonzalez miguel||euroleague,2017-12-07,0.0,0
euroleague,gonzalez miguel||euroleague,2017-12-15,0.0,0
euroleague,gonzalez miguel||euroleague,2017-12-20,4.466666666666667,3
euroleague,gonzalez miguel||euroleague,2017-12-22,0.0,0
euroleague,goudelock andrew||euroleague,2017-10-12,35.016666666666666,16
euroleague,goudelock andrew||euroleague,2017-10-19,32.65,8
euroleague,goudelock andrew||euroleague,2017-10-24,33.78333333333333,17
euroleague,goudelock andrew||euroleague,2017-11-02,28.75,7
euroleague,goudelock andrew||euroleague,2017-11-09,22.4,12
euroleague,goudelock andrew||euroleague,2017-11-15,24.55,14
euroleague,goudelock andrew||euroleague,2017-12-15,18.15,8
euroleague,goudelock andrew||euroleague,2017-12-20,25.516666666666666,12
euroleague,goudelock andrew||euroleague,2017-12-22,28.85,13
euroleague,goudelock andrew||euroleague,2017-12-29,13.25,-4
euroleague,goudelock andrew||euroleague,2018-01-05,22.133333333333333,17
euroleague,goudelock andrew||euroleague,2018-01-11,12.116666666666667,-3
euroleague,goudelock andrew||euroleague,2018-01-17,30.366666666666667,22
euroleague,goudelock andrew||euroleague,2018-01-19,25.766666666666666,14
euroleague,granger jayson||euroleague,2017-10-12,26.433333333333334,8
euroleague,granger jayson||euroleague,2017-10-19,30.816666666666666,7
euroleague,granger jayson||euroleague,2017-10-25,33.85,17
euroleague,granger jayson||euroleague,2017-10-27,28.966666666666665,16
euroleague,granger jayson||euroleague,2017-11-02,21.883333333333333,23
euroleague,granger jayson||euroleague,2017-11-10,22.55,10
euroleague,granger jayson||euroleague,2017-11-14,17.083333333333332,15
euroleague,granger jayson||euroleague,2017-11-16,27.633333333333333,23
euroleague,granger jayson||euroleague,2017-11-23,27.15,13
euroleague,granger jayson||euroleague,2017-11-30,21.766666666666666,3
euroleague,granger jayson||euroleague,2017-12-07,13.55,4
euroleague,granger jayson||euroleague,2017-12-15,27.3,12
euroleague,granger jayson||euroleague,2017-12-22,16.8,5
euroleague,granger jayson||euroleague,2017-12-29,22.716666666666665,-2
euroleague,granger jayson||euroleague,2018-01-05,20.616666666666667,7
euroleague,granger jayson||euroleague,2018-01-12,22.166666666666668,12
euroleague,granger jayson||euroleague,2018-01-17,21.966666666666665,12
euroleague,granger jayson||euroleague,2018-01-19,25.8,19
euroleague,green erick||euroleague,2017-10-13,32.916666666666664,29
euroleague,green erick||euroleague,2017-10-20,32.63333333333333,33
euroleague,green erick||euroleague,2017-10-25,24.466666666666665,17
euroleague,green erick||euroleague,2017-10-27,21.933333333333334,18
euroleague,green erick||euroleague,2017-11-02,22.783333333333335,3
euroleague,green erick||euroleague,2017-11-09,23.516666666666666,3
euroleague,green erick||euroleague,2017-11-15,37.38333333333333,24
euroleague,green erick||euroleague,2017-11-17,18.883333333333333,6
euroleague,green erick||euroleague,2017-11-23,30.716666666666665,14
euroleague,green erick||euroleague,2017-11-30,32.333333333333336,20
euroleague,green erick||euroleague,2017-12-07,27.066666666666666,28
euroleague,green erick||euroleague,2017-12-15,20.65,8
euroleague,green erick||euroleague,2017-12-19,24.066666666666666,15
euroleague,green erick||euroleague,2017-12-21,23.616666666666667,12
euroleague,green erick||euroleague,2017-12-28,31.933333333333334,26
euroleague,green erick||euroleague,2018-01-04,25.883333333333333,2
euroleague,green erick||euroleague,2018-01-18,20.166666666666668,14
euroleague,gudaitis arturas||euroleague,2017-10-12,18.233333333333334,18
euroleague,gudaitis arturas||euroleague,2017-10-19,23.733333333333334,5
euroleague,gudaitis arturas||euroleague,2017-10-24,22.666666666666668,28
euroleague,gudaitis arturas||euroleague,2017-10-26,17.7,15
euroleague,gudaitis arturas||euroleague,2017-11-02,16.333333333333332,16
euroleague,gudaitis arturas||euroleague,2017-11-09,12.666666666666666,-2
euroleague,gudaitis arturas||euroleague,2017-11-15,25.65,8
euroleague,gudaitis arturas||euroleague,2017-11-17,22.416666666666668,16
euroleague,gudaitis arturas||euroleague,2017-11-23,21.283333333333335,28
euroleague,gudaitis arturas||euroleague,2017-11-30,22.9,14
euroleague,gudaitis arturas||euroleague,2017-12-07,20.05,10
euroleague,gudaitis arturas||euroleague,2017-12-15,12.9,18
euroleague,gudaitis arturas||euroleague,2017-12-20,24.9,23
euroleague,gudaitis arturas||euroleague,2017-12-22,19.916666666666668,3
euroleague,gudaitis arturas||euroleague,2017-12-29,22.35,14
euroleague,gudaitis arturas||euroleague,2018-01-11,11.916666666666666,5
euroleague,gudaitis arturas||euroleague,2018-01-17,19.266666666666666,10
euroleague,gudaitis arturas||euroleague,2018-01-19,21.65,18
euroleague,guduric marko||euroleague,2017-10-12,11.083333333333334,5
euroleague,guduric marko||euroleague,2017-10-19,15.016666666666667,4
euroleague,guduric marko||euroleague,2017-10-25,20.216666666666665,5
euroleague,guduric marko||euroleague,2017-10-27,10.733333333333333,2
euroleague,guduric marko||euroleague,2017-11-02,21.0,2
euroleague,guduric marko||euroleague,2017-11-10,10.15,4
euroleague,guduric marko||euroleague,2017-11-15,14.283333333333333,6
euroleague,guduric marko||euroleague,2017-11-17,21.116666666666667,9
euroleague,guduric marko||euroleague,2017-11-24,18.016666666666666,-1
euroleague,guduric marko||euroleague,2017-11-30,4.516666666666667,2
euroleague,guduric marko||euroleague,2017-12-08,9.283333333333333,3
euroleague,guduric marko||euroleague,2017-12-14,20.666666666666668,7
euroleague,guduric marko||euroleague,2017-12-19,18.733333333333334,9
euroleague,guduric marko||euroleague,2017-12-21,4.716666666666667,-2
euroleague,guduric marko||euroleague,2017-12-28,13.2,-2
euroleague,guduric marko||euroleague,2018-01-05,33.666666666666664,21
euroleague,guduric marko||euroleague,2018-01-11,31.016666666666666,16
euroleague,guduric marko||euroleague,2018-01-17,20.0,5
euroleague,guduric marko||euroleague,2018-01-19,22.633333333333333,14
euroleague,guler sinan||euroleague,2017-10-12,3.4333333333333336,1
euroleague,guler sinan||euroleague,2017-10-19,0.0,0
euroleague,guler sinan||euroleague,2017-10-25,4.633333333333333,-1
euroleague,guler sinan||euroleague,2017-10-27,0.0,0
euroleague,guler sinan||euroleague,2017-11-02,0.0,0
euroleague,guler sinan||euroleague,2017-11-10,0.0,0
euroleague,guler sinan||euroleague,2017-11-15,0.0,0
euroleague,guler sinan||euroleague,2017-11-17,0.0,0
euroleague,guler sinan||euroleague,2017-11-24,0.0,0
euroleague,guler sinan||euroleague,2017-11-30,0.0,0
euroleague,guler sinan||euroleague,2017-12-08,0.0,0
euroleague,guler sinan||euroleague,2017-12-14,0.0,0
euroleague,guler sinan||euroleague,2017-12-19,3.8166666666666664,1
euroleague,guler sinan||euroleague,2017-12-21,6.433333333333334,4
euroleague,guler sinan||euroleague,2017-12-28,0.0,0
euroleague,guler sinan||euroleague,2018-01-05,14.9,6
euroleague,guler sinan||euroleague,2018-01-11,5.15,-5
euroleague,guler sinan||euroleague,2018-01-17,0.0,0
euroleague,guler sinan||euroleague,2018-01-19,6.766666666666667,3
euroleague,hackett daniel||euroleague,2017-10-12,27.4,6
euroleague,hackett daniel||euroleague,2017-10-19,20.216666666666665,9
euroleague,hackett daniel||euroleague,2017-10-25,30.616666666666667,15
euroleague,hackett daniel||euroleague,2017-10-27,31.0,16
euroleague,hackett daniel||euroleague,2017-11-02,12.65,3
euroleague,hackett daniel||euroleague,2017-11-17,0.0,0
euroleague,hackett daniel||euroleague,2017-11-23,25.483333333333334,11
euroleague,hackett daniel||euroleague,2017-11-30,22.733333333333334,14
euroleague,hackett daniel||euroleague,2017-12-07,23.083333333333332,7
euroleague,hackett daniel||euroleague,2017-12-14,29.416666666666668,16
euroleague,hackett daniel||euroleague,2017-12-19,27.083333333333332,20
euroleague,hackett daniel||euroleague,2017-12-21,24.033333333333335,8
euroleague,hackett daniel||euroleague,2017-12-29,32.43333333333333,16
euroleague,hackett daniel||euroleague,2018-01-05,28.45,12
euroleague,hackett daniel||euroleague,2018-01-11,28.483333333333334,17
euroleague,hackett daniel||euroleague,2018-01-16,29.966666666666665,21
euroleague,hackett daniel||euroleague,2018-01-18,22.883333333333333,9
euroleague,hanga adam||euroleague,2017-10-13,26.1,2
euroleague,hanga adam||euroleague,2017-10-20,21.533333333333335,8
euroleague,hanga adam||euroleague,2017-10-24,32.71666666666667,24
euroleague,hanga adam||euroleague,2017-10-26,29.333333333333332,12
euroleague,hanga adam||euroleague,2017-11-03,24.4,2
euroleague,hanga adam||euroleague,2017-11-09,28.4,10
euroleague,hanga adam||euroleague,2017-11-15,29.333333333333332,16
euroleague,hanga adam||euroleague,2017-11-17,15.066666666666666,9
euroleague,hanga adam||euroleague,2017-11-23,23.816666666666666,4
euroleague,hanga adam||euroleague,2017-12-01,30.55,4
euroleague,hanga adam||euroleague,2017-12-08,30.15,18
euroleague,hanga adam||euroleague,2017-12-14,30.816666666666666,6
euroleague,hanga adam||euroleague,2017-12-20,28.966666666666665,14
euroleague,hanga adam||euroleague,2017-12-22,28.55,12
euroleague,hanga adam||euroleague,2017-12-29,33.166666666666664,14
euroleague,hanga adam||euroleague,2018-01-04,22.383333333333333,13
euroleague,hanga adam||euroleague,2018-01-11,25.016666666666666,5
euroleague,hanga adam||euroleague,2018-01-16,11.766666666666667,-4
euroleague,hanga adam||euroleague,2018-01-18,21.016666666666666,12
euroleague,heckmann patrick||euroleague,2017-10-12,7.266666666666667,3
euroleague,heckmann patrick||euroleague,2017-10-19,12.866666666666667,1
euroleague,heckmann patrick||euroleague,2017-10-25,0.0,0
euroleague,heckmann patrick||euroleague,2017-10-27,0.0,0
euroleague,heckmann patrick||euroleague,2017-11-02,0.0,0
euroleague,heckmann patrick||euroleague,2017-11-10,0.0,0
euroleague,heckmann patrick||euroleague,2017-11-15,3.716666666666667,0
euroleague,heckmann patrick||euroleague,2017-11-17,0.0,0
euroleague,heckmann patrick||euroleague,2017-11-23,0.0,0
euroleague,heckmann patrick||euroleague,2017-11-30,5.916666666666667,1
euroleague,heckmann patrick||euroleague,2017-12-07,14.516666666666667,5
euroleague,heckmann patrick||euroleague,2017-12-14,12.216666666666667,-1
euroleague,heckmann patrick||euroleague,2017-12-19,3.6333333333333333,-1
euroleague,heckmann patrick||euroleague,2017-12-21,5.883333333333333,0
euroleague,heckmann patrick||euroleague,2017-12-29,0.0,0
euroleague,heckmann patrick||euroleague,2018-01-05,4.033333333333333,-5
euroleague,heckmann patrick||euroleague,2018-01-11,0.0,0
euroleague,heckmann patrick||euroleague,2018-01-16,12.983333333333333,4
euroleague,heckmann patrick||euroleague,2018-01-18,20.566666666666666,3
euroleague,hersek baris||euroleague,2017-10-12,0.0,0
euroleague,hersek baris||euroleague,2017-10-19,0.0,0
euroleague,hersek baris||euroleague,2017-10-25,0.0,0
euroleague,hersek baris||euroleague,2017-10-27,0.0,0
euroleague,hersek baris||euroleague,2017-11-02,0.0,0
euroleague,hersek baris||euroleague,2017-11-10,0.0,0
euroleague,hersek baris||euroleague,2017-11-24,0.0,0
euroleague,hersek baris||euroleague,2018-01-11,0.0,0
euroleague,hersek baris||euroleague,2018-01-17,0.0,0
euroleague,hersek baris||euroleague,2018-01-19,0.0,0
euroleague,heurtel thomas||euroleague,2017-10-13,23.366666666666667,16
euroleague,heurtel thomas||euroleague,2017-10-20,27.316666666666666,20
euroleague,heurtel thomas||euroleague,2017-10-24,27.333333333333332,7
euroleague,heurtel thomas||euroleague,2017-10-26,27.966666666666665,16
euroleague,heurtel thomas||euroleague,2017-11-03,19.75,7
euroleague,heurtel thomas||euroleague,2017-11-09,23.283333333333335,13
euroleague,heurtel thomas||euroleague,2017-11-15,26.716666666666665,13
euroleague,heurtel thomas||euroleague,2017-11-17,15.7,13
euroleague,heurtel thomas||euroleague,2017-11-23,22.1,12
euroleague,heurtel thomas||euroleague,2017-12-01,23.95,8
euroleague,heurtel thomas||euroleague,2017-12-08,27.183333333333334,10
euroleague,heurtel thomas||euroleague,2017-12-14,23.15,14
euroleague,heurtel thomas||euroleague,2017-12-20,29.566666666666666,24
euroleague,heurtel thomas||euroleague,2017-12-22,20.866666666666667,11
euroleague,heurtel thomas||euroleague,2017-12-29,16.05,4
euroleague,heurtel thomas||euroleague,2018-01-04,26.15,10
euroleague,heurtel thomas||euroleague,2018-01-11,17.766666666666666,17
euroleague,heurtel thomas||euroleague,2018-01-16,26.516666666666666,26
euroleague,heurtel thomas||euroleague,2018-01-18,26.316666666666666,17
euroleague,hickman ricky||euroleague,2017-10-12,24.45,11
euroleague,hickman ricky||euroleague,2017-10-19,25.133333333333333,18
euroleague,hickman ricky||euroleague,2017-10-25,25.8,15
euroleague,hickman ricky||euroleague,2017-10-27,28.516666666666666,0
euroleague,hickman ricky||euroleague,2017-11-02,26.816666666666666,14
euroleague,hickman ricky||euroleague,2017-11-10,22.683333333333334,5
euroleague,hickman ricky||euroleague,2017-11-15,32.78333333333333,12
euroleague,hickman ricky||euroleague,2017-11-17,18.666666666666668,1
euroleague,hickman ricky||euroleague,2017-11-23,32.8,28
euroleague,hickman ricky||euroleague,2017-11-30,32.95,17
euroleague,hickman ricky||euroleague,2017-12-07,27.333333333333332,7
euroleague,hickman ricky||euroleague,2017-12-14,24.333333333333332,9
euroleague,hickman ricky||euroleague,2017-12-19,15.516666666666667,-2
euroleague,hickman ricky||euroleague,2017-12-21,25.483333333333334,10
euroleague,hickman ricky||euroleague,2017-12-29,25.95,2
euroleague,hickman ricky||euroleague,2018-01-05,16.816666666666666,4
euroleague,hickman ricky||euroleague,2018-01-11,32.35,13
euroleague,hickman ricky||euroleague,2018-01-16,25.616666666666667,6
euroleague,higgins cory||euroleague,2017-10-12,25.583333333333332,21
euroleague,higgins cory||euroleague,2017-10-19,29.416666666666668,10
euroleague,higgins cory||euroleague,2017-10-25,15.1,5
euroleague,higgins cory||euroleague,2017-10-27,16.633333333333333,4
euroleague,higgins cory||euroleague,2017-11-03,18.85,-2
euroleague,higgins cory||euroleague,2017-11-09,21.9,18
euroleague,higgins cory||euroleague,2017-11-15,15.766666666666667,14
euroleague,higgins cory||euroleague,2017-11-17,31.383333333333333,13
euroleague,higgins cory||euroleague,2017-11-24,20.65,10
euroleague,higgins cory||euroleague,2017-12-01,25.133333333333333,28
euroleague,higgins cory||euroleague,2017-12-07,30.233333333333334,13
euroleague,higgins cory||euroleague,2017-12-15,14.65,19
euroleague,higgins cory||euroleague,2017-12-20,26.716666666666665,6
euroleague,higgins cory||euroleague,2017-12-22,35.13333333333333,31
euroleague,higgins cory||euroleague,2017-12-29,16.766666666666666,6
euroleague,higgins cory||euroleague,2018-01-04,30.25,10
euroleague,higgins cory||euroleague,2018-01-11,23.683333333333334,11
euroleague,higgins cory||euroleague,2018-01-17,19.3,24
euroleague,higgins cory||euroleague,2018-01-19,26.383333333333333,14
euroleague,hines kyle||euroleague,2017-10-12,15.383333333333333,9
euroleague,hines kyle||euroleague,2017-10-19,23.5,9
euroleague,hines kyle||euroleague,2017-10-25,30.316666666666666,28
euroleague,hines kyle||euroleague,2017-10-27,15.933333333333334,3
euroleague,hines kyle||euroleague,2017-11-03,20.533333333333335,16
euroleague,hines kyle||euroleague,2017-11-09,19.233333333333334,11
euroleague,hines kyle||euroleague,2017-11-15,16.1,26
euroleague,hines kyle||euroleague,2017-11-17,30.35,27
euroleague,hines kyle||euroleague,2017-11-24,22.583333333333332,15
euroleague,hines kyle||euroleague,2017-12-01,27.0,8
euroleague,hines kyle||euroleague,2017-12-07,20.566666666666666,15
euroleague,hines kyle||euroleague,2017-12-15,33.96666666666667,20
euroleague,hines kyle||euroleague,2017-12-20,32.266666666666666,17
euroleague,hines kyle||euroleague,2017-12-22,30.033333333333335,11
euroleague,hines kyle||euroleague,2017-12-29,22.8,6
euroleague,hines kyle||euroleague,2018-01-04,24.45,15
euroleague,hines kyle||euroleague,2018-01-11,14.983333333333333,9
euroleague,hines kyle||euroleague,2018-01-17,17.066666666666666,-1
euroleague,hines kyle||euroleague,2018-01-19,24.016666666666666,9
euroleague,hlinason tryggvi||euroleague,2017-10-13,0.0,0
euroleague,hlinason tryggvi||euroleague,2017-10-20,6.05,5
euroleague,hlinason tryggvi||euroleague,2017-10-25,2.0,1
euroleague,hlinason tryggvi||euroleague,2017-10-27,4.5,5
euroleague,hlinason tryggvi||euroleague,2017-11-02,0.0,0
euroleague,hlinason tryggvi||euroleague,2017-11-23,0.0,0
euroleague,hlinason tryggvi||euroleague,2017-11-30,8.95,4
euroleague,hlinason tryggvi||euroleague,2017-12-07,14.55,7
euroleague,hlinason tryggvi||euroleague,2017-12-15,0.0,0
euroleague,hlinason tryggvi||euroleague,2017-12-19,3.9833333333333334,3
euroleague,hlinason tryggvi||euroleague,2017-12-21,0.0,0
euroleague,hlinason tryggvi||euroleague,2017-12-28,0.0,0
euroleague,hlinason tryggvi||euroleague,2018-01-04,0.0,0
euroleague,hlinason tryggvi||euroleague,2018-01-11,1.8333333333333335,0
euroleague,hlinason tryggvi||euroleague,2018-01-16,0.0,0
euroleague,hlinason tryggvi||euroleague,2018-01-18,0.0,0
euroleague,honeycutt tyler||euroleague,2017-11-30,17.133333333333333,11
euroleague,honeycutt tyler||euroleague,2017-12-07,21.483333333333334,6
euroleague,honeycutt tyler||euroleague,2017-12-14,20.0,8
euroleague,honeycutt tyler||euroleague,2017-12-20,18.366666666666667,6
euroleague,honeycutt tyler||euroleague,2017-12-22,26.183333333333334,17
euroleague,honeycutt tyler||euroleague,2017-12-29,21.716666666666665,18
euroleague,honeycutt tyler||euroleague,2018-01-05,21.966666666666665,15
euroleague,honeycutt tyler||euroleague,2018-01-12,23.766666666666666,20
euroleague,honeycutt tyler||euroleague,2018-01-16,17.983333333333334,1
euroleague,honeycutt tyler||euroleague,2018-01-18,14.216666666666667,6
euroleague,huertas marcelinho||euroleague,2017-10-12,19.3,8
euroleague,huertas marcelinho||euroleague,2017-10-19,15.266666666666667,0
euroleague,huertas marcelinho||euroleague,2017-10-25,10.483333333333333,-2
euroleague,huertas marcelinho||euroleague,2017-10-27,21.033333333333335,14
euroleague,huertas marcelinho||euroleague,2017-11-02,18.116666666666667,1
euroleague,huertas marcelinho||euroleague,2017-11-10,17.45,9
euroleague,huertas marcelinho||euroleague,2017-11-14,18.883333333333333,20
euroleague,huertas marcelinho||euroleague,2017-11-16,12.366666666666667,4
euroleague,huertas marcelinho||euroleague,2017-11-23,9.8,2
euroleague,huertas marcelinho||euroleague,2017-11-30,18.233333333333334,11
euroleague,huertas marcelinho||euroleague,2017-12-07,20.566666666666666,6
euroleague,huertas marcelinho||euroleague,2017-12-15,12.7,-6
euroleague,huertas marcelinho||euroleague,2017-12-20,18.266666666666666,12
euroleague,huertas marcelinho||euroleague,2017-12-22,23.2,9
euroleague,huertas marcelinho||euroleague,2017-12-29,17.283333333333335,0
euroleague,huertas marcelinho||euroleague,2018-01-05,15.616666666666667,2
euroleague,huertas marcelinho||euroleague,2018-01-12,0.0,0
euroleague,huertas marcelinho||euroleague,2018-01-17,3.95,-2
euroleague,huertas marcelinho||euroleague,2018-01-19,9.816666666666666,0
euroleague,hunter othello||euroleague,2017-10-12,24.616666666666667,11
euroleague,hunter othello||euroleague,2017-10-19,16.5,-3
euroleague,hunter othello||euroleague,2017-10-25,9.683333333333334,4
euroleague,hunter othello||euroleague,2017-10-27,24.066666666666666,21
euroleague,hunter othello||euroleague,2017-11-03,19.466666666666665,12
euroleague,hunter othello||euroleague,2017-11-09,20.766666666666666,14
euroleague,hunter othello||euroleague,2017-11-15,19.583333333333332,16
euroleague,hunter othello||euroleague,2017-11-17,14.65,6
euroleague,hunter othello||euroleague,2017-11-24,17.333333333333332,13
euroleague,hunter othello||euroleague,2017-12-01,8.116666666666667,9
euroleague,hunter othello||euroleague,2017-12-22,9.966666666666667,6
euroleague,hunter othello||euroleague,2017-12-29,17.166666666666668,9
euroleague,hunter othello||euroleague,2018-01-04,19.983333333333334,5
euroleague,hunter othello||euroleague,2018-01-11,18.233333333333334,15
euroleague,hunter othello||euroleague,2018-01-17,17.966666666666665,4
euroleague,hunter othello||euroleague,2018-01-19,16.8,9
euroleague,jackson pierre||euroleague,2017-10-12,30.35,41
euroleague,jackson pierre||euroleague,2017-10-19,17.916666666666668,-3
euroleague,jackson pierre||euroleague,2017-10-24,27.933333333333334,8
euroleague,jackson pierre||euroleague,2017-10-26,21.366666666666667,11
euroleague,jackson pierre||euroleague,2017-11-02,22.183333333333334,8
euroleague,jackson pierre||euroleague,2017-11-09,23.116666666666667,16
euroleague,jackson pierre||euroleague,2017-11-14,23.816666666666666,16
euroleague,jackson pierre||euroleague,2017-11-16,28.433333333333334,22
euroleague,jackson pierre||euroleague,2017-11-23,28.033333333333335,5
euroleague,jackson pierre||euroleague,2017-11-30,23.6,13
euroleague,jackson pierre||euroleague,2017-12-07,26.55,20
euroleague,jackson pierre||euroleague,2017-12-15,24.783333333333335,-3
euroleague,jackson pierre||euroleague,2017-12-19,31.45,18
euroleague,jackson pierre||euroleague,2017-12-21,32.43333333333333,22
euroleague,jackson pierre||euroleague,2017-12-28,30.833333333333332,9
euroleague,jackson pierre||euroleague,2018-01-05,32.5,32
euroleague,jackson pierre||euroleague,2018-01-11,23.916666666666668,13
euroleague,jackson pierre||euroleague,2018-01-16,20.9,12
euroleague,jackson pierre||euroleague,2018-01-18,25.516666666666666,24
euroleague,jankovic stefan||euroleague,2017-10-13,9.033333333333333,0
euroleague,jankovic stefan||euroleague,2017-10-20,10.5,0
euroleague,jankovic stefan||euroleague,2017-10-24,3.3333333333333335,-3
euroleague,jankovic stefan||euroleague,2017-10-26,3.6166666666666667,-2
euroleague,jankovic stefan||euroleague,2017-11-02,1.4333333333333333,-1
euroleague,jankovic stefan||euroleague,2017-11-10,2.0833333333333335,-2
euroleague,jankovic stefan||euroleague,2017-11-23,10.666666666666666,10
euroleague,jankovic stefan||euroleague,2017-12-01,1.4333333333333333,0
euroleague,jankovic stefan||euroleague,2017-12-08,19.9,13
euroleague,jankovic stefan||euroleague,2017-12-15,9.166666666666666,0
euroleague,jankovic stefan||euroleague,2017-12-19,17.333333333333332,5
euroleague,jankovic stefan||euroleague,2017-12-21,13.35,1
euroleague,jankovic stefan||euroleague,2017-12-29,8.733333333333333,0
euroleague,jankovic stefan||euroleague,2018-01-05,12.25,0
euroleague,jankovic stefan||euroleague,2018-01-12,10.933333333333334,6
euroleague,jankovic stefan||euroleague,2018-01-16,13.066666666666666,-1
euroleague,jankovic stefan||euroleague,2018-01-18,14.666666666666666,2
euroleague,jankunas paulius||euroleague,2017-10-13,26.266666666666666,28
euroleague,jankunas paulius||euroleague,2017-10-20,25.383333333333333,36
euroleague,jankunas paulius||euroleague,2017-10-24,26.116666666666667,10
euroleague,jankunas paulius||euroleague,2017-10-26,17.55,9
euroleague,jankunas paulius||euroleague,2017-11-03,25.166666666666668,3
euroleague,jankunas paulius||euroleague,2017-11-09,21.45,10
euroleague,jankunas paulius||euroleague,2017-11-14,12.816666666666666,5
euroleague,jankunas paulius||euroleague,2017-11-16,22.216666666666665,20
euroleague,jankunas paulius||euroleague,2017-11-23,24.316666666666666,19
euroleague,jankunas paulius||euroleague,2017-11-30,20.483333333333334,18
euroleague,jankunas paulius||euroleague,2017-12-07,20.166666666666668,16
euroleague,jankunas paulius||euroleague,2017-12-14,29.266666666666666,21
euroleague,jankunas paulius||euroleague,2017-12-19,24.05,22
euroleague,jankunas paulius||euroleague,2017-12-21,28.683333333333334,14
euroleague,jankunas paulius||euroleague,2017-12-28,32.266666666666666,7
euroleague,jankunas paulius||euroleague,2018-01-05,19.45,8
euroleague,jankunas paulius||euroleague,2018-01-12,30.983333333333334,22
euroleague,jankunas paulius||euroleague,2018-01-16,11.083333333333334,-1
euroleague,jankunas paulius||euroleague,2018-01-18,26.3,16
euroleague,janning matt||euroleague,2017-10-12,28.766666666666666,-1
euroleague,janning matt||euroleague,2017-10-19,10.75,-1
euroleague,janning matt||euroleague,2017-10-25,8.133333333333333,-1
euroleague,janning matt||euroleague,2017-10-27,4.783333333333333,-1
euroleague,janning matt||euroleague,2017-11-02,19.916666666666668,8
euroleague,janning matt||euroleague,2017-11-10,19.35,16
euroleague,janning matt||euroleague,2017-11-14,20.466666666666665,15
euroleague,janning matt||euroleague,2017-11-16,26.033333333333335,12
euroleague,janning matt||euroleague,2017-11-23,28.666666666666668,15
euroleague,janning matt||euroleague,2017-11-30,27.033333333333335,-7
euroleague,janning matt||euroleague,2017-12-07,28.816666666666666,11
euroleague,janning matt||euroleague,2017-12-15,29.116666666666667,14
euroleague,janning matt||euroleague,2017-12-20,29.016666666666666,10
euroleague,janning matt||euroleague,2017-12-22,34.36666666666667,7
euroleague,janning matt||euroleague,2017-12-29,19.783333333333335,1
euroleague,janning matt||euroleague,2018-01-05,25.516666666666666,6
euroleague,janning matt||euroleague,2018-01-12,18.816666666666666,7
euroleague,janning matt||euroleague,2018-01-17,29.683333333333334,10
euroleague,janning matt||euroleague,2018-01-19,15.183333333333334,0
euroleague,jefferson cory||euroleague,2017-10-12,2.033333333333333,0
euroleague,jefferson cory||euroleague,2017-10-19,6.783333333333333,-3
euroleague,jefferson cory||euroleague,2017-10-24,0.0,0
euroleague,jefferson cory||euroleague,2017-10-26,5.133333333333334,0
euroleague,jefferson cory||euroleague,2017-11-02,1.85,-3
euroleague,jefferson cory||euroleague,2017-11-09,14.233333333333333,-1
euroleague,jefferson cory||euroleague,2017-11-15,14.983333333333333,9
euroleague,jefferson cory||euroleague,2017-11-17,0.0,0
euroleague,jefferson cory||euroleague,2017-11-23,21.05,8
euroleague,jefferson cory||euroleague,2017-11-30,18.633333333333333,8
euroleague,jefferson cory||euroleague,2017-12-07,18.783333333333335,5
euroleague,jefferson cory||euroleague,2017-12-15,19.883333333333333,1
euroleague,jefferson cory||euroleague,2017-12-20,16.75,0
euroleague,jefferson cory||euroleague,2017-12-22,3.5666666666666664,-1
euroleague,jefferson cory||euroleague,2017-12-29,5.833333333333333,-2
euroleague,jenkins charles||euroleague,2017-10-13,20.0,0
euroleague,jenkins charles||euroleague,2017-10-20,21.283333333333335,4
euroleague,jenkins charles||euroleague,2017-10-24,22.3,8
euroleague,jenkins charles||euroleague,2017-10-26,24.666666666666668,-3
euroleague,jenkins charles||euroleague,2017-11-02,18.616666666666667,5
euroleague,jenkins charles||euroleague,2017-11-10,26.6,6
euroleague,jenkins charles||euroleague,2017-11-14,22.733333333333334,6
euroleague,jenkins charles||euroleague,2017-11-16,20.95,5
euroleague,jenkins charles||euroleague,2017-11-24,20.816666666666666,-5
euroleague,jenkins charles||euroleague,2017-11-30,17.883333333333333,-7
euroleague,jenkins charles||euroleague,2017-12-07,23.633333333333333,11
euroleague,jenkins charles||euroleague,2017-12-14,29.266666666666666,7
euroleague,jenkins charles||euroleague,2017-12-20,12.666666666666666,0
euroleague,jenkins charles||euroleague,2017-12-22,18.366666666666667,-1
euroleague,jenkins charles||euroleague,2017-12-29,21.25,6
euroleague,jenkins charles||euroleague,2018-01-05,7.616666666666667,-3
euroleague,jenkins charles||euroleague,2018-01-12,22.7,5
euroleague,jenkins charles||euroleague,2018-01-16,19.383333333333333,3
euroleague,jenkins charles||euroleague,2018-01-18,19.95,16
euroleague,jerrells curtis||euroleague,2017-11-15,31.833333333333332,27
euroleague,jerrells curtis||euroleague,2017-11-17,26.183333333333334,16
euroleague,jerrells curtis||euroleague,2017-11-23,26.45,4
euroleague,jerrells curtis||euroleague,2017-11-30,32.266666666666666,-1
euroleague,jerrells curtis||euroleague,2017-12-07,26.966666666666665,12
euroleague,jerrells curtis||euroleague,2017-12-15,11.066666666666666,3
euroleague,jerrells curtis||euroleague,2017-12-20,14.483333333333333,25
euroleague,jerrells curtis||euroleague,2017-12-22,10.216666666666667,-4
euroleague,jerrells curtis||euroleague,2017-12-29,6.516666666666667,-1
euroleague,jerrells curtis||euroleague,2018-01-05,27.816666666666666,14
euroleague,jerrells curtis||euroleague,2018-01-11,14.766666666666667,1
euroleague,jerrells curtis||euroleague,2018-01-17,11.15,7
euroleague,jerrells curtis||euroleague,2018-01-19,14.233333333333333,0
euroleague,jones kevin||euroleague,2017-11-30,11.166666666666666,8
euroleague,jones kevin||euroleague,2017-12-07,20.683333333333334,9
euroleague,jones kevin||euroleague,2017-12-15,10.833333333333334,7
euroleague,jones kevin||euroleague,2017-12-20,11.366666666666667,1
euroleague,jones kevin||euroleague,2017-12-22,10.533333333333333,4
euroleague,jones kevin||euroleague,2017-12-29,11.716666666666667,-1
euroleague,jones kevin||euroleague,2018-01-05,12.266666666666667,6
euroleague,jones kevin||euroleague,2018-01-12,24.283333333333335,5
euroleague,jones kevin||euroleague,2018-01-17,14.583333333333334,5
euroleague,jones kevin||euroleague,2018-01-19,15.666666666666666,4
euroleague,jovanovic nikola||euroleague,2017-10-13,0.7666666666666667,0
euroleague,jovanovic nikola||euroleague,2017-10-20,0.0,0
euroleague,jovanovic nikola||euroleague,2017-10-24,7.716666666666667,5
euroleague,jovanovic nikola||euroleague,2017-10-26,11.5,1
euroleague,jovanovic nikola||euroleague,2017-11-02,9.716666666666667,0
euroleague,jovanovic nikola||euroleague,2017-11-10,12.266666666666667,9
euroleague,jovanovic nikola||euroleague,2017-11-15,9.416666666666666,4
euroleague,jovanovic nikola||euroleague,2017-11-17,18.983333333333334,9
euroleague,jovanovic nikola||euroleague,2017-11-23,12.75,8
euroleague,jovanovic nikola||euroleague,2017-12-01,0.9333333333333333,0
euroleague,jovanovic nikola||euroleague,2017-12-08,2.0,1
euroleague,jovanovic nikola||euroleague,2017-12-15,0.95,2
euroleague,jovanovic nikola||euroleague,2017-12-19,2.6166666666666667,0
euroleague,jovanovic nikola||euroleague,2017-12-21,0.0,0
euroleague,jovanovic nikola||euroleague,2017-12-29,0.0,0
euroleague,jovanovic nikola||euroleague,2018-01-05,0.0,0
euroleague,jovanovic nikola||euroleague,2018-01-12,14.583333333333334,12
euroleague,jovanovic nikola||euroleague,2018-01-16,1.6666666666666665,0
euroleague,jovanovic nikola||euroleague,2018-01-18,16.016666666666666,8
euroleague,kalaitzakis georgios||euroleague,2017-12-19,0.36666666666666664,0
euroleague,kalinic nikola||euroleague,2017-12-14,0.0,0
euroleague,kalinic nikola||euroleague,2017-12-19,13.783333333333333,4
euroleague,kalinic nikola||euroleague,2017-12-21,2.3666666666666667,4
euroleague,kalnietis mantas||euroleague,2017-10-12,12.5,3
euroleague,kalnietis mantas||euroleague,2017-10-19,13.816666666666666,5
euroleague,kalnietis mantas||euroleague,2017-10-24,19.416666666666668,6
euroleague,kalnietis mantas||euroleague,2017-10-26,18.8,16
euroleague,kalnietis mantas||euroleague,2017-11-02,15.783333333333333,8
euroleague,kalnietis mantas||euroleague,2017-11-09,15.8,7
euroleague,kalnietis mantas||euroleague,2017-11-15,29.4,9
euroleague,kalnietis mantas||euroleague,2017-11-17,19.883333333333333,15
euroleague,kalnietis mantas||euroleague,2017-11-23,21.483333333333334,1
euroleague,kalnietis mantas||euroleague,2017-11-30,21.016666666666666,6
euroleague,kalnietis mantas||euroleague,2017-12-07,22.65,3
euroleague,kalnietis mantas||euroleague,2017-12-15,31.716666666666665,3
euroleague,kalnietis mantas||euroleague,2017-12-20,7.633333333333333,2
euroleague,kalnietis mantas||euroleague,2017-12-22,8.033333333333333,-3
euroleague,kalnietis mantas||euroleague,2017-12-29,17.45,7
euroleague,kalnietis mantas||euroleague,2018-01-05,13.1,3
euroleague,kalnietis mantas||euroleague,2018-01-11,19.1,6
euroleague,kalnietis mantas||euroleague,2018-01-17,7.866666666666667,0
euroleague,kalnietis mantas||euroleague,2018-01-19,6.966666666666667,4
euroleague,kane deandre||euroleague,2017-10-12,12.983333333333333,1
euroleague,kane deandre||euroleague,2017-10-19,12.0,5
euroleague,kane deandre||euroleague,2017-10-24,15.95,6
euroleague,kane deandre||euroleague,2017-10-26,12.95,5
euroleague,kane deandre||euroleague,2017-11-02,22.866666666666667,15
euroleague,kane deandre||euroleague,2017-11-09,23.05,6
euroleague,kane deandre||euroleague,2017-11-14,15.9,-3
euroleague,kane deandre||euroleague,2017-11-16,20.016666666666666,8
euroleague,kane deandre||euroleague,2017-11-23,23.833333333333332,22
euroleague,kane deandre||euroleague,2017-11-30,18.783333333333335,3
euroleague,kane deandre||euroleague,2017-12-07,15.75,-1
euroleague,kane deandre||euroleague,2017-12-15,27.4,14
euroleague,kane deandre||euroleague,2017-12-19,29.15,16
euroleague,kane deandre||euroleague,2017-12-21,24.033333333333335,4
euroleague,kane deandre||euroleague,2017-12-28,16.933333333333334,3
euroleague,kane deandre||euroleague,2018-01-05,28.133333333333333,7
euroleague,kane deandre||euroleague,2018-01-11,26.233333333333334,6
euroleague,kane deandre||euroleague,2018-01-16,19.783333333333335,11
euroleague,kane deandre||euroleague,2018-01-18,29.483333333333334,20
euroleague,kavaliauskas antanas||euroleague,2017-10-13,14.866666666666667,7
euroleague,kavaliauskas antanas||euroleague,2017-10-20,10.066666666666666,6
euroleague,kavaliauskas antanas||euroleague,2017-10-24,5.7,2
euroleague,kavaliauskas antanas||euroleague,2017-10-26,23.35,20
euroleague,kavaliauskas antanas||euroleague,2017-11-03,8.516666666666667,1
euroleague,kavaliauskas antanas||euroleague,2017-11-09,14.066666666666666,-2
euroleague,kavaliauskas antanas||euroleague,2017-11-14,14.116666666666667,3
euroleague,kavaliauskas antanas||euroleague,2017-11-16,12.866666666666667,8
euroleague,kavaliauskas antanas||euroleague,2017-11-23,12.966666666666667,-1
euroleague,kavaliauskas antanas||euroleague,2017-11-30,10.016666666666667,-1
euroleague,kavaliauskas antanas||euroleague,2017-12-07,16.05,11
euroleague,kavaliauskas antanas||euroleague,2017-12-14,9.65,-3
euroleague,kavaliauskas antanas||euroleague,2017-12-19,11.766666666666667,19
euroleague,kavaliauskas antanas||euroleague,2017-12-21,11.316666666666666,1
euroleague,kavaliauskas antanas||euroleague,2017-12-28,14.633333333333333,4
euroleague,kavaliauskas antanas||euroleague,2018-01-05,10.016666666666667,-2
euroleague,kavaliauskas antanas||euroleague,2018-01-12,6.333333333333333,6
euroleague,kavaliauskas antanas||euroleague,2018-01-16,13.383333333333333,0
euroleague,kavaliauskas antanas||euroleague,2018-01-18,12.466666666666667,1
euroleague,keselj marko||euroleague,2017-10-20,6.833333333333333,-1
euroleague,keselj marko||euroleague,2017-11-15,11.55,-1
euroleague,keselj marko||euroleague,2017-11-17,7.183333333333334,-3
euroleague,khryapa victor||euroleague,2017-10-12,0.0,0
euroleague,khryapa victor||euroleague,2017-10-19,0.0,0
euroleague,khryapa victor||euroleague,2017-10-25,12.033333333333333,6
euroleague,khryapa victor||euroleague,2017-10-27,12.15,7
euroleague,khryapa victor||euroleague,2017-11-03,3.9333333333333336,-1
euroleague,khryapa victor||euroleague,2017-11-09,10.35,3
euroleague,khryapa victor||euroleague,2017-11-15,11.633333333333333,2
euroleague,khryapa victor||euroleague,2017-11-17,9.016666666666667,-1
euroleague,khryapa victor||euroleague,2017-11-24,4.383333333333334,-3
euroleague,khryapa victor||euroleague,2017-12-01,3.716666666666667,1
euroleague,khryapa victor||euroleague,2017-12-07,0.0,0
euroleague,khryapa victor||euroleague,2017-12-15,0.0,0
euroleague,khryapa victor||euroleague,2017-12-20,0.0,0
euroleague,khryapa victor||euroleague,2017-12-22,0.0,0
euroleague,khryapa victor||euroleague,2018-01-04,0.0,0
euroleague,khryapa victor||euroleague,2018-01-11,9.35,2
euroleague,khryapa victor||euroleague,2018-01-17,4.966666666666667,4
euroleague,khryapa victor||euroleague,2018-01-19,0.0,0
euroleague,koponen petteri||euroleague,2017-10-13,24.05,1
euroleague,koponen petteri||euroleague,2017-10-20,22.5,7
euroleague,koponen petteri||euroleague,2017-10-24,27.683333333333334,20
euroleague,koponen petteri||euroleague,2017-10-26,14.866666666666667,0
euroleague,koponen petteri||euroleague,2017-11-03,19.5,9
euroleague,koponen petteri||euroleague,2017-11-09,24.183333333333334,6
euroleague,koponen petteri||euroleague,2017-11-15,7.766666666666667,0
euroleague,koponen petteri||euroleague,2017-11-17,21.266666666666666,4
euroleague,koponen petteri||euroleague,2017-11-23,16.816666666666666,19
euroleague,koponen petteri||euroleague,2017-12-01,16.133333333333333,8
euroleague,koponen petteri||euroleague,2017-12-08,8.25,1
euroleague,koponen petteri||euroleague,2017-12-14,10.95,-5
euroleague,koponen petteri||euroleague,2017-12-20,12.45,-1
euroleague,koponen petteri||euroleague,2017-12-22,16.95,-1
euroleague,koponen petteri||euroleague,2017-12-29,10.65,1
euroleague,koponen petteri||euroleague,2018-01-04,24.533333333333335,10
euroleague,koponen petteri||euroleague,2018-01-11,19.566666666666666,2
euroleague,koponen petteri||euroleague,2018-01-16,10.883333333333333,-1
euroleague,koponen petteri||euroleague,2018-01-18,17.616666666666667,2
euroleague,korobkov pavel||euroleague,2017-12-07,12.983333333333333,-1
euroleague,korobkov pavel||euroleague,2017-12-15,6.033333333333333,1
euroleague,korobkov pavel||euroleague,2017-12-20,7.733333333333333,2
euroleague,korobkov pavel||euroleague,2017-12-22,0.0,0
euroleague,korobkov pavel||euroleague,2017-12-29,0.0,0
euroleague,korobkov pavel||euroleague,2018-01-04,0.0,0
euroleague,korobkov pavel||euroleague,2018-01-11,6.583333333333333,1
euroleague,kulagin mikhail||euroleague,2017-11-09,11.266666666666667,5
euroleague,kulagin mikhail||euroleague,2017-11-15,11.366666666666667,7
euroleague,kulagin mikhail||euroleague,2017-11-17,0.0,0
euroleague,kulagin mikhail||euroleague,2017-12-01,0.45,0
euroleague,kulagin mikhail||euroleague,2017-12-07,1.8833333333333333,-1
euroleague,kulagin mikhail||euroleague,2017-12-15,2.1333333333333333,-1
euroleague,kulagin mikhail||euroleague,2017-12-20,0.0,0
euroleague,kulagin mikhail||euroleague,2017-12-29,0.0,0
euroleague,kulagin mikhail||euroleague,2018-01-17,7.783333333333333,6
euroleague,kulagin mikhail||euroleague,2018-01-19,0.0,0
euroleague,kurbanov nikita||euroleague,2017-10-12,17.4,8
euroleague,kurbanov nikita||euroleague,2017-10-19,20.583333333333332,4
euroleague,kurbanov nikita||euroleague,2017-10-25,26.033333333333335,8
euroleague,kurbanov nikita||euroleague,2017-10-27,18.25,11
euroleague,kurbanov nikita||euroleague,2017-11-03,18.883333333333333,0
euroleague,kurbanov nikita||euroleague,2017-11-09,17.966666666666665,9
euroleague,kurbanov nikita||euroleague,2017-11-15,14.033333333333333,6
euroleague,kurbanov nikita||euroleague,2017-11-17,33.5,-1
euroleague,kurbanov nikita||euroleague,2017-11-24,17.583333333333332,11
euroleague,kurbanov nikita||euroleague,2017-12-01,10.933333333333334,7
euroleague,kurbanov nikita||euroleague,2017-12-07,13.283333333333333,4
euroleague,kurbanov nikita||euroleague,2017-12-15,21.883333333333333,11
euroleague,kurbanov nikita||euroleague,2017-12-20,24.3,5
euroleague,kurbanov nikita||euroleague,2017-12-22,27.766666666666666,28
euroleague,kurbanov nikita||euroleague,2017-12-29,14.6,-4
euroleague,kurbanov nikita||euroleague,2018-01-04,17.7,-4
euroleague,kurbanov nikita||euroleague,2018-01-11,23.7,15
euroleague,kurbanov nikita||euroleague,2018-01-17,14.183333333333334,8
euroleague,kurbanov nikita||euroleague,2018-01-19,17.3,7
euroleague,kurucs rodions||euroleague,2017-10-20,0.0,0
euroleague,kurucs rodions||euroleague,2017-10-24,0.0,0
euroleague,kurucs rodions||euroleague,2017-10-26,0.0,0
euroleague,kurucs rodions||euroleague,2018-01-11,0.0,0
euroleague,kuzmic ognjen||euroleague,2017-10-12,6.666666666666667,0
euroleague,kuzmic ognjen||euroleague,2017-10-19,2.8666666666666667,1
euroleague,kuzminskas mindaugas||euroleague,2018-01-05,23.816666666666666,10
euroleague,kuzminskas mindaugas||euroleague,2018-01-11,18.3,-1
euroleague,kuzminskas mindaugas||euroleague,2018-01-17,23.816666666666666,23
euroleague,kuzminskas mindaugas||euroleague,2018-01-19,22.8,11
euroleague,lazarevic stefan||euroleague,2017-10-13,4.616666666666667,-2
euroleague,lazarevic stefan||euroleague,2017-10-20,0.65,0
euroleague,lazarevic stefan||euroleague,2017-10-24,1.6666666666666665,0
euroleague,lazarevic stefan||euroleague,2017-10-26,5.566666666666666,4
euroleague,lazic branko||euroleague,2017-10-13,25.716666666666665,4
euroleague,lazic branko||euroleague,2017-10-20,25.016666666666666,6
euroleague,lazic branko||euroleague,2017-10-24,24.95,-5
euroleague,lazic branko||euroleague,2017-10-26,23.883333333333333,7
euroleague,lazic branko||euroleague,2017-11-02,27.433333333333334,6
euroleague,lazic branko||euroleague,2017-11-10,19.15,2
euroleague,lazic branko||euroleague,2017-11-15,25.583333333333332,-3
euroleague,lazic branko||euroleague,2017-11-17,18.266666666666666,-4
euroleague,lazic branko||euroleague,2017-11-23,20.266666666666666,3
euroleague,lazic branko||euroleague,2017-12-01,23.65,5
euroleague,lazic branko||euroleague,2017-12-08,17.766666666666666,2
euroleague,lazic branko||euroleague,2017-12-15,16.433333333333334,3
euroleague,lazic branko||euroleague,2017-12-19,15.183333333333334,-2
euroleague,lazic branko||euroleague,2017-12-21,18.666666666666668,10
euroleague,lazic branko||euroleague,2017-12-29,20.5,4
euroleague,lazic branko||euroleague,2018-01-05,18.316666666666666,0
euroleague,lazic branko||euroleague,2018-01-12,12.583333333333334,0
euroleague,lazic branko||euroleague,2018-01-16,23.4,-6
euroleague,lazic branko||euroleague,2018-01-18,21.583333333333332,-2
euroleague,ledo ricky||euroleague,2017-10-12,36.016666666666666,13
euroleague,ledo ricky||euroleague,2017-10-27,30.283333333333335,1
euroleague,ledo ricky||euroleague,2017-11-03,19.716666666666665,-5
euroleague,ledo ricky||euroleague,2017-11-09,33.11666666666667,20
euroleague,ledo ricky||euroleague,2017-11-14,29.35,7
euroleague,ledo ricky||euroleague,2017-11-16,20.116666666666667,-4
euroleague,ledo ricky||euroleague,2017-11-23,26.45,19
euroleague,ledo ricky||euroleague,2017-11-30,25.85,7
euroleague,ledo ricky||euroleague,2017-12-08,12.066666666666666,9
euroleague,ledo ricky||euroleague,2017-12-15,16.416666666666668,11
euroleague,ledo ricky||euroleague,2017-12-20,9.85,-2
euroleague,ledo ricky||euroleague,2017-12-22,12.683333333333334,-2
euroleague,ledo ricky||euroleague,2018-01-04,0.8833333333333333,0
euroleague,lekavicius lukas||euroleague,2017-10-13,12.4,4
euroleague,lekavicius lukas||euroleague,2017-10-19,15.133333333333333,10
euroleague,lekavicius lukas||euroleague,2017-10-25,24.366666666666667,15
euroleague,lekavicius lukas||euroleague,2017-10-27,11.633333333333333,6
euroleague,lekavicius lukas||euroleague,2017-11-02,9.233333333333333,1
euroleague,lekavicius lukas||euroleague,2017-11-10,19.7,10
euroleague,lekavicius lukas||euroleague,2017-11-14,11.866666666666667,-4
euroleague,lekavicius lukas||euroleague,2017-11-16,4.1,0
euroleague,lekavicius lukas||euroleague,2017-11-24,6.1,-1
euroleague,lekavicius lukas||euroleague,2017-12-01,7.5,6
euroleague,lekavicius lukas||euroleague,2017-12-07,15.55,7
euroleague,lekavicius lukas||euroleague,2017-12-15,17.516666666666666,6
euroleague,lekavicius lukas||euroleague,2017-12-19,24.7,15
euroleague,lekavicius lukas||euroleague,2017-12-21,25.066666666666666,7
euroleague,lekavicius lukas||euroleague,2017-12-28,20.3,2
euroleague,lekavicius lukas||euroleague,2018-01-04,13.833333333333334,12
euroleague,lekavicius lukas||euroleague,2018-01-11,3.6,-1
euroleague,lekavicius lukas||euroleague,2018-01-17,10.2,3
euroleague,lekavicius lukas||euroleague,2018-01-19,2.3,-3
euroleague,lessort mathias||euroleague,2017-10-13,19.566666666666666,6
euroleague,lessort mathias||euroleague,2017-10-20,22.3,16
euroleague,lessort mathias||euroleague,2017-10-24,20.55,18
euroleague,lessort mathias||euroleague,2017-10-26,18.933333333333334,9
euroleague,lessort mathias||euroleague,2017-11-02,28.483333333333334,17
euroleague,lessort mathias||euroleague,2017-11-10,26.15,20
euroleague,lessort mathias||euroleague,2017-11-15,18.733333333333334,9
euroleague,lessort mathias||euroleague,2017-11-17,16.583333333333332,0
euroleague,lessort mathias||euroleague,2017-11-23,30.283333333333335,18
euroleague,lessort mathias||euroleague,2017-12-01,20.9,2
euroleague,lessort mathias||euroleague,2017-12-08,24.933333333333334,16
euroleague,lessort mathias||euroleague,2017-12-15,13.8,7
euroleague,lessort mathias||euroleague,2017-12-19,22.166666666666668,10
euroleague,lessort mathias||euroleague,2017-12-21,21.083333333333332,13
euroleague,lessort mathias||euroleague,2017-12-29,16.833333333333332,15
euroleague,lessort mathias||euroleague,2018-01-05,20.133333333333333,13
euroleague,lessort mathias||euroleague,2018-01-12,24.983333333333334,12
euroleague,lessort mathias||euroleague,2018-01-16,25.716666666666665,8
euroleague,lessort mathias||euroleague,2018-01-18,23.983333333333334,6
euroleague,lo maodo||euroleague,2017-10-12,18.666666666666668,-3
euroleague,lo maodo||euroleague,2017-10-19,2.1666666666666665,6
euroleague,lo maodo||euroleague,2017-10-25,17.3,2
euroleague,lo maodo||euroleague,2017-10-27,22.066666666666666,11
euroleague,lo maodo||euroleague,2017-11-02,13.366666666666667,3
euroleague,lo maodo||euroleague,2017-11-10,19.766666666666666,1
euroleague,lo maodo||euroleague,2017-11-15,15.833333333333334,3
euroleague,lo maodo||euroleague,2017-11-17,23.466666666666665,2
euroleague,lo maodo||euroleague,2017-11-23,11.033333333333333,9
euroleague,lo maodo||euroleague,2017-11-30,7.616666666666667,-4
euroleague,lo maodo||euroleague,2017-12-07,20.216666666666665,6
euroleague,lo maodo||euroleague,2017-12-14,15.716666666666667,-3
euroleague,lo maodo||euroleague,2017-12-19,21.066666666666666,12
euroleague,lo maodo||euroleague,2017-12-21,21.4,14
euroleague,lo maodo||euroleague,2017-12-29,15.65,6
euroleague,lo maodo||euroleague,2018-01-05,14.516666666666667,6
euroleague,lo maodo||euroleague,2018-01-11,11.083333333333334,4
euroleague,lo maodo||euroleague,2018-01-16,20.0,5
euroleague,lo maodo||euroleague,2018-01-18,25.016666666666666,9
euroleague,lojeski matt||euroleague,2017-10-13,23.183333333333334,7
euroleague,lojeski matt||euroleague,2017-10-19,21.116666666666667,-6
euroleague,lojeski matt||euroleague,2017-10-25,17.183333333333334,8
euroleague,lojeski matt||euroleague,2017-10-27,16.1,-1
euroleague,lojeski matt||euroleague,2017-11-02,13.8,0
euroleague,lojeski matt||euroleague,2017-11-10,23.483333333333334,6
euroleague,lojeski matt||euroleague,2017-11-14,22.883333333333333,11
euroleague,lojeski matt||euroleague,2017-11-16,17.45,4
euroleague,lojeski matt||euroleague,2017-11-24,18.0,6
euroleague,lojeski matt||euroleague,2017-12-01,17.283333333333335,5
euroleague,lojeski matt||euroleague,2017-12-07,14.016666666666667,8
euroleague,lojeski matt||euroleague,2017-12-15,24.05,9
euroleague,lojeski matt||euroleague,2017-12-19,24.7,3
euroleague,lojeski matt||euroleague,2017-12-21,14.55,11
euroleague,lojeski matt||euroleague,2017-12-28,26.166666666666668,19
euroleague,lojeski matt||euroleague,2018-01-04,20.433333333333334,9
euroleague,lojeski matt||euroleague,2018-01-11,24.1,4
euroleague,maciulis jonas||euroleague,2017-10-12,5.766666666666667,-3
euroleague,maciulis jonas||euroleague,2017-10-19,14.45,4
euroleague,maciulis jonas||euroleague,2017-10-24,18.216666666666665,0
euroleague,maciulis jonas||euroleague,2017-10-26,21.9,4
euroleague,maciulis jonas||euroleague,2017-11-02,18.35,8
euroleague,maciulis jonas||euroleague,2017-11-09,9.933333333333334,-2
euroleague,maciulis jonas||euroleague,2017-11-14,6.05,6
euroleague,maciulis jonas||euroleague,2017-11-16,22.216666666666665,7
euroleague,maciulis jonas||euroleague,2017-11-24,3.1333333333333333,0
euroleague,maciulis jonas||euroleague,2017-12-01,17.3,4
euroleague,maciulis jonas||euroleague,2017-12-08,12.383333333333333,-6
euroleague,maciulis jonas||euroleague,2017-12-14,6.883333333333333,-1
euroleague,maciulis jonas||euroleague,2017-12-19,9.133333333333333,2
euroleague,maciulis jonas||euroleague,2017-12-21,7.55,1
euroleague,maciulis jonas||euroleague,2017-12-28,19.866666666666667,11
euroleague,maciulis jonas||euroleague,2018-01-05,19.25,11
euroleague,maciulis jonas||euroleague,2018-01-12,12.916666666666666,-2
euroleague,maciulis jonas||euroleague,2018-01-17,10.233333333333333,-1
euroleague,maciulis jonas||euroleague,2018-01-19,17.8,4
euroleague,mahmutoglu melih||euroleague,2017-10-12,2.1166666666666667,0
euroleague,mahmutoglu melih||euroleague,2017-10-19,0.0,0
euroleague,mahmutoglu melih||euroleague,2017-10-25,5.6,1
euroleague,mahmutoglu melih||euroleague,2017-10-27,5.416666666666667,-1
euroleague,mahmutoglu melih||euroleague,2017-11-02,3.783333333333333,-2
euroleague,mahmutoglu melih||euroleague,2017-11-10,6.05,-6
euroleague,mahmutoglu melih||euroleague,2017-11-15,0.0,0
euroleague,mahmutoglu melih||euroleague,2017-11-17,1.15,0
euroleague,mahmutoglu melih||euroleague,2017-11-30,8.5,-1
euroleague,mahmutoglu melih||euroleague,2017-12-08,0.0,0
euroleague,mahmutoglu melih||euroleague,2017-12-14,0.0,0
euroleague,mahmutoglu melih||euroleague,2017-12-19,3.3166666666666664,-3
euroleague,mahmutoglu melih||euroleague,2017-12-21,1.3,-1
euroleague,mahmutoglu melih||euroleague,2017-12-28,4.466666666666667,-2
euroleague,mahmutoglu melih||euroleague,2018-01-05,3.5166666666666666,0
euroleague,mahmutoglu melih||euroleague,2018-01-11,6.933333333333334,5
euroleague,mahmutoglu melih||euroleague,2018-01-17,15.55,4
euroleague,mahmutoglu melih||euroleague,2018-01-19,28.466666666666665,13
euroleague,makiev alan||euroleague,2017-11-03,0.0,0
euroleague,makiev alan||euroleague,2017-11-24,0.0,0
euroleague,makiev alan||euroleague,2017-12-01,0.0,0
euroleague,makiev alan||euroleague,2017-12-07,0.0,0
euroleague,makiev alan||euroleague,2017-12-15,0.0,0
euroleague,makiev alan||euroleague,2017-12-20,0.0,0
euroleague,malmanis rinalds||euroleague,2017-11-02,10.416666666666666,0
euroleague,malmanis rinalds||euroleague,2017-11-10,15.016666666666667,8
euroleague,malmanis rinalds||euroleague,2017-11-14,21.966666666666665,9
euroleague,malmanis rinalds||euroleague,2017-11-16,12.616666666666667,0
euroleague,malmanis rinalds||euroleague,2017-11-23,12.2,0
euroleague,malmanis rinalds||euroleague,2017-11-30,11.7,4
euroleague,malmanis rinalds||euroleague,2017-12-07,0.0,0
euroleague,mantzaris vangelis||euroleague,2017-10-12,30.05,-1
euroleague,mantzaris vangelis||euroleague,2017-10-20,21.65,12
euroleague,mantzaris vangelis||euroleague,2017-10-24,19.15,1
euroleague,mantzaris vangelis||euroleague,2017-10-26,20.95,7
euroleague,mantzaris vangelis||euroleague,2017-11-03,10.333333333333334,-2
euroleague,mantzaris vangelis||euroleague,2017-11-10,21.75,13
euroleague,mantzaris vangelis||euroleague,2017-11-15,14.7,-1
euroleague,mantzaris vangelis||euroleague,2017-11-17,19.9,4
euroleague,mantzaris vangelis||euroleague,2017-11-23,19.566666666666666,7
euroleague,mantzaris vangelis||euroleague,2017-12-08,18.466666666666665,-4
euroleague,mantzaris vangelis||euroleague,2017-12-14,16.983333333333334,4
euroleague,mantzaris vangelis||euroleague,2017-12-20,12.316666666666666,-2
euroleague,mantzaris vangelis||euroleague,2017-12-22,12.3,2
euroleague,mantzaris vangelis||euroleague,2018-01-05,27.433333333333334,16
euroleague,mantzaris vangelis||euroleague,2018-01-12,23.666666666666668,-3
euroleague,mantzaris vangelis||euroleague,2018-01-16,19.45,5
euroleague,mantzaris vangelis||euroleague,2018-01-18,19.533333333333335,4
euroleague,markovic stefan||euroleague,2017-10-13,19.866666666666667,8
euroleague,markovic stefan||euroleague,2017-10-20,24.85,19
euroleague,markovic stefan||euroleague,2017-10-24,28.483333333333334,16
euroleague,markovic stefan||euroleague,2017-10-26,29.133333333333333,-4
euroleague,markovic stefan||euroleague,2017-11-02,28.85,16
euroleague,markovic stefan||euroleague,2017-11-10,26.45,19
euroleague,markovic stefan||euroleague,2017-11-14,25.266666666666666,9
euroleague,markovic stefan||euroleague,2017-11-16,19.05,2
euroleague,markovic stefan||euroleague,2017-11-24,28.616666666666667,11
euroleague,markovic stefan||euroleague,2017-11-30,13.416666666666666,5
euroleague,markovic stefan||euroleague,2017-12-14,18.4,4
euroleague,markovic stefan||euroleague,2017-12-20,24.2,9
euroleague,markovic stefan||euroleague,2017-12-22,16.066666666666666,0
euroleague,markovic stefan||euroleague,2017-12-29,20.9,0
euroleague,markovic stefan||euroleague,2018-01-05,32.36666666666667,13
euroleague,markovic stefan||euroleague,2018-01-12,13.3,0
euroleague,markovic stefan||euroleague,2018-01-16,23.583333333333332,11
euroleague,markovic stefan||euroleague,2018-01-18,22.533333333333335,9
euroleague,martinez ivan||euroleague,2017-10-19,0.0,0
euroleague,martinez ivan||euroleague,2017-11-16,0.0,0
euroleague,martinez ivan||euroleague,2017-11-23,0.0,0
euroleague,martinez ivan||euroleague,2017-12-15,0.0,0
euroleague,martinez ivan||euroleague,2017-12-20,0.0,0
euroleague,martinez ivan||euroleague,2017-12-22,0.0,0
euroleague,martinez ivan||euroleague,2017-12-29,0.0,0
euroleague,martinez rafa||euroleague,2017-10-13,10.233333333333333,1
euroleague,martinez rafa||euroleague,2017-10-20,11.433333333333334,0
euroleague,martinez rafa||euroleague,2017-10-25,14.816666666666666,16
euroleague,martinez rafa||euroleague,2017-10-27,18.066666666666666,11
euroleague,martinez rafa||euroleague,2017-11-02,9.9,2
euroleague,martinez rafa||euroleague,2017-11-09,9.483333333333333,-3
euroleague,martinez rafa||euroleague,2017-11-15,9.316666666666666,6
euroleague,martinez rafa||euroleague,2017-11-17,3.2,0
euroleague,martinez rafa||euroleague,2017-11-30,7.683333333333334,-4
euroleague,martinez rafa||euroleague,2017-12-07,15.583333333333334,8
euroleague,martinez rafa||euroleague,2017-12-15,3.55,-2
euroleague,martinez rafa||euroleague,2017-12-19,21.783333333333335,10
euroleague,martinez rafa||euroleague,2017-12-21,20.216666666666665,4
euroleague,martinez rafa||euroleague,2017-12-28,15.5,7
euroleague,martinez rafa||euroleague,2018-01-04,23.65,20
euroleague,martinez rafa||euroleague,2018-01-11,20.7,-1
euroleague,martinez rafa||euroleague,2018-01-16,28.516666666666666,17
euroleague,martinez rafa||euroleague,2018-01-18,15.633333333333333,3
euroleague,mashour karam||euroleague,2017-10-12,0.0,0
euroleague,mashour karam||euroleague,2017-11-23,0.0,0
euroleague,mashour karam||euroleague,2017-12-07,0.0,0
euroleague,mashour karam||euroleague,2017-12-15,0.0,0
euroleague,mashour karam||euroleague,2017-12-19,0.0,0
euroleague,mashour karam||euroleague,2017-12-21,1.95,4
euroleague,mashour karam||euroleague,2017-12-28,12.566666666666666,1
euroleague,mashour karam||euroleague,2018-01-05,0.0,0
euroleague,mashour karam||euroleague,2018-01-11,8.466666666666667,0
euroleague,mashour karam||euroleague,2018-01-16,12.766666666666667,-1
euroleague,mashour karam||euroleague,2018-01-18,0.0,0
euroleague,masiulis gytis||euroleague,2017-10-13,0.1,0
euroleague,masiulis gytis||euroleague,2017-10-20,0.0,0
euroleague,masiulis gytis||euroleague,2017-10-24,0.0,0
euroleague,masiulis gytis||euroleague,2017-10-26,4.183333333333334,2
euroleague,masiulis gytis||euroleague,2017-11-03,2.9166666666666665,2
euroleague,masiulis gytis||euroleague,2017-11-09,6.016666666666667,5
euroleague,masiulis gytis||euroleague,2017-12-07,0.0,0
euroleague,masiulis gytis||euroleague,2017-12-14,0.0,0
euroleague,masiulis gytis||euroleague,2017-12-19,0.0,0
euroleague,masiulis gytis||euroleague,2017-12-21,0.0,0
euroleague,masiulis gytis||euroleague,2017-12-28,0.0,0
euroleague,masiulis gytis||euroleague,2018-01-05,0.0,0
euroleague,masiulis gytis||euroleague,2018-01-16,0.0,0
euroleague,masiulis gytis||euroleague,2018-01-18,1.1833333333333333,-1
euroleague,mbaye amath||euroleague,2017-10-12,21.7,4
euroleague,mbaye amath||euroleague,2017-10-19,31.1,16
euroleague,mbaye amath||euroleague,2017-10-24,26.8,6
euroleague,mbaye amath||euroleague,2017-10-26,24.866666666666667,6
euroleague,mbaye amath||euroleague,2017-11-02,24.016666666666666,9
euroleague,mbaye amath||euroleague,2017-11-09,13.016666666666667,-1
euroleague,mbaye amath||euroleague,2017-11-15,19.5,1
euroleague,mbaye amath||euroleague,2017-11-17,20.166666666666668,8
euroleague,mbaye amath||euroleague,2017-11-23,7.25,1
euroleague,mbaye amath||euroleague,2017-11-30,19.133333333333333,-2
euroleague,mbaye amath||euroleague,2017-12-07,4.483333333333333,-2
euroleague,mbaye amath||euroleague,2017-12-15,6.066666666666666,-2
euroleague,mbaye amath||euroleague,2017-12-20,13.483333333333333,1
euroleague,mbaye amath||euroleague,2017-12-22,26.75,10
euroleague,mbaye amath||euroleague,2017-12-29,23.3,13
euroleague,mbaye amath||euroleague,2018-01-05,10.166666666666666,-1
euroleague,mbaye amath||euroleague,2018-01-11,21.7,12
euroleague,mbaye amath||euroleague,2018-01-17,16.183333333333334,8
euroleague,mbaye amath||euroleague,2018-01-19,16.6,-1
euroleague,mccallum ray||euroleague,2017-10-12,26.9,1
euroleague,mccallum ray||euroleague,2017-10-20,22.416666666666668,6
euroleague,mccallum ray||euroleague,2017-10-25,15.433333333333334,3
euroleague,mccallum ray||euroleague,2017-10-27,22.0,5
euroleague,mccallum ray||euroleague,2017-11-03,25.816666666666666,14
euroleague,mccallum ray||euroleague,2017-11-10,20.766666666666666,10
euroleague,mccallum ray||euroleague,2017-11-14,28.833333333333332,11
euroleague,mccallum ray||euroleague,2017-11-16,16.933333333333334,0
euroleague,mccallum ray||euroleague,2017-11-24,24.45,11
euroleague,mccallum ray||euroleague,2017-12-01,20.25,9
euroleague,mccallum ray||euroleague,2017-12-07,25.633333333333333,13
euroleague,mccallum ray||euroleague,2017-12-14,20.183333333333334,9
euroleague,mccallum ray||euroleague,2017-12-20,24.383333333333333,8
euroleague,mccallum ray||euroleague,2017-12-22,21.6,12
euroleague,mccallum ray||euroleague,2017-12-28,29.1,13
euroleague,mccallum ray||euroleague,2018-01-04,23.933333333333334,15
euroleague,mccallum ray||euroleague,2018-01-12,18.516666666666666,3
euroleague,mccallum ray||euroleague,2018-01-17,20.616666666666667,0
euroleague,mccallum ray||euroleague,2018-01-19,27.216666666666665,13
euroleague,mccollum errick||euroleague,2017-10-12,33.71666666666667,30
euroleague,mccollum errick||euroleague,2017-10-20,32.766666666666666,17
euroleague,mccollum errick||euroleague,2017-10-25,28.033333333333335,-5
euroleague,mccollum errick||euroleague,2017-10-27,12.433333333333334,-4
euroleague,mccollum errick||euroleague,2017-11-03,14.7,1
euroleague,mccollum errick||euroleague,2017-11-09,22.983333333333334,15
euroleague,mccollum errick||euroleague,2017-11-14,27.35,33
euroleague,mccollum errick||euroleague,2017-11-16,26.616666666666667,13
euroleague,mccollum errick||euroleague,2017-11-23,15.466666666666667,1
euroleague,mccollum errick||euroleague,2017-11-30,24.25,10
euroleague,mccollum errick||euroleague,2017-12-08,17.766666666666666,2
euroleague,mccollum errick||euroleague,2017-12-15,24.266666666666666,16
euroleague,mccollum errick||euroleague,2017-12-20,31.916666666666668,20
euroleague,mccollum errick||euroleague,2017-12-22,30.716666666666665,23
euroleague,mccollum errick||euroleague,2017-12-29,37.016666666666666,15
euroleague,mccollum errick||euroleague,2018-01-04,0.0,0
euroleague,mccollum errick||euroleague,2018-01-12,34.733333333333334,23
euroleague,mccollum errick||euroleague,2018-01-17,22.85,4
euroleague,mccollum errick||euroleague,2018-01-19,31.7,15
euroleague,mcdowell-white william||euroleague,2017-12-07,2.3,3
euroleague,mcdowell-white william||euroleague,2017-12-14,0.0,0
euroleague,mcdowell-white william||euroleague,2017-12-19,0.0,0
euroleague,mcdowell-white william||euroleague,2017-12-21,0.0,0
euroleague,mclean jamel||euroleague,2017-10-12,15.916666666666666,3
euroleague,mclean jamel||euroleague,2017-10-20,11.033333333333333,2
euroleague,mclean jamel||euroleague,2017-10-24,13.6,7
euroleague,mclean jamel||euroleague,2017-10-26,14.716666666666667,10
euroleague,mclean jamel||euroleague,2017-11-03,7.716666666666667,3
euroleague,mclean jamel||euroleague,2017-11-10,20.583333333333332,10
euroleague,mclean jamel||euroleague,2017-11-15,15.516666666666667,11
euroleague,mclean jamel||euroleague,2017-11-17,17.516666666666666,12
euroleague,mclean jamel||euroleague,2017-11-23,28.833333333333332,25
euroleague,mclean jamel||euroleague,2017-11-30,14.0,4
euroleague,mclean jamel||euroleague,2017-12-08,20.183333333333334,21
euroleague,mclean jamel||euroleague,2017-12-14,20.25,7
euroleague,mclean jamel||euroleague,2017-12-20,24.8,30
euroleague,mclean jamel||euroleague,2017-12-22,24.883333333333333,20
euroleague,mclean jamel||euroleague,2017-12-28,24.933333333333334,17
euroleague,mclean jamel||euroleague,2018-01-05,17.85,5
euroleague,mclean jamel||euroleague,2018-01-12,14.5,1
euroleague,mclean jamel||euroleague,2018-01-16,5.0,16
euroleague,mcrae jordan||euroleague,2017-10-27,17.616666666666667,7
euroleague,mcrae jordan||euroleague,2017-11-14,20.933333333333334,9
euroleague,mcrae jordan||euroleague,2017-11-16,7.333333333333333,0
euroleague,melli nicolo||euroleague,2017-10-12,15.15,-5
euroleague,melli nicolo||euroleague,2017-10-19,41.9,24
euroleague,melli nicolo||euroleague,2017-10-25,22.783333333333335,6
euroleague,melli nicolo||euroleague,2017-10-27,29.216666666666665,24
euroleague,melli nicolo||euroleague,2017-11-02,27.233333333333334,9
euroleague,melli nicolo||euroleague,2017-11-10,22.483333333333334,13
euroleague,melli nicolo||euroleague,2017-11-15,35.93333333333333,16
euroleague,melli nicolo||euroleague,2017-11-17,28.066666666666666,9
euroleague,melli nicolo||euroleague,2017-11-24,18.466666666666665,-4
euroleague,melli nicolo||euroleague,2017-11-30,18.766666666666666,10
euroleague,melli nicolo||euroleague,2017-12-08,29.45,12
euroleague,melli nicolo||euroleague,2017-12-14,27.1,15
euroleague,melli nicolo||euroleague,2017-12-19,28.75,11
euroleague,melli nicolo||euroleague,2017-12-21,30.883333333333333,13
euroleague,melli nicolo||euroleague,2017-12-28,22.25,5
euroleague,melli nicolo||euroleague,2018-01-05,23.633333333333333,8
euroleague,melli nicolo||euroleague,2018-01-11,37.766666666666666,20
euroleague,melli nicolo||euroleague,2018-01-17,22.583333333333332,9
euroleague,melli nicolo||euroleague,2018-01-19,29.266666666666666,23
euroleague,micic vasilije||euroleague,2017-10-13,18.45,5
euroleague,micic vasilije||euroleague,2017-10-20,13.066666666666666,0
euroleague,micic vasilije||euroleague,2017-10-24,28.933333333333334,24
euroleague,micic vasilije||euroleague,2017-10-26,22.066666666666666,-7
euroleague,micic vasilije||euroleague,2017-11-03,25.983333333333334,28
euroleague,micic vasilije||euroleague,2017-11-09,15.166666666666666,12
euroleague,micic vasilije||euroleague,2017-11-14,34.38333333333333,3
euroleague,micic vasilije||euroleague,2017-11-16,29.116666666666667,19
euroleague,micic vasilije||euroleague,2017-11-23,15.45,-6
euroleague,micic vasilije||euroleague,2017-11-30,17.233333333333334,2
euroleague,micic vasilije||euroleague,2017-12-07,19.35,6
euroleague,micic vasilije||euroleague,2017-12-14,19.75,8
euroleague,micic vasilije||euroleague,2017-12-19,24.433333333333334,6
euroleague,micic vasilije||euroleague,2017-12-21,31.166666666666668,13
euroleague,micic vasilije||euroleague,2017-12-28,22.65,13
euroleague,micic vasilije||euroleague,2018-01-05,23.483333333333334,0
euroleague,micic vasilije||euroleague,2018-01-12,23.866666666666667,9
euroleague,micic vasilije||euroleague,2018-01-16,22.583333333333332,12
euroleague,micic vasilije||euroleague,2018-01-18,13.55,4
euroleague,micov vladimir||euroleague,2017-10-12,38.416666666666664,22
euroleague,micov vladimir||euroleague,2017-10-19,34.11666666666667,12
euroleague,micov vladimir||euroleague,2017-10-24,33.833333333333336,15
euroleague,micov vladimir||euroleague,2017-10-26,31.233333333333334,4
euroleague,micov vladimir||euroleague,2017-11-02,29.683333333333334,4
euroleague,micov vladimir||euroleague,2017-11-09,26.15,10
euroleague,micov vladimir||euroleague,2017-11-15,31.55,4
euroleague,micov vladimir||euroleague,2017-11-17,11.85,-3
euroleague,micov vladimir||euroleague,2017-11-23,32.75,19
euroleague,micov vladimir||euroleague,2017-11-30,31.416666666666668,17
euroleague,micov vladimir||euroleague,2017-12-07,25.616666666666667,9
euroleague,micov vladimir||euroleague,2017-12-15,27.016666666666666,11
euroleague,micov vladimir||euroleague,2017-12-20,24.216666666666665,13
euroleague,micov vladimir||euroleague,2017-12-22,23.066666666666666,8
euroleague,micov vladimir||euroleague,2017-12-29,22.816666666666666,17
euroleague,micov vladimir||euroleague,2018-01-05,26.9,13
euroleague,micov vladimir||euroleague,2018-01-11,25.383333333333333,9
euroleague,micov vladimir||euroleague,2018-01-17,21.666666666666668,16
euroleague,micov vladimir||euroleague,2018-01-19,24.416666666666668,8
euroleague,milaknis arturas||euroleague,2017-10-13,21.383333333333333,1
euroleague,milaknis arturas||euroleague,2017-10-20,19.45,-6
euroleague,milaknis arturas||euroleague,2017-10-24,21.783333333333335,4
euroleague,milaknis arturas||euroleague,2017-10-26,22.316666666666666,-3
euroleague,milaknis arturas||euroleague,2017-11-03,24.2,6
euroleague,milaknis arturas||euroleague,2017-11-09,14.45,11
euroleague,milaknis arturas||euroleague,2017-11-14,29.35,10
euroleague,milaknis arturas||euroleague,2017-11-16,28.15,11
euroleague,milaknis arturas||euroleague,2017-11-23,4.933333333333334,-2
euroleague,milaknis arturas||euroleague,2017-11-30,16.95,14
euroleague,milaknis arturas||euroleague,2017-12-07,18.3,-2
euroleague,milaknis arturas||euroleague,2017-12-14,26.766666666666666,9
euroleague,milaknis arturas||euroleague,2017-12-19,29.516666666666666,20
euroleague,milaknis arturas||euroleague,2017-12-21,22.766666666666666,14
euroleague,milaknis arturas||euroleague,2017-12-28,26.233333333333334,16
euroleague,milaknis arturas||euroleague,2018-01-05,25.116666666666667,4
euroleague,milaknis arturas||euroleague,2018-01-12,27.75,1
euroleague,milaknis arturas||euroleague,2018-01-16,26.783333333333335,16
euroleague,milaknis arturas||euroleague,2018-01-18,20.95,8
euroleague,milosavljevic dragan||euroleague,2017-10-12,19.666666666666668,15
euroleague,milosavljevic dragan||euroleague,2017-10-20,25.183333333333334,13
euroleague,milosavljevic dragan||euroleague,2017-10-25,20.066666666666666,4
euroleague,milosavljevic dragan||euroleague,2017-10-27,21.566666666666666,-11
euroleague,milosavljevic dragan||euroleague,2017-11-03,27.433333333333334,-1
euroleague,milosavljevic dragan||euroleague,2017-11-10,24.416666666666668,19
euroleague,milosavljevic dragan||euroleague,2017-11-14,19.633333333333333,10
euroleague,milosavljevic dragan||euroleague,2017-11-16,21.733333333333334,13
euroleague,milosavljevic dragan||euroleague,2017-11-24,23.083333333333332,-5
euroleague,milosavljevic dragan||euroleague,2017-12-01,27.483333333333334,15
euroleague,milosavljevic dragan||euroleague,2017-12-07,16.633333333333333,4
euroleague,milosavljevic dragan||euroleague,2017-12-20,10.15,-1
euroleague,milosavljevic dragan||euroleague,2017-12-22,19.15,-1
euroleague,milosavljevic dragan||euroleague,2018-01-12,13.933333333333334,10
euroleague,milosavljevic dragan||euroleague,2018-01-17,12.616666666666667,-1
euroleague,milosavljevic dragan||euroleague,2018-01-19,14.7,4
euroleague,milutinov nikola||euroleague,2017-10-12,20.45,12
euroleague,milutinov nikola||euroleague,2017-10-20,25.2,12
euroleague,milutinov nikola||euroleague,2017-10-24,25.783333333333335,19
euroleague,milutinov nikola||euroleague,2017-10-26,21.3,17
euroleague,milutinov nikola||euroleague,2017-11-03,25.283333333333335,16
euroleague,milutinov nikola||euroleague,2017-11-10,19.066666666666666,11
euroleague,milutinov nikola||euroleague,2017-11-15,29.033333333333335,16
euroleague,milutinov nikola||euroleague,2017-11-17,22.483333333333334,22
euroleague,milutinov nikola||euroleague,2017-11-23,5.733333333333333,-5
euroleague,milutinov nikola||euroleague,2017-11-30,25.666666666666668,7
euroleague,milutinov nikola||euroleague,2017-12-08,24.516666666666666,21
euroleague,milutinov nikola||euroleague,2018-01-05,9.166666666666666,9
euroleague,milutinov nikola||euroleague,2018-01-12,21.233333333333334,10
euroleague,milutinov nikola||euroleague,2018-01-16,21.966666666666665,21
euroleague,milutinov nikola||euroleague,2018-01-18,17.583333333333332,3
euroleague,mitoglou konstantinos||euroleague,2017-12-21,1.2166666666666668,-1
euroleague,mitoglou konstantinos||euroleague,2017-12-28,0.0,0
euroleague,mitoglou konstantinos||euroleague,2018-01-17,0.0,0
euroleague,mitoglou konstantinos||euroleague,2018-01-19,0.0,0
euroleague,mitrovic luka||euroleague,2017-10-12,21.3,5
euroleague,mitrovic luka||euroleague,2017-10-19,15.1,-3
euroleague,mitrovic luka||euroleague,2017-10-25,26.783333333333335,10
euroleague,mitrovic luka||euroleague,2017-10-27,10.533333333333333,4
euroleague,mitrovic luka||euroleague,2017-11-02,15.466666666666667,7
euroleague,mitrovic luka||euroleague,2017-11-10,16.9,12
euroleague,mitrovic luka||euroleague,2017-11-15,13.683333333333334,9
euroleague,mitrovic luka||euroleague,2017-11-17,13.4,4
euroleague,mitrovic luka||euroleague,2017-11-23,12.816666666666666,10
euroleague,moerman adrien||euroleague,2017-10-13,27.8,22
euroleague,moerman adrien||euroleague,2017-10-20,20.6,6
euroleague,moerman adrien||euroleague,2017-10-24,30.65,3
euroleague,moerman adrien||euroleague,2017-10-26,23.3,4
euroleague,moerman adrien||euroleague,2017-11-03,20.45,6
euroleague,moerman adrien||euroleague,2017-11-09,12.533333333333333,4
euroleague,moerman adrien||euroleague,2017-11-15,24.85,17
euroleague,moerman adrien||euroleague,2017-11-17,20.716666666666665,17
euroleague,moerman adrien||euroleague,2017-11-23,17.55,6
euroleague,moerman adrien||euroleague,2017-12-01,22.966666666666665,7
euroleague,moerman adrien||euroleague,2017-12-08,22.7,7
euroleague,moerman adrien||euroleague,2017-12-14,18.733333333333334,6
euroleague,moerman adrien||euroleague,2017-12-20,23.933333333333334,8
euroleague,moerman adrien||euroleague,2017-12-22,20.933333333333334,0
euroleague,moerman adrien||euroleague,2017-12-29,24.1,8
euroleague,moerman adrien||euroleague,2018-01-04,24.233333333333334,8
euroleague,moerman adrien||euroleague,2018-01-11,21.366666666666667,14
euroleague,moerman adrien||euroleague,2018-01-16,18.666666666666668,8
euroleague,moerman adrien||euroleague,2018-01-18,19.35,1
euroleague,monia sergey||euroleague,2017-10-13,10.766666666666667,-1
euroleague,monia sergey||euroleague,2017-10-20,16.25,6
euroleague,monia sergey||euroleague,2017-10-24,10.966666666666667,0
euroleague,monia sergey||euroleague,2017-10-26,10.1,4
euroleague,monia sergey||euroleague,2017-11-02,0.0,0
euroleague,monia sergey||euroleague,2017-11-10,1.0333333333333334,0
euroleague,monia sergey||euroleague,2017-11-14,16.133333333333333,4
euroleague,monia sergey||euroleague,2017-11-16,27.85,11
euroleague,monia sergey||euroleague,2017-11-24,10.333333333333334,2
euroleague,monia sergey||euroleague,2017-11-30,8.133333333333333,7
euroleague,monia sergey||euroleague,2017-12-07,1.3333333333333333,-1
euroleague,monia sergey||euroleague,2017-12-14,14.4,5
euroleague,monia sergey||euroleague,2017-12-20,25.266666666666666,9
euroleague,monia sergey||euroleague,2017-12-22,17.65,7
euroleague,monia sergey||euroleague,2017-12-29,22.4,4
euroleague,monia sergey||euroleague,2018-01-05,5.416666666666667,0
euroleague,monia sergey||euroleague,2018-01-12,13.633333333333333,5
euroleague,monia sergey||euroleague,2018-01-16,12.55,6
euroleague,monia sergey||euroleague,2018-01-18,15.216666666666667,-4
euroleague,motum brock||euroleague,2017-10-12,23.9,-2
euroleague,motum brock||euroleague,2017-10-20,14.2,9
euroleague,motum brock||euroleague,2017-10-25,17.2,8
euroleague,motum brock||euroleague,2017-10-27,7.383333333333334,2
euroleague,motum brock||euroleague,2017-11-03,26.383333333333333,14
euroleague,motum brock||euroleague,2017-11-09,17.9,1
euroleague,motum brock||euroleague,2017-11-14,14.266666666666667,6
euroleague,motum brock||euroleague,2017-11-16,22.483333333333334,24
euroleague,motum brock||euroleague,2017-11-23,24.1,11
euroleague,motum brock||euroleague,2017-11-30,20.6,14
euroleague,motum brock||euroleague,2017-12-08,0.0,0
euroleague,motum brock||euroleague,2017-12-15,2.966666666666667,-3
euroleague,motum brock||euroleague,2017-12-20,21.95,4
euroleague,motum brock||euroleague,2017-12-22,10.316666666666666,-3
euroleague,motum brock||euroleague,2017-12-29,10.833333333333334,1
euroleague,motum brock||euroleague,2018-01-04,16.083333333333332,7
euroleague,motum brock||euroleague,2018-01-12,22.933333333333334,9
euroleague,motum brock||euroleague,2018-01-17,26.516666666666666,18
euroleague,motum brock||euroleague,2018-01-19,21.416666666666668,1
euroleague,muhammed ali||euroleague,2017-11-24,9.95,4
euroleague,muhammed ali||euroleague,2017-11-30,2.283333333333333,0
euroleague,muhammed ali||euroleague,2017-12-08,0.0,0
euroleague,muhammed ali||euroleague,2017-12-14,0.0,0
euroleague,muhammed ali||euroleague,2017-12-19,6.0,4
euroleague,muhammed ali||euroleague,2017-12-21,24.35,11
euroleague,muhammed ali||euroleague,2017-12-28,4.75,5
euroleague,muhammed ali||euroleague,2018-01-05,5.2,2
euroleague,muhammed ali||euroleague,2018-01-11,10.316666666666666,2
euroleague,muhammed ali||euroleague,2018-01-17,19.066666666666666,2
euroleague,muhammed ali||euroleague,2018-01-19,10.6,0
euroleague,muric edo||euroleague,2017-10-12,12.183333333333334,-2
euroleague,muric edo||euroleague,2017-10-20,27.25,11
euroleague,muric edo||euroleague,2017-11-03,17.05,-6
euroleague,muric edo||euroleague,2017-11-09,10.7,0
euroleague,muric edo||euroleague,2017-11-14,13.45,-4
euroleague,muric edo||euroleague,2017-11-16,24.116666666666667,3
euroleague,muric edo||euroleague,2017-11-23,5.25,-2
euroleague,muric edo||euroleague,2017-11-30,0.0,0
euroleague,muric edo||euroleague,2017-12-08,5.75,-1
euroleague,muric edo||euroleague,2017-12-15,0.0,0
euroleague,musli dejan||euroleague,2017-10-12,10.4,14
euroleague,musli dejan||euroleague,2017-10-20,16.116666666666667,19
euroleague,musli dejan||euroleague,2017-10-25,5.616666666666667,2
euroleague,musli dejan||euroleague,2017-10-27,16.7,3
euroleague,musli dejan||euroleague,2017-11-03,4.033333333333333,1
euroleague,musli dejan||euroleague,2017-11-10,8.0,6
euroleague,musli dejan||euroleague,2017-11-14,6.316666666666666,5
euroleague,musli dejan||euroleague,2017-11-16,22.333333333333332,6
euroleague,musli dejan||euroleague,2017-11-24,0.0,0
euroleague,musli dejan||euroleague,2017-12-01,11.633333333333333,6
euroleague,musli dejan||euroleague,2017-12-29,25.1,15
euroleague,musli dejan||euroleague,2018-01-05,12.3,3
euroleague,musli dejan||euroleague,2018-01-11,20.333333333333332,29
euroleague,musli dejan||euroleague,2018-01-16,21.65,19
euroleague,musli dejan||euroleague,2018-01-18,19.116666666666667,9
euroleague,mustafa muhaymin||euroleague,2017-10-12,0.0,0
euroleague,mustafa muhaymin||euroleague,2017-10-20,0.0,0
euroleague,mustafa muhaymin||euroleague,2017-10-25,0.0,0
euroleague,mustafa muhaymin||euroleague,2017-10-27,0.0,0
euroleague,mustafa muhaymin||euroleague,2017-11-14,0.0,0
euroleague,mustafa muhaymin||euroleague,2017-11-23,0.0,0
euroleague,mustafa muhaymin||euroleague,2017-12-29,2.033333333333333,-1
euroleague,mustafa muhaymin||euroleague,2018-01-04,6.616666666666667,-1
euroleague,mustafa muhaymin||euroleague,2018-01-12,0.0,0
euroleague,mustafa muhaymin||euroleague,2018-01-17,6.483333333333333,-3
euroleague,mustafa muhaymin||euroleague,2018-01-19,0.0,0
euroleague,navarro juan carlos||euroleague,2017-10-13,0.0,0
euroleague,navarro juan carlos||euroleague,2017-10-20,7.166666666666667,2
euroleague,navarro juan carlos||euroleague,2017-10-24,0.0,0
euroleague,navarro juan carlos||euroleague,2017-10-26,16.45,15
euroleague,navarro juan carlos||euroleague,2017-11-03,6.133333333333334,1
euroleague,navarro juan carlos||euroleague,2017-11-09,0.0,0
euroleague,navarro juan carlos||euroleague,2017-11-15,7.8,-1
euroleague,navarro juan carlos||euroleague,2017-11-17,0.0,0
euroleague,navarro juan carlos||euroleague,2017-11-23,5.95,4
euroleague,navarro juan carlos||euroleague,2017-12-01,0.0,0
euroleague,navarro juan carlos||euroleague,2017-12-08,8.266666666666667,-2
euroleague,navarro juan carlos||euroleague,2017-12-14,13.816666666666666,11
euroleague,navarro juan carlos||euroleague,2017-12-20,0.0,0
euroleague,navarro juan carlos||euroleague,2017-12-22,22.516666666666666,13
euroleague,navarro juan carlos||euroleague,2017-12-29,18.3,7
euroleague,navarro juan carlos||euroleague,2018-01-04,15.466666666666667,8
euroleague,navarro juan carlos||euroleague,2018-01-11,19.566666666666666,5
euroleague,navarro juan carlos||euroleague,2018-01-16,23.366666666666667,12
euroleague,navarro juan carlos||euroleague,2018-01-18,14.05,-3
euroleague,nedovic nemanja||euroleague,2017-10-12,23.233333333333334,2
euroleague,nedovic nemanja||euroleague,2017-10-20,20.316666666666666,6
euroleague,nedovic nemanja||euroleague,2017-10-25,29.016666666666666,25
euroleague,nedovic nemanja||euroleague,2017-11-03,22.266666666666666,14
euroleague,nedovic nemanja||euroleague,2017-11-10,21.6,15
euroleague,nedovic nemanja||euroleague,2017-11-24,5.833333333333333,0
euroleague,nedovic nemanja||euroleague,2017-12-01,30.75,14
euroleague,nedovic nemanja||euroleague,2017-12-07,27.05,11
euroleague,nedovic nemanja||euroleague,2017-12-14,28.166666666666668,22
euroleague,nedovic nemanja||euroleague,2017-12-20,27.666666666666668,26
euroleague,nedovic nemanja||euroleague,2017-12-22,27.1,8
euroleague,nedovic nemanja||euroleague,2017-12-28,28.133333333333333,19
euroleague,nedovic nemanja||euroleague,2018-01-04,22.266666666666666,20
euroleague,nedovic nemanja||euroleague,2018-01-12,28.766666666666666,14
euroleague,nedovic nemanja||euroleague,2018-01-17,29.6,19
euroleague,nedovic nemanja||euroleague,2018-01-19,23.783333333333335,16
euroleague,nikolic aleksej||euroleague,2017-10-12,0.0,0
euroleague,nikolic aleksej||euroleague,2017-10-19,26.083333333333332,7
euroleague,nikolic aleksej||euroleague,2017-10-25,11.316666666666666,1
euroleague,nikolic aleksej||euroleague,2017-10-27,7.316666666666666,0
euroleague,nikolic aleksej||euroleague,2017-11-02,17.233333333333334,4
euroleague,nikolic aleksej||euroleague,2017-11-10,17.2,-2
euroleague,nikolic aleksej||euroleague,2017-11-15,13.516666666666667,8
euroleague,nikolic aleksej||euroleague,2017-11-17,25.533333333333335,6
euroleague,nikolic aleksej||euroleague,2017-11-23,9.7,0
euroleague,nikolic aleksej||euroleague,2017-11-30,4.75,3
euroleague,nikolic aleksej||euroleague,2017-12-07,20.316666666666666,9
euroleague,nikolic aleksej||euroleague,2017-12-14,11.35,4
euroleague,nikolic aleksej||euroleague,2017-12-19,12.1,3
euroleague,nikolic aleksej||euroleague,2017-12-21,11.366666666666667,3
euroleague,nikolic aleksej||euroleague,2017-12-29,14.766666666666667,3
euroleague,nikolic aleksej||euroleague,2018-01-05,0.8666666666666667,-1
euroleague,nikolic aleksej||euroleague,2018-01-11,1.3833333333333333,-2
euroleague,nikolic aleksej||euroleague,2018-01-16,2.85,1
euroleague,nikolic aleksej||euroleague,2018-01-18,18.783333333333335,6
euroleague,nunnally james||euroleague,2017-10-12,17.6,1
euroleague,nunnally james||euroleague,2017-10-19,19.85,3
euroleague,nunnally james||euroleague,2017-10-25,17.616666666666667,12
euroleague,nunnally james||euroleague,2017-10-27,13.35,-2
euroleague,nunnally james||euroleague,2017-11-02,25.066666666666666,14
euroleague,nunnally james||euroleague,2017-11-10,24.466666666666665,12
euroleague,nunnally james||euroleague,2017-11-15,33.46666666666667,24
euroleague,nunnally james||euroleague,2017-11-17,19.366666666666667,4
euroleague,nunnally james||euroleague,2017-11-24,27.3,27
euroleague,nunnally james||euroleague,2017-11-30,31.95,15
euroleague,nunnally james||euroleague,2017-12-08,23.883333333333333,15
euroleague,nunnally james||euroleague,2017-12-14,22.366666666666667,16
euroleague,nunnally james||euroleague,2017-12-19,21.916666666666668,16
euroleague,nunnally james||euroleague,2017-12-21,24.15,-4
euroleague,nunnally james||euroleague,2017-12-28,21.316666666666666,10
euroleague,nunnally james||euroleague,2018-01-05,8.3,8
euroleague,okouo viny||euroleague,2017-10-20,0.0,0
euroleague,okouo viny||euroleague,2017-10-27,10.0,0
euroleague,okouo viny||euroleague,2017-12-01,0.0,0
euroleague,okouo viny||euroleague,2017-12-07,0.0,0
euroleague,okouo viny||euroleague,2017-12-14,0.0,0
euroleague,okouo viny||euroleague,2017-12-20,1.3,-2
euroleague,okouo viny||euroleague,2017-12-22,3.6833333333333336,3
euroleague,okouo viny||euroleague,2017-12-28,0.0,0
euroleague,okouo viny||euroleague,2018-01-04,0.0,0
euroleague,okouo viny||euroleague,2018-01-12,0.0,0
euroleague,okouo viny||euroleague,2018-01-17,0.0,0
euroleague,okouo viny||euroleague,2018-01-19,0.0,0
euroleague,olinde louis||euroleague,2017-10-12,0.0,0
euroleague,olinde louis||euroleague,2017-10-19,9.9,1
euroleague,olinde louis||euroleague,2017-10-25,0.0,0
euroleague,olinde louis||euroleague,2017-11-10,0.0,0
euroleague,olinde louis||euroleague,2017-11-15,1.3166666666666667,2
euroleague,olinde louis||euroleague,2017-11-30,0.4166666666666667,0
euroleague,olinde louis||euroleague,2017-12-07,9.783333333333333,0
euroleague,olinde louis||euroleague,2017-12-14,0.0,0
euroleague,olinde louis||euroleague,2017-12-19,5.45,1
euroleague,olinde louis||euroleague,2017-12-21,3.25,3
euroleague,olinde louis||euroleague,2017-12-29,0.0,0
euroleague,olinde louis||euroleague,2018-01-05,0.0,0
euroleague,olinde louis||euroleague,2018-01-16,0.0,0
euroleague,olinde louis||euroleague,2018-01-18,0.5166666666666667,0
euroleague,oriola pierre||euroleague,2017-10-13,14.083333333333334,9
euroleague,oriola pierre||euroleague,2017-10-20,19.383333333333333,4
euroleague,oriola pierre||euroleague,2017-10-24,21.933333333333334,11
euroleague,oriola pierre||euroleague,2017-10-26,5.95,2
euroleague,oriola pierre||euroleague,2017-11-03,17.216666666666665,15
euroleague,oriola pierre||euroleague,2017-11-09,20.766666666666666,13
euroleague,oriola pierre||euroleague,2017-11-15,0.0,0
euroleague,oriola pierre||euroleague,2017-11-17,20.333333333333332,15
euroleague,oriola pierre||euroleague,2017-11-23,15.866666666666667,5
euroleague,oriola pierre||euroleague,2017-12-01,17.033333333333335,8
euroleague,oriola pierre||euroleague,2017-12-08,19.816666666666666,8
euroleague,oriola pierre||euroleague,2017-12-14,21.266666666666666,12
euroleague,oriola pierre||euroleague,2017-12-20,19.15,4
euroleague,oriola pierre||euroleague,2017-12-22,15.7,13
euroleague,oriola pierre||euroleague,2017-12-29,0.0,0
euroleague,oriola pierre||euroleague,2018-01-04,17.8,11
euroleague,oriola pierre||euroleague,2018-01-11,22.2,5
euroleague,oriola pierre||euroleague,2018-01-16,27.466666666666665,16
euroleague,oriola pierre||euroleague,2018-01-18,17.983333333333334,10
euroleague,pangos kevin||euroleague,2017-10-13,20.866666666666667,8
euroleague,pangos kevin||euroleague,2017-10-20,30.45,7
euroleague,pangos kevin||euroleague,2017-10-24,31.333333333333332,12
euroleague,pangos kevin||euroleague,2017-10-26,31.566666666666666,25
euroleague,pangos kevin||euroleague,2017-11-03,26.366666666666667,7
euroleague,pangos kevin||euroleague,2017-11-09,23.216666666666665,15
euroleague,pangos kevin||euroleague,2017-11-14,34.11666666666667,19
euroleague,pangos kevin||euroleague,2017-11-16,20.233333333333334,-3
euroleague,pangos kevin||euroleague,2017-11-23,26.95,15
euroleague,pangos kevin||euroleague,2017-11-30,29.683333333333334,7
euroleague,pangos kevin||euroleague,2017-12-07,28.133333333333333,17
euroleague,pangos kevin||euroleague,2017-12-14,32.13333333333333,23
euroleague,pangos kevin||euroleague,2017-12-19,28.15,15
euroleague,pangos kevin||euroleague,2017-12-21,16.583333333333332,1
euroleague,pangos kevin||euroleague,2017-12-28,33.6,17
euroleague,pangos kevin||euroleague,2018-01-05,27.733333333333334,19
euroleague,pangos kevin||euroleague,2018-01-12,26.133333333333333,14
euroleague,pangos kevin||euroleague,2018-01-16,29.866666666666667,16
euroleague,pangos kevin||euroleague,2018-01-18,28.366666666666667,17
euroleague,papanikolaou kostas||euroleague,2017-10-12,19.316666666666666,22
euroleague,papanikolaou kostas||euroleague,2017-10-20,21.65,3
euroleague,papanikolaou kostas||euroleague,2017-10-24,24.933333333333334,9
euroleague,papanikolaou kostas||euroleague,2017-10-26,17.583333333333332,5
euroleague,papanikolaou kostas||euroleague,2017-11-03,20.316666666666666,14
euroleague,papanikolaou kostas||euroleague,2017-11-10,20.15,-3
euroleague,papanikolaou kostas||euroleague,2017-11-15,33.083333333333336,16
euroleague,papanikolaou kostas||euroleague,2017-11-17,14.266666666666667,4
euroleague,papanikolaou kostas||euroleague,2017-11-23,28.733333333333334,14
euroleague,papanikolaou kostas||euroleague,2017-11-30,31.733333333333334,16
euroleague,papanikolaou kostas||euroleague,2017-12-08,32.65,22
euroleague,papanikolaou kostas||euroleague,2017-12-14,26.183333333333334,15
euroleague,papanikolaou kostas||euroleague,2017-12-20,27.166666666666668,16
euroleague,papanikolaou kostas||euroleague,2017-12-22,21.4,3
euroleague,papanikolaou kostas||euroleague,2017-12-28,27.55,9
euroleague,papanikolaou kostas||euroleague,2018-01-05,21.5,20
euroleague,papanikolaou kostas||euroleague,2018-01-12,23.133333333333333,12
euroleague,papanikolaou kostas||euroleague,2018-01-16,23.233333333333334,10
euroleague,papanikolaou kostas||euroleague,2018-01-18,18.35,0
euroleague,papapetrou ioannis||euroleague,2017-10-12,18.566666666666666,-2
euroleague,papapetrou ioannis||euroleague,2017-10-20,17.9,8
euroleague,papapetrou ioannis||euroleague,2017-10-24,14.666666666666666,3
euroleague,papapetrou ioannis||euroleague,2017-10-26,18.616666666666667,9
euroleague,papapetrou ioannis||euroleague,2017-11-03,24.75,7
euroleague,papapetrou ioannis||euroleague,2017-11-10,21.3,17
euroleague,papapetrou ioannis||euroleague,2017-11-15,16.033333333333335,-3
euroleague,papapetrou ioannis||euroleague,2017-11-17,20.816666666666666,12
euroleague,papapetrou ioannis||euroleague,2017-11-23,17.55,0
euroleague,papapetrou ioannis||euroleague,2017-11-30,20.9,4
euroleague,papapetrou ioannis||euroleague,2017-12-14,11.166666666666666,-2
euroleague,papapetrou ioannis||euroleague,2017-12-20,27.366666666666667,8
euroleague,papapetrou ioannis||euroleague,2017-12-22,24.183333333333334,3
euroleague,papapetrou ioannis||euroleague,2017-12-28,34.333333333333336,13
euroleague,papapetrou ioannis||euroleague,2018-01-05,22.833333333333332,11
euroleague,papapetrou ioannis||euroleague,2018-01-12,14.6,1
euroleague,papapetrou ioannis||euroleague,2018-01-16,23.633333333333333,12
euroleague,papapetrou ioannis||euroleague,2018-01-18,20.666666666666668,8
euroleague,pappas nikos||euroleague,2017-10-13,20.233333333333334,25
euroleague,pappas nikos||euroleague,2017-10-19,18.2,10
euroleague,pappas nikos||euroleague,2017-10-25,4.1,-4
euroleague,pappas nikos||euroleague,2017-10-27,28.233333333333334,23
euroleague,pappas nikos||euroleague,2017-11-02,27.483333333333334,18
euroleague,pappas nikos||euroleague,2017-11-10,16.05,1
euroleague,pappas nikos||euroleague,2017-11-14,11.333333333333334,2
euroleague,pappas nikos||euroleague,2017-11-16,14.8,2
euroleague,pappas nikos||euroleague,2017-11-24,15.45,11
euroleague,pappas nikos||euroleague,2017-12-01,20.5,7
euroleague,pappas nikos||euroleague,2017-12-07,20.05,13
euroleague,pappas nikos||euroleague,2017-12-15,24.516666666666666,2
euroleague,pappas nikos||euroleague,2017-12-19,17.733333333333334,11
euroleague,pappas nikos||euroleague,2017-12-21,17.083333333333332,2
euroleague,pappas nikos||euroleague,2017-12-28,18.416666666666668,-1
euroleague,pappas nikos||euroleague,2018-01-04,20.183333333333334,18
euroleague,pappas nikos||euroleague,2018-01-11,17.583333333333332,5
euroleague,pappas nikos||euroleague,2018-01-17,20.7,3
euroleague,pappas nikos||euroleague,2018-01-19,20.433333333333334,10
euroleague,parakhouski artsiom||euroleague,2017-10-12,17.4,7
euroleague,parakhouski artsiom||euroleague,2017-10-19,21.283333333333335,9
euroleague,parakhouski artsiom||euroleague,2017-10-24,9.933333333333334,-3
euroleague,parakhouski artsiom||euroleague,2017-10-26,12.116666666666667,4
euroleague,parakhouski artsiom||euroleague,2017-11-02,10.783333333333333,9
euroleague,parakhouski artsiom||euroleague,2017-11-09,9.7,1
euroleague,parakhouski artsiom||euroleague,2017-11-14,8.516666666666667,3
euroleague,parakhouski artsiom||euroleague,2017-11-16,5.683333333333334,-3
euroleague,parakhouski artsiom||euroleague,2017-11-23,8.383333333333333,4
euroleague,parakhouski artsiom||euroleague,2017-11-30,20.35,13
euroleague,parakhouski artsiom||euroleague,2017-12-07,21.233333333333334,18
euroleague,parakhouski artsiom||euroleague,2017-12-15,14.366666666666667,6
euroleague,parakhouski artsiom||euroleague,2017-12-19,12.533333333333333,4
euroleague,parakhouski artsiom||euroleague,2017-12-21,19.466666666666665,6
euroleague,parakhouski artsiom||euroleague,2017-12-28,19.633333333333333,17
euroleague,parakhouski artsiom||euroleague,2018-01-05,23.55,20
euroleague,parakhouski artsiom||euroleague,2018-01-11,23.233333333333334,14
euroleague,parakhouski artsiom||euroleague,2018-01-16,16.216666666666665,3
euroleague,parakhouski artsiom||euroleague,2018-01-18,8.183333333333334,0
euroleague,pascolo davide||euroleague,2017-11-09,9.35,3
euroleague,pascolo davide||euroleague,2017-11-17,19.833333333333332,5
euroleague,pascolo davide||euroleague,2017-11-23,7.85,1
euroleague,pascolo davide||euroleague,2017-11-30,2.15,-1
euroleague,pascolo davide||euroleague,2017-12-07,8.933333333333334,2
euroleague,pascolo davide||euroleague,2017-12-20,9.766666666666667,1
euroleague,pascolo davide||euroleague,2017-12-29,10.6,-2
euroleague,pascolo davide||euroleague,2018-01-05,0.0,0
euroleague,pascolo davide||euroleague,2018-01-19,0.0,0
euroleague,pleiss tibor||euroleague,2017-10-13,16.0,13
euroleague,pleiss tibor||euroleague,2017-10-20,12.016666666666667,6
euroleague,pleiss tibor||euroleague,2017-10-25,20.066666666666666,18
euroleague,pleiss tibor||euroleague,2017-10-27,18.8,15
euroleague,pleiss tibor||euroleague,2017-11-02,22.133333333333333,8
euroleague,pleiss tibor||euroleague,2017-11-09,19.45,17
euroleague,pleiss tibor||euroleague,2017-11-15,24.95,17
euroleague,pleiss tibor||euroleague,2017-11-17,21.45,10
euroleague,pleiss tibor||euroleague,2017-11-23,20.766666666666666,14
euroleague,pleiss tibor||euroleague,2017-11-30,26.433333333333334,23
euroleague,pleiss tibor||euroleague,2017-12-07,23.6,11
euroleague,pleiss tibor||euroleague,2017-12-15,25.05,15
euroleague,pleiss tibor||euroleague,2017-12-19,9.533333333333333,-2
euroleague,pleiss tibor||euroleague,2017-12-21,19.566666666666666,17
euroleague,pleiss tibor||euroleague,2017-12-28,23.666666666666668,10
euroleague,pleiss tibor||euroleague,2018-01-04,24.166666666666668,21
euroleague,pleiss tibor||euroleague,2018-01-11,19.266666666666666,9
euroleague,pleiss tibor||euroleague,2018-01-16,12.15,11
euroleague,pleiss tibor||euroleague,2018-01-18,24.05,24
euroleague,poirier vincent||euroleague,2017-10-12,6.833333333333333,0
euroleague,poirier vincent||euroleague,2017-10-19,1.0833333333333333,0
euroleague,poirier vincent||euroleague,2017-10-25,8.233333333333333,0
euroleague,poirier vincent||euroleague,2017-10-27,17.1,5
euroleague,poirier vincent||euroleague,2017-11-02,24.466666666666665,14
euroleague,poirier vincent||euroleague,2017-11-10,14.433333333333334,13
euroleague,poirier vincent||euroleague,2017-11-14,15.65,15
euroleague,poirier vincent||euroleague,2017-11-16,12.633333333333333,2
euroleague,poirier vincent||euroleague,2017-11-23,8.316666666666666,0
euroleague,poirier vincent||euroleague,2017-11-30,20.733333333333334,11
euroleague,poirier vincent||euroleague,2017-12-07,16.433333333333334,6
euroleague,poirier vincent||euroleague,2017-12-15,26.5,35
euroleague,poirier vincent||euroleague,2017-12-20,24.55,15
euroleague,poirier vincent||euroleague,2017-12-22,24.95,19
euroleague,poirier vincent||euroleague,2017-12-29,29.933333333333334,14
euroleague,poirier vincent||euroleague,2018-01-05,18.266666666666666,7
euroleague,poirier vincent||euroleague,2018-01-12,20.25,18
euroleague,poirier vincent||euroleague,2018-01-17,15.1,6
euroleague,poirier vincent||euroleague,2018-01-19,16.266666666666666,9
euroleague,pressey phil||euroleague,2017-10-13,16.633333333333333,13
euroleague,pressey phil||euroleague,2017-10-20,9.566666666666666,0
euroleague,pressey phil||euroleague,2017-10-24,10.933333333333334,-7
euroleague,pressey phil||euroleague,2017-10-26,12.033333333333333,4
euroleague,pressey phil||euroleague,2017-11-03,20.25,13
euroleague,pressey phil||euroleague,2017-11-09,18.9,1
euroleague,pressey phil||euroleague,2017-11-15,4.833333333333333,-2
euroleague,pressey phil||euroleague,2017-11-17,24.3,11
euroleague,pressey phil||euroleague,2017-11-23,17.9,5
euroleague,pressey phil||euroleague,2017-12-01,14.1,10
euroleague,pressey phil||euroleague,2017-12-08,14.533333333333333,14
euroleague,pressey phil||euroleague,2017-12-14,13.55,8
euroleague,pressey phil||euroleague,2017-12-29,0.0,0
euroleague,pressey phil||euroleague,2018-01-04,0.0,0
euroleague,pressey phil||euroleague,2018-01-11,0.0,0
euroleague,pressey phil||euroleague,2018-01-16,5.75,-1
euroleague,pressey phil||euroleague,2018-01-18,0.0,0
euroleague,printezis georgios||euroleague,2017-10-12,23.566666666666666,18
euroleague,printezis georgios||euroleague,2017-10-20,25.75,14
euroleague,printezis georgios||euroleague,2017-10-24,29.266666666666666,17
euroleague,printezis georgios||euroleague,2017-10-26,22.866666666666667,18
euroleague,printezis georgios||euroleague,2017-11-03,18.116666666666667,10
euroleague,printezis georgios||euroleague,2017-11-10,28.4,0
euroleague,printezis georgios||euroleague,2017-11-15,32.516666666666666,19
euroleague,printezis georgios||euroleague,2017-11-17,19.366666666666667,14
euroleague,printezis georgios||euroleague,2017-11-23,29.85,4
euroleague,printezis georgios||euroleague,2017-11-30,27.666666666666668,12
euroleague,printezis georgios||euroleague,2017-12-08,30.8,27
euroleague,printezis georgios||euroleague,2017-12-14,24.7,19
euroleague,printezis georgios||euroleague,2018-01-05,18.383333333333333,3
euroleague,printezis georgios||euroleague,2018-01-12,23.216666666666665,15
euroleague,printezis georgios||euroleague,2018-01-16,20.216666666666665,11
euroleague,printezis georgios||euroleague,2018-01-18,22.733333333333334,7
euroleague,puerto josep||euroleague,2017-10-13,0.0,0
euroleague,puerto josep||euroleague,2017-10-20,0.0,0
euroleague,puerto josep||euroleague,2017-10-25,1.2,0
euroleague,puerto josep||euroleague,2017-10-27,5.15,5
euroleague,puerto josep||euroleague,2017-11-23,1.5666666666666667,0
euroleague,puerto josep||euroleague,2017-11-30,0.0,0
euroleague,puerto josep||euroleague,2017-12-07,0.0,0
euroleague,puerto josep||euroleague,2017-12-21,0.0,0
euroleague,puerto josep||euroleague,2017-12-28,0.0,0
euroleague,puerto josep||euroleague,2018-01-04,0.06666666666666667,0
euroleague,puerto josep||euroleague,2018-01-11,2.466666666666667,2
euroleague,puerto josep||euroleague,2018-01-16,1.8833333333333333,0
euroleague,puerto josep||euroleague,2018-01-18,0.0,0
euroleague,radicevic nikola||euroleague,2017-10-13,16.716666666666665,4
euroleague,radicevic nikola||euroleague,2017-10-20,10.933333333333334,0
euroleague,radicevic nikola||euroleague,2017-10-24,13.266666666666667,9
euroleague,radicevic nikola||euroleague,2017-10-26,7.85,2
euroleague,radicevic nikola||euroleague,2017-11-02,11.033333333333333,0
euroleague,radicevic nikola||euroleague,2017-11-10,13.933333333333334,4
euroleague,radicevic nikola||euroleague,2017-11-15,15.733333333333333,-3
euroleague,radicevic nikola||euroleague,2017-11-17,16.633333333333333,2
euroleague,radicevic nikola||euroleague,2017-11-23,5.0,-1
euroleague,radicevic nikola||euroleague,2017-12-01,0.0,0
euroleague,radicevic nikola||euroleague,2017-12-08,0.0,0
euroleague,radicevic nikola||euroleague,2017-12-29,0.0,0
euroleague,radicevic nikola||euroleague,2018-01-05,0.0,0
euroleague,radicevic nikola||euroleague,2018-01-12,0.0,0
euroleague,radicevic nikola||euroleague,2018-01-18,0.0,0
euroleague,radoncic dino||euroleague,2017-10-24,14.866666666666667,-2
euroleague,radoncic dino||euroleague,2017-10-26,9.783333333333333,2
euroleague,radoncic dino||euroleague,2017-11-02,6.966666666666667,-2
euroleague,radoncic dino||euroleague,2017-11-16,1.6,1
euroleague,radoncic dino||euroleague,2017-11-24,0.0,0
euroleague,radoncic dino||euroleague,2017-12-01,0.0,0
euroleague,radoncic dino||euroleague,2017-12-08,5.75,-2
euroleague,radoncic dino||euroleague,2017-12-14,0.0,0
euroleague,radoncic dino||euroleague,2017-12-19,0.0,0
euroleague,radoncic dino||euroleague,2017-12-21,0.0,0
euroleague,radoncic dino||euroleague,2017-12-28,0.0,0
euroleague,radoncic dino||euroleague,2018-01-17,0.0,0
euroleague,radosevic leon||euroleague,2017-10-12,26.533333333333335,11
euroleague,radosevic leon||euroleague,2017-10-19,28.383333333333333,26
euroleague,radosevic leon||euroleague,2017-10-25,21.65,4
euroleague,radosevic leon||euroleague,2017-10-27,25.316666666666666,17
euroleague,radosevic leon||euroleague,2017-11-02,23.716666666666665,16
euroleague,radosevic leon||euroleague,2017-11-10,17.55,-2
euroleague,radosevic leon||euroleague,2017-11-15,15.1,-2
euroleague,radosevic leon||euroleague,2017-11-17,22.433333333333334,8
euroleague,radosevic leon||euroleague,2017-11-23,13.416666666666666,-1
euroleague,radosevic leon||euroleague,2017-11-30,20.216666666666665,1
euroleague,radosevic leon||euroleague,2017-12-07,20.216666666666665,12
euroleague,radosevic leon||euroleague,2017-12-14,18.733333333333334,-1
euroleague,radosevic leon||euroleague,2017-12-19,33.35,14
euroleague,radosevic leon||euroleague,2017-12-21,21.816666666666666,4
euroleague,radosevic leon||euroleague,2017-12-29,12.116666666666667,-6
euroleague,radosevic leon||euroleague,2018-01-05,19.833333333333332,7
euroleague,radosevic leon||euroleague,2018-01-11,16.816666666666666,5
euroleague,radosevic leon||euroleague,2018-01-16,10.883333333333333,3
euroleague,radosevic leon||euroleague,2018-01-18,20.883333333333333,13
euroleague,randle chasson||euroleague,2017-10-12,3.3,-2
euroleague,randle chasson||euroleague,2017-10-19,7.166666666666667,4
euroleague,randle chasson||euroleague,2017-10-24,5.85,2
euroleague,randle chasson||euroleague,2017-10-26,3.6666666666666665,-1
euroleague,randle chasson||euroleague,2017-11-02,0.0,0
euroleague,randle chasson||euroleague,2017-11-09,6.766666666666667,2
euroleague,randle chasson||euroleague,2017-11-14,11.866666666666667,-2
euroleague,randle chasson||euroleague,2017-11-16,0.0,0
euroleague,randle chasson||euroleague,2017-11-24,10.983333333333333,4
euroleague,randle chasson||euroleague,2017-12-01,10.3,2
euroleague,randle chasson||euroleague,2017-12-08,6.733333333333333,1
euroleague,randle chasson||euroleague,2017-12-14,2.8333333333333335,1
euroleague,randle chasson||euroleague,2017-12-19,7.35,4
euroleague,randle chasson||euroleague,2017-12-21,3.55,0
euroleague,randle chasson||euroleague,2017-12-28,0.0,0
euroleague,randle chasson||euroleague,2018-01-05,0.0,0
euroleague,randle chasson||euroleague,2018-01-12,2.783333333333333,1
euroleague,randle chasson||euroleague,2018-01-17,0.0,0
euroleague,randle chasson||euroleague,2018-01-19,0.0,0
euroleague,randolph anthony||euroleague,2017-10-12,26.383333333333333,21
euroleague,randolph anthony||euroleague,2017-10-19,20.833333333333332,17
euroleague,randolph anthony||euroleague,2017-11-02,11.566666666666666,7
euroleague,randolph anthony||euroleague,2017-11-09,34.46666666666667,16
euroleague,randolph anthony||euroleague,2017-11-14,11.75,2
euroleague,reyes felipe||euroleague,2017-10-12,13.616666666666667,13
euroleague,reyes felipe||euroleague,2017-10-19,16.083333333333332,5
euroleague,reyes felipe||euroleague,2017-10-24,12.433333333333334,7
euroleague,reyes felipe||euroleague,2017-10-26,19.65,6
euroleague,reyes felipe||euroleague,2017-11-02,16.133333333333333,6
euroleague,reyes felipe||euroleague,2017-11-09,14.516666666666667,10
euroleague,reyes felipe||euroleague,2017-11-14,11.15,3
euroleague,reyes felipe||euroleague,2017-11-16,19.733333333333334,7
euroleague,reyes felipe||euroleague,2017-11-24,21.666666666666668,15
euroleague,reyes felipe||euroleague,2017-12-01,19.833333333333332,15
euroleague,reyes felipe||euroleague,2017-12-08,15.45,3
euroleague,reyes felipe||euroleague,2017-12-14,21.716666666666665,19
euroleague,reyes felipe||euroleague,2017-12-19,20.033333333333335,16
euroleague,reyes felipe||euroleague,2017-12-21,14.5,11
euroleague,reyes felipe||euroleague,2017-12-28,15.416666666666666,16
euroleague,reyes felipe||euroleague,2018-01-05,18.366666666666667,14
euroleague,reyes felipe||euroleague,2018-01-12,15.583333333333334,15
euroleague,reyes felipe||euroleague,2018-01-17,17.083333333333332,4
euroleague,reyes felipe||euroleague,2018-01-19,15.866666666666667,10
euroleague,ribas pau||euroleague,2017-10-13,28.283333333333335,11
euroleague,ribas pau||euroleague,2017-10-20,24.983333333333334,7
euroleague,ribas pau||euroleague,2017-10-24,17.516666666666666,-2
euroleague,ribas pau||euroleague,2017-10-26,19.35,10
euroleague,ribas pau||euroleague,2017-11-03,11.816666666666666,6
euroleague,ribas pau||euroleague,2017-11-09,13.633333333333333,9
euroleague,ribas pau||euroleague,2017-11-15,11.916666666666666,9
euroleague,ribas pau||euroleague,2017-11-17,25.55,16
euroleague,ribas pau||euroleague,2017-11-23,0.0,0
euroleague,ribas pau||euroleague,2017-12-01,2.55,-1
euroleague,ribas pau||euroleague,2017-12-08,6.766666666666667,1
euroleague,ribas pau||euroleague,2017-12-14,9.383333333333333,1
euroleague,ribas pau||euroleague,2017-12-20,21.916666666666668,10
euroleague,ribas pau||euroleague,2017-12-22,19.666666666666668,21
euroleague,ribas pau||euroleague,2017-12-29,24.666666666666668,12
euroleague,ribas pau||euroleague,2018-01-04,13.983333333333333,4
euroleague,ribas pau||euroleague,2018-01-11,22.55,12
euroleague,ribas pau||euroleague,2018-01-16,18.4,5
euroleague,ribas pau||euroleague,2018-01-18,19.283333333333335,8
euroleague,rivers kc||euroleague,2017-10-13,27.283333333333335,4
euroleague,rivers kc||euroleague,2017-10-19,19.183333333333334,8
euroleague,rivers kc||euroleague,2017-10-25,31.6,13
euroleague,rivers kc||euroleague,2017-10-27,24.783333333333335,3
euroleague,rivers kc||euroleague,2017-11-02,30.0,17
euroleague,rivers kc||euroleague,2017-11-10,22.583333333333332,15
euroleague,rivers kc||euroleague,2017-11-14,16.3,6
euroleague,rivers kc||euroleague,2017-11-16,23.5,4
euroleague,rivers kc||euroleague,2017-11-24,28.083333333333332,16
euroleague,rivers kc||euroleague,2017-12-01,22.916666666666668,13
euroleague,rivers kc||euroleague,2017-12-07,28.683333333333334,11
euroleague,rivers kc||euroleague,2017-12-15,25.4,12
euroleague,rivers kc||euroleague,2017-12-19,25.95,19
euroleague,rivers kc||euroleague,2017-12-21,21.983333333333334,1
euroleague,rivers kc||euroleague,2017-12-28,27.133333333333333,2
euroleague,rivers kc||euroleague,2018-01-04,13.45,-6
euroleague,rivers kc||euroleague,2018-01-11,24.483333333333334,-3
euroleague,rivers kc||euroleague,2018-01-17,28.25,4
euroleague,rivers kc||euroleague,2018-01-19,24.95,12
euroleague,roberts brian||euroleague,2017-10-20,24.366666666666667,12
euroleague,roberts brian||euroleague,2017-10-24,21.466666666666665,6
euroleague,roberts brian||euroleague,2017-10-26,18.4,5
euroleague,roberts brian||euroleague,2017-11-03,21.35,-2
euroleague,roberts brian||euroleague,2017-11-10,16.966666666666665,6
euroleague,roberts brian||euroleague,2017-11-15,29.216666666666665,17
euroleague,roberts brian||euroleague,2017-11-17,15.25,7
euroleague,roberts brian||euroleague,2017-11-23,22.866666666666667,21
euroleague,roberts brian||euroleague,2017-11-30,22.75,4
euroleague,roberts brian||euroleague,2017-12-08,21.733333333333334,-3
euroleague,roberts brian||euroleague,2017-12-14,24.833333333333332,7
euroleague,roberts brian||euroleague,2017-12-20,10.983333333333333,-5
euroleague,roberts brian||euroleague,2017-12-22,20.0,3
euroleague,roberts brian||euroleague,2017-12-28,19.0,-2
euroleague,roberts brian||euroleague,2018-01-12,16.333333333333332,-1
euroleague,roberts brian||euroleague,2018-01-16,20.55,5
euroleague,roberts brian||euroleague,2018-01-18,15.183333333333334,0
euroleague,robinson thomas||euroleague,2017-10-13,15.15,20
euroleague,robinson thomas||euroleague,2017-10-20,23.283333333333335,28
euroleague,robinson thomas||euroleague,2017-10-24,13.85,5
euroleague,robinson thomas||euroleague,2017-10-26,25.583333333333332,19
euroleague,robinson thomas||euroleague,2017-11-02,14.55,9
euroleague,robinson thomas||euroleague,2017-11-10,21.133333333333333,3
euroleague,robinson thomas||euroleague,2017-11-14,19.866666666666667,5
euroleague,robinson thomas||euroleague,2017-11-16,23.05,29
euroleague,robinson thomas||euroleague,2017-11-24,18.816666666666666,4
euroleague,rochestie taylor||euroleague,2017-10-13,22.783333333333335,16
euroleague,rochestie taylor||euroleague,2017-10-20,28.916666666666668,27
euroleague,rochestie taylor||euroleague,2017-10-24,27.033333333333335,11
euroleague,rochestie taylor||euroleague,2017-10-26,31.833333333333332,21
euroleague,rochestie taylor||euroleague,2017-11-02,31.166666666666668,24
euroleague,rochestie taylor||euroleague,2017-11-10,26.066666666666666,13
euroleague,rochestie taylor||euroleague,2017-11-15,24.266666666666666,22
euroleague,rochestie taylor||euroleague,2017-11-17,23.366666666666667,17
euroleague,rochestie taylor||euroleague,2017-11-23,24.483333333333334,2
euroleague,rochestie taylor||euroleague,2017-12-01,25.35,18
euroleague,rochestie taylor||euroleague,2017-12-08,28.35,12
euroleague,rochestie taylor||euroleague,2017-12-15,23.45,8
euroleague,rochestie taylor||euroleague,2017-12-19,24.65,5
euroleague,rochestie taylor||euroleague,2017-12-21,30.0,5
euroleague,rochestie taylor||euroleague,2017-12-29,27.4,12
euroleague,rochestie taylor||euroleague,2018-01-05,28.316666666666666,26
euroleague,rochestie taylor||euroleague,2018-01-12,28.516666666666666,11
euroleague,rochestie taylor||euroleague,2018-01-16,34.15,38
euroleague,rochestie taylor||euroleague,2018-01-18,27.05,19
euroleague,rodriguez sergio||euroleague,2017-10-12,29.766666666666666,11
euroleague,rodriguez sergio||euroleague,2017-10-19,16.016666666666666,2
euroleague,rodriguez sergio||euroleague,2017-10-25,29.1,29
euroleague,rodriguez sergio||euroleague,2017-10-27,25.766666666666666,10
euroleague,rodriguez sergio||euroleague,2017-11-03,22.016666666666666,2
euroleague,rodriguez sergio||euroleague,2017-11-09,24.716666666666665,7
euroleague,rodriguez sergio||euroleague,2017-11-15,23.933333333333334,19
euroleague,rodriguez sergio||euroleague,2017-11-17,29.333333333333332,21
euroleague,rodriguez sergio||euroleague,2017-11-24,29.416666666666668,22
euroleague,rodriguez sergio||euroleague,2017-12-01,24.35,2
euroleague,rodriguez sergio||euroleague,2017-12-07,34.45,14
euroleague,rodriguez sergio||euroleague,2017-12-15,29.45,21
euroleague,rodriguez sergio||euroleague,2017-12-20,31.25,20
euroleague,rodriguez sergio||euroleague,2017-12-22,27.7,4
euroleague,rodriguez sergio||euroleague,2017-12-29,33.766666666666666,35
euroleague,rodriguez sergio||euroleague,2018-01-04,17.816666666666666,6
euroleague,rodriguez sergio||euroleague,2018-01-11,24.966666666666665,20
euroleague,rodriguez sergio||euroleague,2018-01-17,23.233333333333334,17
euroleague,rodriguez sergio||euroleague,2018-01-19,32.333333333333336,15
euroleague,roll michael||euroleague,2017-10-12,31.783333333333335,18
euroleague,roll michael||euroleague,2017-10-19,31.7,12
euroleague,roll michael||euroleague,2017-10-24,27.25,10
euroleague,roll michael||euroleague,2017-10-26,29.533333333333335,14
euroleague,roll michael||euroleague,2017-11-02,27.866666666666667,4
euroleague,roll michael||euroleague,2017-11-09,25.133333333333333,13
euroleague,roll michael||euroleague,2017-11-14,21.883333333333333,7
euroleague,roll michael||euroleague,2017-11-16,28.083333333333332,18
euroleague,roll michael||euroleague,2017-11-23,15.9,2
euroleague,roll michael||euroleague,2017-11-30,19.45,5
euroleague,roll michael||euroleague,2017-12-07,25.25,14
euroleague,roll michael||euroleague,2017-12-19,21.35,0
euroleague,roll michael||euroleague,2017-12-21,28.266666666666666,8
euroleague,roll michael||euroleague,2017-12-28,21.483333333333334,1
euroleague,roll michael||euroleague,2018-01-05,29.166666666666668,-2
euroleague,roll michael||euroleague,2018-01-11,33.016666666666666,20
euroleague,roll michael||euroleague,2018-01-16,22.266666666666666,2
euroleague,roll michael||euroleague,2018-01-18,18.816666666666666,8
euroleague,rubit augustine||euroleague,2017-10-12,18.716666666666665,10
euroleague,rubit augustine||euroleague,2017-10-19,13.783333333333333,8
euroleague,rubit augustine||euroleague,2017-10-25,31.133333333333333,27
euroleague,rubit augustine||euroleague,2017-10-27,20.133333333333333,9
euroleague,rubit augustine||euroleague,2017-11-02,19.316666666666666,15
euroleague,rubit augustine||euroleague,2017-11-10,22.9,8
euroleague,rubit augustine||euroleague,2017-11-15,20.916666666666668,14
euroleague,rubit augustine||euroleague,2017-11-17,21.283333333333335,15
euroleague,rubit augustine||euroleague,2017-11-23,24.216666666666665,15
euroleague,rubit augustine||euroleague,2017-11-30,19.783333333333335,7
euroleague,rubit augustine||euroleague,2017-12-07,19.783333333333335,18
euroleague,rubit augustine||euroleague,2017-12-14,25.7,15
euroleague,rubit augustine||euroleague,2017-12-19,17.383333333333333,2
euroleague,rubit augustine||euroleague,2017-12-21,19.633333333333333,4
euroleague,rubit augustine||euroleague,2017-12-29,20.066666666666666,7
euroleague,rubit augustine||euroleague,2018-01-05,30.5,16
euroleague,rubit augustine||euroleague,2018-01-11,20.766666666666666,7
euroleague,rubit augustine||euroleague,2018-01-16,28.133333333333333,29
euroleague,rubit augustine||euroleague,2018-01-18,20.766666666666666,1
euroleague,rudez damjan||euroleague,2017-11-02,5.516666666666667,-1
euroleague,rudez damjan||euroleague,2017-11-09,14.133333333333333,1
euroleague,rudez damjan||euroleague,2017-11-15,0.0,0
euroleague,rudez damjan||euroleague,2017-11-17,11.883333333333333,13
euroleague,rudez damjan||euroleague,2017-11-23,17.716666666666665,1
euroleague,rudez damjan||euroleague,2017-11-30,4.616666666666667,0
euroleague,rudez damjan||euroleague,2017-12-07,15.183333333333334,-1
euroleague,rudez damjan||euroleague,2017-12-15,0.0,0
euroleague,rudez damjan||euroleague,2017-12-19,0.0,0
euroleague,rudez damjan||euroleague,2017-12-21,0.0,0
euroleague,rudez damjan||euroleague,2017-12-28,17.333333333333332,-4
euroleague,rudez damjan||euroleague,2018-01-04,5.0,-3
euroleague,rudez damjan||euroleague,2018-01-11,14.383333333333333,8
euroleague,rudez damjan||euroleague,2018-01-16,12.166666666666666,-1
euroleague,rudez damjan||euroleague,2018-01-18,8.8,-3
euroleague,sajus martynas||euroleague,2017-11-14,4.233333333333333,0
euroleague,sajus martynas||euroleague,2017-11-16,3.0,-1
euroleague,sajus martynas||euroleague,2017-11-23,0.0,0
euroleague,sajus martynas||euroleague,2017-11-30,0.0,0
euroleague,sajus martynas||euroleague,2017-12-14,1.55,0
euroleague,sajus martynas||euroleague,2018-01-12,0.0,0
euroleague,sajus martynas||euroleague,2018-01-16,6.25,-1
euroleague,sajus martynas||euroleague,2018-01-18,0.3333333333333333,0
euroleague,salin sasu||euroleague,2017-10-12,16.333333333333332,1
euroleague,salin sasu||euroleague,2017-10-20,14.45,0
euroleague,salin sasu||euroleague,2017-10-25,11.733333333333333,6
euroleague,salin sasu||euroleague,2017-10-27,24.233333333333334,9
euroleague,salin sasu||euroleague,2017-11-03,17.733333333333334,10
euroleague,salin sasu||euroleague,2017-11-10,18.4,16
euroleague,salin sasu||euroleague,2017-11-14,35.583333333333336,11
euroleague,salin sasu||euroleague,2017-11-16,15.85,0
euroleague,salin sasu||euroleague,2017-11-24,18.75,1
euroleague,salin sasu||euroleague,2017-12-01,9.3,-2
euroleague,salin sasu||euroleague,2017-12-07,12.95,2
euroleague,salin sasu||euroleague,2017-12-14,11.833333333333334,4
euroleague,salin sasu||euroleague,2017-12-20,7.5,2
euroleague,salin sasu||euroleague,2017-12-22,13.683333333333334,1
euroleague,salin sasu||euroleague,2017-12-28,11.866666666666667,0
euroleague,salin sasu||euroleague,2018-01-04,12.733333333333333,0
euroleague,salin sasu||euroleague,2018-01-12,11.233333333333333,3
euroleague,salin sasu||euroleague,2018-01-19,0.0,0
euroleague,san emeterio fernando||euroleague,2017-11-02,19.933333333333334,4
euroleague,san emeterio fernando||euroleague,2017-11-09,18.5,14
euroleague,san emeterio fernando||euroleague,2017-11-15,34.03333333333333,13
euroleague,san emeterio fernando||euroleague,2017-11-17,23.933333333333334,-3
euroleague,san emeterio fernando||euroleague,2017-11-23,24.716666666666665,11
euroleague,san emeterio fernando||euroleague,2017-11-30,14.733333333333333,0
euroleague,san emeterio fernando||euroleague,2017-12-07,21.066666666666666,19
euroleague,san emeterio fernando||euroleague,2017-12-15,23.2,15
euroleague,san emeterio fernando||euroleague,2017-12-19,29.383333333333333,15
euroleague,san emeterio fernando||euroleague,2017-12-21,26.95,-2
euroleague,san emeterio fernando||euroleague,2018-01-11,5.55,1
euroleague,san emeterio fernando||euroleague,2018-01-16,17.566666666666666,8
euroleague,san emeterio fernando||euroleague,2018-01-18,25.1,12
euroleague,sanders rakim||euroleague,2017-11-03,18.15,7
euroleague,sanders rakim||euroleague,2017-11-09,11.6,0
euroleague,sanders rakim||euroleague,2017-11-15,31.633333333333333,26
euroleague,sanders rakim||euroleague,2017-11-17,18.116666666666667,5
euroleague,sanders rakim||euroleague,2017-11-23,22.666666666666668,19
euroleague,sanders rakim||euroleague,2017-12-01,26.366666666666667,9
euroleague,sanders rakim||euroleague,2017-12-08,18.616666666666667,3
euroleague,sanders rakim||euroleague,2017-12-14,18.683333333333334,6
euroleague,sanders rakim||euroleague,2017-12-20,23.4,8
euroleague,sanders rakim||euroleague,2017-12-22,11.45,-4
euroleague,sanders rakim||euroleague,2018-01-16,20.55,8
euroleague,sanders rakim||euroleague,2018-01-18,21.716666666666665,24
euroleague,sastre joan||euroleague,2017-10-13,29.0,5
euroleague,sastre joan||euroleague,2017-10-20,30.483333333333334,11
euroleague,sastre joan||euroleague,2017-11-09,14.133333333333333,0
euroleague,sastre joan||euroleague,2017-11-15,21.233333333333334,-1
euroleague,sastre joan||euroleague,2017-11-17,25.583333333333332,7
euroleague,sastre joan||euroleague,2017-11-23,21.166666666666668,11
euroleague,sastre joan||euroleague,2017-11-30,16.15,-2
euroleague,saybir yigitcan||euroleague,2017-10-25,0.0,0
euroleague,segev itay||euroleague,2017-10-12,0.0,0
euroleague,segev itay||euroleague,2017-10-19,0.0,0
euroleague,segev itay||euroleague,2017-10-24,0.0,0
euroleague,segev itay||euroleague,2017-10-26,0.0,0
euroleague,segev itay||euroleague,2017-11-02,4.9,0
euroleague,segev itay||euroleague,2017-11-09,6.683333333333334,2
euroleague,segev itay||euroleague,2017-11-14,9.2,2
euroleague,segev itay||euroleague,2017-11-16,21.383333333333333,2
euroleague,segev itay||euroleague,2017-11-23,12.083333333333334,3
euroleague,segev itay||euroleague,2017-11-30,0.0,0
euroleague,segev itay||euroleague,2017-12-07,0.0,0
euroleague,segev itay||euroleague,2017-12-15,2.55,-2
euroleague,segev itay||euroleague,2017-12-28,4.233333333333333,3
euroleague,segev itay||euroleague,2018-01-05,0.0,0
euroleague,segev itay||euroleague,2018-01-11,0.0,0
euroleague,segev itay||euroleague,2018-01-16,4.1,-1
euroleague,seraphin kevin||euroleague,2017-10-13,23.9,31
euroleague,seraphin kevin||euroleague,2017-10-20,15.0,17
euroleague,seraphin kevin||euroleague,2017-10-24,21.883333333333333,12
euroleague,seraphin kevin||euroleague,2017-10-26,15.8,-1
euroleague,seraphin kevin||euroleague,2017-11-03,19.333333333333332,12
euroleague,seraphin kevin||euroleague,2017-11-09,22.1,12
euroleague,seraphin kevin||euroleague,2017-11-15,26.316666666666666,17
euroleague,seraphin kevin||euroleague,2017-11-17,18.2,13
euroleague,seraphin kevin||euroleague,2017-11-23,21.4,18
euroleague,seraphin kevin||euroleague,2017-12-01,19.85,15
euroleague,seraphin kevin||euroleague,2017-12-08,25.083333333333332,13
euroleague,seraphin kevin||euroleague,2017-12-14,20.366666666666667,-2
euroleague,seraphin kevin||euroleague,2017-12-20,20.85,12
euroleague,seraphin kevin||euroleague,2017-12-22,15.85,7
euroleague,seraphin kevin||euroleague,2017-12-29,18.233333333333334,11
euroleague,seraphin kevin||euroleague,2018-01-04,0.0,0
euroleague,shengelia tornike||euroleague,2017-10-12,29.85,12
euroleague,shengelia tornike||euroleague,2017-10-19,32.833333333333336,9
euroleague,shengelia tornike||euroleague,2017-10-25,31.8,26
euroleague,shengelia tornike||euroleague,2017-10-27,36.38333333333333,9
euroleague,shengelia tornike||euroleague,2017-11-02,29.583333333333332,14
euroleague,shengelia tornike||euroleague,2017-11-10,24.983333333333334,13
euroleague,shengelia tornike||euroleague,2017-11-14,18.033333333333335,8
euroleague,shengelia tornike||euroleague,2017-11-16,27.383333333333333,26
euroleague,shengelia tornike||euroleague,2017-11-23,27.8,23
euroleague,shengelia tornike||euroleague,2017-11-30,17.133333333333333,13
euroleague,shengelia tornike||euroleague,2017-12-07,19.316666666666666,20
euroleague,shengelia tornike||euroleague,2017-12-15,29.166666666666668,26
euroleague,shengelia tornike||euroleague,2017-12-20,28.633333333333333,26
euroleague,shengelia tornike||euroleague,2017-12-22,29.466666666666665,31
euroleague,shengelia tornike||euroleague,2017-12-29,28.283333333333335,33
euroleague,shengelia tornike||euroleague,2018-01-05,27.733333333333334,22
euroleague,shengelia tornike||euroleague,2018-01-12,15.716666666666667,14
euroleague,shengelia tornike||euroleague,2018-01-17,25.416666666666668,12
euroleague,shengelia tornike||euroleague,2018-01-19,26.75,29
euroleague,shermadini giorgi||euroleague,2017-10-12,14.916666666666666,11
euroleague,shermadini giorgi||euroleague,2017-10-20,15.316666666666666,6
euroleague,shermadini giorgi||euroleague,2017-10-25,17.9,12
euroleague,shermadini giorgi||euroleague,2017-10-27,9.733333333333333,1
euroleague,shermadini giorgi||euroleague,2017-11-03,14.766666666666667,15
euroleague,shermadini giorgi||euroleague,2017-11-10,9.966666666666667,-3
euroleague,shermadini giorgi||euroleague,2017-11-14,12.866666666666667,0
euroleague,shermadini giorgi||euroleague,2017-11-16,15.033333333333333,1
euroleague,shermadini giorgi||euroleague,2017-11-24,11.75,-2
euroleague,shermadini giorgi||euroleague,2017-12-07,14.483333333333333,1
euroleague,shermadini giorgi||euroleague,2017-12-14,13.866666666666667,14
euroleague,shermadini giorgi||euroleague,2017-12-20,12.016666666666667,12
euroleague,shermadini giorgi||euroleague,2017-12-22,14.55,-1
euroleague,shermadini giorgi||euroleague,2017-12-28,15.166666666666666,26
euroleague,shermadini giorgi||euroleague,2018-01-04,15.666666666666666,11
euroleague,shermadini giorgi||euroleague,2018-01-12,17.383333333333333,15
euroleague,shermadini giorgi||euroleague,2018-01-17,12.933333333333334,7
euroleague,shermadini giorgi||euroleague,2018-01-19,18.366666666666667,12
euroleague,shved alexey||euroleague,2017-10-13,33.28333333333333,13
euroleague,shved alexey||euroleague,2017-10-20,30.666666666666668,6
euroleague,shved alexey||euroleague,2017-10-24,29.983333333333334,25
euroleague,shved alexey||euroleague,2017-10-26,34.11666666666667,26
euroleague,shved alexey||euroleague,2017-11-02,35.53333333333333,21
euroleague,shved alexey||euroleague,2017-11-10,29.216666666666665,19
euroleague,shved alexey||euroleague,2017-11-14,31.583333333333332,14
euroleague,shved alexey||euroleague,2017-11-16,35.766666666666666,14
euroleague,shved alexey||euroleague,2017-11-24,33.75,20
euroleague,shved alexey||euroleague,2017-11-30,33.43333333333333,25
euroleague,shved alexey||euroleague,2017-12-07,32.43333333333333,35
euroleague,shved alexey||euroleague,2017-12-14,32.9,21
euroleague,shved alexey||euroleague,2017-12-20,27.666666666666668,30
euroleague,shved alexey||euroleague,2017-12-22,29.083333333333332,3
euroleague,shved alexey||euroleague,2017-12-29,33.016666666666666,16
euroleague,shved alexey||euroleague,2018-01-05,34.68333333333333,22
euroleague,shved alexey||euroleague,2018-01-12,30.3,14
euroleague,shved alexey||euroleague,2018-01-16,30.983333333333334,33
euroleague,shved alexey||euroleague,2018-01-18,26.9,19
euroleague,simon krunoslav||euroleague,2017-10-12,24.183333333333334,-7
euroleague,simon krunoslav||euroleague,2017-10-20,24.3,-2
euroleague,simon krunoslav||euroleague,2017-10-25,34.483333333333334,23
euroleague,simon krunoslav||euroleague,2017-10-27,32.36666666666667,24
euroleague,simon krunoslav||euroleague,2017-11-03,28.85,12
euroleague,simon krunoslav||euroleague,2017-11-09,26.516666666666666,3
euroleague,simon krunoslav||euroleague,2017-11-14,34.166666666666664,12
euroleague,simon krunoslav||euroleague,2017-11-16,25.8,8
euroleague,simon krunoslav||euroleague,2017-11-23,30.666666666666668,17
euroleague,simon krunoslav||euroleague,2017-11-30,23.4,-4
euroleague,simon krunoslav||euroleague,2017-12-08,28.833333333333332,5
euroleague,simon krunoslav||euroleague,2017-12-15,27.533333333333335,12
euroleague,simon krunoslav||euroleague,2017-12-20,31.766666666666666,19
euroleague,simon krunoslav||euroleague,2017-12-22,33.13333333333333,22
euroleague,simon krunoslav||euroleague,2017-12-29,36.31666666666667,12
euroleague,simon krunoslav||euroleague,2018-01-04,34.016666666666666,15
euroleague,simon krunoslav||euroleague,2018-01-12,24.2,10
euroleague,simon krunoslav||euroleague,2018-01-17,20.183333333333334,8
euroleague,simon krunoslav||euroleague,2018-01-19,32.96666666666667,3
euroleague,singleton chris||euroleague,2017-10-13,32.333333333333336,4
euroleague,singleton chris||euroleague,2017-10-19,27.316666666666666,23
euroleague,singleton chris||euroleague,2017-10-25,34.18333333333333,15
euroleague,singleton chris||euroleague,2017-10-27,28.466666666666665,18
euroleague,singleton chris||euroleague,2017-11-02,38.4,14
euroleague,singleton chris||euroleague,2017-11-10,31.433333333333334,6
euroleague,singleton chris||euroleague,2017-11-14,28.333333333333332,7
euroleague,singleton chris||euroleague,2017-11-16,27.333333333333332,8
euroleague,singleton chris||euroleague,2017-11-24,32.766666666666666,13
euroleague,singleton chris||euroleague,2017-12-01,22.166666666666668,3
euroleague,singleton chris||euroleague,2017-12-07,33.2,11
euroleague,singleton chris||euroleague,2017-12-15,30.35,8
euroleague,singleton chris||euroleague,2017-12-19,32.31666666666667,23
euroleague,singleton chris||euroleague,2017-12-21,25.833333333333332,8
euroleague,singleton chris||euroleague,2017-12-28,33.78333333333333,25
euroleague,singleton chris||euroleague,2018-01-04,24.183333333333334,4
euroleague,singleton chris||euroleague,2018-01-11,25.133333333333333,12
euroleague,singleton chris||euroleague,2018-01-17,36.75,20
euroleague,singleton chris||euroleague,2018-01-19,30.866666666666667,14
euroleague,sloukas kostas||euroleague,2017-10-12,30.583333333333332,23
euroleague,sloukas kostas||euroleague,2017-10-19,38.983333333333334,27
euroleague,sloukas kostas||euroleague,2017-10-25,22.416666666666668,15
euroleague,sloukas kostas||euroleague,2017-10-27,28.0,-1
euroleague,sloukas kostas||euroleague,2017-11-02,24.883333333333333,15
euroleague,sloukas kostas||euroleague,2017-11-10,29.416666666666668,18
euroleague,sloukas kostas||euroleague,2017-11-15,33.333333333333336,8
euroleague,sloukas kostas||euroleague,2017-11-17,30.683333333333334,16
euroleague,sloukas kostas||euroleague,2017-11-30,25.433333333333334,20
euroleague,sloukas kostas||euroleague,2017-12-08,28.7,17
euroleague,sloukas kostas||euroleague,2017-12-14,26.516666666666666,-1
euroleague,sloukas kostas||euroleague,2017-12-19,17.85,13
euroleague,sloukas kostas||euroleague,2017-12-21,21.45,3
euroleague,sloukas kostas||euroleague,2017-12-28,26.016666666666666,3
euroleague,sloukas kostas||euroleague,2018-01-05,17.35,1
euroleague,sloukas kostas||euroleague,2018-01-11,25.383333333333333,13
euroleague,sloukas kostas||euroleague,2018-01-17,22.6,13
euroleague,sloukas kostas||euroleague,2018-01-19,14.666666666666666,4
euroleague,sokolov dmitry||euroleague,2017-11-14,0.0,0
euroleague,sokolov dmitry||euroleague,2017-11-16,0.0,0
euroleague,sokolov dmitry||euroleague,2017-11-24,0.0,0
euroleague,sokolov dmitry||euroleague,2017-11-30,0.0,0
euroleague,sokolov dmitry||euroleague,2017-12-07,2.5666666666666664,-2
euroleague,sokolov dmitry||euroleague,2017-12-20,3.9,3
euroleague,sokolov dmitry||euroleague,2017-12-22,0.0,0
euroleague,sokolov dmitry||euroleague,2017-12-29,0.0,0
euroleague,sokolov dmitry||euroleague,2018-01-12,0.0,0
euroleague,soluade mo||euroleague,2017-10-27,7.883333333333333,0
euroleague,soluade mo||euroleague,2017-11-10,2.4333333333333336,-1
euroleague,soluade mo||euroleague,2017-11-14,0.0,0
euroleague,soluade mo||euroleague,2017-11-16,24.15,4
euroleague,soluade mo||euroleague,2017-12-01,0.0,0
euroleague,soluade mo||euroleague,2017-12-14,0.0,0
euroleague,soluade mo||euroleague,2017-12-28,0.0,0
euroleague,soluade mo||euroleague,2018-01-04,5.0,3
euroleague,soluade mo||euroleague,2018-01-12,0.0,0
euroleague,soluade mo||euroleague,2018-01-17,10.4,8
euroleague,soluade mo||euroleague,2018-01-19,18.9,-1
euroleague,spanoulis vassilis||euroleague,2017-12-08,23.183333333333334,4
euroleague,spanoulis vassilis||euroleague,2017-12-14,22.016666666666666,11
euroleague,spanoulis vassilis||euroleague,2017-12-20,31.05,19
euroleague,spanoulis vassilis||euroleague,2017-12-22,27.766666666666666,7
euroleague,spanoulis vassilis||euroleague,2017-12-28,25.55,7
euroleague,spanoulis vassilis||euroleague,2018-01-05,20.133333333333333,22
euroleague,spanoulis vassilis||euroleague,2018-01-12,26.416666666666668,7
euroleague,spanoulis vassilis||euroleague,2018-01-16,20.183333333333334,14
euroleague,spanoulis vassilis||euroleague,2018-01-18,15.35,-4
euroleague,staiger lucca||euroleague,2017-10-12,0.35,3
euroleague,staiger lucca||euroleague,2017-10-19,10.25,5
euroleague,staiger lucca||euroleague,2017-10-25,24.383333333333333,11
euroleague,staiger lucca||euroleague,2017-10-27,10.233333333333333,8
euroleague,staiger lucca||euroleague,2017-11-02,0.0,0
euroleague,staiger lucca||euroleague,2017-11-10,11.1,6
euroleague,staiger lucca||euroleague,2017-11-15,2.5166666666666666,-1
euroleague,staiger lucca||euroleague,2017-11-17,5.783333333333333,-1
euroleague,staiger lucca||euroleague,2017-11-23,2.55,-1
euroleague,staiger lucca||euroleague,2017-11-30,0.36666666666666664,-1
euroleague,staiger lucca||euroleague,2017-12-07,0.0,0
euroleague,staiger lucca||euroleague,2017-12-14,0.1,0
euroleague,staiger lucca||euroleague,2017-12-19,6.133333333333334,0
euroleague,staiger lucca||euroleague,2017-12-21,11.066666666666666,9
euroleague,staiger lucca||euroleague,2017-12-29,5.366666666666666,5
euroleague,staiger lucca||euroleague,2018-01-05,11.2,1
euroleague,staiger lucca||euroleague,2018-01-11,15.666666666666666,8
euroleague,staiger lucca||euroleague,2018-01-16,4.05,-1
euroleague,staiger lucca||euroleague,2018-01-18,17.166666666666668,1
euroleague,stimac vladimir||euroleague,2017-10-12,22.216666666666665,8
euroleague,stimac vladimir||euroleague,2017-10-20,31.6,27
euroleague,stimac vladimir||euroleague,2017-10-25,25.133333333333333,21
euroleague,stimac vladimir||euroleague,2017-10-27,14.316666666666666,11
euroleague,stimac vladimir||euroleague,2017-11-03,23.916666666666668,23
euroleague,stimac vladimir||euroleague,2017-11-09,29.366666666666667,29
euroleague,stimac vladimir||euroleague,2017-11-14,30.583333333333332,22
euroleague,stimac vladimir||euroleague,2017-11-16,25.05,20
euroleague,stimac vladimir||euroleague,2017-11-23,19.583333333333332,9
euroleague,stimac vladimir||euroleague,2017-11-30,24.366666666666667,29
euroleague,stimac vladimir||euroleague,2017-12-08,34.0,18
euroleague,stimac vladimir||euroleague,2017-12-15,28.75,16
euroleague,stimac vladimir||euroleague,2017-12-20,14.883333333333333,14
euroleague,stimac vladimir||euroleague,2017-12-22,14.633333333333333,8
euroleague,stimac vladimir||euroleague,2017-12-29,6.766666666666667,3
euroleague,stimac vladimir||euroleague,2018-01-04,13.216666666666667,10
euroleague,stimac vladimir||euroleague,2018-01-12,9.366666666666667,4
euroleague,stimac vladimir||euroleague,2018-01-17,21.483333333333334,25
euroleague,stimac vladimir||euroleague,2018-01-19,18.9,9
euroleague,strelnieks janis||euroleague,2017-10-12,26.416666666666668,6
euroleague,strelnieks janis||euroleague,2017-10-20,15.733333333333333,1
euroleague,strelnieks janis||euroleague,2017-10-24,20.583333333333332,2
euroleague,strelnieks janis||euroleague,2017-10-26,21.883333333333333,16
euroleague,strelnieks janis||euroleague,2017-11-03,18.6,1
euroleague,strelnieks janis||euroleague,2017-11-10,27.816666666666666,16
euroleague,strelnieks janis||euroleague,2017-11-15,32.53333333333333,12
euroleague,strelnieks janis||euroleague,2017-11-17,23.116666666666667,16
euroleague,strelnieks janis||euroleague,2017-11-23,26.466666666666665,21
euroleague,strelnieks janis||euroleague,2017-11-30,24.95,15
euroleague,strelnieks janis||euroleague,2017-12-08,25.116666666666667,15
euroleague,strelnieks janis||euroleague,2017-12-14,27.733333333333334,8
euroleague,strelnieks janis||euroleague,2017-12-20,21.65,7
euroleague,strelnieks janis||euroleague,2017-12-22,19.033333333333335,-2
euroleague,strelnieks janis||euroleague,2017-12-28,27.966666666666665,3
euroleague,strelnieks janis||euroleague,2018-01-05,6.883333333333333,-1
euroleague,strelnieks janis||euroleague,2018-01-12,12.483333333333333,-3
euroleague,strelnieks janis||euroleague,2018-01-16,15.866666666666667,5
euroleague,strelnieks janis||euroleague,2018-01-18,24.366666666666667,15
euroleague,suarez carlos||euroleague,2017-10-12,21.15,11
euroleague,suarez carlos||euroleague,2017-10-20,22.1,8
euroleague,suarez carlos||euroleague,2017-10-25,17.633333333333333,-1
euroleague,suarez carlos||euroleague,2017-10-27,17.6,7
euroleague,suarez carlos||euroleague,2017-11-03,20.65,16
euroleague,suarez carlos||euroleague,2017-11-10,16.716666666666665,5
euroleague,suarez carlos||euroleague,2017-11-14,19.383333333333333,11
euroleague,suarez carlos||euroleague,2017-11-16,7.533333333333333,2
euroleague,suarez carlos||euroleague,2017-11-24,23.1,22
euroleague,suarez carlos||euroleague,2017-12-01,19.583333333333332,19
euroleague,suarez carlos||euroleague,2017-12-07,21.366666666666667,7
euroleague,suarez carlos||euroleague,2017-12-14,8.4,6
euroleague,suarez carlos||euroleague,2017-12-20,18.833333333333332,14
euroleague,suarez carlos||euroleague,2017-12-22,13.033333333333333,0
euroleague,suarez carlos||euroleague,2017-12-28,16.516666666666666,4
euroleague,suarez carlos||euroleague,2018-01-04,19.716666666666665,11
euroleague,suarez carlos||euroleague,2018-01-12,29.2,7
euroleague,suarez carlos||euroleague,2018-01-17,18.5,12
euroleague,suarez carlos||euroleague,2018-01-19,16.016666666666666,6
euroleague,tarczewski kaleb||euroleague,2017-10-12,20.866666666666667,8
euroleague,tarczewski kaleb||euroleague,2017-10-19,16.916666666666668,6
euroleague,tarczewski kaleb||euroleague,2017-10-24,10.533333333333333,0
euroleague,tarczewski kaleb||euroleague,2017-10-26,22.3,15
euroleague,tarczewski kaleb||euroleague,2017-11-02,24.85,15
euroleague,tarczewski kaleb||euroleague,2017-11-09,27.333333333333332,15
euroleague,tarczewski kaleb||euroleague,2017-11-15,24.233333333333334,14
euroleague,tarczewski kaleb||euroleague,2017-11-17,17.583333333333332,19
euroleague,tarczewski kaleb||euroleague,2017-11-23,18.716666666666665,17
euroleague,tarczewski kaleb||euroleague,2017-11-30,17.1,8
euroleague,tarczewski kaleb||euroleague,2017-12-07,19.95,15
euroleague,tarczewski kaleb||euroleague,2017-12-15,27.1,17
euroleague,tarczewski kaleb||euroleague,2017-12-20,15.1,12
euroleague,tarczewski kaleb||euroleague,2017-12-22,19.55,9
euroleague,tarczewski kaleb||euroleague,2017-12-29,17.65,11
euroleague,tarczewski kaleb||euroleague,2018-01-05,28.1,16
euroleague,tarczewski kaleb||euroleague,2018-01-11,26.05,25
euroleague,tarczewski kaleb||euroleague,2018-01-17,20.733333333333334,9
euroleague,tarczewski kaleb||euroleague,2018-01-19,18.466666666666665,6
euroleague,tavares walter||euroleague,2017-11-14,20.016666666666666,18
euroleague,tavares walter||euroleague,2017-11-16,17.266666666666666,9
euroleague,tavares walter||euroleague,2017-11-24,15.966666666666667,9
euroleague,tavares walter||euroleague,2017-12-01,12.45,2
euroleague,tavares walter||euroleague,2017-12-08,20.616666666666667,9
euroleague,tavares walter||euroleague,2017-12-14,16.566666666666666,4
euroleague,tavares walter||euroleague,2017-12-19,15.633333333333333,17
euroleague,tavares walter||euroleague,2017-12-21,24.466666666666665,19
euroleague,tavares walter||euroleague,2017-12-28,10.616666666666667,0
euroleague,tavares walter||euroleague,2018-01-05,23.65,21
euroleague,tavares walter||euroleague,2018-01-12,21.566666666666666,22
euroleague,tavares walter||euroleague,2018-01-17,22.916666666666668,20
euroleague,tavares walter||euroleague,2018-01-19,19.9,6
euroleague,taylor bryce||euroleague,2017-10-12,26.65,1
euroleague,taylor bryce||euroleague,2017-10-19,19.466666666666665,6
euroleague,taylor bryce||euroleague,2017-10-25,11.016666666666667,-3
euroleague,taylor bryce||euroleague,2017-10-27,21.116666666666667,-1
euroleague,taylor bryce||euroleague,2017-11-02,29.15,4
euroleague,taylor bryce||euroleague,2017-11-10,25.333333333333332,6
euroleague,taylor bryce||euroleague,2017-11-15,25.566666666666666,11
euroleague,taylor bryce||euroleague,2017-11-17,27.583333333333332,4
euroleague,taylor bryce||euroleague,2017-11-23,23.466666666666665,7
euroleague,taylor bryce||euroleague,2017-11-30,29.7,15
euroleague,taylor jeffery||euroleague,2017-10-12,29.45,-1
euroleague,taylor jeffery||euroleague,2017-10-19,15.583333333333334,6
euroleague,taylor jeffery||euroleague,2017-10-24,20.583333333333332,8
euroleague,taylor jeffery||euroleague,2017-10-26,17.2,12
euroleague,taylor jeffery||euroleague,2017-11-02,25.333333333333332,9
euroleague,taylor jeffery||euroleague,2017-11-09,21.25,8
euroleague,taylor jeffery||euroleague,2017-11-14,26.0,1
euroleague,taylor jeffery||euroleague,2017-11-16,16.466666666666665,7
euroleague,taylor jeffery||euroleague,2017-12-08,23.6,1
euroleague,taylor jeffery||euroleague,2017-12-14,24.633333333333333,6
euroleague,taylor jeffery||euroleague,2017-12-19,31.783333333333335,9
euroleague,taylor jeffery||euroleague,2017-12-21,16.2,5
euroleague,taylor jeffery||euroleague,2017-12-28,21.3,5
euroleague,taylor jeffery||euroleague,2018-01-05,15.633333333333333,5
euroleague,taylor jeffery||euroleague,2018-01-12,9.8,-1
euroleague,taylor jeffery||euroleague,2018-01-17,21.05,-3
euroleague,taylor jeffery||euroleague,2018-01-19,20.45,7
euroleague,theodore jordan||euroleague,2017-10-12,26.533333333333335,4
euroleague,theodore jordan||euroleague,2017-10-19,31.183333333333334,17
euroleague,theodore jordan||euroleague,2017-10-24,23.3,10
euroleague,theodore jordan||euroleague,2017-10-26,33.75,24
euroleague,theodore jordan||euroleague,2017-11-02,29.916666666666668,-4
euroleague,theodore jordan||euroleague,2017-11-09,24.2,8
euroleague,theodore jordan||euroleague,2017-11-15,42.1,17
euroleague,theodore jordan||euroleague,2017-11-17,23.933333333333334,4
euroleague,theodore jordan||euroleague,2017-11-23,32.65,11
euroleague,theodore jordan||euroleague,2017-11-30,26.8,15
euroleague,theodore jordan||euroleague,2017-12-07,35.25,22
euroleague,theodore jordan||euroleague,2017-12-15,17.1,3
euroleague,theodore jordan||euroleague,2017-12-20,30.733333333333334,7
euroleague,theodore jordan||euroleague,2017-12-22,30.0,18
euroleague,theodore jordan||euroleague,2017-12-29,17.2,5
euroleague,theodore jordan||euroleague,2018-01-05,20.916666666666668,0
euroleague,theodore jordan||euroleague,2018-01-17,27.35,26
euroleague,theodore jordan||euroleague,2018-01-19,29.8,25
euroleague,thomas deshaun||euroleague,2017-10-12,29.8,12
euroleague,thomas deshaun||euroleague,2017-10-19,30.666666666666668,12
euroleague,thomas deshaun||euroleague,2017-10-24,19.016666666666666,1
euroleague,thomas deshaun||euroleague,2017-10-26,25.65,31
euroleague,thomas deshaun||euroleague,2017-11-02,29.0,12
euroleague,thomas deshaun||euroleague,2017-11-09,29.533333333333335,18
euroleague,thomas deshaun||euroleague,2017-11-14,27.3,9
euroleague,thomas deshaun||euroleague,2017-11-16,19.733333333333334,7
euroleague,thomas deshaun||euroleague,2017-11-23,17.866666666666667,5
euroleague,thomas deshaun||euroleague,2017-11-30,28.75,4
euroleague,thomas deshaun||euroleague,2017-12-07,30.766666666666666,16
euroleague,thomas deshaun||euroleague,2017-12-15,26.85,12
euroleague,thomas deshaun||euroleague,2017-12-19,28.833333333333332,16
euroleague,thomas deshaun||euroleague,2017-12-21,19.5,2
euroleague,thomas deshaun||euroleague,2018-01-11,12.65,7
euroleague,thomas deshaun||euroleague,2018-01-16,23.933333333333334,8
euroleague,thomas deshaun||euroleague,2018-01-18,23.666666666666668,6
euroleague,thomas malcolm||euroleague,2017-10-13,24.75,15
euroleague,thomas malcolm||euroleague,2017-10-20,16.716666666666665,21
euroleague,thomas malcolm||euroleague,2017-10-24,19.333333333333332,15
euroleague,thomas malcolm||euroleague,2017-10-26,20.866666666666667,4
euroleague,thomas malcolm||euroleague,2017-11-02,23.866666666666667,14
euroleague,thomas malcolm||euroleague,2017-11-10,18.866666666666667,9
euroleague,thomas malcolm||euroleague,2017-11-14,22.15,6
euroleague,thomas malcolm||euroleague,2017-11-16,16.95,3
euroleague,thomas malcolm||euroleague,2017-11-24,16.616666666666667,4
euroleague,thomas malcolm||euroleague,2017-11-30,26.433333333333334,14
euroleague,thomas malcolm||euroleague,2017-12-07,18.166666666666668,13
euroleague,thomas malcolm||euroleague,2017-12-14,32.11666666666667,16
euroleague,thomas malcolm||euroleague,2017-12-20,24.65,6
euroleague,thomas malcolm||euroleague,2017-12-22,17.05,3
euroleague,thomas malcolm||euroleague,2017-12-29,11.683333333333334,-1
euroleague,thomas malcolm||euroleague,2018-01-05,29.0,28
euroleague,thomas malcolm||euroleague,2018-01-12,34.85,16
euroleague,thomas malcolm||euroleague,2018-01-16,29.116666666666667,14
euroleague,thomas malcolm||euroleague,2018-01-18,15.233333333333333,15
euroleague,thomas will||euroleague,2017-10-13,18.35,5
euroleague,thomas will||euroleague,2017-10-20,19.95,8
euroleague,thomas will||euroleague,2017-10-25,15.733333333333333,-2
euroleague,thomas will||euroleague,2017-10-27,28.1,19
euroleague,thomas will||euroleague,2017-11-02,21.966666666666665,12
euroleague,thomas will||euroleague,2017-11-09,17.966666666666665,1
euroleague,thomas will||euroleague,2017-11-15,14.266666666666667,0
euroleague,thomas will||euroleague,2017-11-17,19.333333333333332,11
euroleague,thomas will||euroleague,2017-11-23,19.433333333333334,19
euroleague,thomas will||euroleague,2017-11-30,20.666666666666668,-1
euroleague,thomas will||euroleague,2017-12-07,23.916666666666668,7
euroleague,thomas will||euroleague,2017-12-15,28.083333333333332,10
euroleague,thomas will||euroleague,2017-12-19,22.75,0
euroleague,thomas will||euroleague,2017-12-21,29.083333333333332,13
euroleague,thomas will||euroleague,2017-12-28,17.983333333333334,-1
euroleague,thomas will||euroleague,2018-01-04,28.95,5
euroleague,thomas will||euroleague,2018-01-11,22.166666666666668,2
euroleague,thomas will||euroleague,2018-01-16,27.516666666666666,7
euroleague,thomas will||euroleague,2018-01-18,27.85,21
euroleague,thompkins trey||euroleague,2017-11-09,18.766666666666666,6
euroleague,thompkins trey||euroleague,2017-11-14,24.15,3
euroleague,thompkins trey||euroleague,2017-11-16,16.55,9
euroleague,thompkins trey||euroleague,2017-11-24,28.333333333333332,15
euroleague,thompkins trey||euroleague,2017-12-01,23.716666666666665,11
euroleague,thompkins trey||euroleague,2017-12-08,20.333333333333332,9
euroleague,thompkins trey||euroleague,2017-12-14,30.933333333333334,12
euroleague,thompkins trey||euroleague,2017-12-19,34.8,19
euroleague,thompkins trey||euroleague,2017-12-21,28.75,22
euroleague,thompkins trey||euroleague,2017-12-28,27.216666666666665,13
euroleague,thompkins trey||euroleague,2018-01-05,17.533333333333335,4
euroleague,thompkins trey||euroleague,2018-01-12,26.233333333333334,9
euroleague,thompkins trey||euroleague,2018-01-17,26.083333333333332,20
euroleague,thompkins trey||euroleague,2018-01-19,24.0,9
euroleague,thompson hollis||euroleague,2017-10-12,20.916666666666668,5
euroleague,thompson hollis||euroleague,2017-10-20,19.416666666666668,14
euroleague,thompson hollis||euroleague,2017-10-24,19.633333333333333,5
euroleague,thompson hollis||euroleague,2017-10-26,23.35,15
euroleague,thompson hollis||euroleague,2017-11-03,23.65,0
euroleague,thompson hollis||euroleague,2017-11-10,19.0,-2
euroleague,thompson hollis||euroleague,2017-11-15,16.166666666666668,10
euroleague,thompson hollis||euroleague,2017-11-17,22.016666666666666,11
euroleague,thompson hollis||euroleague,2017-11-23,13.133333333333333,5
euroleague,thompson hollis||euroleague,2017-11-30,18.8,7
euroleague,thompson hollis||euroleague,2017-12-08,14.05,7
euroleague,thompson hollis||euroleague,2017-12-14,4.533333333333333,1
euroleague,thompson hollis||euroleague,2017-12-20,18.516666666666666,11
euroleague,thompson hollis||euroleague,2017-12-22,20.083333333333332,12
euroleague,thompson hollis||euroleague,2017-12-28,21.816666666666666,15
euroleague,thompson hollis||euroleague,2018-01-05,11.8,-1
euroleague,thompson hollis||euroleague,2018-01-12,12.983333333333333,7
euroleague,thompson hollis||euroleague,2018-01-16,16.766666666666666,1
euroleague,thompson hollis||euroleague,2018-01-18,18.416666666666668,4
euroleague,thompson jason||euroleague,2017-10-12,18.8,9
euroleague,thompson jason||euroleague,2017-10-19,21.283333333333335,10
euroleague,thompson jason||euroleague,2017-10-25,21.2,9
euroleague,thompson jason||euroleague,2017-10-27,13.45,3
euroleague,thompson jason||euroleague,2017-11-02,13.633333333333333,8
euroleague,thompson jason||euroleague,2017-11-10,15.733333333333333,4
euroleague,thompson jason||euroleague,2017-11-15,11.45,1
euroleague,thompson jason||euroleague,2017-11-17,27.85,19
euroleague,thompson jason||euroleague,2017-11-24,23.65,2
euroleague,thompson jason||euroleague,2017-11-30,2.283333333333333,-4
euroleague,thompson jason||euroleague,2017-12-08,11.95,6
euroleague,thompson jason||euroleague,2017-12-14,11.25,6
euroleague,thompson jason||euroleague,2017-12-19,13.266666666666667,2
euroleague,thompson jason||euroleague,2017-12-21,1.3,-3
euroleague,thompson jason||euroleague,2017-12-28,23.45,10
euroleague,thompson jason||euroleague,2018-01-05,26.95,14
euroleague,thompson jason||euroleague,2018-01-11,24.9,16
euroleague,thompson jason||euroleague,2018-01-17,29.666666666666668,18
euroleague,thompson jason||euroleague,2018-01-19,15.35,6
euroleague,tillie kim||euroleague,2017-10-12,0.0,0
euroleague,timma janis||euroleague,2017-10-12,30.466666666666665,3
euroleague,timma janis||euroleague,2017-10-19,21.75,7
euroleague,timma janis||euroleague,2017-10-25,26.083333333333332,-1
euroleague,timma janis||euroleague,2017-10-27,18.2,1
euroleague,timma janis||euroleague,2017-11-02,24.633333333333333,5
euroleague,timma janis||euroleague,2017-11-10,27.683333333333334,4
euroleague,timma janis||euroleague,2017-11-14,20.266666666666666,14
euroleague,timma janis||euroleague,2017-11-16,23.35,6
euroleague,timma janis||euroleague,2017-11-23,27.233333333333334,16
euroleague,timma janis||euroleague,2017-11-30,25.2,16
euroleague,timma janis||euroleague,2017-12-07,30.833333333333332,21
euroleague,timma janis||euroleague,2017-12-15,25.616666666666667,12
euroleague,timma janis||euroleague,2017-12-20,22.683333333333334,2
euroleague,timma janis||euroleague,2017-12-22,30.633333333333333,13
euroleague,timma janis||euroleague,2017-12-29,30.366666666666667,15
euroleague,timma janis||euroleague,2018-01-05,24.616666666666667,7
euroleague,timma janis||euroleague,2018-01-12,22.766666666666666,-2
euroleague,timma janis||euroleague,2018-01-17,19.916666666666668,4
euroleague,timma janis||euroleague,2018-01-19,21.666666666666668,7
euroleague,todorovic marko||euroleague,2017-10-13,0.0,0
euroleague,todorovic marko||euroleague,2017-10-20,0.0,0
euroleague,todorovic marko||euroleague,2017-10-24,6.816666666666666,-2
euroleague,todorovic marko||euroleague,2017-10-26,0.0,0
euroleague,todorovic marko||euroleague,2017-11-02,1.5833333333333335,0
euroleague,todorovic marko||euroleague,2017-11-10,0.0,0
euroleague,todorovic marko||euroleague,2017-11-14,4.733333333333333,6
euroleague,todorovic marko||euroleague,2017-11-16,6.95,-1
euroleague,todorovic marko||euroleague,2017-11-24,11.566666666666666,6
euroleague,todorovic marko||euroleague,2017-11-30,13.566666666666666,1
euroleague,todorovic marko||euroleague,2017-12-07,19.266666666666666,1
euroleague,todorovic marko||euroleague,2017-12-14,7.883333333333333,4
euroleague,todorovic marko||euroleague,2017-12-20,5.916666666666667,-1
euroleague,todorovic marko||euroleague,2017-12-22,11.6,10
euroleague,todorovic marko||euroleague,2017-12-29,14.433333333333334,-1
euroleague,todorovic marko||euroleague,2018-01-05,5.166666666666667,-3
euroleague,todorovic marko||euroleague,2018-01-16,10.883333333333333,1
euroleague,todorovic marko||euroleague,2018-01-18,21.116666666666667,9
euroleague,toliopoulos vassilis||euroleague,2017-10-12,4.733333333333333,0
euroleague,toliopoulos vassilis||euroleague,2017-10-20,0.0,0
euroleague,toliopoulos vassilis||euroleague,2017-10-24,0.18333333333333332,-1
euroleague,toliopoulos vassilis||euroleague,2017-10-26,2.8833333333333333,3
euroleague,toliopoulos vassilis||euroleague,2017-11-03,11.083333333333334,0
euroleague,toliopoulos vassilis||euroleague,2017-11-10,0.0,0
euroleague,toliopoulos vassilis||euroleague,2017-11-15,0.0,0
euroleague,toliopoulos vassilis||euroleague,2017-11-17,4.85,3
euroleague,toliopoulos vassilis||euroleague,2017-11-23,0.0,0
euroleague,toliopoulos vassilis||euroleague,2017-11-30,6.233333333333333,4
euroleague,toliopoulos vassilis||euroleague,2017-12-08,0.0,0
euroleague,toliopoulos vassilis||euroleague,2017-12-14,0.0,0
euroleague,toliopoulos vassilis||euroleague,2017-12-20,0.0,0
euroleague,toliopoulos vassilis||euroleague,2017-12-22,0.0,0
euroleague,toliopoulos vassilis||euroleague,2017-12-28,1.1333333333333333,0
euroleague,toliopoulos vassilis||euroleague,2018-01-05,14.783333333333333,4
euroleague,toliopoulos vassilis||euroleague,2018-01-18,5.483333333333333,-1
euroleague,tomic ante||euroleague,2017-10-13,5.6,2
euroleague,tomic ante||euroleague,2017-10-20,21.883333333333333,13
euroleague,tomic ante||euroleague,2017-10-24,5.366666666666666,8
euroleague,tomic ante||euroleague,2017-10-26,18.25,8
euroleague,tomic ante||euroleague,2017-11-03,11.5,2
euroleague,tomic ante||euroleague,2017-11-09,9.383333333333333,6
euroleague,tomic ante||euroleague,2017-11-15,13.016666666666667,5
euroleague,tomic ante||euroleague,2017-11-17,20.75,8
euroleague,tomic ante||euroleague,2017-11-23,18.6,11
euroleague,tomic ante||euroleague,2017-12-01,19.916666666666668,8
euroleague,tomic ante||euroleague,2017-12-08,11.5,-3
euroleague,tomic ante||euroleague,2017-12-14,12.933333333333334,17
euroleague,tomic ante||euroleague,2017-12-20,0.0,0
euroleague,tomic ante||euroleague,2017-12-22,24.15,17
euroleague,tomic ante||euroleague,2017-12-29,20.2,22
euroleague,tomic ante||euroleague,2018-01-04,22.066666666666666,10
euroleague,tomic ante||euroleague,2018-01-11,17.416666666666668,8
euroleague,tomic ante||euroleague,2018-01-16,15.55,0
euroleague,tomic ante||euroleague,2018-01-18,22.016666666666666,20
euroleague,toupane axel||euroleague,2017-10-13,12.816666666666666,0
euroleague,toupane axel||euroleague,2017-10-20,23.0,8
euroleague,toupane axel||euroleague,2017-10-24,8.133333333333333,6
euroleague,toupane axel||euroleague,2017-10-26,14.916666666666666,4
euroleague,toupane axel||euroleague,2017-11-03,17.233333333333334,12
euroleague,toupane axel||euroleague,2017-11-09,26.883333333333333,16
euroleague,toupane axel||euroleague,2017-11-14,8.116666666666667,5
euroleague,toupane axel||euroleague,2017-11-16,8.916666666666666,2
euroleague,toupane axel||euroleague,2017-11-23,19.116666666666667,6
euroleague,toupane axel||euroleague,2017-11-30,9.833333333333334,4
euroleague,toupane axel||euroleague,2017-12-07,15.85,-2
euroleague,toupane axel||euroleague,2017-12-14,27.116666666666667,18
euroleague,toupane axel||euroleague,2017-12-19,9.233333333333333,-4
euroleague,toupane axel||euroleague,2017-12-21,11.05,-3
euroleague,toupane axel||euroleague,2017-12-28,8.116666666666667,1
euroleague,toupane axel||euroleague,2018-01-05,13.2,2
euroleague,toupane axel||euroleague,2018-01-12,5.616666666666667,-1
euroleague,toupane axel||euroleague,2018-01-16,9.133333333333333,6
euroleague,toupane axel||euroleague,2018-01-18,23.9,14
euroleague,tyus alex||euroleague,2017-10-12,22.6,10
euroleague,tyus alex||euroleague,2017-10-19,18.716666666666665,15
euroleague,tyus alex||euroleague,2017-10-24,29.0,7
euroleague,tyus alex||euroleague,2017-10-26,26.05,11
euroleague,tyus alex||euroleague,2017-11-02,24.316666666666666,22
euroleague,tyus alex||euroleague,2017-11-09,23.616666666666667,20
euroleague,tyus alex||euroleague,2017-11-14,22.283333333333335,13
euroleague,tyus alex||euroleague,2017-11-16,12.933333333333334,2
euroleague,tyus alex||euroleague,2017-11-23,22.733333333333334,9
euroleague,tyus alex||euroleague,2017-11-30,20.75,10
euroleague,tyus alex||euroleague,2017-12-07,19.05,13
euroleague,tyus alex||euroleague,2017-12-15,11.85,11
euroleague,tyus alex||euroleague,2017-12-19,22.316666666666666,11
euroleague,tyus alex||euroleague,2017-12-21,16.183333333333334,10
euroleague,tyus alex||euroleague,2017-12-28,16.133333333333333,6
euroleague,tyus alex||euroleague,2018-01-05,15.916666666666666,8
euroleague,tyus alex||euroleague,2018-01-11,16.766666666666666,11
euroleague,tyus alex||euroleague,2018-01-16,17.9,12
euroleague,tyus alex||euroleague,2018-01-18,31.816666666666666,19
euroleague,udrih beno||euroleague,2018-01-05,9.133333333333333,3
euroleague,udrih beno||euroleague,2018-01-12,9.583333333333334,7
euroleague,udrih beno||euroleague,2018-01-16,10.45,-1
euroleague,udrih beno||euroleague,2018-01-18,10.266666666666667,-4
euroleague,ulanovas edgaras||euroleague,2017-10-13,33.55,15
euroleague,ulanovas edgaras||euroleague,2017-10-20,27.5,12
euroleague,ulanovas edgaras||euroleague,2017-10-24,19.933333333333334,5
euroleague,ulanovas edgaras||euroleague,2017-10-26,23.433333333333334,4
euroleague,ulanovas edgaras||euroleague,2017-11-03,28.9,16
euroleague,ulanovas edgaras||euroleague,2017-11-09,17.7,18
euroleague,ulanovas edgaras||euroleague,2017-11-14,23.95,7
euroleague,ulanovas edgaras||euroleague,2017-11-16,25.216666666666665,6
euroleague,ulanovas edgaras||euroleague,2017-11-23,31.833333333333332,32
euroleague,ulanovas edgaras||euroleague,2017-11-30,29.816666666666666,7
euroleague,ulanovas edgaras||euroleague,2017-12-07,28.966666666666665,19
euroleague,ulanovas edgaras||euroleague,2017-12-19,24.65,13
euroleague,ulanovas edgaras||euroleague,2017-12-21,32.7,18
euroleague,ulanovas edgaras||euroleague,2017-12-28,29.8,10
euroleague,ulanovas edgaras||euroleague,2018-01-05,28.283333333333335,18
euroleague,ulanovas edgaras||euroleague,2018-01-12,27.416666666666668,11
euroleague,ulanovas edgaras||euroleague,2018-01-16,30.433333333333334,8
euroleague,ulanovas edgaras||euroleague,2018-01-18,28.183333333333334,14
euroleague,valinskas paulius||euroleague,2017-10-13,13.916666666666666,0
euroleague,valinskas paulius||euroleague,2017-10-20,8.066666666666666,-6
euroleague,valinskas paulius||euroleague,2017-10-24,14.25,3
euroleague,valinskas paulius||euroleague,2017-10-26,9.333333333333334,2
euroleague,valinskas paulius||euroleague,2017-11-03,5.916666666666667,9
euroleague,valinskas paulius||euroleague,2017-11-09,14.266666666666667,9
euroleague,valinskas paulius||euroleague,2017-11-14,13.516666666666667,1
euroleague,valinskas paulius||euroleague,2017-11-16,16.5,9
euroleague,valinskas paulius||euroleague,2017-11-23,16.633333333333333,14
euroleague,valinskas paulius||euroleague,2017-11-30,13.983333333333333,5
euroleague,valinskas paulius||euroleague,2017-12-07,6.2,-3
euroleague,valinskas paulius||euroleague,2017-12-14,9.8,-1
euroleague,valinskas paulius||euroleague,2017-12-19,7.466666666666667,1
euroleague,valinskas paulius||euroleague,2017-12-21,6.7,-3
euroleague,valinskas paulius||euroleague,2017-12-28,2.1166666666666667,-1
euroleague,valinskas paulius||euroleague,2018-01-05,0.0,0
euroleague,valinskas paulius||euroleague,2018-01-12,0.0,0
euroleague,van rossom sam||euroleague,2017-10-13,10.266666666666667,1
euroleague,van rossom sam||euroleague,2017-10-20,11.55,-2
euroleague,van rossom sam||euroleague,2017-10-25,18.716666666666665,5
euroleague,van rossom sam||euroleague,2017-10-27,27.066666666666666,9
euroleague,van rossom sam||euroleague,2017-11-02,24.9,12
euroleague,van rossom sam||euroleague,2017-11-09,20.366666666666667,-1
euroleague,van rossom sam||euroleague,2017-11-15,30.583333333333332,12
euroleague,van rossom sam||euroleague,2017-11-17,16.616666666666667,1
euroleague,van rossom sam||euroleague,2017-11-23,25.033333333333335,11
euroleague,van rossom sam||euroleague,2017-11-30,24.7,7
euroleague,van rossom sam||euroleague,2017-12-07,19.35,0
euroleague,van rossom sam||euroleague,2017-12-15,17.816666666666666,9
euroleague,van rossom sam||euroleague,2017-12-19,18.55,6
euroleague,van rossom sam||euroleague,2017-12-21,16.45,-1
euroleague,van rossom sam||euroleague,2017-12-28,28.333333333333332,8
euroleague,van rossom sam||euroleague,2018-01-04,30.466666666666665,18
euroleague,van rossom sam||euroleague,2018-01-11,25.533333333333335,14
euroleague,van rossom sam||euroleague,2018-01-16,30.266666666666666,8
euroleague,van rossom sam||euroleague,2018-01-18,29.033333333333335,20
euroleague,vesely jan||euroleague,2017-10-12,30.833333333333332,19
euroleague,vesely jan||euroleague,2017-10-19,13.883333333333333,6
euroleague,vesely jan||euroleague,2017-10-25,29.95,18
euroleague,vesely jan||euroleague,2017-10-27,28.933333333333334,14
euroleague,vesely jan||euroleague,2017-11-02,31.633333333333333,23
euroleague,vesely jan||euroleague,2017-11-10,23.166666666666668,17
euroleague,vesely jan||euroleague,2017-11-15,35.233333333333334,7
euroleague,vesely jan||euroleague,2017-11-17,38.13333333333333,30
euroleague,vesely jan||euroleague,2017-11-24,29.75,13
euroleague,vesely jan||euroleague,2017-11-30,36.0,22
euroleague,vesely jan||euroleague,2017-12-08,30.9,13
euroleague,vesely jan||euroleague,2017-12-14,34.53333333333333,29
euroleague,vesely jan||euroleague,2017-12-19,26.316666666666666,24
euroleague,vesely jan||euroleague,2017-12-21,34.71666666666667,27
euroleague,vesely jan||euroleague,2017-12-28,22.216666666666665,9
euroleague,vesely jan||euroleague,2018-01-05,19.0,12
euroleague,vesely jan||euroleague,2018-01-17,26.65,14
euroleague,vesely jan||euroleague,2018-01-19,25.483333333333334,14
euroleague,vezenkov sasha||euroleague,2017-10-13,8.95,-2
euroleague,vezenkov sasha||euroleague,2017-10-20,10.066666666666666,6
euroleague,vezenkov sasha||euroleague,2017-10-24,3.9833333333333334,1
euroleague,vezenkov sasha||euroleague,2017-10-26,16.7,10
euroleague,vezenkov sasha||euroleague,2017-12-20,6.75,1
euroleague,vezenkov sasha||euroleague,2017-12-22,0.0,0
euroleague,vezenkov sasha||euroleague,2017-12-29,17.166666666666668,13
euroleague,vezenkov sasha||euroleague,2018-01-04,17.616666666666667,7
euroleague,vezenkov sasha||euroleague,2018-01-11,14.983333333333333,5
euroleague,vezenkov sasha||euroleague,2018-01-16,5.2,5
euroleague,vezenkov sasha||euroleague,2018-01-18,0.0,0
euroleague,vialtsev egor||euroleague,2017-10-13,16.916666666666668,4
euroleague,vialtsev egor||euroleague,2017-10-20,5.4,1
euroleague,vialtsev egor||euroleague,2017-10-24,0.0,0
euroleague,vialtsev egor||euroleague,2017-10-26,4.066666666666666,-2
euroleague,vialtsev egor||euroleague,2017-11-02,9.316666666666666,0
euroleague,vialtsev egor||euroleague,2017-11-10,7.383333333333334,3
euroleague,vialtsev egor||euroleague,2017-11-14,8.083333333333334,-1
euroleague,vialtsev egor||euroleague,2017-11-16,8.8,4
euroleague,vialtsev egor||euroleague,2017-11-24,4.816666666666666,2
euroleague,vialtsev egor||euroleague,2017-11-30,5.833333333333333,4
euroleague,vialtsev egor||euroleague,2017-12-07,0.0,0
euroleague,vialtsev egor||euroleague,2017-12-14,5.7,0
euroleague,vialtsev egor||euroleague,2017-12-20,19.1,12
euroleague,vialtsev egor||euroleague,2017-12-22,16.033333333333335,3
euroleague,vialtsev egor||euroleague,2017-12-29,4.833333333333333,1
euroleague,vialtsev egor||euroleague,2018-01-05,2.3,-2
euroleague,vialtsev egor||euroleague,2018-01-12,3.9166666666666665,-3
euroleague,vialtsev egor||euroleague,2018-01-16,8.283333333333333,-1
euroleague,vialtsev egor||euroleague,2018-01-18,7.333333333333333,2
euroleague,vildoza luca||euroleague,2017-10-12,3.4333333333333336,-1
euroleague,vildoza luca||euroleague,2017-10-19,13.166666666666666,8
euroleague,vildoza luca||euroleague,2017-10-25,10.066666666666666,7
euroleague,vildoza luca||euroleague,2017-10-27,0.0,0
euroleague,vildoza luca||euroleague,2017-11-02,0.0,0
euroleague,vildoza luca||euroleague,2017-11-10,0.0,0
euroleague,vildoza luca||euroleague,2017-11-14,4.033333333333333,2
euroleague,vildoza luca||euroleague,2017-11-16,0.0,0
euroleague,vildoza luca||euroleague,2017-11-23,3.05,1
euroleague,vildoza luca||euroleague,2017-11-30,0.0,0
euroleague,vildoza luca||euroleague,2017-12-07,5.883333333333333,2
euroleague,vildoza luca||euroleague,2017-12-15,0.0,0
euroleague,vildoza luca||euroleague,2017-12-20,22.816666666666666,5
euroleague,vildoza luca||euroleague,2017-12-22,0.0,0
euroleague,vildoza luca||euroleague,2018-01-05,3.7666666666666666,3
euroleague,vildoza luca||euroleague,2018-01-12,17.833333333333332,5
euroleague,vildoza luca||euroleague,2018-01-17,18.55,8
euroleague,vildoza luca||euroleague,2018-01-19,22.95,5
euroleague,vives guillem||euroleague,2017-10-13,30.133333333333333,15
euroleague,vives guillem||euroleague,2017-10-20,28.45,5
euroleague,vives guillem||euroleague,2017-10-25,22.666666666666668,-2
euroleague,vives guillem||euroleague,2017-10-27,11.266666666666667,-1
euroleague,vives guillem||euroleague,2017-11-02,15.1,4
euroleague,vives guillem||euroleague,2017-11-09,13.866666666666667,0
euroleague,vives guillem||euroleague,2017-11-15,19.416666666666668,10
euroleague,vives guillem||euroleague,2017-11-17,23.383333333333333,15
euroleague,vives guillem||euroleague,2017-11-23,18.033333333333335,3
euroleague,vives guillem||euroleague,2017-11-30,18.333333333333332,8
euroleague,vives guillem||euroleague,2017-12-07,20.683333333333334,12
euroleague,vives guillem||euroleague,2017-12-15,22.183333333333334,3
euroleague,vives guillem||euroleague,2017-12-19,15.6,4
euroleague,voigtmann johannes||euroleague,2017-10-12,29.2,17
euroleague,voigtmann johannes||euroleague,2017-10-19,25.733333333333334,8
euroleague,voigtmann johannes||euroleague,2017-10-25,17.783333333333335,-1
euroleague,voigtmann johannes||euroleague,2017-10-27,13.466666666666667,5
euroleague,voigtmann johannes||euroleague,2017-11-02,10.3,1
euroleague,voigtmann johannes||euroleague,2017-11-10,21.783333333333335,20
euroleague,voigtmann johannes||euroleague,2017-11-14,16.65,1
euroleague,voigtmann johannes||euroleague,2017-11-16,27.366666666666667,26
euroleague,voigtmann johannes||euroleague,2017-11-23,31.566666666666666,21
euroleague,voigtmann johannes||euroleague,2017-11-30,19.266666666666666,8
euroleague,voigtmann johannes||euroleague,2017-12-07,23.566666666666666,18
euroleague,voigtmann johannes||euroleague,2017-12-15,13.5,4
euroleague,voigtmann johannes||euroleague,2017-12-20,15.45,6
euroleague,voigtmann johannes||euroleague,2017-12-22,15.05,4
euroleague,voigtmann johannes||euroleague,2017-12-29,10.066666666666666,7
euroleague,voigtmann johannes||euroleague,2018-01-05,20.75,16
euroleague,voigtmann johannes||euroleague,2018-01-12,13.966666666666667,23
euroleague,voigtmann johannes||euroleague,2018-01-17,20.95,8
euroleague,voigtmann johannes||euroleague,2018-01-19,19.183333333333334,7
euroleague,vorontsevich andrey||euroleague,2017-10-12,7.483333333333333,-1
euroleague,vorontsevich andrey||euroleague,2017-10-19,6.233333333333333,-3
euroleague,vorontsevich andrey||euroleague,2017-10-25,19.883333333333333,-1
euroleague,vorontsevich andrey||euroleague,2017-10-27,5.4,3
euroleague,vorontsevich andrey||euroleague,2017-11-03,23.2,14
euroleague,vorontsevich andrey||euroleague,2017-11-09,22.916666666666668,12
euroleague,vorontsevich andrey||euroleague,2017-11-15,19.083333333333332,9
euroleague,vorontsevich andrey||euroleague,2017-11-17,2.3833333333333333,-2
euroleague,vorontsevich andrey||euroleague,2017-11-24,25.4,13
euroleague,vorontsevich andrey||euroleague,2017-12-22,7.333333333333333,1
euroleague,vorontsevich andrey||euroleague,2017-12-29,28.65,12
euroleague,vorontsevich andrey||euroleague,2018-01-04,14.416666666666666,2
euroleague,vorontsevich andrey||euroleague,2018-01-11,0.0,0
euroleague,vorontsevich andrey||euroleague,2018-01-17,19.666666666666668,9
euroleague,vorontsevich andrey||euroleague,2018-01-19,3.716666666666667,-1
euroleague,vougioukas ian||euroleague,2017-10-13,9.7,4
euroleague,vougioukas ian||euroleague,2017-10-19,13.966666666666667,11
euroleague,vougioukas ian||euroleague,2017-10-25,3.25,-1
euroleague,vougioukas ian||euroleague,2017-10-27,4.583333333333333,-2
euroleague,vougioukas ian||euroleague,2017-11-02,8.483333333333333,4
euroleague,vougioukas ian||euroleague,2017-11-10,16.233333333333334,3
euroleague,vougioukas ian||euroleague,2017-11-14,5.916666666666667,10
euroleague,vougioukas ian||euroleague,2017-11-16,11.7,10
euroleague,vougioukas ian||euroleague,2017-11-24,7.55,5
euroleague,vougioukas ian||euroleague,2017-12-01,4.883333333333333,-3
euroleague,vougioukas ian||euroleague,2017-12-07,10.433333333333334,5
euroleague,vougioukas ian||euroleague,2017-12-15,3.7333333333333334,-1
euroleague,vougioukas ian||euroleague,2017-12-19,5.283333333333333,1
euroleague,vougioukas ian||euroleague,2017-12-21,8.383333333333333,-1
euroleague,vougioukas ian||euroleague,2017-12-28,17.733333333333334,8
euroleague,vougioukas ian||euroleague,2018-01-04,9.916666666666666,3
euroleague,vougioukas ian||euroleague,2018-01-11,7.5,8
euroleague,vougioukas ian||euroleague,2018-01-17,9.316666666666666,10
euroleague,vougioukas ian||euroleague,2018-01-19,1.95,-2
euroleague,waczynski adam||euroleague,2017-10-12,19.016666666666666,7
euroleague,waczynski adam||euroleague,2017-10-20,0.0,0
euroleague,waczynski adam||euroleague,2017-10-25,0.0,0
euroleague,waczynski adam||euroleague,2017-10-27,17.85,11
euroleague,waczynski adam||euroleague,2017-11-03,12.566666666666666,6
euroleague,waczynski adam||euroleague,2017-11-10,13.15,8
euroleague,waczynski adam||euroleague,2017-11-14,22.166666666666668,4
euroleague,waczynski adam||euroleague,2017-11-16,18.266666666666666,1
euroleague,waczynski adam||euroleague,2017-11-24,25.033333333333335,12
euroleague,waczynski adam||euroleague,2017-12-07,23.366666666666667,22
euroleague,waczynski adam||euroleague,2017-12-14,25.1,14
euroleague,waczynski adam||euroleague,2017-12-20,20.716666666666665,9
euroleague,waczynski adam||euroleague,2017-12-22,19.733333333333334,9
euroleague,waczynski adam||euroleague,2017-12-28,25.7,4
euroleague,waczynski adam||euroleague,2018-01-04,23.716666666666665,3
euroleague,waczynski adam||euroleague,2018-01-12,18.25,11
euroleague,waczynski adam||euroleague,2018-01-17,10.7,4
euroleague,waczynski adam||euroleague,2018-01-19,25.166666666666668,22
euroleague,wanamaker brad||euroleague,2017-10-12,31.5,6
euroleague,wanamaker brad||euroleague,2017-10-19,25.2,13
euroleague,wanamaker brad||euroleague,2017-10-25,33.31666666666667,20
euroleague,wanamaker brad||euroleague,2017-10-27,36.083333333333336,20
euroleague,wanamaker brad||euroleague,2017-11-02,31.5,14
euroleague,wanamaker brad||euroleague,2017-11-10,30.533333333333335,20
euroleague,wanamaker brad||euroleague,2017-11-15,30.466666666666665,11
euroleague,wanamaker brad||euroleague,2017-11-17,37.516666666666666,9
euroleague,wanamaker brad||euroleague,2017-11-24,31.233333333333334,19
euroleague,wanamaker brad||euroleague,2017-11-30,33.03333333333333,11
euroleague,wanamaker brad||euroleague,2017-12-08,29.233333333333334,15
euroleague,wanamaker brad||euroleague,2017-12-14,33.5,22
euroleague,wanamaker brad||euroleague,2017-12-19,23.533333333333335,17
euroleague,wanamaker brad||euroleague,2017-12-21,23.583333333333332,7
euroleague,wanamaker brad||euroleague,2017-12-28,30.333333333333332,23
euroleague,wanamaker brad||euroleague,2018-01-05,29.95,24
euroleague,wanamaker brad||euroleague,2018-01-11,11.25,-4
euroleague,wanamaker brad||euroleague,2018-01-17,17.066666666666666,-1
euroleague,wanamaker brad||euroleague,2018-01-19,33.68333333333333,31
euroleague,westermann leo||euroleague,2017-10-12,13.616666666666667,-2
euroleague,westermann leo||euroleague,2017-10-19,18.616666666666667,-1
euroleague,westermann leo||euroleague,2017-10-25,17.383333333333333,6
euroleague,westermann leo||euroleague,2017-10-27,14.216666666666667,9
euroleague,white aaron||euroleague,2017-10-13,23.216666666666665,14
euroleague,white aaron||euroleague,2017-10-20,26.85,20
euroleague,white aaron||euroleague,2017-10-24,28.633333333333333,16
euroleague,white aaron||euroleague,2017-10-26,15.383333333333333,-3
euroleague,white aaron||euroleague,2017-11-03,14.233333333333333,9
euroleague,white aaron||euroleague,2017-11-09,14.7,6
euroleague,white aaron||euroleague,2017-11-14,27.583333333333332,7
euroleague,white aaron||euroleague,2017-11-16,19.516666666666666,6
euroleague,white aaron||euroleague,2017-11-23,24.366666666666667,9
euroleague,white aaron||euroleague,2017-11-30,28.666666666666668,-1
euroleague,white aaron||euroleague,2017-12-07,25.266666666666666,14
euroleague,white aaron||euroleague,2017-12-14,21.9,4
euroleague,white aaron||euroleague,2017-12-19,27.483333333333334,9
euroleague,white aaron||euroleague,2017-12-21,22.616666666666667,12
euroleague,white aaron||euroleague,2017-12-28,16.15,4
euroleague,white aaron||euroleague,2018-01-05,28.15,10
euroleague,white aaron||euroleague,2018-01-12,25.05,7
euroleague,white aaron||euroleague,2018-01-16,27.766666666666666,25
euroleague,white aaron||euroleague,2018-01-18,24.266666666666666,17
euroleague,wiltjer kyle||euroleague,2017-11-15,2.6333333333333333,-2
euroleague,wiltjer kyle||euroleague,2017-11-17,6.6,-2
euroleague,wiltjer kyle||euroleague,2017-11-23,3.183333333333333,0
euroleague,wiltjer kyle||euroleague,2017-11-30,7.3,2
euroleague,wiltjer kyle||euroleague,2017-12-08,14.3,1
euroleague,wiltjer kyle||euroleague,2017-12-14,11.95,8
euroleague,wiltjer kyle||euroleague,2017-12-20,18.0,11
euroleague,wiltjer kyle||euroleague,2017-12-22,15.283333333333333,5
euroleague,wiltjer kyle||euroleague,2017-12-28,5.683333333333334,-2
euroleague,wiltjer kyle||euroleague,2018-01-05,16.4,11
euroleague,wiltjer kyle||euroleague,2018-01-12,7.166666666666667,0
euroleague,wiltjer kyle||euroleague,2018-01-16,5.8,5
euroleague,wiltjer kyle||euroleague,2018-01-18,13.5,10
euroleague,wright dorell||euroleague,2017-10-27,23.766666666666666,20
euroleague,wright dorell||euroleague,2017-11-02,21.166666666666668,6
euroleague,wright dorell||euroleague,2017-11-10,22.633333333333333,5
euroleague,wright dorell||euroleague,2017-11-15,30.3,25
euroleague,wright dorell||euroleague,2017-11-17,22.883333333333333,12
euroleague,wright dorell||euroleague,2017-11-23,19.583333333333332,-4
euroleague,wright dorell||euroleague,2017-11-30,28.75,17
euroleague,wright dorell||euroleague,2017-12-07,20.233333333333334,4
euroleague,wright dorell||euroleague,2017-12-14,35.56666666666667,23
euroleague,wright dorell||euroleague,2017-12-19,32.13333333333333,21
euroleague,wright dorell||euroleague,2017-12-21,29.116666666666667,2
euroleague,wright dorell||euroleague,2017-12-29,22.716666666666665,1
euroleague,wright dorell||euroleague,2018-01-05,34.166666666666664,19
euroleague,wright dorell||euroleague,2018-01-11,26.783333333333335,-1
euroleague,wright dorell||euroleague,2018-01-16,25.633333333333333,11
euroleague,wright dorell||euroleague,2018-01-18,20.983333333333334,12
euroleague,yusta santi||euroleague,2017-10-12,0.0,0
euroleague,yusta santi||euroleague,2017-10-24,0.26666666666666666,-1
euroleague,yusta santi||euroleague,2017-10-26,1.9833333333333334,3
euroleague,yusta santi||euroleague,2017-11-09,0.0,0
euroleague,yusta santi||euroleague,2017-11-24,8.0,2
euroleague,yusta santi||euroleague,2017-12-01,4.366666666666666,0
euroleague,yusta santi||euroleague,2017-12-19,8.216666666666667,4
euroleague,yusta santi||euroleague,2017-12-21,19.85,12
euroleague,yusta santi||euroleague,2017-12-28,10.016666666666667,2
euroleague,yusta santi||euroleague,2018-01-05,11.2,9
euroleague,yusta santi||euroleague,2018-01-12,13.766666666666667,2
euroleague,yusta santi||euroleague,2018-01-19,8.716666666666667,1
euroleague,zaytsev vyacheslav||euroleague,2017-10-13,0.1,0
euroleague,zaytsev vyacheslav||euroleague,2017-10-20,13.2,2
euroleague,zaytsev vyacheslav||euroleague,2017-10-24,3.35,1
euroleague,zaytsev vyacheslav||euroleague,2017-10-26,8.8,-1
euroleague,zaytsev vyacheslav||euroleague,2017-11-02,4.05,2
euroleague,zaytsev vyacheslav||euroleague,2017-11-10,0.0,0
euroleague,zaytsev vyacheslav||euroleague,2017-11-14,5.616666666666667,-2
euroleague,zaytsev vyacheslav||euroleague,2017-11-16,0.0,0
euroleague,zaytsev vyacheslav||euroleague,2017-11-24,0.26666666666666666,0
euroleague,zaytsev vyacheslav||euroleague,2017-12-07,11.733333333333333,-3
euroleague,zaytsev vyacheslav||euroleague,2017-12-14,0.0,0
euroleague,zaytsev vyacheslav||euroleague,2017-12-20,0.0,0
euroleague,zaytsev vyacheslav||euroleague,2017-12-22,0.45,0
euroleague,zaytsev vyacheslav||euroleague,2017-12-29,0.0,0
euroleague,zaytsev vyacheslav||euroleague,2018-01-05,3.033333333333333,0
euroleague,zaytsev vyacheslav||euroleague,2018-01-12,7.133333333333334,3
euroleague,zaytsev vyacheslav||euroleague,2018-01-16,0.0,0
euroleague,zaytsev vyacheslav||euroleague,2018-01-18,1.5166666666666666,0
euroleague,zisis nikos||euroleague,2017-10-12,28.666666666666668,18
euroleague,zisis nikos||euroleague,2017-10-19,16.65,-3
euroleague,zisis nikos||euroleague,2017-11-02,21.116666666666667,9
euroleague,zisis nikos||euroleague,2017-11-10,23.933333333333334,7
euroleague,zisis nikos||euroleague,2017-11-15,24.75,6
euroleague,zisis nikos||euroleague,2017-11-17,18.966666666666665,4
euroleague,zisis nikos||euroleague,2017-11-23,24.933333333333334,4
euroleague,zisis nikos||euroleague,2017-11-30,26.8,6
euroleague,zisis nikos||euroleague,2017-12-07,22.216666666666665,5
euroleague,zisis nikos||euroleague,2017-12-14,26.866666666666667,7
euroleague,zisis nikos||euroleague,2017-12-19,26.15,10
euroleague,zisis nikos||euroleague,2017-12-21,26.95,5
euroleague,zisis nikos||euroleague,2017-12-29,25.833333333333332,-1
euroleague,zisis nikos||euroleague,2018-01-05,27.316666666666666,5
euroleague,zisis nikos||euroleague,2018-01-11,26.333333333333332,6
euroleague,zisis nikos||euroleague,2018-01-16,18.233333333333334,11
euroleague,zisis nikos||euroleague,2018-01-18,13.316666666666666,1
euroleague,zoosman yovel||euroleague,2017-10-19,0.0,0
euroleague,zoosman yovel||euroleague,2017-10-24,1.05,-1
euroleague,zoosman yovel||euroleague,2017-10-26,0.0,0
euroleague,zoosman yovel||euroleague,2017-11-02,10.0,2
euroleague,zoosman yovel||euroleague,2017-11-09,0.0,0
euroleague,zoosman yovel||euroleague,2017-11-14,6.933333333333334,-2
euroleague,zoosman yovel||euroleague,2017-11-16,2.6,2
euroleague,zoosman yovel||euroleague,2017-11-23,0.0,0
euroleague,zoosman yovel||euroleague,2017-11-30,0.0,0
euroleague,zoosman yovel||euroleague,2017-12-15,15.05,5
euroleague,zoosman yovel||euroleague,2017-12-19,5.066666666666666,1
euroleague,zoosman yovel||euroleague,2017-12-21,5.95,3
euroleague,zoosman yovel||euroleague,2017-12-28,0.0,0
euroleague,zoosman yovel||euroleague,2018-01-05,20.366666666666667,9
euroleague,zoosman yovel||euroleague,2018-01-11,6.75,3
euroleague,zoosman yovel||euroleague,2018-01-16,9.2,-1
euroleague,zoosman yovel||euroleague,2018-01-18,0.36666666666666664,0
euroleague,zubkov andrey||euroleague,2017-10-13,16.983333333333334,6
euroleague,zubkov andrey||euroleague,2017-10-20,6.116666666666666,-1
euroleague,zubkov andrey||euroleague,2017-10-24,6.883333333333333,3
euroleague,zubkov andrey||euroleague,2017-10-26,0.0,0
euroleague,zubkov andrey||euroleague,2017-11-02,10.216666666666667,1
euroleague,zubkov andrey||euroleague,2017-11-10,11.983333333333333,4
euroleague,zubkov andrey||euroleague,2017-11-14,17.116666666666667,2
euroleague,zubkov andrey||euroleague,2017-11-16,5.2,0
euroleague,zubkov andrey||euroleague,2017-11-30,0.0,0
euroleague,zubkov andrey||euroleague,2017-12-07,23.9,18
euroleague,zubkov andrey||euroleague,2017-12-14,0.0,0
euroleague,zubkov andrey||euroleague,2018-01-05,12.35,5
euroleague,zubkov andrey||euroleague,2018-01-12,8.666666666666666,-1
euroleague,zubkov andrey||euroleague,2018-01-16,9.183333333333334,-1
euroleague,zubkov andrey||euroleague,2018-01-18,3.0,0
