competition,MP_min,PIR
acb,3.6333333333333333,-1
acb,11.433333333333334,7
acb,22.883333333333333,11
acb,28.083333333333332,18
acb,15.033333333333333,3
acb,3.7666666666666666,0
acb,15.95,4
acb,22.216666666666665,18
acb,14.4,4
acb,21.983333333333334,4
acb,18.516666666666666,13
acb,20.016666666666666,5
acb,27.833333333333332,11
acb,20.016666666666666,12
acb,29.033333333333335,17
acb,26.65,13
acb,26.05,11
acb,29.466666666666665,6
acb,18.366666666666667,12
acb,28.8,25
acb,23.683333333333334,-4
acb,24.2,15
acb,33.416666666666664,18
acb,20.416666666666668,7
acb,24.383333333333333,2
acb,26.166666666666668,8
acb,22.9,4
acb,29.2,22
acb,22.266666666666666,0
acb,13.1,-2
acb,10.383333333333333,1
acb,19.516666666666666,11
acb,11.266666666666667,7
acb,13.566666666666666,1
acb,9.366666666666667,6
acb,20.916666666666668,3
acb,14.75,8
acb,13.9,16
acb,18.583333333333332,16
acb,14.083333333333334,7
acb,13.533333333333333,-2
acb,15.083333333333334,18
acb,21.016666666666666,10
acb,15.05,13
acb,14.283333333333333,9
acb,11.116666666666667,5
acb,22.15,5
acb,21.983333333333334,11
acb,14.533333333333333,1
acb,7.35,-1
acb,0.0,0
acb,14.75,3
acb,16.066666666666666,19
acb,11.85,-1
acb,22.766666666666666,4
acb,17.733333333333334,12
acb,14.916666666666666,0
acb,21.166666666666668,1
acb,23.416666666666668,23
acb,1.9166666666666665,-3
acb,24.983333333333334,7
acb,33.21666666666667,8
acb,25.216666666666665,17
acb,24.383333333333333,7
acb,8.116666666666667,2
acb,27.4,1
acb,29.166666666666668,6
acb,24.833333333333332,11
acb,20.683333333333334,4
acb,29.516666666666666,4
acb,28.1,1
acb,27.966666666666665,27
acb,0.0,0
acb,16.833333333333332,2
acb,17.65,6
acb,26.533333333333335,24
acb,24.266666666666666,9
acb,12.166666666666666,-2
acb,17.616666666666667,6
acb,11.183333333333334,1
acb,13.416666666666666,6
acb,15.766666666666667,-2
acb,10.583333333333334,-3
acb,18.783333333333335,10
acb,11.4,-2
acb,16.833333333333332,1
acb,15.966666666666667,8
acb,11.583333333333334,4
acb,12.383333333333333,-1
acb,9.916666666666666,-3
acb,16.516666666666666,0
acb,17.783333333333335,9
acb,10.8,14
acb,17.733333333333334,9
acb,19.75,11
acb,21.566666666666666,4
acb,0.0,0
acb,32.1,20
acb,28.95,12
acb,28.65,5
acb,23.516666666666666,14
acb,29.083333333333332,11
acb,13.65,4
acb,32.15,16
acb,19.566666666666666,8
acb,27.983333333333334,21
acb,24.266666666666666,-2
acb,17.983333333333334,-3
acb,20.65,14
acb,19.466666666666665,4
acb,29.333333333333332,12
acb,26.65,28
acb,28.216666666666665,15
acb,24.466666666666665,9
acb,15.816666666666666,9
acb,6.95,-1
acb,5.983333333333333,3
acb,16.6,13
acb,13.8,8
acb,1.2166666666666668,-3
acb,0.0,0
acb,0.0,0
acb,7.616666666666667,2
acb,0.0,0
acb,0.0,0
acb,16.216666666666665,14
acb,7.433333333333334,1
acb,9.766666666666667,5
acb,8.25,3
acb,0.0,0
acb,6.15,0
acb,20.616666666666667,16
acb,15.55,5
acb,28.416666666666668,14
acb,18.65,4
acb,15.783333333333333,5
acb,14.966666666666667,9
acb,21.833333333333332,7
acb,25.65,6
acb,23.166666666666668,0
acb,20.4,9
acb,17.083333333333332,13
acb,26.966666666666665,22
acb,16.95,7
acb,23.433333333333334,14
acb,16.733333333333334,13
acb,20.183333333333334,5
acb,13.883333333333333,16
acb,23.283333333333335,17
acb,22.716666666666665,12
acb,20.2,15
acb,19.633333333333333,11
acb,22.75,18
acb,28.316666666666666,3
acb,6.966666666666667,1
acb,1.3166666666666667,1
acb,0.9166666666666666,1
acb,0.0,0
acb,16.35,11
acb,18.016666666666666,14
acb,25.466666666666665,23
acb,29.45,13
acb,21.466666666666665,3
acb,25.25,20
acb,21.616666666666667,13
acb,23.033333333333335,10
acb,24.783333333333335,12
acb,28.283333333333335,9
acb,25.116666666666667,8
acb,28.15,20
acb,17.316666666666666,10
acb,18.533333333333335,11
acb,25.083333333333332,11
acb,18.833333333333332,6
acb,0.0,0
acb,1.45,1
acb,0.0,0
acb,0.0,0
acb,12.483333333333333,13
acb,20.783333333333335,11
acb,17.95,12
acb,20.033333333333335,9
acb,20.766666666666666,4
acb,23.183333333333334,7
acb,12.55,11
acb,24.983333333333334,4
acb,24.8,20
acb,25.583333333333332,6
acb,31.083333333333332,25
acb,24.15,20
acb,16.45,6
acb,20.033333333333335,1
acb,15.166666666666666,7
acb,20.2,9
acb,26.7,24
acb,14.05,7
acb,12.316666666666666,4
acb,6.833333333333333,3
acb,16.233333333333334,4
acb,12.3,4
acb,18.483333333333334,11
acb,14.716666666666667,3
acb,9.15,-2
acb,21.666666666666668,7
acb,17.1,5
acb,8.333333333333334,0
acb,16.45,1
acb,16.433333333333334,10
acb,30.516666666666666,13
acb,25.55,11
acb,16.533333333333335,1
acb,25.416666666666668,4
acb,22.2,7
acb,16.266666666666666,6
acb,22.333333333333332,11
acb,15.533333333333333,12
acb,16.416666666666668,-9
acb,15.15,2
acb,8.616666666666667,-6
acb,10.383333333333333,6
acb,0.0,0
acb,1.8666666666666667,0
acb,19.816666666666666,16
acb,0.03333333333333333,0
acb,15.733333333333333,6
acb,7.2,4
acb,14.95,5
acb,14.016666666666667,-2
acb,0.0,0
acb,12.75,0
acb,14.016666666666667,4
acb,13.0,5
acb,23.383333333333333,12
acb,18.216666666666665,17
acb,12.25,1
acb,20.866666666666667,6
acb,15.466666666666667,-1
acb,21.783333333333335,17
acb,13.216666666666667,3
acb,13.216666666666667,7
acb,11.2,-3
acb,14.016666666666667,5
acb,0.36666666666666664,0
acb,10.066666666666666,12
acb,13.116666666666667,-1
acb,0.0,0
acb,24.816666666666666,19
acb,25.6,16
acb,23.45,13
acb,19.383333333333333,5
acb,25.15,15
acb,16.083333333333332,4
acb,20.933333333333334,14
acb,27.466666666666665,16
acb,0.0,0
acb,24.766666666666666,8
acb,24.466666666666665,13
acb,27.216666666666665,12
acb,17.666666666666668,19
acb,21.316666666666666,18
acb,17.766666666666666,6
acb,19.05,7
acb,21.316666666666666,8
acb,20.583333333333332,6
acb,22.15,11
acb,25.866666666666667,10
acb,17.1,2
acb,10.45,2
acb,17.116666666666667,0
acb,20.5,7
acb,23.633333333333333,26
acb,21.416666666666668,8
acb,13.95,3
acb,22.066666666666666,11
acb,27.283333333333335,3
acb,21.983333333333334,12
acb,18.516666666666666,5
acb,30.433333333333334,12
acb,15.7,1
acb,29.583333333333332,7
acb,28.733333333333334,11
acb,27.25,7
acb,29.9,28
acb,20.25,7
acb,27.816666666666666,3
acb,33.733333333333334,24
acb,31.733333333333334,3
acb,24.566666666666666,5
acb,29.283333333333335,13
acb,18.083333333333332,0
acb,26.733333333333334,5
acb,14.916666666666666,6
acb,12.7,7
acb,19.033333333333335,13
acb,21.5,11
acb,21.15,5
acb,25.133333333333333,9
acb,21.216666666666665,5
acb,13.983333333333333,1
acb,22.566666666666666,13
acb,20.4,2
acb,30.4,16
acb,31.35,20
acb,25.85,12
acb,29.383333333333333,9
acb,19.666666666666668,6
acb,20.216666666666665,-3
acb,20.066666666666666,14
acb,20.15,8
acb,19.65,5
acb,14.783333333333333,1
acb,20.883333333333333,10
acb,26.116666666666667,29
acb,16.25,17
acb,24.35,7
acb,19.416666666666668,-3
acb,18.0,17
acb,18.283333333333335,10
acb,27.4,8
acb,21.616666666666667,3
acb,15.35,5
acb,18.85,9
acb,16.1,7
acb,20.733333333333334,16
acb,6.85,-2
acb,3.4,-3
acb,5.516666666666667,0
acb,0.0,0
acb,0.85,-1
acb,2.2666666666666666,4
acb,15.983333333333333,6
acb,2.2,0
acb,11.983333333333333,1
acb,17.333333333333332,12
acb,9.7,9
acb,22.25,6
acb,17.966666666666665,3
acb,11.733333333333333,0
acb,0.0,0
acb,6.1,-4
acb,9.133333333333333,0
acb,21.366666666666667,16
acb,28.95,2
acb,12.7,-3
acb,13.833333333333334,1
acb,8.466666666666667,2
acb,8.483333333333333,6
acb,0.0,0
acb,0.0,0
acb,13.4,6
acb,17.583333333333332,0
acb,7.8,-1
acb,0.0,0
acb,5.133333333333334,2
acb,0.0,0
acb,0.0,0
acb,0.0,0
acb,23.866666666666667,12
acb,23.516666666666666,13
acb,23.033333333333335,3
acb,31.933333333333334,21
acb,30.133333333333333,23
acb,25.233333333333334,-1
acb,33.3,21
acb,22.35,29
acb,29.4,2
acb,30.55,24
acb,26.683333333333334,16
acb,24.35,4
acb,27.05,10
acb,30.516666666666666,20
acb,25.466666666666665,-2
acb,26.95,9
acb,22.133333333333333,18
acb,24.133333333333333,13
acb,25.116666666666667,20
acb,17.616666666666667,-4
acb,25.533333333333335,9
acb,24.866666666666667,10
acb,11.35,-1
acb,22.85,8
acb,15.95,-4
acb,15.816666666666666,-3
acb,20.95,5
acb,18.116666666666667,1
acb,28.333333333333332,8
acb,27.433333333333334,15
acb,36.516666666666666,1
acb,28.583333333333332,6
acb,17.066666666666666,0
acb,11.933333333333334,-4
acb,0.0,0
acb,0.0,0
acb,0.2,0
acb,0.0,0
acb,0.0,0
acb,0.0,0
acb,35.46666666666667,18
acb,30.116666666666667,7
acb,37.06666666666667,26
acb,23.25,-6
acb,33.766666666666666,19
acb,36.85,15
acb,32.2,10
acb,27.55,12
acb,11.7,-10
acb,18.333333333333332,3
acb,13.416666666666666,-1
acb,14.983333333333333,1
acb,13.783333333333333,6
acb,11.7,2
acb,11.466666666666667,-6
acb,10.383333333333333,-3
acb,15.5,12
acb,12.483333333333333,1
acb,18.616666666666667,2
acb,10.616666666666667,-1
acb,18.966666666666665,9
acb,17.266666666666666,1
acb,16.483333333333334,5
acb,29.066666666666666,8
acb,23.133333333333333,10
acb,19.4,2
acb,24.016666666666666,20
acb,18.833333333333332,21
acb,26.4,9
acb,14.75,10
acb,23.683333333333334,13
acb,20.716666666666665,13
acb,16.616666666666667,5
acb,12.7,-1
acb,14.0,-6
acb,16.0,8
acb,24.3,13
acb,19.1,3
acb,20.15,5
acb,19.483333333333334,8
acb,21.266666666666666,14
acb,12.866666666666667,12
acb,14.75,7
acb,18.55,6
acb,14.883333333333333,7
acb,23.35,14
acb,22.916666666666668,13
acb,14.5,4
acb,23.45,8
acb,16.15,11
acb,26.9,22
acb,15.316666666666666,0
acb,28.216666666666665,17
acb,22.2,3
acb,17.883333333333333,18
acb,22.5,23
acb,21.533333333333335,2
acb,29.866666666666667,21
acb,25.85,21
acb,18.483333333333334,-5
acb,0.0,0
acb,20.9,7
acb,18.533333333333335,4
acb,0.0,0
acb,0.0,0
acb,27.983333333333334,16
acb,32.583333333333336,15
acb,18.15,2
acb,24.833333333333332,12
acb,21.216666666666665,13
acb,25.65,24
acb,30.566666666666666,20
acb,25.916666666666668,1
acb,17.7,7
acb,22.583333333333332,5
acb,4.25,7
acb,25.733333333333334,17
acb,25.083333333333332,7
acb,28.816666666666666,18
acb,19.516666666666666,14
acb,19.266666666666666,5
acb,28.733333333333334,11
acb,22.6,12
acb,22.633333333333333,5
acb,23.3,16
acb,11.983333333333333,1
acb,21.966666666666665,9
acb,27.55,26
acb,21.616666666666667,-1
acb,15.683333333333334,-3
acb,17.65,8
acb,23.133333333333333,11
acb,21.9,11
acb,4.45,-1
acb,15.783333333333333,-4
acb,17.516666666666666,4
acb,26.016666666666666,17
acb,14.766666666666667,8
acb,14.466666666666667,4
acb,12.016666666666667,-2
acb,19.5,1
acb,30.583333333333332,27
acb,15.4,8
acb,14.3,9
acb,7.55,8
acb,10.533333333333333,5
acb,17.766666666666666,13
acb,29.933333333333334,11
acb,17.316666666666666,17
acb,22.25,9
acb,14.6,-3
acb,17.0,10
acb,20.483333333333334,26
acb,25.033333333333335,28
acb,17.216666666666665,11
acb,23.333333333333332,19
acb,20.433333333333334,2
acb,13.15,3
acb,8.066666666666666,0
acb,25.883333333333333,14
acb,19.616666666666667,9
acb,21.733333333333334,11
acb,23.366666666666667,0
acb,0.0,0
acb,13.116666666666667,9
acb,20.583333333333332,14
acb,16.566666666666666,13
acb,15.7,3
acb,0.0,0
acb,0.0,0
acb,0.0,0
acb,22.433333333333334,9
acb,14.45,-4
acb,22.783333333333335,18
acb,23.883333333333333,15
acb,27.266666666666666,10
acb,18.0,-4
acb,11.716666666666667,8
acb,21.516666666666666,9
acb,27.333333333333332,2
acb,21.566666666666666,6
acb,29.483333333333334,14
acb,21.2,20
acb,24.866666666666667,-1
acb,0.0,0
acb,31.366666666666667,12
acb,23.716666666666665,5
acb,19.05,19
acb,25.133333333333333,8
acb,18.9,6
acb,24.35,1
acb,21.65,17
acb,12.516666666666667,1
acb,22.533333333333335,11
acb,25.066666666666666,12
acb,26.733333333333334,4
acb,24.783333333333335,9
acb,26.25,8
acb,20.133333333333333,0
acb,23.083333333333332,6
acb,22.516666666666666,24
acb,18.216666666666665,6
acb,18.55,10
acb,14.083333333333334,4
acb,0.0,0
acb,0.0,0
acb,7.083333333333333,0
acb,9.716666666666667,6
acb,17.333333333333332,1
acb,19.85,15
acb,19.983333333333334,6
acb,19.333333333333332,7
acb,21.116666666666667,3
acb,13.9,3
acb,0.0,0
acb,0.0,0
acb,0.0,0
acb,0.0,0
acb,7.583333333333333,1
acb,0.0,0
acb,0.45,-1
acb,2.1333333333333333,4
acb,6.55,4
acb,6.433333333333334,1
acb,0.0,0
acb,0.0,0
acb,8.966666666666667,2
acb,0.0,0
acb,2.1666666666666665,-1
acb,0.0,0
acb,1.6,1
acb,23.3,15
acb,25.783333333333335,20
acb,26.366666666666667,20
acb,25.366666666666667,5
acb,22.866666666666667,10
acb,26.15,22
acb,27.116666666666667,16
acb,27.533333333333335,11
acb,25.483333333333334,0
acb,25.766666666666666,15
acb,29.9,7
acb,22.133333333333333,7
acb,30.05,10
acb,31.1,20
acb,31.4,12
acb,22.266666666666666,9
acb,23.233333333333334,2
acb,16.833333333333332,9
acb,28.9,10
acb,22.85,1
acb,8.866666666666667,-6
acb,0.0,0
acb,4.666666666666667,-5
acb,0.0,0
acb,10.333333333333334,1
acb,4.95,4
acb,6.55,-3
acb,3.066666666666667,-1
acb,4.0,-1
acb,7.05,-1
acb,0.0,0
acb,6.5,1
acb,0.0,0
acb,9.6,3
acb,5.0,1
acb,0.0,0
acb,7.15,4
acb,0.0,0
acb,18.05,18
acb,18.633333333333333,6
acb,16.383333333333333,4
acb,19.766666666666666,7
acb,29.066666666666666,16
acb,20.516666666666666,13
acb,21.166666666666668,12
acb,26.383333333333333,19
acb,22.966666666666665,2
acb,23.933333333333334,8
acb,21.383333333333333,6
acb,26.55,21
acb,28.916666666666668,16
acb,25.666666666666668,0
acb,28.066666666666666,7
acb,25.883333333333333,15
acb,23.15,15
acb,21.533333333333335,6
acb,27.183333333333334,-5
acb,26.316666666666666,4
acb,10.733333333333333,-2
acb,3.716666666666667,-1
acb,0.0,0
acb,8.283333333333333,-3
acb,0.2833333333333333,0
acb,3.8,0
acb,8.016666666666667,7
acb,14.433333333333334,15
acb,10.366666666666667,4
acb,9.566666666666666,-1
acb,12.7,7
acb,11.35,-1
acb,10.116666666666667,1
acb,11.35,7
acb,8.916666666666666,-3
acb,11.7,-3
acb,16.783333333333335,6
acb,13.55,-1
acb,19.15,1
acb,22.766666666666666,-2
acb,26.3,16
acb,14.266666666666667,3
acb,23.65,8
acb,24.766666666666666,2
acb,6.716666666666667,-3
acb,21.333333333333332,6
acb,24.866666666666667,9
acb,19.616666666666667,8
acb,23.55,10
acb,31.966666666666665,9
acb,14.7,-3
acb,16.866666666666667,6
acb,19.733333333333334,12
acb,18.416666666666668,4
acb,20.166666666666668,8
acb,13.65,11
acb,0.0,0
acb,16.283333333333335,16
acb,23.433333333333334,19
acb,18.133333333333333,12
acb,15.816666666666666,7
acb,19.25,9
acb,19.233333333333334,17
acb,18.366666666666667,16
acb,6.1,0
acb,17.183333333333334,11
acb,13.85,9
acb,18.5,7
acb,9.116666666666667,2
acb,11.6,5
acb,15.166666666666666,-7
acb,14.45,3
acb,10.416666666666666,5
acb,11.666666666666666,2
acb,18.766666666666666,5
acb,14.916666666666666,2
acb,25.683333333333334,21
acb,18.9,6
acb,32.36666666666667,14
acb,18.633333333333333,16
acb,27.566666666666666,17
acb,24.766666666666666,10
acb,29.75,4
acb,29.316666666666666,4
acb,20.316666666666666,5
acb,31.1,10
acb,15.216666666666667,4
acb,23.166666666666668,0
acb,21.183333333333334,2
acb,16.066666666666666,-1
acb,25.45,8
acb,3.2,-1
acb,2.55,-1
acb,0.0,0
acb,0.0,0
acb,20.633333333333333,12
acb,10.7,10
acb,13.55,10
acb,15.733333333333333,5
acb,15.5,11
acb,12.783333333333333,7
acb,18.533333333333335,11
acb,18.066666666666666,11
acb,18.133333333333333,11
acb,13.3,10
acb,13.983333333333333,-3
acb,19.783333333333335,11
acb,20.783333333333335,14
acb,0.0,0
acb,0.0,0
acb,8.583333333333334,7
acb,30.2,12
acb,15.683333333333334,14
acb,17.9,7
acb,16.5,3
acb,18.383333333333333,-1
acb,19.6,2
acb,14.8,1
acb,14.35,-2
acb,22.483333333333334,6
acb,24.65,11
acb,21.916666666666668,14
acb,27.25,14
acb,22.566666666666666,-2
acb,19.0,2
acb,21.033333333333335,7
acb,25.0,8
acb,18.166666666666668,1
acb,24.533333333333335,7
acb,10.9,9
acb,20.066666666666666,12
acb,15.966666666666667,9
acb,13.283333333333333,2
acb,7.716666666666667,1
acb,13.85,8
acb,0.0,0
acb,11.183333333333334,2
acb,10.366666666666667,0
acb,15.016666666666667,12
acb,14.983333333333333,11
acb,17.066666666666666,10
acb,16.55,6
acb,16.783333333333335,3
acb,16.466666666666665,10
acb,12.516666666666667,-1
acb,14.85,-4
acb,18.066666666666666,2
acb,27.933333333333334,3
acb,20.483333333333334,8
acb,18.516666666666666,6
acb,3.2666666666666666,-4
acb,11.883333333333333,0
acb,14.633333333333333,3
acb,13.2,-1
acb,25.366666666666667,16
acb,4.45,0
acb,15.333333333333334,5
acb,21.716666666666665,15
acb,18.983333333333334,16
acb,19.016666666666666,18
acb,21.066666666666666,19
acb,21.566666666666666,5
acb,19.916666666666668,15
acb,17.633333333333333,7
acb,12.55,-1
acb,5.1,3
acb,3.7,6
acb,8.066666666666666,6
acb,12.6,6
acb,0.0,0
acb,2.9333333333333336,1
acb,11.383333333333333,6
acb,23.566666666666666,11
acb,29.95,19
acb,21.983333333333334,15
acb,27.85,25
acb,21.25,26
acb,29.3,14
acb,21.916666666666668,12
acb,28.983333333333334,19
acb,22.766666666666666,24
acb,20.516666666666666,21
acb,32.5,22
acb,22.483333333333334,20
acb,22.166666666666668,33
acb,22.566666666666666,20
acb,13.1,12
acb,21.983333333333334,28
acb,16.45,5
acb,22.366666666666667,5
acb,22.05,11
acb,16.816666666666666,9
acb,19.983333333333334,-4
acb,17.85,9
acb,16.15,11
acb,20.666666666666668,12
acb,18.083333333333332,-2
acb,34.516666666666666,12
acb,19.983333333333334,-3
acb,20.483333333333334,7
acb,17.783333333333335,17
acb,24.65,1
acb,30.983333333333334,0
acb,13.916666666666666,16
acb,23.333333333333332,6
acb,2.6333333333333333,0
acb,4.883333333333333,0
acb,0.0,0
acb,4.216666666666667,5
acb,0.0,0
acb,0.0,0
acb,0.0,0
acb,24.05,21
acb,25.683333333333334,-1
acb,16.016666666666666,-6
acb,26.8,4
acb,23.883333333333333,13
acb,20.333333333333332,6
acb,19.85,18
acb,32.1,7
acb,30.866666666666667,0
acb,17.25,4
acb,20.3,10
acb,23.766666666666666,22
acb,24.633333333333333,-2
acb,26.333333333333332,10
acb,44.583333333333336,33
acb,20.033333333333335,10
acb,27.633333333333333,8
acb,19.316666666666666,0
acb,18.233333333333334,9
acb,19.933333333333334,4
acb,13.416666666666666,-1
acb,0.0,0
acb,19.3,7
acb,27.416666666666668,9
acb,31.383333333333333,12
acb,0.0,0
acb,22.333333333333332,7
acb,26.766666666666666,13
acb,24.066666666666666,9
acb,16.5,7
acb,19.983333333333334,22
acb,21.8,19
acb,22.566666666666666,22
acb,21.783333333333335,13
acb,9.866666666666667,0
acb,26.866666666666667,14
acb,18.833333333333332,15
acb,24.683333333333334,15
acb,22.25,4
acb,19.5,21
acb,0.0,0
acb,23.55,11
acb,14.066666666666666,15
acb,20.766666666666666,19
acb,17.016666666666666,-2
acb,24.766666666666666,28
acb,25.016666666666666,3
acb,19.733333333333334,11
acb,12.233333333333333,11
acb,20.866666666666667,12
acb,27.85,17
acb,23.066666666666666,13
acb,19.85,7
acb,26.033333333333335,15
acb,21.2,15
acb,22.75,10
acb,25.9,-4
acb,25.666666666666668,15
acb,25.966666666666665,14
acb,30.5,21
acb,31.45,15
acb,14.166666666666666,5
acb,28.866666666666667,1
acb,26.55,11
acb,23.3,5
acb,25.166666666666668,5
acb,16.483333333333334,0
acb,36.75,23
acb,23.35,14
acb,28.3,2
acb,29.15,12
acb,26.333333333333332,21
acb,27.65,13
acb,28.833333333333332,20
acb,16.616666666666667,9
acb,20.95,9
acb,13.25,-3
acb,20.516666666666666,16
acb,0.0,0
acb,22.1,4
acb,12.083333333333334,-4
acb,17.466666666666665,9
acb,12.133333333333333,-2
acb,13.283333333333333,-1
acb,10.066666666666666,6
acb,15.4,7
acb,19.866666666666667,9
acb,14.066666666666666,0
acb,19.55,7
acb,21.783333333333335,15
acb,19.85,9
acb,3.05,-2
acb,1.4666666666666668,-2
acb,17.283333333333335,8
acb,22.116666666666667,7
acb,16.15,7
acb,15.616666666666667,11
acb,19.266666666666666,3
acb,22.3,23
acb,26.466666666666665,12
acb,15.166666666666666,13
acb,20.216666666666665,13
acb,31.266666666666666,16
acb,18.766666666666666,13
acb,20.783333333333335,23
acb,30.133333333333333,22
acb,26.733333333333334,18
acb,26.633333333333333,18
acb,21.983333333333334,8
acb,19.85,19
acb,13.033333333333333,3
acb,11.033333333333333,9
acb,9.266666666666667,11
acb,17.05,9
acb,0.0,0
acb,20.816666666666666,13
acb,8.733333333333333,6
acb,23.466666666666665,8
acb,22.133333333333333,11
acb,16.216666666666665,13
acb,14.65,6
acb,15.416666666666666,13
acb,21.25,6
acb,0.0,0
acb,2.8166666666666664,-2
acb,0.0,0
acb,10.533333333333333,9
acb,4.6,0
acb,0.0,0
acb,7.766666666666667,9
acb,17.3,15
acb,2.9333333333333336,-1
acb,9.333333333333334,4
acb,10.8,0
acb,10.283333333333333,11
acb,10.216666666666667,3
acb,6.583333333333333,3
acb,0.0,0
acb,0.0,0
acb,9.816666666666666,3
acb,5.266666666666667,-1
acb,0.0,0
acb,12.133333333333333,12
acb,12.416666666666666,7
acb,14.833333333333334,1
acb,7.566666666666666,3
acb,14.65,8
acb,13.816666666666666,4
acb,16.833333333333332,0
acb,21.083333333333332,11
acb,14.25,3
acb,8.033333333333333,-8
acb,23.383333333333333,6
acb,26.95,14
acb,18.816666666666666,18
acb,0.0,0
acb,0.0,0
acb,15.15,14
acb,10.283333333333333,-2
acb,23.066666666666666,-3
acb,23.366666666666667,12
acb,25.316666666666666,13
acb,22.0,1
acb,23.433333333333334,3
acb,22.116666666666667,12
acb,27.733333333333334,17
acb,24.3,13
acb,21.966666666666665,-3
acb,25.216666666666665,26
acb,25.983333333333334,10
acb,23.216666666666665,7
acb,21.616666666666667,1
acb,23.216666666666665,15
acb,17.083333333333332,9
acb,35.05,11
acb,23.983333333333334,15
acb,12.783333333333333,6
acb,14.516666666666667,14
acb,15.15,9
acb,8.9,1
acb,23.95,7
acb,15.95,1
acb,13.316666666666666,9
acb,5.5,-1
acb,0.0,0
acb,9.633333333333333,5
acb,0.0,0
acb,0.0,0
acb,23.783333333333335,13
acb,18.95,4
acb,16.733333333333334,4
acb,22.066666666666666,5
acb,13.433333333333334,3
acb,0.0,0
acb,24.416666666666668,4
acb,19.866666666666667,11
acb,17.216666666666665,2
acb,24.55,10
acb,20.983333333333334,9
acb,27.3,18
acb,24.583333333333332,17
acb,24.2,9
acb,18.85,18
acb,27.283333333333335,7
acb,17.4,-3
acb,25.15,6
acb,26.2,16
acb,25.95,3
acb,14.966666666666667,8
acb,27.516666666666666,19
acb,21.266666666666666,11
acb,0.0,0
acb,0.0,0
acb,4.866666666666667,4
acb,7.333333333333333,-4
acb,0.0,0
acb,0.0,0
acb,12.716666666666667,0
acb,22.55,14
acb,21.483333333333334,10
acb,11.816666666666666,10
acb,24.616666666666667,12
acb,19.466666666666665,8
acb,18.416666666666668,18
acb,24.633333333333333,24
acb,22.783333333333335,20
acb,0.0,0
acb,10.35,-2
acb,14.45,-1
acb,9.75,-3
acb,7.45,-2
acb,7.5,5
acb,11.65,0
acb,31.333333333333332,6
acb,6.583333333333333,2
acb,5.016666666666667,-2
acb,0.0,0
acb,22.383333333333333,8
acb,30.616666666666667,10
acb,15.333333333333334,-4
acb,20.216666666666665,7
acb,21.25,-2
acb,25.85,4
acb,25.316666666666666,19
acb,26.683333333333334,22
acb,27.383333333333333,11
acb,28.65,4
acb,27.533333333333335,10
acb,22.0,1
acb,23.75,-1
acb,4.45,-3
acb,13.033333333333333,7
acb,15.483333333333333,0
acb,23.033333333333335,-1
acb,16.633333333333333,10
acb,24.816666666666666,13
acb,19.183333333333334,8
acb,21.633333333333333,17
acb,21.0,4
acb,26.033333333333335,5
acb,14.25,2
acb,24.133333333333333,20
acb,21.133333333333333,16
acb,24.033333333333335,7
acb,23.816666666666666,8
acb,14.383333333333333,0
acb,22.85,16
acb,20.916666666666668,7
acb,13.683333333333334,5
acb,17.7,7
acb,10.7,5
acb,11.05,9
acb,14.15,12
acb,16.483333333333334,4
acb,11.583333333333334,5
acb,20.85,2
acb,5.933333333333334,14
acb,16.85,15
acb,12.016666666666667,11
acb,12.783333333333333,8
acb,19.05,8
acb,17.05,1
acb,19.616666666666667,15
acb,10.483333333333333,5
acb,5.166666666666667,3
acb,14.616666666666667,7
acb,8.716666666666667,3
acb,0.0,0
acb,0.0,0
acb,0.0,0
acb,0.0,0
acb,0.0,0
acb,0.0,0
acb,2.3166666666666664,-1
acb,4.966666666666667,-1
acb,0.0,0
acb,0.0,0
acb,0.0,0
acb,6.483333333333333,8
acb,0.0,0
acb,0.0,0
acb,0.0,0
acb,0.0,0
acb,0.0,0
acb,2.25,1
acb,1.2,0
acb,3.85,1
acb,3.3,0
acb,5.433333333333334,0
acb,0.0,0
acb,0.0,0
acb,32.266666666666666,13
acb,26.6,13
acb,27.166666666666668,32
acb,33.56666666666667,9
acb,26.2,18
acb,30.533333333333335,9
acb,26.283333333333335,3
acb,18.766666666666666,21
acb,20.066666666666666,15
acb,15.516666666666667,3
acb,16.566666666666666,4
acb,22.433333333333334,24
acb,29.033333333333335,6
acb,20.8,7
acb,31.083333333333332,25
acb,20.8,1
acb,27.416666666666668,8
acb,29.616666666666667,29
acb,27.966666666666665,25
acb,24.4,19
acb,27.683333333333334,12
acb,17.033333333333335,4
acb,27.683333333333334,19
acb,26.333333333333332,21
acb,24.733333333333334,17
acb,28.816666666666666,27
acb,29.916666666666668,7
acb,21.266666666666666,8
acb,14.183333333333334,4
acb,11.95,2
acb,19.4,3
acb,11.35,-2
acb,18.816666666666666,21
acb,5.283333333333333,-2
acb,8.366666666666667,1
acb,0.0,0
acb,3.35,-1
acb,0.0,0
acb,0.0,0
acb,0.0,0
acb,4.8,0
acb,5.3,-4
acb,0.0,0
acb,0.0,0
acb,0.0,0
acb,0.0,0
acb,0.0,0
acb,16.7,0
acb,14.216666666666667,6
acb,13.716666666666667,8
acb,14.716666666666667,-1
acb,17.133333333333333,4
acb,13.85,7
acb,17.733333333333334,12
acb,12.466666666666667,5
acb,15.716666666666667,10
acb,16.133333333333333,6
acb,10.1,-4
acb,17.866666666666667,14
acb,10.066666666666666,-1
acb,13.9,0
acb,18.033333333333335,16
acb,17.733333333333334,11
acb,13.316666666666666,-3
acb,7.433333333333334,1
acb,13.85,1
acb,20.8,17
acb,13.35,-1
acb,15.016666666666667,4
acb,12.316666666666666,2
acb,14.516666666666667,-1
acb,12.866666666666667,-1
acb,11.616666666666667,1
acb,6.016666666666667,-3
acb,20.233333333333334,6
acb,18.9,4
acb,19.85,0
acb,17.383333333333333,6
acb,12.8,1
acb,22.233333333333334,2
acb,16.333333333333332,4
acb,28.333333333333332,19
acb,15.2,13
acb,20.65,18
acb,14.983333333333333,9
acb,21.95,-4
acb,17.35,5
acb,25.2,14
acb,25.583333333333332,7
acb,24.533333333333335,7
acb,16.55,11
acb,31.116666666666667,11
acb,21.183333333333334,6
acb,21.75,16
acb,17.133333333333333,18
acb,18.7,5
acb,29.683333333333334,15
acb,34.333333333333336,18
acb,24.733333333333334,11
acb,23.566666666666666,10
acb,33.733333333333334,14
acb,18.716666666666665,12
acb,17.7,8
acb,19.95,3
acb,20.516666666666666,8
acb,24.45,20
acb,21.833333333333332,8
acb,26.366666666666667,28
acb,30.116666666666667,17
acb,32.45,22
acb,28.683333333333334,18
acb,26.216666666666665,9
acb,28.8,29
acb,24.483333333333334,19
acb,31.716666666666665,23
acb,21.783333333333335,1
acb,24.516666666666666,17
acb,24.516666666666666,7
acb,25.583333333333332,1
acb,26.916666666666668,4
acb,22.4,9
acb,23.683333333333334,2
acb,22.233333333333334,1
acb,25.4,1
acb,23.35,7
acb,22.716666666666665,6
acb,25.583333333333332,9
acb,19.566666666666666,-2
acb,8.966666666666667,-1
acb,15.7,2
acb,19.083333333333332,11
acb,18.65,1
acb,28.133333333333333,29
acb,22.066666666666666,8
acb,22.116666666666667,14
acb,22.85,14
acb,22.316666666666666,16
acb,30.616666666666667,30
acb,24.366666666666667,23
acb,20.716666666666665,5
acb,26.8,14
acb,16.366666666666667,7
acb,26.066666666666666,25
acb,24.183333333333334,19
acb,18.533333333333335,14
acb,21.283333333333335,17
acb,22.116666666666667,1
acb,31.033333333333335,11
acb,0.0,0
acb,0.5333333333333333,0
acb,0.0,0
acb,0.0,0
acb,0.0,0
acb,0.0,0
acb,0.0,0
acb,0.0,0
acb,2.4166666666666665,0
acb,3.466666666666667,-1
acb,0.9,0
acb,5.6,3
acb,0.0,0
acb,0.0,0
acb,6.6,1
acb,11.433333333333334,3
acb,26.916666666666668,22
acb,23.366666666666667,4
acb,26.616666666666667,1
acb,25.333333333333332,16
acb,20.883333333333333,3
acb,22.533333333333335,7
acb,13.716666666666667,6
acb,17.25,12
acb,13.3,12
acb,25.1,24
acb,23.433333333333334,17
acb,20.516666666666666,10
acb,19.333333333333332,5
acb,19.2,12
acb,15.416666666666666,4
acb,22.383333333333333,8
acb,13.416666666666666,2
acb,12.366666666666667,0
acb,14.066666666666666,4
acb,18.183333333333334,12
acb,25.85,12
acb,11.233333333333333,-3
acb,20.016666666666666,16
acb,31.866666666666667,9
acb,24.333333333333332,26
acb,24.983333333333334,18
acb,20.05,10
acb,23.966666666666665,16
acb,27.1,17
acb,14.6,0
acb,17.233333333333334,7
acb,20.966666666666665,17
acb,22.033333333333335,6
acb,15.816666666666666,6
acb,23.533333333333335,9
acb,18.633333333333333,17
acb,17.333333333333332,2
acb,18.783333333333335,1
acb,21.166666666666668,4
acb,19.433333333333334,4
acb,18.416666666666668,4
acb,13.55,5
acb,0.0,0
acb,4.65,-1
acb,23.4,12
acb,22.05,5
acb,22.966666666666665,15
acb,20.666666666666668,9
acb,20.5,6
acb,23.85,7
acb,15.416666666666666,9
acb,19.1,5
acb,15.25,3
acb,10.733333333333333,-3
acb,25.083333333333332,3
acb,27.683333333333334,4
acb,21.883333333333333,8
acb,27.166666666666668,13
acb,20.516666666666666,19
acb,30.216666666666665,0
acb,29.233333333333334,5
acb,23.9,-2
acb,24.683333333333334,7
acb,20.35,9
acb,18.35,13
acb,12.0,1
acb,17.35,4
acb,15.9,3
acb,8.283333333333333,-4
acb,25.5,14
acb,4.766666666666667,-4
acb,30.883333333333333,14
acb,18.283333333333335,16
acb,16.816666666666666,-3
acb,20.933333333333334,4
acb,27.083333333333332,9
acb,20.283333333333335,8
acb,23.583333333333332,27
acb,22.266666666666666,8
acb,20.55,10
acb,20.266666666666666,6
acb,18.266666666666666,6
acb,0.0,0
acb,23.533333333333335,10
acb,16.566666666666666,8
acb,29.45,28
acb,17.883333333333333,6
acb,25.933333333333334,2
acb,25.166666666666668,11
acb,25.7,18
acb,0.0,0
acb,27.916666666666668,13
acb,8.6,1
acb,18.316666666666666,10
acb,17.55,8
acb,10.233333333333333,-3
acb,20.666666666666668,14
acb,17.4,3
acb,14.533333333333333,5
acb,17.983333333333334,16
acb,23.033333333333335,10
acb,30.366666666666667,23
acb,28.016666666666666,24
acb,19.116666666666667,15
acb,27.916666666666668,23
acb,17.083333333333332,21
acb,21.916666666666668,8
acb,22.833333333333332,9
acb,22.816666666666666,15
acb,24.55,14
acb,28.083333333333332,11
acb,24.5,23
acb,18.633333333333333,4
acb,15.983333333333333,11
acb,26.95,16
acb,26.166666666666668,24
acb,31.533333333333335,16
acb,6.083333333333333,-1
acb,13.9,12
acb,21.733333333333334,14
acb,17.1,5
acb,7.316666666666666,-2
acb,18.166666666666668,5
acb,24.183333333333334,14
acb,20.183333333333334,4
acb,12.683333333333334,5
acb,22.25,11
acb,14.55,10
acb,18.616666666666667,6
acb,14.466666666666667,-1
acb,25.5,9
acb,25.75,1
acb,35.7,17
acb,31.716666666666665,10
acb,30.716666666666665,21
acb,36.53333333333333,18
acb,20.25,11
acb,29.15,14
acb,27.4,7
acb,30.55,11
acb,29.566666666666666,26
acb,28.65,20
acb,30.533333333333335,29
acb,28.833333333333332,6
acb,27.766666666666666,16
acb,33.3,28
acb,27.133333333333333,16
acb,11.983333333333333,1
acb,8.35,2
acb,5.283333333333333,-5
acb,11.116666666666667,4
acb,0.5833333333333334,0
acb,2.55,-1
acb,3.9,1
acb,0.0,0
acb,0.0,0
acb,15.266666666666667,0
acb,16.433333333333334,9
acb,6.333333333333333,-1
acb,20.733333333333334,9
acb,22.416666666666668,6
acb,19.366666666666667,13
acb,15.783333333333333,6
acb,20.583333333333332,10
acb,22.766666666666666,8
acb,11.166666666666666,4
acb,30.25,13
acb,8.466666666666667,-1
acb,17.15,5
acb,15.166666666666666,9
acb,12.8,2
acb,14.95,12
acb,17.85,5
acb,10.216666666666667,-2
acb,15.466666666666667,11
acb,18.55,4
acb,20.966666666666665,13
acb,17.166666666666668,10
acb,20.383333333333333,3
acb,13.35,2
acb,14.083333333333334,1
acb,17.883333333333333,8
acb,19.283333333333335,6
acb,15.233333333333333,-3
acb,0.0,0
acb,18.616666666666667,4
acb,25.916666666666668,24
acb,23.383333333333333,4
acb,20.616666666666667,9
acb,17.65,4
acb,31.166666666666668,16
acb,23.483333333333334,1
acb,27.55,11
acb,15.933333333333334,-1
acb,14.4,-7
acb,12.85,5
acb,13.583333333333334,4
acb,24.5,16
acb,18.466666666666665,3
acb,10.933333333333334,8
acb,12.266666666666667,0
acb,8.15,1
acb,25.066666666666666,15
acb,27.316666666666666,5
acb,17.316666666666666,5
acb,16.966666666666665,3
acb,0.0,0
acb,0.35,2
acb,14.533333333333333,3
acb,16.716666666666665,5
acb,9.983333333333333,2
acb,19.3,12
acb,19.233333333333334,12
acb,9.783333333333333,4
acb,23.416666666666668,8
acb,15.0,0
acb,16.316666666666666,-2
acb,16.116666666666667,1
acb,7.1,0
acb,11.966666666666667,0
acb,5.283333333333333,-3
acb,6.15,-4
acb,14.533333333333333,8
acb,1.6,0
acb,14.016666666666667,7
acb,14.833333333333334,1
acb,4.733333333333333,0
acb,15.55,1
acb,19.783333333333335,11
acb,6.016666666666667,-1
acb,27.966666666666665,11
acb,25.766666666666666,16
acb,19.55,8
acb,24.65,26
acb,24.516666666666666,2
acb,31.983333333333334,24
acb,24.466666666666665,4
acb,25.116666666666667,7
acb,30.083333333333332,28
acb,23.633333333333333,24
acb,21.466666666666665,4
acb,33.63333333333333,23
acb,32.63333333333333,33
acb,40.85,14
acb,27.133333333333333,11
acb,20.016666666666666,1
acb,0.0,0
acb,0.5333333333333333,0
acb,0.15,0
acb,0.0,0
acb,1.6333333333333333,-1
acb,12.383333333333333,2
acb,18.133333333333333,11
acb,4.266666666666667,0
acb,9.683333333333334,10
acb,4.966666666666667,1
acb,6.15,3
acb,18.133333333333333,6
acb,5.716666666666667,7
acb,13.45,3
acb,13.883333333333333,3
acb,9.966666666666667,7
acb,8.233333333333333,-1
acb,6.35,5
acb,0.0,0
acb,7.683333333333334,-3
acb,4.1,-1
acb,10.166666666666666,2
acb,9.383333333333333,3
acb,0.0,0
acb,0.0,0
acb,0.0,0
acb,0.0,0
acb,0.0,0
acb,0.0,0
acb,5.333333333333333,2
acb,0.0,0
acb,3.35,0
acb,0.26666666666666666,0
acb,0.0,0
acb,2.283333333333333,-1
acb,0.0,0
acb,2.55,-1
acb,2.7666666666666666,-2
acb,1.8333333333333335,-1
acb,0.0,0
acb,19.283333333333335,4
acb,16.283333333333335,1
acb,22.816666666666666,8
acb,17.833333333333332,6
acb,17.433333333333334,10
acb,17.55,3
acb,25.0,10
acb,29.05,6
acb,20.583333333333332,7
acb,13.416666666666666,3
acb,28.616666666666667,21
acb,9.4,-2
acb,20.366666666666667,15
acb,17.35,8
acb,13.9,2
acb,16.383333333333333,2
acb,16.383333333333333,14
acb,19.966666666666665,9
acb,18.083333333333332,2
acb,17.666666666666668,19
acb,25.933333333333334,9
acb,23.583333333333332,8
acb,22.216666666666665,1
acb,23.216666666666665,10
acb,19.05,4
acb,16.866666666666667,5
acb,21.566666666666666,10
acb,13.333333333333334,0
acb,25.566666666666666,2
acb,13.983333333333333,9
acb,13.983333333333333,5
acb,23.933333333333334,7
acb,33.38333333333333,13
acb,14.033333333333333,8
acb,0.0,0
acb,0.0,0
acb,0.0,0
acb,7.35,1
acb,17.466666666666665,9
acb,14.166666666666666,8
acb,11.3,2
acb,12.833333333333334,4
acb,17.516666666666666,9
acb,9.533333333333333,-4
acb,14.3,10
acb,26.783333333333335,6
acb,21.8,14
acb,9.966666666666667,8
acb,22.883333333333333,9
acb,23.733333333333334,10
acb,7.2,-6
acb,13.1,6
acb,10.933333333333334,1
acb,21.633333333333333,10
acb,23.5,6
acb,25.933333333333334,1
acb,23.616666666666667,4
acb,20.55,10
acb,23.283333333333335,-1
acb,6.333333333333333,5
acb,5.033333333333333,-3
acb,13.85,10
acb,14.633333333333333,7
acb,14.616666666666667,13
acb,18.883333333333333,7
acb,19.816666666666666,14
acb,11.366666666666667,6
acb,14.55,-1
acb,5.85,0
acb,14.233333333333333,2
acb,24.983333333333334,15
acb,0.0,0
acb,17.5,14
acb,20.833333333333332,0
acb,16.133333333333333,1
acb,16.133333333333333,9
acb,17.716666666666665,10
acb,6.4,0
acb,12.933333333333334,5
acb,14.0,7
acb,16.5,3
acb,2.966666666666667,4
acb,11.866666666666667,-3
acb,18.533333333333335,6
acb,14.716666666666667,-3
acb,17.433333333333334,9
acb,11.816666666666666,-3
acb,0.0,0
acb,0.0,0
acb,6.366666666666666,0
acb,1.0166666666666666,0
acb,3.7,1
acb,0.0,0
acb,5.566666666666666,3
acb,2.466666666666667,1
acb,0.31666666666666665,0
acb,0.0,0
acb,0.0,0
acb,0.0,0
acb,0.0,0
acb,6.383333333333334,0
acb,0.0,0
acb,7.183333333333334,-5
acb,15.116666666666667,10
acb,6.9,-1
acb,1.5166666666666666,-2
acb,16.0,10
acb,12.7,1
acb,8.216666666666667,-1
acb,9.9,12
acb,11.233333333333333,-1
acb,12.066666666666666,-2
acb,0.0,0
acb,8.7,5
acb,0.0,0
acb,7.7,1
acb,0.0,0
acb,16.75,15
acb,17.083333333333332,0
acb,0.0,0
acb,0.0,0
acb,0.0,0
acb,0.0,0
acb,2.1333333333333333,-1
acb,0.0,0
acb,0.0,0
acb,1.15,0
acb,0.0,0
acb,0.0,0
acb,0.0,0
acb,0.0,0
acb,0.0,0
acb,0.0,0
acb,0.0,0
acb,2.5666666666666664,1
acb,13.65,4
acb,13.233333333333333,13
acb,13.866666666666667,-3
acb,12.316666666666666,6
acb,22.716666666666665,17
acb,16.35,4
acb,14.183333333333334,6
acb,8.1,2
acb,4.95,-1
acb,11.583333333333334,-4
acb,20.583333333333332,9
acb,21.15,26
acb,26.666666666666668,24
acb,30.2,10
acb,24.766666666666666,13
acb,21.016666666666666,9
acb,20.666666666666668,24
acb,2.8166666666666664,3
acb,14.433333333333334,3
acb,10.316666666666666,0
acb,25.15,-4
acb,6.2,1
acb,0.0,0
acb,0.0,0
acb,13.15,-3
acb,6.35,-3
acb,0.0,0
acb,0.0,0
acb,2.533333333333333,0
acb,0.0,0
acb,2.216666666666667,-1
acb,2.5166666666666666,-1
acb,7.0,1
acb,0.15,0
acb,5.45,-1
acb,0.0,0
acb,10.0,1
acb,10.733333333333333,2
acb,22.366666666666667,9
acb,18.683333333333334,6
acb,38.266666666666666,21
acb,29.116666666666667,23
acb,30.7,13
acb,14.533333333333333,1
acb,13.916666666666666,7
acb,23.433333333333334,11
acb,19.316666666666666,18
acb,21.616666666666667,20
acb,16.766666666666666,7
acb,25.2,6
acb,25.516666666666666,5
acb,19.366666666666667,1
acb,15.35,3
acb,18.633333333333333,11
acb,12.75,4
acb,17.433333333333334,9
acb,21.183333333333334,13
acb,18.966666666666665,8
acb,18.166666666666668,-1
acb,21.833333333333332,8
acb,27.216666666666665,10
acb,25.483333333333334,-4
acb,24.85,2
acb,11.016666666666667,6
acb,0.0,0
acb,24.05,2
acb,18.083333333333332,-1
acb,15.933333333333334,1
acb,21.683333333333334,-3
acb,16.433333333333334,2
acb,13.716666666666667,6
acb,22.85,0
acb,0.0,0
acb,15.266666666666667,1
acb,12.9,3
acb,22.466666666666665,20
acb,23.533333333333335,12
acb,12.716666666666667,7
acb,14.466666666666667,4
acb,13.75,5
acb,15.15,3
acb,19.4,2
acb,20.783333333333335,-3
acb,19.783333333333335,6
acb,17.6,5
acb,17.033333333333335,5
acb,14.85,16
acb,24.15,1
acb,18.333333333333332,3
acb,22.1,4
acb,18.983333333333334,12
acb,21.183333333333334,8
acb,20.033333333333335,4
acb,17.75,6
acb,19.666666666666668,8
acb,21.15,8
acb,19.2,8
acb,16.616666666666667,12
acb,21.033333333333335,6
acb,9.85,5
acb,24.2,16
acb,22.733333333333334,10
acb,0.0,0
acb,0.0,0
acb,0.0,0
acb,0.0,0
acb,0.0,0
acb,0.7666666666666667,0
acb,0.0,0
acb,4.15,-4
acb,0.0,0
acb,15.95,-7
acb,11.25,-6
acb,20.5,5
acb,2.4833333333333334,3
acb,14.216666666666667,10
acb,7.716666666666667,-1
acb,10.183333333333334,9
acb,19.2,1
acb,1.7333333333333334,-2
acb,11.283333333333333,7
acb,12.45,13
acb,0.0,0
acb,7.35,-1
acb,10.083333333333334,-1
acb,20.383333333333333,2
acb,11.416666666666666,-8
acb,0.0,0
acb,18.066666666666666,1
acb,17.5,12
acb,20.466666666666665,-2
acb,12.966666666666667,-2
acb,13.85,5
acb,23.533333333333335,5
acb,19.366666666666667,4
acb,20.466666666666665,2
acb,9.983333333333333,1
acb,8.216666666666667,0
acb,2.966666666666667,-1
acb,0.0,0
acb,24.55,15
acb,26.883333333333333,8
acb,21.983333333333334,18
acb,22.833333333333332,4
acb,20.25,4
acb,17.933333333333334,-2
acb,22.383333333333333,13
acb,26.95,22
acb,19.483333333333334,5
acb,15.166666666666666,8
acb,24.066666666666666,11
acb,19.483333333333334,9
acb,20.15,10
acb,20.016666666666666,12
acb,20.983333333333334,12
acb,0.0,0
acb,26.766666666666666,9
acb,22.316666666666666,-1
acb,17.933333333333334,14
acb,20.65,14
acb,32.31666666666667,23
acb,21.366666666666667,22
acb,22.466666666666665,18
acb,17.966666666666665,15
acb,25.75,14
acb,25.85,10
acb,28.216666666666665,18
acb,22.566666666666666,6
acb,23.55,6
acb,31.033333333333335,15
acb,24.966666666666665,8
acb,16.766666666666666,9
acb,25.733333333333334,6
acb,15.716666666666667,5
acb,13.1,-1
acb,16.7,7
acb,14.55,2
acb,16.033333333333335,8
acb,13.866666666666667,1
acb,18.083333333333332,6
acb,26.016666666666666,15
acb,19.783333333333335,7
acb,10.0,-1
acb,9.6,-2
acb,19.183333333333334,4
acb,14.766666666666667,0
acb,18.05,6
acb,20.25,13
acb,21.366666666666667,10
acb,10.566666666666666,-3
acb,5.633333333333333,-1
acb,6.033333333333333,2
acb,7.416666666666667,2
acb,18.583333333333332,10
acb,19.083333333333332,2
acb,5.816666666666666,0
acb,15.6,5
acb,14.666666666666666,3
acb,0.0,0
acb,15.983333333333333,21
acb,18.85,22
acb,14.633333333333333,-4
acb,17.8,2
acb,14.083333333333334,7
acb,16.266666666666666,8
acb,7.7,4
acb,25.866666666666667,7
acb,27.083333333333332,14
acb,26.7,10
acb,33.81666666666667,1
acb,28.616666666666667,18
acb,33.916666666666664,24
acb,25.1,11
acb,24.016666666666666,32
acb,29.1,23
acb,28.15,22
acb,24.716666666666665,15
acb,31.2,5
acb,24.183333333333334,13
acb,30.866666666666667,15
acb,22.7,14
acb,16.883333333333333,11
acb,26.433333333333334,12
acb,21.133333333333333,24
acb,21.7,9
acb,18.716666666666665,18
acb,28.866666666666667,7
acb,20.95,-3
acb,0.0,0
acb,14.166666666666666,15
acb,27.933333333333334,14
acb,25.583333333333332,13
acb,17.733333333333334,4
acb,23.15,4
acb,23.716666666666665,5
acb,22.5,6
acb,27.15,13
acb,29.9,5
acb,24.033333333333335,-1
acb,25.616666666666667,6
acb,19.783333333333335,12
acb,14.866666666666667,-4
acb,23.7,19
acb,27.316666666666666,8
acb,22.9,-5
acb,25.716666666666665,1
acb,22.133333333333333,12
acb,19.75,0
acb,26.45,0
acb,23.666666666666668,0
acb,32.18333333333333,18
acb,30.816666666666666,13
acb,24.483333333333334,0
acb,24.366666666666667,1
acb,5.666666666666667,0
acb,2.65,0
acb,0.0,0
acb,12.816666666666666,0
acb,14.1,7
acb,9.583333333333334,0
acb,0.0,0
acb,0.0,0
acb,5.866666666666667,3
acb,4.516666666666667,0
acb,0.0,0
acb,18.183333333333334,16
acb,5.583333333333333,4
acb,0.0,0
acb,8.266666666666667,2
acb,12.266666666666667,0
acb,8.55,13
acb,0.0,0
acb,0.0,0
acb,5.4,1
acb,3.85,0
acb,19.566666666666666,-1
acb,15.416666666666666,0
acb,1.8333333333333335,0
acb,0.0,0
acb,3.5833333333333335,0
acb,5.066666666666666,-1
acb,7.35,1
acb,7.466666666666667,0
acb,8.1,4
acb,8.866666666666667,-2
acb,0.0,0
acb,7.2,2
acb,0.0,0
acb,23.733333333333334,30
acb,29.216666666666665,36
acb,20.483333333333334,30
acb,28.433333333333334,5
acb,31.2,24
acb,23.833333333333332,20
acb,25.183333333333334,22
acb,25.25,22
acb,22.533333333333335,17
acb,21.3,23
acb,25.916666666666668,20
acb,24.816666666666666,13
acb,23.833333333333332,22
acb,17.666666666666668,15
acb,20.416666666666668,22
acb,25.716666666666665,17
acb,25.483333333333334,22
acb,0.9,-1
acb,12.25,8
acb,0.0,0
acb,14.466666666666667,10
acb,4.583333333333333,4
acb,6.616666666666667,-5
acb,0.0,0
acb,0.0,0
acb,0.0,0
acb,0.0,0
acb,0.0,0
acb,0.0,0
acb,0.0,0
acb,0.0,0
acb,2.15,0
acb,0.0,0
acb,0.0,0
acb,0.0,0
acb,3.6,1
acb,0.8333333333333334,0
acb,0.0,0
acb,0.0,0
acb,0.0,0
acb,0.0,0
acb,0.0,0
acb,0.0,0
acb,0.0,0
acb,0.0,0
acb,0.0,0
acb,5.116666666666666,-2
acb,0.0,0
acb,0.0,0
acb,18.916666666666668,13
acb,16.983333333333334,2
acb,16.633333333333333,3
acb,20.216666666666665,10
acb,10.616666666666667,1
acb,11.333333333333334,-2
acb,13.8,0
acb,16.816666666666666,11
acb,15.0,1
acb,11.183333333333334,8
acb,15.2,4
acb,6.716666666666667,3
acb,9.8,4
acb,9.316666666666666,1
acb,8.75,6
acb,6.383333333333334,-1
acb,15.55,9
acb,22.15,13
acb,33.11666666666667,21
acb,26.366666666666667,10
acb,34.56666666666667,9
acb,30.0,13
acb,25.55,6
acb,17.933333333333334,3
acb,21.116666666666667,5
acb,19.466666666666665,5
acb,19.366666666666667,2
acb,29.066666666666666,9
acb,13.933333333333334,-2
acb,18.7,7
acb,18.516666666666666,-2
acb,22.616666666666667,18
acb,23.633333333333333,11
acb,23.083333333333332,8
acb,28.683333333333334,13
acb,20.15,16
acb,21.733333333333334,1
acb,20.716666666666665,7
acb,0.0,0
acb,23.383333333333333,4
acb,23.016666666666666,11
acb,27.1,4
acb,33.31666666666667,25
acb,30.1,12
acb,27.233333333333334,6
acb,22.033333333333335,-1
acb,32.05,10
acb,20.383333333333333,8
acb,25.7,14
acb,27.65,9
acb,27.766666666666666,4
acb,22.866666666666667,17
acb,25.266666666666666,12
acb,15.85,18
acb,21.666666666666668,13
acb,17.9,8
acb,21.016666666666666,5
acb,18.816666666666666,13
acb,19.966666666666665,4
acb,22.283333333333335,18
acb,20.333333333333332,7
acb,18.85,-2
acb,20.866666666666667,7
acb,23.383333333333333,5
acb,0.0,0
acb,23.466666666666665,19
acb,0.0,0
acb,19.566666666666666,26
acb,17.283333333333335,21
acb,20.55,11
acb,9.466666666666667,0
acb,9.3,2
acb,13.7,-5
acb,20.616666666666667,7
acb,22.083333333333332,17
acb,21.433333333333334,4
acb,13.433333333333334,6
acb,11.7,7
acb,22.783333333333335,12
acb,15.8,2
acb,29.8,17
acb,31.9,21
acb,4.383333333333334,1
acb,17.566666666666666,0
acb,19.3,9
acb,7.7,2
acb,4.85,0
acb,9.566666666666666,2
acb,11.566666666666666,6
acb,4.9,-2
acb,7.116666666666666,-2
acb,10.916666666666666,1
acb,7.483333333333333,2
acb,3.3666666666666667,-2
acb,0.0,0
acb,13.866666666666667,0
acb,9.0,2
acb,21.55,-4
acb,2.9166666666666665,-1
acb,11.35,7
acb,5.55,5
acb,4.266666666666667,3
acb,2.283333333333333,3
acb,8.366666666666667,2
acb,4.3,-1
acb,16.766666666666666,9
acb,15.8,2
acb,0.0,0
acb,11.383333333333333,1
acb,17.216666666666665,-1
acb,4.8,0
acb,2.1666666666666665,-1
acb,3.35,-1
acb,0.0,0
acb,18.483333333333334,13
acb,14.366666666666667,9
acb,22.05,3
acb,15.4,5
acb,20.166666666666668,13
acb,13.733333333333333,9
acb,20.166666666666668,9
acb,21.183333333333334,1
acb,20.1,11
acb,14.466666666666667,7
acb,17.216666666666665,8
acb,15.783333333333333,5
acb,22.816666666666666,14
acb,13.85,1
acb,19.566666666666666,13
acb,19.8,8
acb,17.75,11
acb,12.716666666666667,6
acb,5.416666666666667,-1
acb,16.466666666666665,8
acb,15.7,4
acb,15.75,12
acb,15.05,2
acb,15.05,9
acb,13.266666666666667,6
acb,15.483333333333333,12
acb,18.433333333333334,4
acb,16.766666666666666,15
acb,22.6,17
acb,15.9,4
acb,24.933333333333334,1
acb,21.766666666666666,10
acb,10.833333333333334,4
acb,3.2333333333333334,-2
acb,16.333333333333332,0
acb,0.0,0
acb,9.433333333333334,5
acb,7.383333333333334,-1
acb,18.116666666666667,3
acb,1.9833333333333334,0
acb,0.0,0
acb,16.633333333333333,1
acb,0.0,0
acb,0.0,0
acb,13.566666666666666,4
acb,0.0,0
acb,5.7,-2
acb,0.0,0
acb,0.0,0
acb,10.0,5
acb,0.0,0
acb,2.1666666666666665,-1
acb,0.0,0
acb,2.05,0
acb,36.016666666666666,4
acb,23.783333333333335,4
acb,17.55,9
acb,26.916666666666668,2
acb,22.4,15
acb,19.366666666666667,5
acb,17.733333333333334,-1
acb,19.75,12
acb,29.066666666666666,7
acb,8.683333333333334,5
acb,22.366666666666667,6
acb,31.216666666666665,19
acb,10.516666666666667,3
acb,18.333333333333332,4
acb,22.466666666666665,11
acb,34.0,7
acb,0.0,0
acb,16.466666666666665,8
acb,12.433333333333334,1
acb,15.516666666666667,19
acb,20.616666666666667,22
acb,20.366666666666667,15
acb,18.033333333333335,6
acb,17.316666666666666,14
acb,17.466666666666665,4
acb,30.133333333333333,23
acb,32.85,19
acb,30.366666666666667,26
acb,13.133333333333333,8
acb,15.566666666666666,9
acb,15.316666666666666,0
acb,17.633333333333333,16
acb,13.9,19
acb,22.283333333333335,18
acb,0.0,0
acb,0.0,0
acb,10.416666666666666,0
acb,18.933333333333334,14
acb,10.833333333333334,-3
acb,11.083333333333334,2
acb,6.4,0
acb,0.0,0
acb,9.466666666666667,5
acb,20.75,13
acb,22.05,10
acb,21.733333333333334,13
acb,17.55,14
acb,22.1,24
acb,18.983333333333334,3
acb,19.833333333333332,5
acb,24.566666666666666,20
acb,14.6,8
acb,18.866666666666667,10
acb,18.566666666666666,3
acb,22.233333333333334,24
acb,21.1,22
acb,30.466666666666665,34
acb,25.083333333333332,22
acb,21.0,4
acb,24.45,13
acb,27.633333333333333,30
acb,30.8,18
acb,28.95,29
acb,29.066666666666666,38
acb,18.283333333333335,2
acb,19.0,12
acb,26.55,20
acb,26.85,30
acb,22.783333333333335,12
acb,21.35,10
acb,22.883333333333333,13
acb,27.0,15
acb,20.566666666666666,5
acb,23.783333333333335,18
acb,21.883333333333333,-2
acb,26.5,13
acb,22.633333333333333,21
acb,29.883333333333333,24
acb,26.75,23
acb,31.1,18
acb,29.883333333333333,17
acb,33.2,19
acb,28.833333333333332,9
acb,26.416666666666668,13
acb,27.216666666666665,9
acb,19.65,14
acb,13.366666666666667,0
acb,25.2,11
acb,17.816666666666666,5
acb,18.566666666666666,9
acb,20.216666666666665,10
acb,23.85,6
acb,18.616666666666667,12
acb,16.133333333333333,4
acb,19.033333333333335,16
acb,27.583333333333332,18
acb,22.516666666666666,7
acb,22.333333333333332,1
acb,25.133333333333333,8
acb,19.75,6
acb,13.233333333333333,-4
acb,24.766666666666666,10
acb,11.866666666666667,-4
acb,17.616666666666667,8
acb,17.883333333333333,11
acb,17.15,4
acb,16.65,6
acb,13.716666666666667,21
acb,15.916666666666666,7
acb,0.5666666666666667,1
acb,13.2,4
acb,18.15,6
acb,27.283333333333335,7
acb,13.933333333333334,-5
acb,3.8,3
acb,8.033333333333333,2
acb,0.08333333333333333,0
acb,8.716666666666667,15
acb,11.05,6
acb,0.0,0
acb,0.5333333333333333,3
acb,0.0,0
acb,0.0,0
acb,0.0,0
acb,9.616666666666667,1
acb,6.05,2
acb,0.0,0
acb,8.833333333333334,4
acb,27.133333333333333,20
acb,23.666666666666668,16
acb,27.966666666666665,27
acb,22.866666666666667,1
acb,28.4,20
acb,26.666666666666668,10
acb,25.083333333333332,13
acb,26.9,20
acb,19.1,9
acb,33.166666666666664,20
acb,21.95,7
acb,19.716666666666665,7
acb,14.45,5
acb,17.033333333333335,9
acb,30.25,18
acb,34.78333333333333,17
acb,32.6,30
acb,12.166666666666666,6
acb,9.233333333333333,-2
acb,0.0,0
acb,10.7,6
acb,13.933333333333334,12
acb,3.9333333333333336,0
acb,12.483333333333333,-1
acb,7.9,1
acb,18.7,9
acb,13.3,8
acb,15.016666666666667,6
acb,20.666666666666668,6
acb,24.05,15
acb,22.65,7
acb,14.85,5
acb,24.55,11
acb,0.0,0
acb,5.3,1
acb,0.0,0
acb,28.233333333333334,3
acb,11.716666666666667,5
acb,8.166666666666666,0
acb,13.166666666666666,4
acb,3.2,2
acb,9.616666666666667,8
acb,0.0,0
acb,17.433333333333334,-2
acb,12.533333333333333,4
acb,1.6166666666666667,-1
acb,22.033333333333335,11
acb,18.383333333333333,2
acb,22.95,21
acb,16.716666666666665,2
acb,20.083333333333332,18
acb,17.366666666666667,4
acb,26.516666666666666,5
acb,24.05,7
acb,26.766666666666666,29
acb,25.233333333333334,4
acb,14.266666666666667,-4
acb,10.0,9
acb,18.783333333333335,9
acb,28.783333333333335,3
acb,0.0,0
acb,18.05,2
acb,22.016666666666666,10
acb,6.233333333333333,-2
acb,8.266666666666667,-2
acb,7.016666666666667,1
acb,10.0,5
acb,4.366666666666666,4
acb,22.3,10
acb,12.316666666666666,0
acb,8.566666666666666,-4
acb,0.0,0
acb,10.316666666666666,5
acb,3.6333333333333333,-3
acb,18.733333333333334,-4
acb,5.116666666666666,0
acb,11.15,7
acb,17.1,12
acb,28.033333333333335,30
acb,19.316666666666666,18
acb,26.35,20
acb,31.116666666666667,5
acb,24.416666666666668,0
acb,24.4,4
acb,21.75,5
acb,13.85,0
acb,16.733333333333334,2
acb,17.183333333333334,-2
acb,13.0,11
acb,19.833333333333332,12
acb,14.416666666666666,-1
acb,12.783333333333333,0
acb,13.516666666666667,-3
acb,19.583333333333332,3
acb,27.833333333333332,5
acb,21.716666666666665,8
acb,21.2,13
acb,20.566666666666666,17
acb,20.383333333333333,5
acb,0.0,0
acb,7.3,0
acb,15.883333333333333,17
acb,14.716666666666667,8
acb,17.25,7
acb,15.266666666666667,15
acb,26.866666666666667,26
acb,22.15,19
acb,7.1,4
acb,18.816666666666666,19
acb,22.966666666666665,11
acb,24.25,24
acb,19.666666666666668,14
acb,21.833333333333332,8
acb,9.283333333333333,9
acb,14.633333333333333,14
acb,12.7,15
acb,19.5,15
acb,20.516666666666666,7
acb,14.033333333333333,21
acb,13.3,10
acb,22.833333333333332,6
acb,27.35,1
acb,10.683333333333334,4
acb,19.916666666666668,8
acb,10.65,-2
acb,10.683333333333334,11
acb,22.466666666666665,8
acb,25.216666666666665,12
acb,15.6,6
acb,13.433333333333334,0
acb,18.633333333333333,11
acb,23.083333333333332,3
acb,0.0,0
acb,26.15,5
acb,15.583333333333334,-3
acb,18.466666666666665,17
acb,18.716666666666665,5
acb,19.3,23
acb,36.916666666666664,24
acb,30.433333333333334,22
acb,21.733333333333334,14
acb,22.166666666666668,11
acb,25.666666666666668,20
acb,29.916666666666668,4
acb,22.466666666666665,8
acb,21.183333333333334,-1
acb,23.8,5
acb,31.933333333333334,12
acb,24.666666666666668,5
acb,23.833333333333332,11
acb,14.916666666666666,-2
acb,25.433333333333334,4
acb,16.716666666666665,-2
acb,23.166666666666668,6
acb,21.55,5
acb,25.8,8
acb,19.233333333333334,-1
acb,22.55,14
acb,19.55,13
acb,18.216666666666665,3
acb,16.616666666666667,10
acb,31.716666666666665,22
acb,14.3,4
acb,17.566666666666666,1
acb,19.45,6
acb,17.566666666666666,4
acb,25.483333333333334,20
acb,14.083333333333334,6
acb,17.533333333333335,-2
acb,22.5,6
acb,21.566666666666666,-2
acb,28.45,17
acb,18.516666666666666,7
acb,22.816666666666666,15
acb,24.933333333333334,12
acb,20.716666666666665,7
acb,21.85,-2
acb,25.433333333333334,4
acb,23.016666666666666,5
acb,19.25,2
acb,19.016666666666666,11
acb,0.0,0
acb,0.0,0
acb,1.7833333333333332,-1
acb,4.6,-2
acb,13.616666666666667,3
acb,3.8333333333333335,-3
acb,0.0,0
acb,21.65,8
acb,5.8,0
acb,13.233333333333333,-2
acb,22.933333333333334,15
acb,9.5,-2
acb,17.716666666666665,17
acb,20.366666666666667,14
acb,13.933333333333334,6
acb,12.816666666666666,4
acb,11.866666666666667,0
acb,16.6,7
acb,8.266666666666667,1
acb,12.016666666666667,3
acb,9.266666666666667,-1
acb,11.316666666666666,-2
acb,10.5,0
acb,8.916666666666666,-6
acb,10.866666666666667,4
acb,7.95,7
acb,12.233333333333333,5
acb,8.016666666666667,1
acb,5.433333333333334,3
acb,20.35,11
acb,26.633333333333333,10
acb,14.8,5
acb,18.85,-5
acb,21.433333333333334,11
acb,19.783333333333335,7
acb,16.116666666666667,-1
acb,19.416666666666668,4
acb,23.866666666666667,0
acb,20.966666666666665,14
acb,12.4,-1
acb,6.95,3
acb,11.016666666666667,0
acb,14.866666666666667,3
acb,0.0,0
acb,26.766666666666666,17
acb,16.583333333333332,0
acb,17.066666666666666,13
acb,14.066666666666666,2
acb,13.766666666666667,-1
acb,14.166666666666666,2
acb,4.0,-2
acb,19.983333333333334,18
acb,8.133333333333333,-2
acb,15.0,8
acb,15.016666666666667,9
acb,19.95,14
acb,15.016666666666667,9
acb,12.666666666666666,7
acb,22.95,14
acb,21.183333333333334,9
acb,19.033333333333335,13
acb,22.966666666666665,17
acb,23.883333333333333,18
acb,0.0,0
acb,0.0,0
acb,7.983333333333333,11
acb,0.0,0
acb,0.0,0
acb,5.533333333333333,2
acb,7.566666666666666,7
acb,1.3833333333333333,0
acb,20.016666666666666,-8
acb,14.116666666666667,3
acb,13.05,-2
acb,21.183333333333334,19
acb,20.15,13
acb,13.333333333333334,3
acb,21.733333333333334,5
acb,0.0,0
acb,0.0,0
acb,22.05,8
acb,20.633333333333333,2
acb,15.45,1
acb,18.866666666666667,6
acb,18.3,2
acb,21.283333333333335,12
acb,11.133333333333333,3
acb,13.766666666666667,7
acb,20.033333333333335,9
acb,16.383333333333333,14
acb,13.166666666666666,2
acb,12.233333333333333,2
acb,22.266666666666666,5
acb,16.666666666666668,2
acb,16.283333333333335,11
acb,17.5,4
acb,21.0,17
acb,29.516666666666666,10
acb,18.316666666666666,11
acb,15.233333333333333,15
acb,13.466666666666667,-1
acb,20.333333333333332,4
acb,10.066666666666666,2
acb,25.6,4
acb,18.25,5
acb,15.0,2
acb,26.15,5
acb,11.566666666666666,-2
acb,14.866666666666667,5
acb,9.816666666666666,1
acb,16.783333333333335,7
acb,25.75,6
acb,19.766666666666666,2
acb,20.15,8
acb,25.816666666666666,9
acb,26.7,9
acb,23.416666666666668,16
acb,28.966666666666665,42
acb,31.316666666666666,14
acb,24.766666666666666,11
acb,25.183333333333334,28
acb,18.0,10
acb,27.25,10
acb,25.983333333333334,13
acb,26.85,1
acb,24.0,0
acb,29.45,9
acb,23.016666666666666,6
acb,25.3,9
acb,27.15,8
acb,22.1,9
acb,24.333333333333332,22
acb,29.2,-2
acb,18.216666666666665,14
acb,26.783333333333335,-3
acb,25.366666666666667,12
acb,22.933333333333334,-5
acb,25.983333333333334,14
acb,27.166666666666668,6
acb,6.15,-4
acb,19.733333333333334,-6
acb,5.216666666666667,0
acb,10.933333333333334,4
acb,7.533333333333333,-4
acb,0.38333333333333336,-2
acb,10.016666666666667,4
acb,17.3,0
acb,3.9333333333333336,2
acb,15.716666666666667,1
acb,15.233333333333333,4
acb,10.816666666666666,1
acb,11.166666666666666,-5
acb,8.583333333333334,-2
acb,5.233333333333333,-2
acb,8.45,0
acb,13.433333333333334,-2
acb,16.316666666666666,0
acb,23.3,12
acb,14.483333333333333,-4
acb,15.05,7
acb,24.766666666666666,15
acb,26.933333333333334,17
acb,22.983333333333334,9
acb,20.066666666666666,19
acb,18.966666666666665,3
acb,6.066666666666666,1
acb,15.216666666666667,-8
acb,12.3,2
acb,16.3,3
acb,18.083333333333332,22
acb,0.0,0
acb,4.133333333333334,-2
acb,1.6166666666666667,0
acb,32.55,17
acb,29.75,16
acb,28.5,11
acb,28.633333333333333,13
acb,14.333333333333334,0
acb,16.95,17
acb,18.266666666666666,9
acb,12.133333333333333,-3
acb,0.0,0
acb,2.7,1
acb,3.6333333333333333,5
acb,2.7333333333333334,-1
acb,11.7,6
acb,9.3,2
acb,19.533333333333335,7
acb,13.1,9
acb,14.2,3
acb,4.633333333333333,-6
acb,13.233333333333333,5
acb,15.15,5
acb,0.0,0
acb,18.366666666666667,6
acb,14.216666666666667,3
acb,20.666666666666668,10
acb,9.116666666666667,3
acb,0.0,0
acb,0.0,0
acb,16.65,2
acb,13.6,3
acb,18.0,12
acb,21.283333333333335,12
acb,16.433333333333334,6
acb,25.55,5
acb,7.033333333333333,0
acb,30.533333333333335,7
acb,22.3,4
acb,31.3,22
acb,28.133333333333333,17
acb,32.9,24
acb,26.05,19
acb,33.166666666666664,18
acb,36.03333333333333,21
acb,26.866666666666667,7
acb,0.0,0
acb,16.933333333333334,3
acb,19.816666666666666,11
acb,14.683333333333334,-1
acb,18.0,6
acb,16.533333333333335,1
acb,20.516666666666666,18
acb,13.233333333333333,-2
acb,17.633333333333333,-5
acb,18.033333333333335,4
acb,14.783333333333333,-5
acb,14.016666666666667,1
acb,16.683333333333334,7
acb,18.383333333333333,14
acb,16.783333333333335,8
acb,23.366666666666667,8
acb,9.95,0
acb,16.716666666666665,-1
acb,6.233333333333333,1
acb,7.483333333333333,1
acb,15.883333333333333,10
acb,14.533333333333333,8
acb,3.05,0
acb,0.0,0
acb,14.4,8
acb,13.85,4
acb,9.516666666666667,7
acb,0.0,0
acb,0.0,0
acb,0.0,0
acb,18.766666666666666,6
acb,28.95,5
acb,19.233333333333334,12
acb,23.866666666666667,2
acb,11.383333333333333,7
acb,22.4,17
acb,17.85,4
acb,27.2,10
acb,25.033333333333335,14
acb,20.916666666666668,5
acb,22.083333333333332,17
acb,19.316666666666666,6
acb,24.233333333333334,12
acb,23.983333333333334,4
acb,21.066666666666666,19
acb,26.466666666666665,11
acb,28.283333333333335,8
acb,21.466666666666665,12
acb,20.4,8
acb,22.916666666666668,11
acb,8.666666666666666,3
acb,25.283333333333335,10
acb,21.0,15
acb,24.25,4
acb,8.383333333333333,-2
acb,24.183333333333334,8
acb,18.083333333333332,3
acb,1.7833333333333332,0
acb,26.95,17
acb,18.566666666666666,10
acb,18.65,3
acb,31.033333333333335,22
acb,26.2,6
acb,16.683333333333334,4
acb,24.1,3
acb,30.833333333333332,6
acb,20.433333333333334,11
acb,9.75,10
acb,5.083333333333333,0
acb,23.8,20
acb,15.65,16
acb,20.016666666666666,8
acb,22.066666666666666,18
acb,23.483333333333334,7
acb,27.6,9
acb,19.083333333333332,14
acb,13.416666666666666,19
acb,5.1,1
acb,20.35,9
acb,32.4,25
acb,23.133333333333333,24
acb,36.6,33
acb,28.433333333333334,25
acb,28.133333333333333,12
acb,21.583333333333332,19
acb,25.283333333333335,27
acb,31.4,23
acb,21.683333333333334,13
acb,22.45,21
acb,29.766666666666666,18
acb,26.9,17
acb,22.6,6
acb,25.466666666666665,28
acb,22.016666666666666,34
acb,12.633333333333333,4
acb,13.05,6
acb,11.583333333333334,9
acb,9.366666666666667,9
acb,19.633333333333333,15
acb,18.416666666666668,20
acb,19.816666666666666,24
acb,14.166666666666666,11
acb,21.783333333333335,14
acb,18.25,16
acb,22.6,21
acb,12.85,10
acb,23.05,26
acb,16.7,11
acb,21.116666666666667,21
acb,17.95,20
acb,26.116666666666667,26
acb,28.816666666666666,9
acb,31.233333333333334,6
acb,25.166666666666668,12
acb,26.35,8
acb,26.25,-1
acb,27.766666666666666,1
acb,30.8,5
acb,16.616666666666667,5
acb,0.0,0
acb,0.0,0
acb,18.2,2
acb,21.25,2
acb,29.65,12
acb,20.916666666666668,6
acb,13.75,5
acb,23.916666666666668,4
acb,27.35,7
acb,8.316666666666666,0
acb,5.066666666666666,2
acb,6.266666666666667,-2
acb,13.2,-3
acb,14.083333333333334,6
acb,18.416666666666668,7
acb,3.4333333333333336,-2
acb,0.0,0
acb,12.9,-1
acb,7.933333333333334,-3
acb,12.216666666666667,0
acb,30.0,17
acb,12.016666666666667,-4
acb,11.1,1
acb,11.816666666666666,0
acb,5.566666666666666,-2
acb,0.7333333333333333,-1
acb,23.283333333333335,10
acb,24.15,0
acb,15.25,-2
acb,18.533333333333335,7
acb,17.066666666666666,11
acb,17.533333333333335,12
acb,24.016666666666666,15
acb,29.283333333333335,12
acb,19.583333333333332,2
acb,29.283333333333335,17
acb,24.533333333333335,19
acb,35.86666666666667,9
acb,33.1,19
acb,26.866666666666667,4
acb,19.316666666666666,5
acb,25.0,11
acb,24.183333333333334,6
acb,29.466666666666665,14
acb,19.433333333333334,7
acb,16.5,-6
acb,8.916666666666666,-5
acb,12.8,0
acb,19.416666666666668,5
acb,10.166666666666666,-7
acb,33.666666666666664,10
acb,24.083333333333332,23
acb,25.15,15
acb,25.016666666666666,8
acb,19.5,-3
acb,21.233333333333334,16
acb,20.183333333333334,10
acb,28.566666666666666,23
acb,25.45,20
acb,31.733333333333334,16
acb,0.0,0
acb,0.0,0
acb,8.733333333333333,2
acb,0.0,0
acb,1.9,-1
acb,14.283333333333333,6
acb,2.283333333333333,2
acb,5.616666666666667,0
acb,11.433333333333334,-5
acb,3.6333333333333333,0
acb,0.0,0
acb,0.0,0
acb,0.0,0
acb,2.966666666666667,-2
acb,10.883333333333333,14
acb,14.383333333333333,4
acb,5.733333333333333,2
acb,24.033333333333335,4
acb,5.216666666666667,-6
acb,6.366666666666666,8
acb,22.2,13
acb,27.583333333333332,11
acb,12.883333333333333,-1
acb,20.766666666666666,21
acb,18.183333333333334,4
acb,19.766666666666666,11
acb,22.816666666666666,13
acb,4.6,-3
acb,20.283333333333335,16
acb,31.6,12
acb,24.4,19
acb,20.15,-2
acb,11.116666666666667,1
acb,28.95,22
acb,27.7,22
acb,23.7,7
acb,11.0,4
acb,16.333333333333332,7
acb,14.266666666666667,-1
acb,19.183333333333334,13
acb,8.2,6
acb,16.116666666666667,2
acb,19.316666666666666,0
acb,17.616666666666667,10
acb,7.9,2
acb,6.283333333333333,3
acb,22.75,-1
acb,20.016666666666666,4
acb,15.783333333333333,5
acb,5.75,-1
acb,9.233333333333333,6
acb,8.466666666666667,3
acb,20.5,-3
acb,7.0,0
acb,21.833333333333332,11
acb,20.316666666666666,9
acb,13.6,8
acb,22.766666666666666,24
acb,16.316666666666666,15
acb,13.8,3
acb,21.733333333333334,12
acb,26.783333333333335,23
acb,21.05,3
acb,25.35,17
acb,16.016666666666666,12
acb,21.083333333333332,11
acb,19.85,10
acb,20.383333333333333,18
acb,18.733333333333334,21
acb,29.0,24
acb,25.25,15
acb,23.033333333333335,9
acb,21.483333333333334,6
acb,22.6,9
acb,25.6,9
acb,16.116666666666667,2
acb,18.483333333333334,-2
acb,22.7,11
acb,24.316666666666666,14
acb,25.183333333333334,13
acb,24.016666666666666,10
acb,22.666666666666668,5
acb,23.266666666666666,12
acb,20.716666666666665,5
acb,21.683333333333334,15
acb,17.166666666666668,8
acb,15.966666666666667,8
acb,20.233333333333334,5
acb,35.53333333333333,16
acb,20.3,10
acb,24.016666666666666,10
acb,30.7,14
acb,35.56666666666667,18
acb,28.85,15
acb,19.216666666666665,10
acb,24.666666666666668,-3
acb,18.583333333333332,-11
acb,27.433333333333334,21
acb,26.233333333333334,-4
acb,23.95,-1
acb,21.633333333333333,22
acb,28.766666666666666,2
acb,13.966666666666667,3
acb,25.833333333333332,7
acb,19.083333333333332,4
acb,27.583333333333332,9
acb,25.333333333333332,10
acb,20.45,18
acb,24.95,19
acb,25.95,16
acb,20.55,4
acb,10.466666666666667,4
acb,24.183333333333334,6
acb,11.583333333333334,5
acb,24.783333333333335,17
acb,25.416666666666668,-2
acb,18.266666666666666,6
acb,24.85,20
acb,29.716666666666665,16
acb,13.433333333333334,3
acb,32.11666666666667,16
acb,18.616666666666667,9
acb,24.216666666666665,9
acb,14.216666666666667,7
acb,15.35,12
acb,15.566666666666666,5
acb,24.4,11
acb,25.516666666666666,27
acb,27.3,16
acb,18.7,6
acb,12.6,2
acb,15.45,2
acb,16.666666666666668,3
acb,0.0,0
acb,24.0,2
acb,12.833333333333334,3
acb,10.0,10
acb,29.933333333333334,7
acb,23.6,16
acb,12.483333333333333,-2
acb,16.533333333333335,6
acb,10.0,-3
acb,18.166666666666668,8
acb,20.016666666666666,9
acb,15.966666666666667,9
acb,8.65,1
acb,24.533333333333335,19
acb,15.966666666666667,13
acb,14.75,10
acb,25.65,29
acb,22.3,19
acb,25.05,5
acb,29.25,25
acb,26.116666666666667,6
acb,22.716666666666665,6
acb,27.85,21
acb,22.7,24
acb,26.85,18
acb,28.733333333333334,17
acb,30.183333333333334,21
acb,32.15,6
acb,25.716666666666665,11
acb,33.4,19
acb,25.983333333333334,10
acb,24.05,13
acb,27.833333333333332,13
acb,26.733333333333334,9
acb,27.516666666666666,13
acb,28.933333333333334,11
acb,25.883333333333333,12
acb,26.166666666666668,5
acb,26.0,14
acb,22.7,7
acb,29.116666666666667,11
acb,23.933333333333334,5
acb,18.3,9
acb,21.866666666666667,4
acb,28.466666666666665,14
acb,29.183333333333334,13
acb,21.666666666666668,6
acb,18.283333333333335,10
acb,29.966666666666665,10
acb,26.883333333333333,16
acb,17.066666666666666,1
acb,22.533333333333335,13
acb,22.9,9
acb,11.966666666666667,-1
acb,19.916666666666668,4
acb,16.4,10
acb,17.3,16
acb,12.7,12
acb,21.866666666666667,6
acb,23.166666666666668,14
acb,16.5,5
acb,27.383333333333333,8
acb,23.1,11
acb,24.5,7
acb,25.616666666666667,24
acb,25.933333333333334,0
acb,25.383333333333333,11
acb,30.366666666666667,13
acb,31.25,23
acb,31.133333333333333,19
acb,28.95,22
acb,29.8,23
acb,25.066666666666666,15
acb,27.633333333333333,8
acb,27.916666666666668,2
acb,28.533333333333335,15
acb,31.083333333333332,18
acb,26.083333333333332,7
acb,24.583333333333332,14
acb,32.016666666666666,31
acb,23.683333333333334,7
acb,30.733333333333334,9
acb,25.55,14
acb,19.45,1
acb,28.333333333333332,4
acb,20.666666666666668,9
acb,26.083333333333332,5
acb,24.016666666666666,15
acb,25.433333333333334,3
acb,26.283333333333335,15
acb,18.616666666666667,4
acb,26.733333333333334,15
acb,19.566666666666666,1
acb,30.75,7
acb,17.766666666666666,-3
acb,24.233333333333334,0
acb,26.3,16
acb,20.583333333333332,21
acb,26.333333333333332,22
acb,26.066666666666666,13
acb,7.25,1
acb,14.416666666666666,-1
acb,20.816666666666666,14
acb,12.65,2
acb,23.416666666666668,15
acb,14.45,9
acb,22.483333333333334,9
acb,17.616666666666667,8
acb,26.25,27
acb,25.65,15
acb,17.016666666666666,8
acb,18.583333333333332,10
acb,17.466666666666665,8
acb,27.716666666666665,7
acb,24.95,16
acb,20.0,16
acb,25.466666666666665,6
acb,21.183333333333334,-5
acb,28.05,28
acb,26.633333333333333,3
acb,28.483333333333334,12
acb,21.583333333333332,3
acb,26.483333333333334,3
acb,24.4,11
acb,26.2,26
acb,29.25,0
acb,18.283333333333335,6
acb,30.433333333333334,14
acb,19.433333333333334,9
acb,28.266666666666666,17
acb,20.45,3
acb,19.283333333333335,13
acb,17.416666666666668,10
acb,24.85,10
acb,26.033333333333335,10
acb,23.716666666666665,5
acb,19.9,11
acb,24.383333333333333,2
acb,34.38333333333333,19
acb,27.283333333333335,15
acb,0.0,0
acb,0.0,0
acb,23.266666666666666,16
acb,22.616666666666667,8
acb,15.566666666666666,1
acb,17.766666666666666,5
acb,15.116666666666667,7
acb,16.883333333333333,23
acb,18.016666666666666,11
acb,4.95,-2
acb,18.416666666666668,12
acb,19.033333333333335,16
acb,17.833333333333332,10
acb,12.183333333333334,3
acb,7.166666666666667,3
acb,10.666666666666666,4
acb,14.833333333333334,17
acb,12.116666666666667,12
acb,23.65,16
acb,16.716666666666665,13
acb,11.883333333333333,9
acb,4.616666666666667,3
acb,0.0,0
acb,10.983333333333333,1
acb,6.366666666666666,3
acb,0.0,0
acb,0.0,0
acb,0.0,0
acb,0.0,0
acb,0.0,0
acb,0.0,0
acb,5.65,4
acb,0.0,0
acb,1.2666666666666666,1
acb,3.1166666666666667,0
acb,6.266666666666667,-2
acb,15.4,7
acb,2.2333333333333334,2
acb,20.683333333333334,5
acb,21.483333333333334,9
acb,13.15,13
acb,25.533333333333335,6
acb,20.866666666666667,4
acb,16.933333333333334,5
acb,10.966666666666667,11
acb,15.233333333333333,4
acb,21.133333333333333,3
acb,11.683333333333334,-2
acb,19.65,8
acb,14.783333333333333,-2
acb,23.566666666666666,9
acb,16.833333333333332,4
acb,13.7,0
acb,23.933333333333334,12
acb,16.966666666666665,4
acb,0.0,0
acb,0.9666666666666667,0
acb,0.0,0
acb,0.0,0
acb,14.716666666666667,8
acb,9.35,6
acb,0.0,0
acb,7.166666666666667,2
acb,18.65,2
acb,9.35,5
acb,15.316666666666666,5
acb,20.766666666666666,14
acb,20.633333333333333,11
acb,21.55,13
acb,9.566666666666666,0
acb,12.583333333333334,0
acb,5.783333333333333,0
acb,16.633333333333333,7
acb,11.866666666666667,0
acb,21.566666666666666,-2
acb,18.266666666666666,5
acb,19.216666666666665,5
acb,26.583333333333332,15
acb,18.95,22
acb,17.616666666666667,-1
acb,8.8,0
acb,5.133333333333334,-3
acb,14.716666666666667,5
acb,6.016666666666667,-1
acb,13.95,11
acb,13.65,-1
acb,6.55,-4
acb,16.8,-4
acb,0.0,0
acb,10.0,-2
acb,17.25,-3
acb,0.0,0
acb,14.466666666666667,2
acb,27.766666666666666,15
acb,17.533333333333335,-1
acb,23.383333333333333,12
acb,17.15,-1
acb,22.95,8
acb,23.616666666666667,9
acb,17.666666666666668,9
acb,29.083333333333332,6
acb,25.4,4
acb,18.783333333333335,-2
acb,25.033333333333335,4
acb,31.566666666666666,23
acb,16.283333333333335,7
acb,30.066666666666666,16
acb,31.4,24
acb,27.833333333333332,8
acb,20.316666666666666,13
acb,22.816666666666666,15
acb,17.45,4
acb,15.1,-2
acb,20.533333333333335,10
acb,20.783333333333335,7
acb,25.616666666666667,16
acb,17.016666666666666,6
acb,18.166666666666668,-1
acb,27.6,13
acb,20.75,6
acb,19.666666666666668,11
acb,29.016666666666666,19
acb,29.533333333333335,20
acb,30.916666666666668,19
acb,22.183333333333334,18
acb,21.283333333333335,5
acb,21.666666666666668,-2
acb,18.95,7
acb,26.033333333333335,4
acb,19.433333333333334,6
acb,25.916666666666668,8
acb,20.166666666666668,5
acb,20.583333333333332,4
acb,27.316666666666666,4
acb,24.833333333333332,10
acb,26.983333333333334,0
acb,23.4,2
acb,22.816666666666666,6
acb,24.9,8
acb,20.716666666666665,3
acb,21.283333333333335,8
acb,13.666666666666666,-3
acb,20.016666666666666,2
acb,16.583333333333332,3
acb,19.583333333333332,17
acb,15.366666666666667,0
acb,31.966666666666665,20
acb,23.4,17
acb,16.4,6
acb,21.866666666666667,18
acb,23.983333333333334,15
acb,20.383333333333333,5
acb,20.766666666666666,15
acb,15.666666666666666,1
acb,33.9,17
acb,21.516666666666666,10
acb,21.65,6
acb,20.116666666666667,13
acb,15.483333333333333,6
acb,25.883333333333333,15
acb,21.933333333333334,14
acb,11.983333333333333,7
acb,22.416666666666668,4
acb,16.366666666666667,9
acb,17.966666666666665,17
acb,23.95,18
acb,18.95,7
acb,13.75,23
acb,10.633333333333333,1
acb,13.7,4
acb,27.116666666666667,19
acb,16.833333333333332,10
acb,15.95,6
acb,18.816666666666666,2
acb,27.15,2
acb,9.966666666666667,1
acb,20.866666666666667,4
acb,22.516666666666666,3
acb,4.016666666666667,0
acb,7.75,10
acb,11.666666666666666,10
acb,10.4,1
acb,9.15,0
acb,13.983333333333333,1
acb,22.316666666666666,11
acb,21.05,6
acb,22.666666666666668,4
acb,3.3333333333333335,-7
acb,33.516666666666666,12
acb,8.866666666666667,-2
acb,11.05,2
acb,11.55,-1
acb,14.933333333333334,-1
acb,13.016666666666667,3
acb,13.1,-3
acb,14.466666666666667,-7
acb,9.516666666666667,10
acb,15.5,3
acb,15.416666666666666,1
acb,11.316666666666666,-1
acb,15.616666666666667,5
acb,20.5,12
acb,17.383333333333333,1
acb,27.983333333333334,11
acb,22.066666666666666,6
acb,21.4,10
acb,16.866666666666667,0
acb,17.1,3
acb,14.516666666666667,0
acb,17.283333333333335,4
acb,6.4,-3
acb,33.61666666666667,16
acb,21.866666666666667,6
acb,25.283333333333335,13
acb,26.983333333333334,16
acb,24.216666666666665,7
acb,19.016666666666666,3
acb,17.133333333333333,1
acb,28.15,20
acb,19.533333333333335,4
acb,18.016666666666666,8
acb,18.083333333333332,14
acb,16.1,2
acb,28.616666666666667,19
acb,18.3,12
acb,22.866666666666667,20
acb,21.533333333333335,20
acb,14.383333333333333,-4
acb,18.5,15
acb,12.766666666666667,5
acb,14.9,8
acb,21.766666666666666,13
acb,15.35,3
acb,14.8,5
acb,12.9,3
acb,15.533333333333333,10
acb,25.816666666666666,22
acb,29.55,5
acb,32.45,18
acb,20.883333333333333,17
acb,18.7,7
acb,24.783333333333335,13
acb,23.116666666666667,14
acb,28.5,14
acb,12.866666666666667,6
acb,22.25,11
acb,28.55,9
acb,23.633333333333333,2
acb,28.266666666666666,4
acb,28.116666666666667,11
acb,27.166666666666668,15
acb,38.2,20
acb,28.666666666666668,10
acb,30.5,17
acb,31.516666666666666,11
acb,32.9,13
acb,20.716666666666665,16
acb,22.883333333333333,21
acb,24.0,14
acb,34.46666666666667,19
acb,25.133333333333333,1
acb,26.466666666666665,6
acb,25.1,11
acb,0.0,0
acb,4.55,2
acb,2.066666666666667,4
acb,6.416666666666667,1
acb,5.883333333333333,3
acb,3.4,0
acb,0.0,0
acb,3.9833333333333334,-2
acb,6.733333333333333,2
acb,0.08333333333333333,0
acb,0.0,0
acb,0.0,0
acb,14.283333333333333,4
acb,19.683333333333334,8
acb,17.183333333333334,-5
acb,24.2,10
acb,24.9,4
acb,17.833333333333332,13
acb,20.3,12
acb,13.05,-3
acb,22.733333333333334,12
acb,21.833333333333332,7
acb,15.066666666666666,-3
acb,19.25,4
acb,21.233333333333334,4
acb,25.133333333333333,12
acb,16.683333333333334,15
acb,15.133333333333333,3
acb,25.3,4
acb,15.733333333333333,13
acb,23.516666666666666,14
acb,25.433333333333334,19
acb,15.433333333333334,6
acb,17.95,21
acb,18.266666666666666,4
acb,22.45,24
acb,17.7,7
acb,12.95,13
acb,0.0,0
acb,15.433333333333334,10
acb,22.466666666666665,7
acb,9.75,4
acb,1.3166666666666667,0
acb,2.716666666666667,-1
acb,0.0,0
acb,4.116666666666666,-2
acb,3.5,0
acb,0.0,0
acb,0.0,0
acb,0.0,0
acb,9.25,1
acb,7.383333333333334,1
acb,2.8333333333333335,1
acb,0.0,0
acb,25.016666666666666,-2
acb,1.0166666666666666,0
acb,0.0,0
acb,7.65,-3
acb,15.7,2
acb,15.7,0
acb,7.716666666666667,-3
acb,0.0,0
acb,12.383333333333333,-3
acb,0.0,0
acb,0.0,0
acb,5.583333333333333,-1
acb,0.0,0
acb,10.466666666666667,0
acb,10.55,1
acb,21.1,13
acb,14.033333333333333,2
acb,14.033333333333333,2
acb,17.666666666666668,6
acb,25.416666666666668,17
acb,11.066666666666666,8
acb,18.983333333333334,0
acb,26.866666666666667,13
acb,16.233333333333334,3
acb,17.883333333333333,16
acb,21.016666666666666,5
acb,29.633333333333333,10
acb,24.983333333333334,13
acb,16.8,17
acb,16.8,5
acb,15.3,4
acb,20.6,16
acb,26.75,0
acb,29.033333333333335,6
acb,21.05,8
acb,20.983333333333334,7
acb,22.383333333333333,10
acb,14.983333333333333,-1
acb,27.383333333333333,12
acb,26.333333333333332,7
acb,16.3,-3
acb,19.366666666666667,5
acb,22.166666666666668,6
acb,10.85,0
acb,31.733333333333334,-2
acb,30.816666666666666,18
acb,15.016666666666667,0
acb,28.366666666666667,9
acb,16.6,-5
acb,17.566666666666666,2
acb,13.9,0
acb,20.8,6
acb,34.21666666666667,14
acb,28.116666666666667,15
acb,25.366666666666667,14
acb,26.8,14
acb,0.0,0
acb,30.866666666666667,21
acb,24.316666666666666,25
acb,20.866666666666667,1
acb,21.016666666666666,-4
acb,14.966666666666667,5
acb,25.116666666666667,11
acb,14.583333333333334,-1
acb,0.0,0
acb,20.033333333333335,6
acb,21.8,-2
acb,16.5,3
acb,17.4,4
acb,18.716666666666665,5
acb,10.666666666666666,-2
acb,23.383333333333333,3
acb,11.483333333333333,-6
acb,27.116666666666667,13
acb,13.55,-1
acb,15.55,1
acb,22.683333333333334,14
acb,9.95,-3
acb,0.15,0
acb,18.033333333333335,7
acb,4.55,-2
acb,13.8,3
acb,17.233333333333334,16
acb,0.21666666666666667,0
acb,21.683333333333334,5
acb,2.85,3
acb,10.816666666666666,2
acb,12.266666666666667,0
acb,18.683333333333334,0
acb,5.716666666666667,1
acb,27.433333333333334,21
acb,11.166666666666666,2
acb,18.25,3
acb,3.066666666666667,2
acb,0.0,0
acb,7.2,3
acb,5.366666666666666,-1
acb,5.55,3
acb,8.966666666666667,-3
acb,12.9,5
eurocup,19.75,17
eurocup,0.0,0
eurocup,18.35,7
eurocup,6.75,0
eurocup,0.0,0
eurocup,17.333333333333332,3
eurocup,24.383333333333333,24
eurocup,18.283333333333335,13
eurocup,22.983333333333334,17
eurocup,21.783333333333335,17
eurocup,30.316666666666666,12
eurocup,17.616666666666667,8
eurocup,21.9,13
eurocup,12.433333333333334,-3
eurocup,19.25,12
eurocup,20.5,-1
eurocup,25.133333333333333,7
eurocup,20.466666666666665,-2
eurocup,19.033333333333335,6
eurocup,26.566666666666666,14
eurocup,28.05,15
eurocup,17.35,1
eurocup,11.6,4
eurocup,29.583333333333332,9
eurocup,23.95,0
eurocup,24.283333333333335,-2
eurocup,22.266666666666666,8
eurocup,23.583333333333332,22
eurocup,22.95,11
eurocup,13.25,6
eurocup,15.366666666666667,8
eurocup,13.766666666666667,6
eurocup,12.95,3
eurocup,6.6,5
eurocup,7.366666666666666,4
eurocup,10.4,5
eurocup,13.033333333333333,0
eurocup,21.266666666666666,-1
eurocup,12.566666666666666,-2
eurocup,12.666666666666666,-1
eurocup,24.8,5
eurocup,12.733333333333333,2
eurocup,23.933333333333334,3
eurocup,25.4,4
eurocup,32.05,12
eurocup,21.683333333333334,-8
eurocup,16.4,-2
eurocup,2.5666666666666664,0
eurocup,2.85,0
eurocup,2.9166666666666665,0
eurocup,4.0,2
eurocup,3.8,1
eurocup,13.5,10
eurocup,18.75,9
eurocup,13.7,3
eurocup,20.816666666666666,6
eurocup,9.4,-1
eurocup,22.25,7
eurocup,27.816666666666666,4
eurocup,22.633333333333333,9
eurocup,18.983333333333334,3
eurocup,25.816666666666666,11
eurocup,12.7,4
eurocup,23.5,19
eurocup,8.3,-2
eurocup,14.916666666666666,7
eurocup,7.466666666666667,1
eurocup,10.933333333333334,-1
eurocup,3.85,4
eurocup,13.4,5
eurocup,9.866666666666667,-2
eurocup,2.7333333333333334,-3
eurocup,9.833333333333334,-2
eurocup,10.616666666666667,3
eurocup,15.833333333333334,8
eurocup,30.95,8
eurocup,22.8,-7
eurocup,18.633333333333333,1
eurocup,2.8333333333333335,1
eurocup,0.0,0
eurocup,6.25,-3
eurocup,4.516666666666667,-3
eurocup,20.05,5
eurocup,10.2,8
eurocup,20.116666666666667,4
eurocup,12.816666666666666,3
eurocup,19.766666666666666,11
eurocup,17.416666666666668,10
eurocup,17.7,9
eurocup,12.5,3
eurocup,18.25,11
eurocup,20.633333333333333,24
eurocup,7.35,1
eurocup,0.0,0
eurocup,0.0,0
eurocup,2.4166666666666665,-2
eurocup,11.333333333333334,-3
eurocup,10.816666666666666,8
eurocup,10.466666666666667,3
eurocup,9.833333333333334,0
eurocup,3.85,1
eurocup,8.566666666666666,3
eurocup,3.2333333333333334,-1
eurocup,4.583333333333333,0
eurocup,0.0,0
eurocup,9.833333333333334,1
eurocup,0.0,0
eurocup,3.9833333333333334,-1
eurocup,6.816666666666666,1
eurocup,8.5,3
eurocup,0.0,0
eurocup,0.0,0
eurocup,0.0,0
eurocup,0.0,0
eurocup,0.0,0
eurocup,0.0,0
eurocup,0.0,0
eurocup,0.9833333333333333,2
eurocup,0.0,0
eurocup,1.9,4
eurocup,0.0,0
eurocup,0.0,0
eurocup,0.0,0
eurocup,27.066666666666666,15
eurocup,26.283333333333335,22
eurocup,38.25,6
eurocup,7.733333333333333,-3
eurocup,5.5,-1
eurocup,13.133333333333333,0
eurocup,27.016666666666666,20
eurocup,18.183333333333334,12
eurocup,20.666666666666668,6
eurocup,28.2,19
eurocup,26.433333333333334,1
eurocup,0.0,0
eurocup,2.0833333333333335,-1
eurocup,0.0,0
eurocup,0.5333333333333333,-1
eurocup,0.0,0
eurocup,0.0,0
eurocup,11.2,0
eurocup,0.0,0
eurocup,0.0,0
eurocup,0.0,0
eurocup,20.25,16
eurocup,17.95,0
eurocup,24.816666666666666,14
eurocup,21.65,11
eurocup,30.333333333333332,25
eurocup,20.65,18
eurocup,20.516666666666666,17
eurocup,29.45,20
eurocup,22.7,6
eurocup,30.616666666666667,9
eurocup,21.716666666666665,15
eurocup,17.016666666666666,-3
eurocup,0.0,0
eurocup,0.0,0
eurocup,0.0,0
eurocup,0.0,0
eurocup,0.0,0
eurocup,1.3666666666666667,2
eurocup,16.15,3
eurocup,11.416666666666666,-2
eurocup,8.05,3
eurocup,12.233333333333333,-2
eurocup,9.9,2
eurocup,9.816666666666666,2
eurocup,20.033333333333335,12
eurocup,19.583333333333332,8
eurocup,18.166666666666668,7
eurocup,15.983333333333333,12
eurocup,23.0,21
eurocup,25.6,15
eurocup,24.516666666666666,26
eurocup,30.316666666666666,23
eurocup,18.016666666666666,9
eurocup,38.35,34
eurocup,15.9,6
eurocup,28.85,14
eurocup,24.666666666666668,26
eurocup,0.0,0
eurocup,1.3166666666666667,0
eurocup,12.5,0
eurocup,10.1,0
eurocup,0.0,0
eurocup,0.0,0
eurocup,0.0,0
eurocup,0.0,0
eurocup,0.0,0
eurocup,0.0,0
eurocup,0.0,0
eurocup,13.683333333333334,4
eurocup,24.75,19
eurocup,22.433333333333334,11
eurocup,36.766666666666666,14
eurocup,29.266666666666666,3
eurocup,24.8,10
eurocup,30.316666666666666,3
eurocup,30.083333333333332,24
eurocup,25.416666666666668,5
eurocup,14.816666666666666,7
eurocup,26.75,-3
eurocup,11.166666666666666,-5
eurocup,17.716666666666665,-5
eurocup,20.583333333333332,9
eurocup,20.75,6
eurocup,21.316666666666666,25
eurocup,17.5,6
eurocup,19.35,28
eurocup,13.916666666666666,5
eurocup,26.0,13
eurocup,2.966666666666667,0
eurocup,9.716666666666667,4
eurocup,12.733333333333333,3
eurocup,19.233333333333334,15
eurocup,14.383333333333333,2
eurocup,21.816666666666666,6
eurocup,20.866666666666667,10
eurocup,17.366666666666667,10
eurocup,22.316666666666666,11
eurocup,19.25,33
eurocup,17.483333333333334,8
eurocup,27.966666666666665,9
eurocup,19.183333333333334,2
eurocup,22.716666666666665,13
eurocup,12.816666666666666,5
eurocup,0.0,0
eurocup,2.033333333333333,-3
eurocup,0.0,0
eurocup,0.05,0
eurocup,18.516666666666666,4
eurocup,2.033333333333333,-1
eurocup,7.166666666666667,1
eurocup,0.0,0
eurocup,0.0,0
eurocup,11.083333333333334,6
eurocup,2.15,0
eurocup,3.3333333333333335,0
eurocup,15.233333333333333,4
eurocup,0.0,0
eurocup,0.0,0
eurocup,0.0,0
eurocup,0.0,0
eurocup,0.0,0
eurocup,0.0,0
eurocup,0.0,0
eurocup,0.0,0
eurocup,0.0,0
eurocup,0.0,0
eurocup,0.0,0
eurocup,0.0,0
eurocup,0.4666666666666667,-1
eurocup,2.216666666666667,-1
eurocup,11.4,2
eurocup,0.0,0
eurocup,0.5333333333333333,0
eurocup,32.93333333333333,20
eurocup,23.266666666666666,11
eurocup,29.15,10
eurocup,28.833333333333332,22
eurocup,17.783333333333335,9
eurocup,27.083333333333332,17
eurocup,18.916666666666668,17
eurocup,18.45,9
eurocup,29.516666666666666,16
eurocup,25.533333333333335,6
eurocup,18.916666666666668,3
eurocup,31.083333333333332,27
eurocup,18.533333333333335,3
eurocup,20.583333333333332,10
eurocup,25.566666666666666,8
eurocup,27.866666666666667,8
eurocup,27.75,-2
eurocup,19.033333333333335,0
eurocup,19.933333333333334,-1
eurocup,23.933333333333334,15
eurocup,24.616666666666667,18
eurocup,21.866666666666667,6
eurocup,26.9,18
eurocup,24.15,7
eurocup,24.916666666666668,21
eurocup,2.6666666666666665,0
eurocup,0.0,0
eurocup,4.883333333333333,13
eurocup,21.8,24
eurocup,21.05,14
eurocup,18.016666666666666,9
eurocup,26.216666666666665,7
eurocup,21.716666666666665,9
eurocup,25.933333333333334,5
eurocup,17.6,18
eurocup,16.35,11
eurocup,22.466666666666665,21
eurocup,0.18333333333333332,-1
eurocup,0.36666666666666664,0
eurocup,0.0,0
eurocup,0.0,0
eurocup,0.55,0
eurocup,1.3833333333333333,0
eurocup,0.0,0
eurocup,0.18333333333333332,0
eurocup,0.0,0
eurocup,0.0,0
eurocup,0.35,-1
eurocup,0.0,0
eurocup,0.0,0
eurocup,3.7333333333333334,-1
eurocup,4.2,1
eurocup,0.0,0
eurocup,0.0,0
eurocup,0.0,0
eurocup,0.0,0
eurocup,0.0,0
eurocup,0.0,0
eurocup,25.166666666666668,17
eurocup,17.283333333333335,5
eurocup,18.683333333333334,0
eurocup,19.4,22
eurocup,18.0,18
eurocup,27.916666666666668,18
eurocup,13.866666666666667,11
eurocup,15.9,4
eurocup,17.433333333333334,17
eurocup,25.316666666666666,13
eurocup,25.933333333333334,19
eurocup,18.6,23
eurocup,24.033333333333335,38
eurocup,22.266666666666666,18
eurocup,22.8,9
eurocup,15.416666666666666,4
eurocup,29.283333333333335,22
eurocup,19.45,19
eurocup,26.15,6
eurocup,29.35,15
eurocup,21.516666666666666,9
eurocup,25.666666666666668,21
eurocup,26.483333333333334,18
eurocup,26.216666666666665,5
eurocup,20.083333333333332,11
eurocup,17.166666666666668,13
eurocup,1.8833333333333333,-1
eurocup,5.466666666666667,4
eurocup,0.0,0
eurocup,0.0,0
eurocup,0.0,0
eurocup,0.0,0
eurocup,0.0,0
eurocup,0.0,0
eurocup,19.783333333333335,7
eurocup,21.65,6
eurocup,33.483333333333334,18
eurocup,28.233333333333334,19
eurocup,23.333333333333332,13
eurocup,19.566666666666666,16
eurocup,19.933333333333334,28
eurocup,32.483333333333334,17
eurocup,33.65,18
eurocup,16.5,15
eurocup,29.45,21
eurocup,29.2,19
eurocup,32.53333333333333,15
eurocup,15.283333333333333,0
eurocup,10.983333333333333,5
eurocup,17.35,9
eurocup,0.0,0
eurocup,20.666666666666668,4
eurocup,24.25,2
eurocup,15.716666666666667,3
eurocup,27.7,15
eurocup,24.95,10
eurocup,28.983333333333334,5
eurocup,22.216666666666665,3
eurocup,22.95,13
eurocup,23.45,17
eurocup,30.666666666666668,18
eurocup,25.25,15
eurocup,19.283333333333335,12
eurocup,21.283333333333335,7
eurocup,21.8,23
eurocup,24.466666666666665,3
eurocup,22.1,5
eurocup,28.883333333333333,8
eurocup,28.816666666666666,9
eurocup,28.266666666666666,19
eurocup,24.466666666666665,13
eurocup,27.866666666666667,2
eurocup,21.65,6
eurocup,23.666666666666668,6
eurocup,23.216666666666665,12
eurocup,22.083333333333332,12
eurocup,19.216666666666665,-3
eurocup,24.683333333333334,11
eurocup,27.25,10
eurocup,27.75,13
eurocup,25.083333333333332,0
eurocup,26.616666666666667,6
eurocup,21.15,5
eurocup,27.533333333333335,8
eurocup,8.083333333333334,7
eurocup,25.833333333333332,10
eurocup,22.0,4
eurocup,14.783333333333333,8
eurocup,19.5,2
eurocup,7.75,-3
eurocup,24.016666666666666,3
eurocup,22.583333333333332,1
eurocup,17.533333333333335,1
eurocup,19.066666666666666,3
eurocup,17.733333333333334,1
eurocup,7.216666666666667,-1
eurocup,17.383333333333333,5
eurocup,9.883333333333333,0
eurocup,20.933333333333334,4
eurocup,27.983333333333334,7
eurocup,23.666666666666668,10
eurocup,28.083333333333332,8
eurocup,22.816666666666666,4
eurocup,25.383333333333333,2
eurocup,19.733333333333334,3
eurocup,25.45,14
eurocup,18.216666666666665,-1
eurocup,26.383333333333333,26
eurocup,13.45,4
eurocup,24.083333333333332,-3
eurocup,20.016666666666666,10
eurocup,13.116666666666667,-1
eurocup,11.316666666666666,13
eurocup,23.633333333333333,7
eurocup,22.433333333333334,2
eurocup,0.0,0
eurocup,16.3,13
eurocup,14.183333333333334,-1
eurocup,12.483333333333333,11
eurocup,0.0,0
eurocup,10.1,3
eurocup,23.533333333333335,13
eurocup,17.15,5
eurocup,21.25,3
eurocup,15.016666666666667,7
eurocup,18.566666666666666,20
eurocup,18.966666666666665,15
eurocup,14.033333333333333,6
eurocup,15.5,4
eurocup,5.466666666666667,1
eurocup,18.216666666666665,7
eurocup,11.85,5
eurocup,17.783333333333335,7
eurocup,2.7666666666666666,0
eurocup,13.133333333333333,-1
eurocup,23.933333333333334,2
eurocup,33.05,17
eurocup,25.4,10
eurocup,25.416666666666668,13
eurocup,21.866666666666667,2
eurocup,24.0,17
eurocup,33.8,12
eurocup,24.633333333333333,20
eurocup,34.81666666666667,14
eurocup,27.316666666666666,27
eurocup,23.583333333333332,4
eurocup,30.25,7
eurocup,18.283333333333335,1
eurocup,16.866666666666667,-3
eurocup,31.233333333333334,20
eurocup,11.883333333333333,5
eurocup,9.0,-2
eurocup,10.966666666666667,2
eurocup,0.0,0
eurocup,0.0,0
eurocup,0.0,0
eurocup,0.0,0
eurocup,25.0,10
eurocup,22.933333333333334,11
eurocup,25.233333333333334,21
eurocup,19.6,16
eurocup,12.55,2
eurocup,23.9,17
eurocup,17.65,16
eurocup,18.5,8
eurocup,13.95,4
eurocup,26.966666666666665,22
eurocup,22.3,5
eurocup,27.183333333333334,9
eurocup,21.633333333333333,8
eurocup,4.766666666666667,1
eurocup,6.383333333333334,-1
eurocup,12.5,5
eurocup,14.266666666666667,8
eurocup,23.3,-9
eurocup,25.666666666666668,5
eurocup,26.483333333333334,11
eurocup,8.516666666666667,5
eurocup,18.583333333333332,6
eurocup,17.85,2
eurocup,27.333333333333332,17
eurocup,19.816666666666666,25
eurocup,30.9,9
eurocup,18.15,16
eurocup,28.883333333333333,5
eurocup,21.85,13
eurocup,17.7,-4
eurocup,4.683333333333334,-1
eurocup,0.0,0
eurocup,8.466666666666667,1
eurocup,9.233333333333333,-1
eurocup,0.0,0
eurocup,20.366666666666667,10
eurocup,5.133333333333334,0
eurocup,2.2333333333333334,-1
eurocup,8.45,-2
eurocup,18.3,7
eurocup,26.55,13
eurocup,22.733333333333334,26
eurocup,21.266666666666666,19
eurocup,27.616666666666667,22
eurocup,31.016666666666666,36
eurocup,23.533333333333335,17
eurocup,27.15,17
eurocup,26.033333333333335,22
eurocup,29.55,18
eurocup,21.283333333333335,4
eurocup,25.916666666666668,11
eurocup,23.933333333333334,11
eurocup,25.366666666666667,14
eurocup,22.183333333333334,5
eurocup,18.333333333333332,13
eurocup,15.366666666666667,3
eurocup,15.016666666666667,10
eurocup,19.383333333333333,10
eurocup,24.7,3
eurocup,21.216666666666665,11
eurocup,19.65,4
eurocup,9.65,11
eurocup,20.0,13
eurocup,25.15,-1
eurocup,20.116666666666667,18
eurocup,1.1333333333333333,0
eurocup,0.0,0
eurocup,0.6666666666666666,-1
eurocup,0.0,0
eurocup,12.733333333333333,0
eurocup,0.0,0
eurocup,0.0,0
eurocup,24.183333333333334,20
eurocup,27.666666666666668,9
eurocup,30.833333333333332,7
eurocup,22.433333333333334,20
eurocup,16.566666666666666,7
eurocup,33.71666666666667,-6
eurocup,27.216666666666665,15
eurocup,20.35,2
eurocup,20.7,5
eurocup,23.433333333333334,2
eurocup,31.833333333333332,5
eurocup,19.316666666666666,21
eurocup,17.366666666666667,10
eurocup,20.816666666666666,4
eurocup,23.966666666666665,2
eurocup,17.716666666666665,4
eurocup,28.55,15
eurocup,24.166666666666668,19
eurocup,29.166666666666668,7
eurocup,10.716666666666667,4
eurocup,22.866666666666667,6
eurocup,20.483333333333334,-2
eurocup,21.25,8
eurocup,10.516666666666667,7
eurocup,19.966666666666665,7
eurocup,18.05,12
eurocup,29.283333333333335,18
eurocup,15.683333333333334,2
eurocup,18.8,20
eurocup,31.266666666666666,15
eurocup,12.133333333333333,1
eurocup,29.133333333333333,7
eurocup,26.733333333333334,16
eurocup,21.766666666666666,8
eurocup,30.083333333333332,8
eurocup,18.35,9
eurocup,29.616666666666667,26
eurocup,28.383333333333333,13
eurocup,25.9,12
eurocup,10.433333333333334,7
eurocup,22.95,8
eurocup,9.8,-5
eurocup,0.11666666666666667,0
eurocup,4.516666666666667,-3
eurocup,19.333333333333332,9
eurocup,5.9,-6
eurocup,25.366666666666667,-2
eurocup,11.016666666666667,0
eurocup,13.433333333333334,-7
eurocup,15.983333333333333,-4
eurocup,0.0,0
eurocup,18.833333333333332,3
eurocup,22.266666666666666,2
eurocup,11.983333333333333,7
eurocup,19.783333333333335,7
eurocup,0.0,0
eurocup,24.666666666666668,20
eurocup,3.2,-1
eurocup,22.35,17
eurocup,23.466666666666665,13
eurocup,18.15,16
eurocup,25.533333333333335,19
eurocup,24.75,14
eurocup,17.016666666666666,11
eurocup,20.583333333333332,-1
eurocup,15.633333333333333,6
eurocup,20.116666666666667,13
eurocup,18.616666666666667,7
eurocup,28.183333333333334,16
eurocup,35.03333333333333,29
eurocup,30.883333333333333,30
eurocup,35.85,37
eurocup,29.833333333333332,24
eurocup,33.5,20
eurocup,33.983333333333334,3
eurocup,34.333333333333336,19
eurocup,32.18333333333333,29
eurocup,28.15,38
eurocup,29.383333333333333,21
eurocup,25.416666666666668,7
eurocup,0.0,0
eurocup,0.0,0
eurocup,19.9,10
eurocup,10.85,4
eurocup,9.55,7
eurocup,17.85,17
eurocup,11.05,1
eurocup,22.783333333333335,17
eurocup,14.1,8
eurocup,17.8,11
eurocup,22.016666666666666,19
eurocup,24.216666666666665,7
eurocup,28.35,16
eurocup,30.766666666666666,7
eurocup,31.533333333333335,20
eurocup,20.6,3
eurocup,30.483333333333334,11
eurocup,26.566666666666666,28
eurocup,28.083333333333332,17
eurocup,30.983333333333334,31
eurocup,26.633333333333333,29
eurocup,0.0,0
eurocup,0.0,0
eurocup,0.0,0
eurocup,0.016666666666666666,0
eurocup,0.0,0
eurocup,0.0,0
eurocup,0.0,0
eurocup,28.1,2
eurocup,34.6,28
eurocup,33.516666666666666,11
eurocup,36.78333333333333,23
eurocup,33.2,18
eurocup,32.43333333333333,14
eurocup,34.46666666666667,23
eurocup,22.716666666666665,4
eurocup,35.71666666666667,27
eurocup,21.85,15
eurocup,0.0,0
eurocup,0.0,0
eurocup,0.0,0
eurocup,9.133333333333333,1
eurocup,5.433333333333334,0
eurocup,1.1666666666666667,0
eurocup,30.433333333333334,20
eurocup,19.016666666666666,15
eurocup,21.083333333333332,18
eurocup,20.833333333333332,15
eurocup,28.683333333333334,15
eurocup,23.4,12
eurocup,8.333333333333334,3
eurocup,10.0,12
eurocup,17.9,11
eurocup,12.016666666666667,0
eurocup,14.416666666666666,6
eurocup,26.483333333333334,14
eurocup,24.766666666666666,4
eurocup,24.783333333333335,-1
eurocup,15.783333333333333,4
eurocup,23.616666666666667,7
eurocup,27.383333333333333,8
eurocup,22.916666666666668,9
eurocup,19.083333333333332,0
eurocup,23.183333333333334,18
eurocup,36.13333333333333,21
eurocup,26.15,10
eurocup,27.55,13
eurocup,16.216666666666665,10
eurocup,25.3,30
eurocup,19.45,21
eurocup,13.816666666666666,0
eurocup,27.15,14
eurocup,15.933333333333334,8
eurocup,23.416666666666668,11
eurocup,24.383333333333333,12
eurocup,9.483333333333333,0
eurocup,26.566666666666666,18
eurocup,22.2,20
eurocup,23.3,24
eurocup,0.0,0
eurocup,4.933333333333334,2
eurocup,0.0,0
eurocup,0.0,0
eurocup,13.45,1
eurocup,21.7,9
eurocup,22.6,0
eurocup,0.0,0
eurocup,0.0,0
eurocup,13.583333333333334,1
eurocup,18.25,4
eurocup,17.233333333333334,1
eurocup,0.0,0
eurocup,7.85,1
eurocup,27.5,11
eurocup,2.783333333333333,-1
eurocup,0.0,0
eurocup,5.1,-1
eurocup,11.533333333333333,1
eurocup,6.066666666666666,1
eurocup,0.0,0
eurocup,15.633333333333333,7
eurocup,22.583333333333332,19
eurocup,16.866666666666667,1
eurocup,15.7,-1
eurocup,0.0,0
eurocup,0.0,0
eurocup,10.566666666666666,4
eurocup,23.233333333333334,7
eurocup,17.7,15
eurocup,23.45,9
eurocup,23.466666666666665,15
eurocup,15.7,11
eurocup,20.316666666666666,8
eurocup,12.15,8
eurocup,29.25,15
eurocup,19.75,10
eurocup,22.05,15
eurocup,8.583333333333334,4
eurocup,19.85,14
eurocup,21.683333333333334,1
eurocup,18.2,8
eurocup,22.166666666666668,24
eurocup,25.2,19
eurocup,24.15,15
eurocup,29.15,20
eurocup,25.766666666666666,25
eurocup,17.416666666666668,5
eurocup,38.833333333333336,10
eurocup,28.383333333333333,13
eurocup,18.016666666666666,5
eurocup,24.15,15
eurocup,26.766666666666666,10
eurocup,25.383333333333333,7
eurocup,15.2,4
eurocup,25.366666666666667,8
eurocup,28.416666666666668,24
eurocup,19.883333333333333,6
eurocup,24.216666666666665,11
eurocup,21.066666666666666,17
eurocup,7.933333333333334,-3
eurocup,28.966666666666665,22
eurocup,13.433333333333334,4
eurocup,13.783333333333333,4
eurocup,22.65,7
eurocup,21.416666666666668,17
eurocup,10.416666666666666,-1
eurocup,19.466666666666665,17
eurocup,26.9,22
eurocup,19.1,14
eurocup,21.933333333333334,16
eurocup,19.15,-3
eurocup,4.733333333333333,-1
eurocup,11.233333333333333,1
eurocup,4.65,0
eurocup,8.2,1
eurocup,13.216666666666667,10
eurocup,4.066666666666666,-1
eurocup,0.0,0
eurocup,13.166666666666666,9
eurocup,14.416666666666666,9
eurocup,4.216666666666667,-3
eurocup,11.1,-1
eurocup,6.35,0
eurocup,9.25,0
eurocup,11.05,-1
eurocup,23.533333333333335,0
eurocup,7.666666666666667,5
eurocup,0.0,0
eurocup,15.333333333333334,2
eurocup,4.533333333333333,3
eurocup,20.266666666666666,6
eurocup,16.133333333333333,-1
eurocup,11.483333333333333,9
eurocup,5.983333333333333,0
eurocup,14.4,11
eurocup,15.483333333333333,8
eurocup,5.183333333333334,1
eurocup,4.483333333333333,4
eurocup,0.0,0
eurocup,0.0,0
eurocup,0.0,0
eurocup,14.833333333333334,6
eurocup,16.083333333333332,-1
eurocup,17.866666666666667,4
eurocup,18.95,6
eurocup,16.6,8
eurocup,13.833333333333334,3
eurocup,12.9,1
eurocup,18.7,3
eurocup,20.916666666666668,10
eurocup,13.933333333333334,8
eurocup,29.25,14
eurocup,20.716666666666665,3
eurocup,20.416666666666668,0
eurocup,20.416666666666668,4
eurocup,32.166666666666664,25
eurocup,27.75,5
eurocup,22.483333333333334,3
eurocup,18.816666666666666,2
eurocup,19.35,-3
eurocup,19.25,2
eurocup,20.433333333333334,3
eurocup,19.9,12
eurocup,15.766666666666667,2
eurocup,26.016666666666666,11
eurocup,20.383333333333333,-2
eurocup,14.433333333333334,9
eurocup,21.5,3
eurocup,16.266666666666666,5
eurocup,31.733333333333334,4
eurocup,26.766666666666666,18
eurocup,29.066666666666666,20
eurocup,22.75,-3
eurocup,26.316666666666666,11
eurocup,21.783333333333335,5
eurocup,18.216666666666665,-7
eurocup,18.783333333333335,10
eurocup,25.8,6
eurocup,22.0,6
eurocup,28.133333333333333,3
eurocup,28.616666666666667,22
eurocup,19.216666666666665,3
eurocup,18.133333333333333,16
eurocup,22.433333333333334,7
eurocup,21.983333333333334,2
eurocup,27.883333333333333,18
eurocup,23.5,10
eurocup,7.166666666666667,1
eurocup,10.633333333333333,7
eurocup,19.233333333333334,13
eurocup,26.3,7
eurocup,13.45,9
eurocup,22.966666666666665,2
eurocup,10.9,0
eurocup,24.0,9
eurocup,24.2,16
eurocup,7.183333333333334,6
eurocup,14.35,4
eurocup,0.0,0
eurocup,0.0,0
eurocup,19.183333333333334,16
eurocup,9.483333333333333,-1
eurocup,12.283333333333333,4
eurocup,7.0,1
eurocup,3.2,0
eurocup,2.183333333333333,2
eurocup,13.733333333333333,3
eurocup,4.4,2
eurocup,12.133333333333333,12
eurocup,4.833333333333333,-2
eurocup,1.25,0
eurocup,2.533333333333333,-1
eurocup,34.233333333333334,16
eurocup,25.75,11
eurocup,29.533333333333335,17
eurocup,23.716666666666665,10
eurocup,30.016666666666666,16
eurocup,19.916666666666668,6
eurocup,38.233333333333334,16
eurocup,29.633333333333333,17
eurocup,37.31666666666667,27
eurocup,31.35,6
eurocup,35.25,30
eurocup,28.85,3
eurocup,27.783333333333335,12
eurocup,21.766666666666666,4
eurocup,15.183333333333334,-1
eurocup,17.783333333333335,4
eurocup,15.266666666666667,7
eurocup,18.033333333333335,-1
eurocup,21.266666666666666,12
eurocup,19.166666666666668,-1
eurocup,17.116666666666667,13
eurocup,15.883333333333333,5
eurocup,26.2,7
eurocup,21.433333333333334,5
eurocup,13.25,5
eurocup,19.45,5
eurocup,15.85,3
eurocup,25.233333333333334,10
eurocup,5.65,-1
eurocup,11.8,6
eurocup,27.1,4
eurocup,13.783333333333333,4
eurocup,7.9,-2
eurocup,15.533333333333333,6
eurocup,1.5333333333333332,2
eurocup,0.0,0
eurocup,4.266666666666667,-2
eurocup,0.0,0
eurocup,0.0,0
eurocup,2.2333333333333334,-1
eurocup,30.45,13
eurocup,22.183333333333334,18
eurocup,24.3,-2
eurocup,24.5,6
eurocup,18.65,0
eurocup,19.7,-2
eurocup,21.616666666666667,8
eurocup,16.75,20
eurocup,17.966666666666665,4
eurocup,22.016666666666666,7
eurocup,17.366666666666667,1
eurocup,19.366666666666667,3
eurocup,13.05,0
eurocup,26.616666666666667,21
eurocup,26.55,3
eurocup,28.7,11
eurocup,30.9,2
eurocup,29.366666666666667,2
eurocup,33.13333333333333,4
eurocup,20.016666666666666,6
eurocup,25.666666666666668,5
eurocup,26.75,-5
eurocup,32.916666666666664,18
eurocup,29.633333333333333,-4
eurocup,28.633333333333333,16
eurocup,33.583333333333336,18
eurocup,10.733333333333333,-5
eurocup,29.616666666666667,31
eurocup,32.75,10
eurocup,28.533333333333335,8
eurocup,32.9,21
eurocup,26.7,12
eurocup,23.683333333333334,8
eurocup,24.783333333333335,5
eurocup,13.933333333333334,6
eurocup,20.583333333333332,2
eurocup,23.483333333333334,20
eurocup,25.283333333333335,16
eurocup,29.583333333333332,16
eurocup,23.55,18
eurocup,29.366666666666667,-3
eurocup,19.666666666666668,6
eurocup,25.35,16
eurocup,17.033333333333335,10
eurocup,7.533333333333333,-2
eurocup,17.733333333333334,3
eurocup,20.566666666666666,11
eurocup,24.566666666666666,9
eurocup,16.8,11
eurocup,15.416666666666666,1
eurocup,9.483333333333333,4
eurocup,14.45,11
eurocup,13.616666666666667,1
eurocup,25.483333333333334,18
eurocup,15.416666666666666,5
eurocup,16.283333333333335,7
eurocup,10.083333333333334,5
eurocup,18.066666666666666,12
eurocup,26.883333333333333,20
eurocup,18.2,6
eurocup,28.183333333333334,20
eurocup,22.933333333333334,8
eurocup,21.15,11
eurocup,25.6,11
eurocup,27.116666666666667,10
eurocup,30.433333333333334,22
eurocup,23.033333333333335,2
eurocup,30.5,15
eurocup,31.933333333333334,12
eurocup,34.18333333333333,23
eurocup,33.766666666666666,17
eurocup,27.933333333333334,1
eurocup,25.25,22
eurocup,30.583333333333332,6
eurocup,20.966666666666665,1
eurocup,29.883333333333333,2
eurocup,29.083333333333332,18
eurocup,31.433333333333334,11
eurocup,26.783333333333335,10
eurocup,30.8,2
eurocup,22.816666666666666,3
eurocup,28.85,21
eurocup,23.933333333333334,5
eurocup,21.65,-4
eurocup,32.266666666666666,22
eurocup,16.733333333333334,5
eurocup,29.266666666666666,10
eurocup,30.6,16
eurocup,28.183333333333334,2
eurocup,26.366666666666667,16
eurocup,29.516666666666666,27
eurocup,27.8,36
eurocup,5.716666666666667,3
eurocup,25.283333333333335,16
eurocup,27.483333333333334,21
eurocup,20.483333333333334,-4
eurocup,28.066666666666666,13
eurocup,25.283333333333335,19
eurocup,30.3,35
eurocup,32.06666666666667,26
eurocup,5.733333333333333,3
eurocup,20.483333333333334,13
eurocup,20.933333333333334,8
eurocup,22.9,15
eurocup,18.216666666666665,3
eurocup,24.25,16
eurocup,26.666666666666668,27
eurocup,28.15,17
eurocup,24.933333333333334,7
eurocup,29.95,12
eurocup,24.2,15
eurocup,27.966666666666665,10
eurocup,24.95,15
eurocup,22.25,2
eurocup,15.733333333333333,0
eurocup,28.033333333333335,21
eurocup,16.05,5
eurocup,19.316666666666666,-2
eurocup,15.2,0
eurocup,12.683333333333334,-4
eurocup,16.133333333333333,-5
eurocup,14.516666666666667,-2
eurocup,0.0,0
eurocup,22.716666666666665,0
eurocup,25.566666666666666,9
eurocup,24.3,-2
eurocup,27.95,10
eurocup,0.0,0
eurocup,20.816666666666666,6
eurocup,18.55,15
eurocup,22.9,19
eurocup,23.683333333333334,16
eurocup,27.966666666666665,14
eurocup,23.1,13
eurocup,28.9,5
eurocup,14.05,1
eurocup,11.583333333333334,0
eurocup,12.783333333333333,7
eurocup,17.6,2
eurocup,21.7,11
eurocup,21.1,6
eurocup,8.033333333333333,6
eurocup,3.783333333333333,-1
eurocup,14.933333333333334,5
eurocup,16.383333333333333,5
eurocup,22.683333333333334,13
eurocup,14.6,12
eurocup,11.783333333333333,7
eurocup,22.483333333333334,2
eurocup,14.983333333333333,2
eurocup,8.233333333333333,-1
eurocup,28.083333333333332,17
eurocup,23.183333333333334,3
eurocup,12.383333333333333,3
eurocup,30.966666666666665,-3
eurocup,26.5,17
eurocup,25.716666666666665,14
eurocup,21.183333333333334,15
eurocup,28.316666666666666,18
eurocup,22.5,5
eurocup,22.716666666666665,17
eurocup,25.25,11
eurocup,29.666666666666668,18
eurocup,27.966666666666665,0
eurocup,25.2,3
eurocup,28.25,5
eurocup,28.5,24
eurocup,32.78333333333333,18
eurocup,35.916666666666664,22
eurocup,31.433333333333334,23
eurocup,23.983333333333334,1
eurocup,26.0,12
eurocup,31.65,16
eurocup,26.65,4
eurocup,33.05,13
eurocup,25.983333333333334,9
eurocup,34.13333333333333,26
eurocup,26.85,5
eurocup,28.9,23
eurocup,29.383333333333333,4
eurocup,20.733333333333334,-3
eurocup,20.816666666666666,21
eurocup,22.95,10
eurocup,21.583333333333332,10
eurocup,17.55,-1
eurocup,24.816666666666666,10
eurocup,25.7,20
eurocup,26.433333333333334,-2
eurocup,27.45,10
eurocup,27.933333333333334,22
eurocup,20.45,16
eurocup,20.583333333333332,14
eurocup,16.033333333333335,2
eurocup,17.7,4
eurocup,14.8,1
eurocup,27.5,16
eurocup,17.833333333333332,9
eurocup,12.633333333333333,-3
eurocup,17.55,4
eurocup,19.733333333333334,7
eurocup,13.983333333333333,9
eurocup,28.783333333333335,7
eurocup,25.283333333333335,17
eurocup,30.666666666666668,20
eurocup,29.633333333333333,20
eurocup,34.13333333333333,14
eurocup,25.95,14
eurocup,0.0,0
eurocup,25.75,6
eurocup,26.266666666666666,24
eurocup,21.2,9
eurocup,26.383333333333333,5
eurocup,25.3,3
eurocup,26.583333333333332,9
eurocup,23.133333333333333,25
eurocup,8.766666666666667,11
eurocup,22.45,13
eurocup,24.75,6
eurocup,29.033333333333335,15
eurocup,19.333333333333332,10
eurocup,29.2,28
eurocup,19.883333333333333,13
eurocup,25.066666666666666,20
eurocup,20.233333333333334,30
eurocup,9.766666666666667,2
eurocup,13.616666666666667,0
eurocup,23.466666666666665,5
eurocup,25.5,15
eurocup,29.35,31
eurocup,21.866666666666667,14
eurocup,13.983333333333333,5
eurocup,30.366666666666667,33
eurocup,30.416666666666668,12
eurocup,23.05,18
eurocup,32.06666666666667,24
eurocup,25.766666666666666,6
eurocup,21.416666666666668,13
eurocup,22.766666666666666,0
eurocup,21.85,26
eurocup,17.083333333333332,1
eurocup,22.8,6
eurocup,16.866666666666667,-4
eurocup,9.65,-2
eurocup,27.516666666666666,16
eurocup,18.65,3
eurocup,6.8,7
eurocup,20.583333333333332,20
eurocup,22.233333333333334,14
eurocup,19.383333333333333,13
eurocup,19.916666666666668,5
eurocup,23.866666666666667,12
eurocup,18.2,-5
eurocup,22.083333333333332,10
eurocup,23.6,17
eurocup,24.116666666666667,18
eurocup,22.316666666666666,14
eurocup,24.0,0
eurocup,14.133333333333333,0
eurocup,16.5,13
eurocup,19.75,17
eurocup,21.933333333333334,20
eurocup,29.633333333333333,40
eurocup,21.883333333333333,5
eurocup,24.383333333333333,13
eurocup,27.916666666666668,15
eurocup,26.416666666666668,7
eurocup,26.716666666666665,18
eurocup,33.55,14
eurocup,23.316666666666666,6
eurocup,16.55,15
eurocup,32.15,20
eurocup,23.45,18
eurocup,10.866666666666667,4
eurocup,28.633333333333333,15
eurocup,1.9666666666666668,-1
eurocup,14.733333333333333,12
eurocup,16.65,9
eurocup,21.866666666666667,6
eurocup,30.916666666666668,10
eurocup,29.966666666666665,14
eurocup,31.15,15
eurocup,20.183333333333334,-1
eurocup,26.383333333333333,5
eurocup,23.583333333333332,18
eurocup,19.183333333333334,4
eurocup,22.416666666666668,2
eurocup,18.8,11
eurocup,13.783333333333333,5
eurocup,22.933333333333334,20
eurocup,25.016666666666666,17
eurocup,25.783333333333335,12
eurocup,0.0,0
eurocup,26.783333333333335,14
eurocup,23.666666666666668,9
eurocup,23.233333333333334,20
eurocup,22.233333333333334,21
eurocup,15.666666666666666,3
eurocup,1.7,0
eurocup,21.15,2
eurocup,0.0,0
eurocup,0.0,0
eurocup,0.0,0
eurocup,2.35,-2
eurocup,7.666666666666667,3
eurocup,13.533333333333333,-2
eurocup,19.083333333333332,7
eurocup,4.333333333333333,-2
eurocup,17.816666666666666,5
eurocup,17.133333333333333,2
eurocup,14.666666666666666,1
eurocup,26.116666666666667,11
eurocup,17.533333333333335,-4
eurocup,16.65,5
eurocup,14.0,-2
eurocup,22.366666666666667,8
eurocup,17.35,0
eurocup,16.333333333333332,7
eurocup,27.116666666666667,6
eurocup,26.916666666666668,29
eurocup,25.1,9
eurocup,19.416666666666668,2
eurocup,8.716666666666667,2
eurocup,20.3,8
eurocup,10.466666666666667,2
eurocup,17.083333333333332,19
eurocup,22.583333333333332,21
eurocup,20.583333333333332,-1
eurocup,27.916666666666668,11
eurocup,25.133333333333333,9
eurocup,6.683333333333334,2
eurocup,17.283333333333335,2
eurocup,4.666666666666667,1
eurocup,7.783333333333333,1
eurocup,0.0,0
eurocup,7.033333333333333,0
eurocup,2.3166666666666664,-2
eurocup,6.05,5
eurocup,3.95,-1
eurocup,17.116666666666667,6
eurocup,0.0,0
eurocup,1.8666666666666667,-2
eurocup,26.383333333333333,13
eurocup,21.083333333333332,21
eurocup,21.8,19
eurocup,21.1,9
eurocup,27.383333333333333,18
eurocup,24.383333333333333,14
eurocup,25.5,15
eurocup,24.3,7
eurocup,32.78333333333333,39
eurocup,28.0,17
eurocup,23.7,9
eurocup,25.933333333333334,4
eurocup,25.05,25
eurocup,11.783333333333333,4
eurocup,5.283333333333333,0
eurocup,14.7,3
eurocup,12.966666666666667,4
eurocup,16.916666666666668,1
eurocup,12.3,8
eurocup,0.4,0
eurocup,6.183333333333334,0
eurocup,17.733333333333334,6
eurocup,2.8,-1
eurocup,7.066666666666666,0
eurocup,6.416666666666667,0
eurocup,25.95,6
eurocup,22.6,25
eurocup,26.733333333333334,23
eurocup,25.733333333333334,24
eurocup,24.533333333333335,9
eurocup,28.083333333333332,6
eurocup,23.25,5
eurocup,22.483333333333334,17
eurocup,22.0,7
eurocup,15.416666666666666,1
eurocup,19.233333333333334,3
eurocup,25.65,9
eurocup,14.983333333333333,15
eurocup,2.0833333333333335,2
eurocup,0.0,0
eurocup,4.133333333333334,3
eurocup,0.0,0
eurocup,0.0,0
eurocup,0.0,0
eurocup,20.166666666666668,-5
eurocup,24.433333333333334,24
eurocup,15.95,1
eurocup,15.8,1
eurocup,25.15,28
eurocup,0.0,0
eurocup,20.733333333333334,6
eurocup,24.25,15
eurocup,22.183333333333334,1
eurocup,14.116666666666667,8
eurocup,16.033333333333335,0
eurocup,19.616666666666667,12
eurocup,20.833333333333332,5
eurocup,16.983333333333334,2
eurocup,22.766666666666666,17
eurocup,8.533333333333333,2
eurocup,22.3,16
eurocup,19.116666666666667,2
eurocup,10.183333333333334,8
eurocup,36.3,13
eurocup,18.65,1
eurocup,15.2,-1
eurocup,25.566666666666666,15
eurocup,17.416666666666668,3
eurocup,9.016666666666667,-4
eurocup,10.933333333333334,3
eurocup,24.5,3
eurocup,10.116666666666667,-8
eurocup,21.566666666666666,2
eurocup,34.416666666666664,30
eurocup,30.85,7
eurocup,5.916666666666667,2
eurocup,7.5,0
eurocup,13.15,8
eurocup,12.166666666666666,12
eurocup,7.316666666666666,1
eurocup,12.816666666666666,5
eurocup,11.916666666666666,3
eurocup,9.933333333333334,-2
eurocup,10.6,-1
eurocup,8.966666666666667,4
eurocup,0.0,0
eurocup,0.0,0
eurocup,27.133333333333333,10
eurocup,29.933333333333334,24
eurocup,30.8,16
eurocup,29.8,28
eurocup,32.36666666666667,11
eurocup,25.033333333333335,17
eurocup,26.266666666666666,17
eurocup,33.4,13
eurocup,35.5,8
eurocup,33.03333333333333,25
eurocup,37.53333333333333,37
eurocup,34.43333333333333,19
eurocup,33.1,11
eurocup,10.75,3
eurocup,18.0,7
eurocup,18.766666666666666,6
eurocup,17.616666666666667,2
eurocup,8.95,2
eurocup,6.966666666666667,0
eurocup,5.95,-1
eurocup,21.566666666666666,8
eurocup,16.233333333333334,-1
eurocup,19.666666666666668,13
eurocup,9.25,0
eurocup,10.816666666666666,1
eurocup,4.133333333333334,3
eurocup,5.716666666666667,-4
eurocup,22.516666666666666,3
eurocup,12.3,1
eurocup,17.133333333333333,2
eurocup,9.683333333333334,-1
eurocup,15.95,4
eurocup,5.0,-1
eurocup,11.45,-3
eurocup,14.95,0
eurocup,12.416666666666666,-5
eurocup,6.883333333333333,1
eurocup,19.366666666666667,7
eurocup,10.6,3
eurocup,0.0,0
eurocup,0.0,0
eurocup,0.06666666666666667,0
eurocup,19.866666666666667,10
eurocup,16.9,14
eurocup,17.033333333333335,8
eurocup,24.733333333333334,4
eurocup,13.216666666666667,2
eurocup,0.0,0
eurocup,18.7,-1
eurocup,20.55,10
eurocup,21.35,7
eurocup,21.816666666666666,10
eurocup,20.0,8
eurocup,23.25,16
eurocup,22.516666666666666,9
eurocup,17.983333333333334,2
eurocup,22.633333333333333,0
eurocup,20.983333333333334,7
eurocup,26.95,-1
eurocup,23.2,10
eurocup,19.75,3
eurocup,29.25,7
eurocup,25.283333333333335,7
eurocup,29.983333333333334,38
eurocup,32.016666666666666,15
eurocup,31.1,23
eurocup,30.383333333333333,12
eurocup,27.883333333333333,6
eurocup,30.983333333333334,8
eurocup,7.033333333333333,2
eurocup,22.3,7
eurocup,8.833333333333334,6
eurocup,13.866666666666667,-3
eurocup,18.6,6
eurocup,16.3,9
eurocup,16.866666666666667,0
eurocup,19.516666666666666,23
eurocup,25.85,23
eurocup,14.5,3
eurocup,14.45,5
eurocup,15.966666666666667,22
eurocup,11.633333333333333,4
eurocup,24.233333333333334,24
eurocup,26.733333333333334,14
eurocup,25.55,6
eurocup,23.533333333333335,9
eurocup,22.883333333333333,3
eurocup,16.6,2
eurocup,20.516666666666666,1
eurocup,23.866666666666667,15
eurocup,21.4,1
eurocup,29.433333333333334,8
eurocup,18.783333333333335,8
eurocup,22.266666666666666,10
eurocup,30.016666666666666,9
eurocup,32.8,10
eurocup,29.616666666666667,18
eurocup,27.816666666666666,16
eurocup,23.916666666666668,13
eurocup,27.466666666666665,17
eurocup,43.06666666666667,27
eurocup,31.616666666666667,2
eurocup,20.733333333333334,12
eurocup,21.55,6
eurocup,17.7,8
eurocup,13.516666666666667,8
eurocup,15.233333333333333,0
eurocup,17.2,3
eurocup,31.433333333333334,12
eurocup,28.966666666666665,16
eurocup,26.333333333333332,-5
eurocup,30.116666666666667,9
eurocup,33.583333333333336,16
eurocup,32.55,32
eurocup,24.55,19
eurocup,29.133333333333333,30
eurocup,28.566666666666666,8
eurocup,28.883333333333333,14
eurocup,30.116666666666667,10
eurocup,33.3,19
eurocup,20.35,14
eurocup,14.666666666666666,3
eurocup,21.333333333333332,6
eurocup,24.433333333333334,10
eurocup,22.6,10
eurocup,22.666666666666668,16
eurocup,15.833333333333334,7
eurocup,22.333333333333332,12
eurocup,19.95,5
eurocup,17.983333333333334,4
eurocup,1.05,-1
eurocup,0.0,0
eurocup,2.7333333333333334,1
eurocup,13.016666666666667,0
eurocup,15.6,5
eurocup,9.683333333333334,1
eurocup,4.516666666666667,3
eurocup,0.0,0
eurocup,0.0,0
eurocup,8.8,-3
eurocup,18.033333333333335,7
eurocup,6.25,2
eurocup,6.35,-1
eurocup,23.683333333333334,7
eurocup,10.233333333333333,14
eurocup,6.583333333333333,5
eurocup,10.1,-2
eurocup,12.583333333333334,6
eurocup,10.0,2
eurocup,13.966666666666667,-2
eurocup,21.783333333333335,-2
eurocup,19.116666666666667,8
eurocup,8.6,1
eurocup,21.533333333333335,10
eurocup,16.066666666666666,3
eurocup,13.05,-2
eurocup,6.85,4
eurocup,10.983333333333333,5
eurocup,18.15,5
eurocup,11.416666666666666,0
eurocup,16.15,11
eurocup,3.15,-2
eurocup,6.366666666666666,1
eurocup,17.333333333333332,5
eurocup,9.55,0
eurocup,13.416666666666666,10
eurocup,30.583333333333332,8
eurocup,21.5,12
eurocup,11.983333333333333,0
eurocup,1.9166666666666665,-1
eurocup,21.5,12
eurocup,26.4,18
eurocup,19.133333333333333,3
eurocup,0.0,0
eurocup,11.816666666666666,11
eurocup,0.0,0
eurocup,0.0,0
eurocup,10.416666666666666,4
eurocup,2.5833333333333335,-1
eurocup,5.35,3
eurocup,12.6,3
eurocup,16.366666666666667,3
eurocup,18.2,1
eurocup,0.0,0
eurocup,5.666666666666667,-2
eurocup,0.0,0
eurocup,12.65,-2
eurocup,25.116666666666667,8
eurocup,10.283333333333333,-2
eurocup,29.25,8
eurocup,33.03333333333333,17
eurocup,25.133333333333333,8
eurocup,24.366666666666667,17
eurocup,0.7333333333333333,3
eurocup,21.833333333333332,5
eurocup,15.583333333333334,2
eurocup,11.583333333333334,-3
eurocup,18.2,10
eurocup,23.85,16
eurocup,24.35,2
eurocup,5.216666666666667,-6
eurocup,15.566666666666666,-2
eurocup,28.883333333333333,16
eurocup,0.0,0
eurocup,16.883333333333333,-3
eurocup,22.3,11
eurocup,16.833333333333332,2
eurocup,6.183333333333334,1
eurocup,13.35,-2
eurocup,8.25,-2
eurocup,8.366666666666667,6
eurocup,12.05,4
eurocup,5.2,-1
eurocup,14.466666666666667,-5
eurocup,14.75,-1
eurocup,3.2,-1
eurocup,0.0,0
eurocup,5.2,-2
eurocup,0.0,0
eurocup,0.0,0
eurocup,0.0,0
eurocup,13.9,0
eurocup,8.2,1
eurocup,13.966666666666667,2
eurocup,2.35,-2
eurocup,0.0,0
eurocup,0.43333333333333335,0
eurocup,7.733333333333333,1
eurocup,9.416666666666666,0
eurocup,10.483333333333333,8
eurocup,0.0,0
eurocup,4.5,5
eurocup,10.0,0
eurocup,9.916666666666666,1
eurocup,0.18333333333333332,0
eurocup,9.6,-3
eurocup,15.633333333333333,15
eurocup,0.0,0
eurocup,13.333333333333334,0
eurocup,9.383333333333333,10
eurocup,5.85,0
eurocup,7.883333333333333,5
eurocup,16.0,7
eurocup,26.666666666666668,11
eurocup,0.0,0
eurocup,30.05,15
eurocup,34.13333333333333,13
eurocup,32.7,38
eurocup,31.533333333333335,19
eurocup,34.96666666666667,26
eurocup,20.483333333333334,3
eurocup,27.95,21
eurocup,30.516666666666666,11
eurocup,27.15,10
eurocup,33.166666666666664,26
eurocup,28.983333333333334,13
eurocup,25.183333333333334,2
eurocup,25.2,7
eurocup,29.15,16
eurocup,24.483333333333334,7
eurocup,20.516666666666666,6
eurocup,23.766666666666666,-2
eurocup,20.9,0
eurocup,27.716666666666665,7
eurocup,28.383333333333333,14
eurocup,0.0,0
eurocup,8.05,-1
eurocup,25.0,29
eurocup,23.283333333333335,11
eurocup,19.1,11
eurocup,26.083333333333332,9
eurocup,22.8,22
eurocup,26.95,10
eurocup,24.583333333333332,9
eurocup,32.733333333333334,5
eurocup,27.7,16
eurocup,25.716666666666665,10
eurocup,28.8,20
eurocup,25.166666666666668,8
eurocup,28.75,27
eurocup,26.783333333333335,12
eurocup,23.366666666666667,4
eurocup,18.683333333333334,4
eurocup,18.45,-1
eurocup,16.333333333333332,-4
eurocup,30.033333333333335,33
eurocup,31.3,40
eurocup,19.633333333333333,30
eurocup,24.166666666666668,5
eurocup,22.983333333333334,10
eurocup,27.25,31
eurocup,28.1,18
eurocup,20.85,17
eurocup,22.816666666666666,13
eurocup,12.766666666666667,8
eurocup,19.533333333333335,16
eurocup,15.766666666666667,7
eurocup,12.833333333333334,-5
eurocup,21.366666666666667,18
eurocup,25.783333333333335,21
eurocup,10.2,5
eurocup,23.283333333333335,12
eurocup,14.916666666666666,4
eurocup,21.966666666666665,22
eurocup,21.7,10
eurocup,24.233333333333334,0
eurocup,15.266666666666667,4
eurocup,19.066666666666666,13
eurocup,26.6,14
eurocup,22.383333333333333,15
eurocup,15.95,9
eurocup,24.116666666666667,10
eurocup,19.766666666666666,7
eurocup,17.383333333333333,-2
eurocup,23.883333333333333,17
eurocup,14.666666666666666,-4
eurocup,7.733333333333333,0
eurocup,11.766666666666667,2
eurocup,11.25,0
eurocup,11.933333333333334,4
eurocup,9.1,-1
eurocup,11.583333333333334,1
eurocup,11.366666666666667,6
eurocup,14.6,12
eurocup,22.683333333333334,14
eurocup,26.0,13
eurocup,12.583333333333334,11
eurocup,2.3666666666666667,-1
eurocup,0.0,0
eurocup,25.75,24
eurocup,16.216666666666665,7
eurocup,0.0,0
eurocup,0.0,0
eurocup,20.0,19
eurocup,27.133333333333333,23
eurocup,23.283333333333335,10
eurocup,30.0,29
eurocup,30.4,31
eurocup,28.933333333333334,22
eurocup,31.883333333333333,16
eurocup,30.283333333333335,20
eurocup,29.183333333333334,28
eurocup,23.2,22
eurocup,26.016666666666666,18
eurocup,27.15,16
eurocup,32.983333333333334,13
eurocup,11.266666666666667,11
eurocup,10.95,-1
eurocup,13.783333333333333,14
eurocup,16.666666666666668,25
eurocup,14.466666666666667,8
eurocup,15.566666666666666,0
eurocup,18.283333333333335,17
eurocup,12.283333333333333,10
eurocup,13.4,13
eurocup,13.45,6
eurocup,27.7,27
eurocup,19.35,-2
eurocup,26.116666666666667,11
eurocup,13.466666666666667,2
eurocup,23.266666666666666,10
eurocup,15.683333333333334,1
eurocup,21.7,17
eurocup,27.25,15
eurocup,26.6,34
eurocup,21.6,0
eurocup,8.883333333333333,7
eurocup,0.35,0
eurocup,7.3,0
eurocup,14.916666666666666,6
eurocup,6.133333333333334,1
eurocup,7.683333333333334,5
eurocup,6.333333333333333,1
eurocup,0.0,0
eurocup,9.033333333333333,5
eurocup,5.983333333333333,-5
eurocup,1.3333333333333333,1
eurocup,0.0,0
eurocup,0.0,0
eurocup,2.0833333333333335,-2
eurocup,0.0,0
eurocup,0.0,0
eurocup,19.866666666666667,5
eurocup,8.5,4
eurocup,10.433333333333334,1
eurocup,11.983333333333333,-1
eurocup,6.416666666666667,1
eurocup,12.816666666666666,-1
eurocup,5.15,1
eurocup,18.15,0
eurocup,17.85,10
eurocup,15.166666666666666,1
eurocup,17.966666666666665,0
eurocup,10.016666666666667,-3
eurocup,4.05,2
eurocup,8.916666666666666,0
eurocup,19.783333333333335,0
eurocup,12.116666666666667,0
eurocup,11.116666666666667,1
eurocup,17.9,5
eurocup,3.466666666666667,-2
eurocup,18.066666666666666,2
eurocup,16.683333333333334,-2
eurocup,26.833333333333332,32
eurocup,25.25,6
eurocup,15.683333333333334,-3
eurocup,4.066666666666666,1
eurocup,13.5,4
eurocup,16.766666666666666,-4
eurocup,32.18333333333333,12
eurocup,30.366666666666667,19
eurocup,24.233333333333334,7
eurocup,28.016666666666666,4
eurocup,3.1,0
eurocup,30.4,20
eurocup,23.35,8
eurocup,15.066666666666666,12
eurocup,30.6,11
eurocup,21.083333333333332,2
eurocup,22.383333333333333,10
eurocup,18.8,5
eurocup,34.11666666666667,22
eurocup,19.883333333333333,1
eurocup,23.666666666666668,7
eurocup,26.25,15
eurocup,25.683333333333334,16
eurocup,23.4,12
eurocup,34.8,19
eurocup,23.9,10
eurocup,31.35,14
eurocup,10.833333333333334,-5
eurocup,13.816666666666666,4
eurocup,28.45,15
eurocup,42.333333333333336,24
eurocup,27.633333333333333,-6
eurocup,19.133333333333333,3
eurocup,25.0,13
eurocup,22.466666666666665,3
eurocup,24.766666666666666,2
eurocup,24.416666666666668,7
eurocup,23.533333333333335,11
eurocup,15.766666666666667,5
eurocup,24.366666666666667,0
eurocup,24.883333333333333,-2
eurocup,29.35,18
eurocup,28.983333333333334,8
eurocup,35.61666666666667,8
eurocup,21.15,0
eurocup,16.583333333333332,1
eurocup,30.55,23
eurocup,27.483333333333334,13
eurocup,33.18333333333333,12
eurocup,26.966666666666665,10
eurocup,29.6,13
eurocup,25.383333333333333,7
eurocup,23.266666666666666,10
eurocup,29.033333333333335,11
eurocup,0.0,0
eurocup,0.0,0
eurocup,6.333333333333333,-1
eurocup,0.0,0
eurocup,0.0,0
eurocup,0.31666666666666665,-1
eurocup,0.0,0
eurocup,3.2333333333333334,0
eurocup,21.316666666666666,24
eurocup,30.666666666666668,4
eurocup,29.183333333333334,17
eurocup,21.766666666666666,-3
eurocup,21.583333333333332,-2
eurocup,26.75,20
eurocup,15.633333333333333,14
eurocup,28.65,23
eurocup,19.55,7
eurocup,22.55,0
eurocup,28.8,5
eurocup,22.116666666666667,18
eurocup,19.216666666666665,4
eurocup,23.766666666666666,5
eurocup,9.1,4
eurocup,17.783333333333335,3
eurocup,8.083333333333334,6
eurocup,9.333333333333334,3
eurocup,0.0,0
eurocup,2.4,-1
eurocup,15.283333333333333,13
eurocup,17.183333333333334,11
eurocup,17.966666666666665,16
eurocup,19.333333333333332,3
eurocup,16.033333333333335,6
eurocup,9.65,0
eurocup,24.483333333333334,12
eurocup,25.266666666666666,14
eurocup,16.416666666666668,9
eurocup,21.583333333333332,16
eurocup,20.45,6
eurocup,20.766666666666666,3
eurocup,27.883333333333333,13
eurocup,21.1,24
eurocup,18.583333333333332,9
eurocup,22.6,11
eurocup,19.7,16
eurocup,23.966666666666665,25
eurocup,30.933333333333334,20
eurocup,24.483333333333334,2
eurocup,24.1,4
eurocup,24.916666666666668,7
eurocup,21.166666666666668,21
eurocup,21.1,1
eurocup,15.766666666666667,0
eurocup,11.15,-3
eurocup,7.516666666666667,-1
eurocup,5.833333333333333,-1
eurocup,0.0,0
eurocup,5.15,0
eurocup,0.0,0
eurocup,0.0,0
eurocup,0.0,0
eurocup,0.0,0
eurocup,0.0,0
eurocup,0.0,0
eurocup,0.0,0
eurocup,0.0,0
eurocup,34.28333333333333,15
eurocup,31.3,8
eurocup,19.466666666666665,4
eurocup,33.75,13
eurocup,30.466666666666665,9
eurocup,31.85,9
eurocup,19.55,6
eurocup,0.0,0
eurocup,27.066666666666666,13
eurocup,17.5,0
eurocup,24.8,3
eurocup,32.0,11
eurocup,36.31666666666667,3
eurocup,24.35,12
eurocup,31.966666666666665,15
eurocup,31.05,12
eurocup,35.666666666666664,15
eurocup,29.883333333333333,12
eurocup,27.7,6
eurocup,14.483333333333333,-5
eurocup,24.1,6
eurocup,29.733333333333334,9
eurocup,17.083333333333332,1
eurocup,16.266666666666666,3
eurocup,9.683333333333334,-3
eurocup,18.383333333333333,16
eurocup,25.25,11
eurocup,16.133333333333333,3
eurocup,15.666666666666666,11
eurocup,0.0,0
eurocup,4.383333333333334,2
eurocup,0.0,0
eurocup,25.6,18
eurocup,27.25,26
eurocup,31.8,26
eurocup,23.55,15
eurocup,22.216666666666665,19
eurocup,25.083333333333332,19
eurocup,23.35,7
eurocup,19.966666666666665,14
eurocup,21.583333333333332,20
eurocup,23.533333333333335,7
eurocup,23.016666666666666,14
eurocup,0.0,0
eurocup,0.0,0
eurocup,0.0,0
eurocup,0.0,0
eurocup,0.0,0
eurocup,6.4,7
eurocup,6.183333333333334,-2
eurocup,17.666666666666668,-2
eurocup,5.4,-2
eurocup,4.05,2
eurocup,16.466666666666665,2
eurocup,11.983333333333333,6
eurocup,6.966666666666667,3
eurocup,17.1,-2
eurocup,8.383333333333333,2
eurocup,12.366666666666667,1
eurocup,12.833333333333334,-2
eurocup,16.166666666666668,1
eurocup,22.183333333333334,28
eurocup,22.733333333333334,23
eurocup,24.516666666666666,14
eurocup,20.2,10
eurocup,22.466666666666665,19
eurocup,21.816666666666666,7
eurocup,25.916666666666668,6
eurocup,17.183333333333334,2
eurocup,20.016666666666666,16
eurocup,23.616666666666667,9
eurocup,7.633333333333333,-3
eurocup,15.2,13
eurocup,15.9,15
eurocup,3.75,-5
eurocup,14.666666666666666,3
eurocup,15.316666666666666,5
eurocup,21.833333333333332,17
eurocup,6.1,0
eurocup,4.666666666666667,2
eurocup,2.75,-1
eurocup,0.0,0
eurocup,9.6,7
eurocup,4.733333333333333,-2
eurocup,10.066666666666666,1
eurocup,31.25,6
eurocup,27.7,10
eurocup,31.516666666666666,8
eurocup,32.233333333333334,2
eurocup,31.166666666666668,11
eurocup,33.1,30
eurocup,18.366666666666667,6
eurocup,33.1,13
eurocup,26.35,18
eurocup,31.05,29
eurocup,21.7,9
eurocup,20.083333333333332,19
eurocup,16.583333333333332,10
eurocup,16.466666666666665,6
eurocup,20.316666666666666,9
eurocup,21.383333333333333,-1
eurocup,18.733333333333334,3
eurocup,20.183333333333334,6
eurocup,28.533333333333335,15
eurocup,33.45,12
eurocup,22.533333333333335,25
eurocup,0.0,0
eurocup,25.683333333333334,13
eurocup,0.0,0
eurocup,0.0,0
eurocup,0.3333333333333333,0
eurocup,0.9833333333333333,-1
eurocup,3.9,0
eurocup,0.0,0
eurocup,0.0,0
eurocup,2.4166666666666665,0
eurocup,2.9166666666666665,-1
eurocup,0.0,0
eurocup,7.216666666666667,-1
eurocup,19.85,19
eurocup,30.766666666666666,24
eurocup,26.416666666666668,9
eurocup,26.5,22
eurocup,26.666666666666668,16
eurocup,29.516666666666666,17
eurocup,29.883333333333333,25
eurocup,23.066666666666666,3
eurocup,29.65,23
eurocup,21.166666666666668,4
eurocup,11.366666666666667,6
eurocup,18.416666666666668,24
eurocup,16.5,15
eurocup,14.4,7
eurocup,15.316666666666666,2
eurocup,15.45,2
eurocup,12.65,5
eurocup,5.466666666666667,-2
eurocup,17.25,9
eurocup,16.933333333333334,6
eurocup,7.483333333333333,-3
eurocup,19.783333333333335,14
eurocup,16.016666666666666,6
eurocup,16.6,6
eurocup,16.6,0
eurocup,14.266666666666667,1
eurocup,8.55,-4
eurocup,18.0,6
eurocup,32.28333333333333,15
eurocup,21.733333333333334,8
eurocup,32.7,28
eurocup,34.78333333333333,25
eurocup,25.566666666666666,13
eurocup,32.0,15
eurocup,26.85,5
eurocup,34.46666666666667,14
eurocup,30.883333333333333,14
eurocup,29.916666666666668,4
eurocup,0.0,0
eurocup,0.0,0
eurocup,22.466666666666665,10
eurocup,20.3,10
eurocup,25.216666666666665,4
eurocup,19.5,22
eurocup,26.183333333333334,19
eurocup,24.366666666666667,15
eurocup,27.933333333333334,24
eurocup,17.316666666666666,2
eurocup,20.35,8
eurocup,23.416666666666668,10
eurocup,18.1,1
eurocup,20.85,13
eurocup,20.066666666666666,18
eurocup,12.4,9
eurocup,11.133333333333333,4
eurocup,25.366666666666667,26
eurocup,14.95,7
eurocup,10.766666666666667,6
eurocup,13.4,-3
eurocup,15.483333333333333,9
eurocup,18.65,6
eurocup,16.683333333333334,6
eurocup,14.333333333333334,5
eurocup,23.666666666666668,12
eurocup,19.033333333333335,8
eurocup,20.283333333333335,17
eurocup,20.133333333333333,10
eurocup,26.4,0
eurocup,23.6,6
eurocup,23.2,7
eurocup,23.866666666666667,11
eurocup,24.833333333333332,9
eurocup,24.566666666666666,5
eurocup,23.65,11
eurocup,23.966666666666665,15
eurocup,15.166666666666666,17
eurocup,18.066666666666666,18
eurocup,26.75,16
eurocup,14.216666666666667,1
eurocup,12.35,14
eurocup,28.666666666666668,16
eurocup,24.616666666666667,11
eurocup,24.516666666666666,11
eurocup,13.916666666666666,9
eurocup,27.433333333333334,17
eurocup,11.016666666666667,0
eurocup,18.0,7
eurocup,25.216666666666665,-4
eurocup,17.5,5
eurocup,24.366666666666667,2
eurocup,24.633333333333333,-9
eurocup,10.366666666666667,-4
eurocup,14.966666666666667,1
eurocup,5.933333333333334,-5
eurocup,0.0,0
eurocup,4.65,1
eurocup,0.0,0
eurocup,0.0,0
eurocup,0.0,0
eurocup,19.783333333333335,14
eurocup,13.916666666666666,4
eurocup,17.6,9
eurocup,22.016666666666666,10
eurocup,18.366666666666667,1
eurocup,19.466666666666665,11
eurocup,28.25,16
eurocup,21.95,-1
eurocup,30.65,18
eurocup,13.416666666666666,6
eurocup,26.316666666666666,14
eurocup,21.9,2
eurocup,10.366666666666667,2
eurocup,16.433333333333334,0
eurocup,21.016666666666666,1
eurocup,21.683333333333334,13
eurocup,0.0,0
eurocup,0.0,0
eurocup,14.983333333333333,8
eurocup,16.55,-2
eurocup,20.116666666666667,16
eurocup,8.266666666666667,3
eurocup,0.0,0
eurocup,17.866666666666667,6
eurocup,19.033333333333335,-2
eurocup,33.11666666666667,17
eurocup,23.916666666666668,5
eurocup,29.433333333333334,18
eurocup,16.233333333333334,0
eurocup,34.333333333333336,10
eurocup,22.55,4
eurocup,36.733333333333334,24
eurocup,25.366666666666667,16
eurocup,28.883333333333333,2
eurocup,37.3,20
eurocup,33.65,9
eurocup,32.8,11
eurocup,2.2,1
eurocup,0.0,0
eurocup,5.0,-1
eurocup,13.033333333333333,4
eurocup,5.9,2
eurocup,8.5,-3
eurocup,18.316666666666666,4
eurocup,16.516666666666666,6
eurocup,19.866666666666667,15
eurocup,14.416666666666666,-2
eurocup,27.0,2
eurocup,21.966666666666665,3
eurocup,14.45,2
eurocup,4.766666666666667,-1
eurocup,10.566666666666666,0
eurocup,9.883333333333333,1
eurocup,13.433333333333334,-1
eurocup,15.616666666666667,2
eurocup,9.05,5
eurocup,9.75,5
eurocup,24.916666666666668,27
eurocup,15.65,1
eurocup,11.5,0
eurocup,13.7,4
eurocup,11.666666666666666,8
eurocup,19.55,6
eurocup,11.85,-6
eurocup,19.133333333333333,15
eurocup,24.133333333333333,23
eurocup,12.366666666666667,11
eurocup,10.516666666666667,8
eurocup,0.0,0
eurocup,3.8333333333333335,0
eurocup,0.06666666666666667,0
eurocup,0.0,0
eurocup,0.0,0
eurocup,0.0,0
eurocup,1.9666666666666668,3
eurocup,3.55,-2
eurocup,7.05,3
eurocup,22.55,14
eurocup,20.983333333333334,14
eurocup,22.083333333333332,3
eurocup,19.1,1
eurocup,26.316666666666666,15
eurocup,25.2,10
eurocup,12.866666666666667,14
eurocup,25.033333333333335,10
eurocup,33.93333333333333,12
eurocup,18.4,7
eurocup,19.516666666666666,2
eurocup,23.75,0
eurocup,18.333333333333332,8
eurocup,19.183333333333334,7
eurocup,16.116666666666667,5
eurocup,15.2,-4
eurocup,16.416666666666668,-1
eurocup,26.383333333333333,4
eurocup,27.9,13
eurocup,25.083333333333332,5
eurocup,21.4,8
eurocup,29.833333333333332,22
eurocup,32.21666666666667,8
eurocup,0.0,0
eurocup,24.616666666666667,6
eurocup,30.75,5
eurocup,24.45,2
eurocup,25.683333333333334,3
eurocup,21.766666666666666,6
eurocup,15.8,2
eurocup,15.566666666666666,0
eurocup,16.116666666666667,-2
eurocup,16.133333333333333,-6
eurocup,16.366666666666667,11
eurocup,2.8333333333333335,0
eurocup,13.933333333333334,17
eurocup,5.8,5
eurocup,18.8,1
eurocup,6.5,1
eurocup,13.216666666666667,-2
eurocup,5.383333333333334,2
eurocup,20.016666666666666,16
eurocup,16.4,4
eurocup,15.05,9
eurocup,14.433333333333334,3
eurocup,12.966666666666667,7
eurocup,20.966666666666665,4
eurocup,18.3,13
eurocup,19.916666666666668,-1
eurocup,23.416666666666668,10
eurocup,23.533333333333335,6
eurocup,22.666666666666668,16
eurocup,18.616666666666667,6
eurocup,24.533333333333335,13
eurocup,19.816666666666666,7
eurocup,11.466666666666667,9
eurocup,4.55,0
eurocup,14.066666666666666,15
eurocup,14.2,5
eurocup,4.45,-1
eurocup,14.216666666666667,5
eurocup,25.683333333333334,14
eurocup,19.583333333333332,6
eurocup,27.95,10
eurocup,16.766666666666666,18
eurocup,17.766666666666666,10
eurocup,18.066666666666666,8
eurocup,14.183333333333334,4
eurocup,6.933333333333334,-2
eurocup,8.516666666666667,0
eurocup,17.55,12
eurocup,22.383333333333333,29
eurocup,17.583333333333332,-2
eurocup,20.666666666666668,21
eurocup,24.3,14
eurocup,23.066666666666666,10
eurocup,27.0,9
eurocup,12.916666666666666,4
eurocup,21.883333333333333,6
eurocup,7.983333333333333,0
eurocup,11.683333333333334,3
eurocup,13.583333333333334,2
eurocup,6.15,0
eurocup,1.1166666666666667,-1
eurocup,2.5666666666666664,0
eurocup,10.516666666666667,-2
eurocup,0.0,0
eurocup,0.0,0
eurocup,0.0,0
eurocup,11.083333333333334,-1
eurocup,3.0833333333333335,2
eurocup,0.11666666666666667,-1
eurocup,0.0,0
eurocup,2.65,4
eurocup,0.0,0
eurocup,3.65,0
eurocup,4.866666666666667,-3
eurocup,0.0,0
eurocup,10.0,6
eurocup,31.383333333333333,12
eurocup,7.6,1
eurocup,20.983333333333334,7
eurocup,6.616666666666667,3
eurocup,14.3,3
eurocup,8.85,9
eurocup,2.1666666666666665,1
eurocup,0.0,0
eurocup,13.8,3
eurocup,1.7,0
eurocup,1.6333333333333333,0
eurocup,0.0,0
eurocup,0.0,0
eurocup,0.0,0
eurocup,1.9166666666666665,0
eurocup,9.25,-4
eurocup,0.0,0
eurocup,0.0,0
eurocup,0.0,0
eurocup,2.283333333333333,-2
eurocup,0.0,0
eurocup,0.0,0
eurocup,0.08333333333333333,0
eurocup,0.0,0
eurocup,0.0,0
eurocup,0.0,0
eurocup,0.0,0
eurocup,0.0,0
eurocup,0.0,0
eurocup,15.433333333333334,6
eurocup,21.9,25
eurocup,20.883333333333333,8
eurocup,12.366666666666667,17
eurocup,13.816666666666666,6
eurocup,15.35,6
eurocup,18.116666666666667,13
eurocup,15.05,0
eurocup,17.466666666666665,13
eurocup,16.65,14
eurocup,24.1,16
eurocup,10.966666666666667,7
eurocup,18.216666666666665,13
eurocup,35.5,25
eurocup,27.35,15
eurocup,29.066666666666666,22
eurocup,19.366666666666667,-8
eurocup,29.616666666666667,21
eurocup,26.783333333333335,5
eurocup,32.4,8
eurocup,25.766666666666666,14
eurocup,29.15,19
eurocup,25.683333333333334,11
eurocup,32.95,22
eurocup,36.5,22
eurocup,33.166666666666664,24
eurocup,17.25,14
eurocup,13.716666666666667,9
eurocup,16.95,7
eurocup,18.516666666666666,11
eurocup,14.266666666666667,3
eurocup,20.95,0
eurocup,23.133333333333333,14
eurocup,24.483333333333334,10
eurocup,12.766666666666667,4
eurocup,28.466666666666665,21
eurocup,21.033333333333335,17
eurocup,23.883333333333333,4
eurocup,9.716666666666667,7
eurocup,23.166666666666668,1
eurocup,21.316666666666666,6
eurocup,12.45,-1
eurocup,13.883333333333333,10
eurocup,17.716666666666665,7
eurocup,14.016666666666667,6
eurocup,23.183333333333334,3
eurocup,7.0,-2
eurocup,16.65,2
eurocup,16.7,4
eurocup,23.1,10
eurocup,14.133333333333333,11
eurocup,5.7,5
eurocup,12.516666666666667,4
eurocup,12.9,6
eurocup,14.233333333333333,5
eurocup,4.633333333333333,-3
eurocup,14.866666666666667,-2
eurocup,14.266666666666667,9
eurocup,9.35,9
eurocup,28.183333333333334,20
eurocup,18.483333333333334,9
eurocup,36.38333333333333,24
eurocup,37.55,26
eurocup,34.55,20
eurocup,29.583333333333332,17
eurocup,31.466666666666665,10
eurocup,31.45,25
eurocup,19.25,12
eurocup,28.716666666666665,14
eurocup,27.416666666666668,14
eurocup,18.85,10
eurocup,17.533333333333335,5
eurocup,9.016666666666667,4
eurocup,17.9,12
eurocup,15.316666666666666,15
eurocup,16.016666666666666,3
eurocup,26.466666666666665,17
eurocup,14.233333333333333,3
eurocup,17.833333333333332,8
eurocup,19.666666666666668,0
eurocup,17.483333333333334,8
eurocup,11.883333333333333,2
eurocup,0.0,0
eurocup,0.0,0
eurocup,1.4833333333333334,0
eurocup,26.483333333333334,10
eurocup,18.066666666666666,5
eurocup,26.216666666666665,8
eurocup,27.383333333333333,7
eurocup,20.066666666666666,5
eurocup,31.133333333333333,14
eurocup,12.766666666666667,1
eurocup,27.233333333333334,16
eurocup,30.7,5
eurocup,18.533333333333335,8
eurocup,20.716666666666665,8
eurocup,33.06666666666667,20
eurocup,39.96666666666667,12
eurocup,18.433333333333334,9
eurocup,28.666666666666668,22
eurocup,9.85,1
eurocup,27.433333333333334,25
eurocup,15.2,-4
eurocup,29.316666666666666,17
eurocup,21.816666666666666,2
eurocup,22.25,20
eurocup,13.35,-1
eurocup,22.933333333333334,7
eurocup,20.65,5
eurocup,6.216666666666667,0
eurocup,18.483333333333334,-1
eurocup,12.766666666666667,3
eurocup,9.316666666666666,3
eurocup,14.516666666666667,1
eurocup,15.6,8
eurocup,16.283333333333335,5
eurocup,17.0,11
eurocup,22.566666666666666,15
eurocup,12.55,1
eurocup,14.366666666666667,5
eurocup,2.8333333333333335,-1
eurocup,13.266666666666667,3
eurocup,12.55,6
eurocup,18.733333333333334,8
eurocup,14.033333333333333,-3
eurocup,0.0,0
eurocup,2.0166666666666666,-2
eurocup,10.033333333333333,9
eurocup,21.266666666666666,15
eurocup,20.433333333333334,7
eurocup,21.8,10
eurocup,16.5,-2
eurocup,23.4,14
eurocup,22.916666666666668,14
eurocup,24.066666666666666,6
eurocup,17.633333333333333,2
eurocup,18.533333333333335,17
eurocup,20.7,4
eurocup,25.2,27
eurocup,19.183333333333334,13
eurocup,14.633333333333333,7
eurocup,0.0,0
eurocup,11.7,4
eurocup,10.65,8
eurocup,9.35,0
eurocup,0.0,0
eurocup,26.683333333333334,22
eurocup,19.316666666666666,4
eurocup,11.366666666666667,2
eurocup,18.133333333333333,-4
eurocup,16.15,-2
eurocup,8.433333333333334,2
eurocup,0.8666666666666667,0
eurocup,17.85,3
eurocup,27.666666666666668,20
eurocup,24.933333333333334,7
eurocup,16.233333333333334,0
eurocup,22.216666666666665,16
eurocup,20.533333333333335,9
eurocup,25.366666666666667,17
eurocup,24.416666666666668,4
eurocup,25.3,1
eurocup,21.483333333333334,11
eurocup,27.283333333333335,18
eurocup,29.633333333333333,16
eurocup,26.25,13
eurocup,33.766666666666666,26
eurocup,26.083333333333332,0
eurocup,21.816666666666666,0
eurocup,21.9,3
eurocup,27.7,16
eurocup,28.783333333333335,29
eurocup,29.166666666666668,17
eurocup,21.933333333333334,6
eurocup,15.7,12
eurocup,16.05,12
eurocup,16.7,7
eurocup,7.116666666666666,9
eurocup,24.066666666666666,8
eurocup,10.4,11
eurocup,16.05,11
eurocup,12.783333333333333,12
eurocup,11.25,-3
eurocup,12.466666666666667,8
eurocup,14.35,2
eurocup,16.283333333333335,8
eurocup,6.466666666666667,-1
eurocup,14.533333333333333,9
eurocup,6.45,-2
eurocup,9.783333333333333,7
eurocup,16.583333333333332,8
eurocup,8.633333333333333,-3
eurocup,24.8,7
eurocup,24.45,7
eurocup,16.433333333333334,5
eurocup,19.316666666666666,-1
eurocup,21.416666666666668,11
eurocup,8.916666666666666,6
eurocup,9.366666666666667,-2
eurocup,12.95,2
eurocup,21.65,9
eurocup,12.216666666666667,-2
eurocup,15.333333333333334,2
eurocup,16.5,13
eurocup,22.183333333333334,18
eurocup,29.25,18
eurocup,26.75,18
eurocup,27.05,26
eurocup,24.983333333333334,7
eurocup,24.0,26
eurocup,17.583333333333332,8
eurocup,23.033333333333335,3
eurocup,26.016666666666666,3
eurocup,31.933333333333334,25
eurocup,21.133333333333333,11
eurocup,21.316666666666666,10
eurocup,1.45,-1
eurocup,1.3333333333333333,1
eurocup,19.183333333333334,9
eurocup,14.3,4
eurocup,15.4,6
eurocup,10.2,-4
eurocup,12.8,12
eurocup,4.433333333333334,-2
eurocup,28.533333333333335,14
eurocup,17.766666666666666,1
eurocup,24.75,18
eurocup,31.516666666666666,27
eurocup,24.566666666666666,11
eurocup,21.083333333333332,7
eurocup,25.666666666666668,8
eurocup,26.616666666666667,16
eurocup,33.416666666666664,19
eurocup,24.933333333333334,12
eurocup,30.95,15
eurocup,16.183333333333334,-3
eurocup,13.716666666666667,8
eurocup,15.816666666666666,11
eurocup,18.016666666666666,2
eurocup,21.916666666666668,15
eurocup,15.466666666666667,0
eurocup,6.65,3
eurocup,25.633333333333333,23
eurocup,22.783333333333335,2
eurocup,0.0,0
eurocup,26.35,6
eurocup,22.883333333333333,-1
eurocup,36.7,20
eurocup,21.933333333333334,12
eurocup,29.933333333333334,12
eurocup,26.25,16
eurocup,32.03333333333333,22
eurocup,30.25,14
eurocup,27.166666666666668,16
eurocup,26.433333333333334,8
eurocup,23.9,5
eurocup,19.633333333333333,-2
eurocup,7.0,2
eurocup,20.766666666666666,10
eurocup,35.31666666666667,31
eurocup,16.816666666666666,8
eurocup,30.3,10
eurocup,32.416666666666664,22
eurocup,19.05,14
eurocup,27.616666666666667,19
eurocup,19.2,4
eurocup,25.366666666666667,22
eurocup,18.433333333333334,7
eurocup,17.433333333333334,5
eurocup,29.2,20
eurocup,19.716666666666665,12
eurocup,25.6,9
eurocup,1.4166666666666667,-1
eurocup,6.216666666666667,0
eurocup,27.416666666666668,17
eurocup,22.966666666666665,14
eurocup,27.383333333333333,27
eurocup,7.333333333333333,-1
eurocup,22.8,10
eurocup,28.933333333333334,25
eurocup,26.816666666666666,13
eurocup,23.916666666666668,3
eurocup,28.116666666666667,12
eurocup,28.966666666666665,10
eurocup,0.0,0
eurocup,24.033333333333335,3
eurocup,26.75,29
eurocup,33.03333333333333,28
eurocup,25.566666666666666,20
eurocup,22.783333333333335,10
eurocup,29.2,10
eurocup,29.033333333333335,30
eurocup,13.483333333333333,-3
eurocup,18.1,12
eurocup,42.3,44
eurocup,28.483333333333334,28
eurocup,27.05,8
eurocup,23.3,12
eurocup,6.266666666666667,0
eurocup,25.816666666666666,13
eurocup,32.95,24
eurocup,18.033333333333335,7
eurocup,0.0,0
eurocup,10.933333333333334,3
eurocup,0.0,0
eurocup,0.0,0
eurocup,0.0,0
eurocup,0.0,0
eurocup,13.366666666666667,-1
eurocup,16.233333333333334,6
eurocup,14.883333333333333,-1
eurocup,27.8,2
eurocup,9.816666666666666,1
eurocup,14.75,1
eurocup,7.283333333333333,-4
eurocup,11.016666666666667,1
eurocup,10.95,2
eurocup,13.816666666666666,1
eurocup,13.116666666666667,4
eurocup,8.25,-2
eurocup,16.433333333333334,6
eurocup,13.7,7
eurocup,14.966666666666667,3
eurocup,11.733333333333333,2
eurocup,15.35,5
eurocup,18.333333333333332,5
eurocup,8.5,-1
eurocup,15.75,5
eurocup,10.633333333333333,-5
eurocup,21.866666666666667,17
eurocup,20.716666666666665,-3
eurocup,0.0,0
eurocup,0.45,0
eurocup,21.3,5
eurocup,19.083333333333332,14
eurocup,24.983333333333334,5
eurocup,23.9,14
eurocup,21.816666666666666,9
eurocup,17.05,5
eurocup,15.616666666666667,3
eurocup,26.116666666666667,4
eurocup,13.15,5
eurocup,13.066666666666666,9
eurocup,27.466666666666665,20
eurocup,18.3,1
eurocup,24.65,17
eurocup,17.5,4
eurocup,26.85,14
eurocup,17.566666666666666,12
eurocup,19.65,8
eurocup,10.883333333333333,-3
eurocup,8.75,-2
eurocup,25.75,5
eurocup,19.066666666666666,2
eurocup,22.95,17
eurocup,1.5833333333333335,0
eurocup,9.4,3
eurocup,15.35,8
eurocup,12.3,3
eurocup,19.966666666666665,23
eurocup,25.816666666666666,13
eurocup,32.56666666666667,6
eurocup,27.0,18
eurocup,27.283333333333335,23
eurocup,30.516666666666666,12
eurocup,20.3,9
eurocup,37.833333333333336,18
eurocup,25.85,8
eurocup,25.333333333333332,20
eurocup,22.0,11
eurocup,36.13333333333333,31
eurocup,32.93333333333333,28
eurocup,32.85,27
eurocup,19.25,3
eurocup,11.85,5
eurocup,8.816666666666666,0
eurocup,6.5,2
eurocup,11.783333333333333,0
eurocup,12.966666666666667,1
eurocup,8.6,7
eurocup,9.9,-2
eurocup,16.616666666666667,16
eurocup,14.666666666666666,2
eurocup,9.166666666666666,-3
eurocup,26.866666666666667,3
eurocup,9.583333333333334,0
eurocup,26.016666666666666,20
eurocup,22.6,7
eurocup,15.333333333333334,2
eurocup,13.616666666666667,-5
eurocup,24.633333333333333,0
eurocup,23.716666666666665,2
eurocup,21.116666666666667,29
eurocup,25.016666666666666,5
eurocup,35.25,12
eurocup,17.55,6
eurocup,29.483333333333334,25
eurocup,24.1,23
eurocup,0.0,0
eurocup,0.0,0
eurocup,10.083333333333334,-2
eurocup,10.633333333333333,6
eurocup,16.233333333333334,3
eurocup,24.716666666666665,10
eurocup,18.433333333333334,4
eurocup,23.3,3
eurocup,0.0,0
eurocup,0.0,0
eurocup,21.35,23
eurocup,17.866666666666667,7
eurocup,28.983333333333334,5
eurocup,18.75,6
eurocup,24.9,4
eurocup,17.766666666666666,1
eurocup,24.35,9
eurocup,18.533333333333335,5
eurocup,0.0,0
eurocup,23.85,9
eurocup,21.216666666666665,0
eurocup,25.483333333333334,-1
eurocup,21.55,8
eurocup,1.15,0
eurocup,0.0,0
eurocup,0.0,0
eurocup,8.516666666666667,-1
eurocup,0.8333333333333334,0
eurocup,7.083333333333333,0
eurocup,0.0,0
eurocup,0.0,0
eurocup,0.0,0
eurocup,1.7,0
eurocup,0.0,0
eurocup,0.0,0
eurocup,0.0,0
eurocup,16.366666666666667,10
eurocup,31.966666666666665,18
eurocup,29.35,-4
eurocup,2.7333333333333334,0
eurocup,0.0,0
eurocup,25.766666666666666,27
eurocup,32.25,8
eurocup,29.483333333333334,18
eurocup,27.9,23
eurocup,36.03333333333333,18
eurocup,28.4,9
eurocup,27.683333333333334,3
eurocup,4.633333333333333,1
eurocup,0.0,0
eurocup,6.333333333333333,6
eurocup,5.983333333333333,-1
eurocup,0.0,0
eurocup,1.7,0
eurocup,0.0,0
eurocup,0.0,0
eurocup,0.0,0
eurocup,15.016666666666667,5
eurocup,26.283333333333335,8
eurocup,23.55,10
eurocup,21.933333333333334,5
eurocup,19.583333333333332,1
eurocup,23.55,12
eurocup,3.9833333333333334,1
eurocup,21.416666666666668,5
eurocup,20.116666666666667,5
eurocup,27.183333333333334,12
eurocup,27.616666666666667,31
eurocup,26.566666666666666,13
eurocup,28.733333333333334,20
eurocup,26.65,16
eurocup,28.583333333333332,17
eurocup,28.216666666666665,18
eurocup,24.616666666666667,9
eurocup,28.083333333333332,15
eurocup,21.95,2
eurocup,23.383333333333333,6
eurocup,26.683333333333334,35
eurocup,29.633333333333333,32
eurocup,21.233333333333334,19
eurocup,17.983333333333334,-4
eurocup,16.666666666666668,2
eurocup,13.783333333333333,4
eurocup,16.1,-2
eurocup,31.85,16
eurocup,25.666666666666668,6
eurocup,20.483333333333334,6
eurocup,12.116666666666667,2
eurocup,22.75,11
eurocup,23.416666666666668,10
eurocup,9.483333333333333,-2
eurocup,20.133333333333333,-2
eurocup,16.0,-2
eurocup,32.666666666666664,21
eurocup,33.68333333333333,15
eurocup,28.1,3
eurocup,24.783333333333335,9
eurocup,32.083333333333336,7
eurocup,28.366666666666667,18
eurocup,24.6,9
eurocup,16.816666666666666,2
eurocup,11.8,-3
eurocup,18.383333333333333,6
eurocup,1.9666666666666668,-1
eurocup,3.1333333333333333,0
eurocup,10.883333333333333,9
eurocup,0.0,0
eurocup,22.466666666666665,5
eurocup,30.983333333333334,31
eurocup,32.46666666666667,21
eurocup,25.983333333333334,18
eurocup,16.483333333333334,13
eurocup,7.683333333333334,7
eurocup,17.833333333333332,10
eurocup,26.516666666666666,9
eurocup,18.133333333333333,11
eurocup,28.116666666666667,24
eurocup,0.0,0
eurocup,11.55,1
eurocup,9.1,3
eurocup,6.533333333333333,0
eurocup,5.45,-1
eurocup,0.0,0
eurocup,24.5,14
eurocup,19.083333333333332,8
eurocup,6.133333333333334,-3
eurocup,15.55,4
eurocup,13.633333333333333,0
eurocup,18.683333333333334,19
eurocup,26.933333333333334,15
eurocup,24.633333333333333,3
eurocup,27.683333333333334,7
eurocup,28.066666666666666,3
eurocup,31.166666666666668,21
eurocup,30.483333333333334,15
eurocup,13.416666666666666,-1
eurocup,24.066666666666666,-2
eurocup,32.45,10
eurocup,21.3,5
eurocup,23.466666666666665,14
eurocup,4.35,0
eurocup,0.0,0
eurocup,2.0,0
eurocup,2.0833333333333335,-2
eurocup,0.0,0
eurocup,4.866666666666667,-1
eurocup,0.0,0
eurocup,13.75,7
eurocup,0.0,0
eurocup,5.266666666666667,-4
eurocup,2.5166666666666666,0
eurocup,30.716666666666665,9
eurocup,31.583333333333332,12
eurocup,30.283333333333335,15
eurocup,29.383333333333333,6
eurocup,35.016666666666666,15
eurocup,27.516666666666666,20
eurocup,26.35,11
eurocup,34.35,9
eurocup,26.483333333333334,6
eurocup,27.783333333333335,9
eurocup,41.8,11
eurocup,35.35,15
eurocup,32.06666666666667,10
eurocup,3.5,1
eurocup,0.0,0
eurocup,11.016666666666667,4
eurocup,10.9,0
eurocup,6.8,-1
eurocup,0.0,0
eurocup,5.9,-2
eurocup,5.05,4
eurocup,8.583333333333334,-2
eurocup,13.6,1
eurocup,9.733333333333333,4
eurocup,0.18333333333333332,0
eurocup,4.933333333333334,-2
eurocup,0.0,0
eurocup,0.0,0
eurocup,3.6333333333333333,-1
eurocup,6.566666666666666,0
eurocup,0.0,0
eurocup,3.3333333333333335,-1
eurocup,0.0,0
eurocup,0.0,0
eurocup,3.3,-1
eurocup,0.0,0
eurocup,0.0,0
eurocup,0.0,0
eurocup,0.0,0
eurocup,0.0,0
eurocup,0.0,0
eurocup,11.766666666666667,-7
eurocup,16.183333333333334,4
eurocup,0.0,0
eurocup,15.883333333333333,4
eurocup,6.866666666666667,1
eurocup,24.75,3
eurocup,2.1666666666666665,-1
eurocup,8.816666666666666,-2
eurocup,17.633333333333333,12
eurocup,20.45,1
eurocup,14.3,5
eurocup,9.083333333333334,1
eurocup,25.466666666666665,13
eurocup,17.833333333333332,7
eurocup,26.766666666666666,26
eurocup,17.483333333333334,7
eurocup,16.283333333333335,5
eurocup,15.716666666666667,15
eurocup,29.1,19
eurocup,31.333333333333332,17
eurocup,21.466666666666665,9
eurocup,24.783333333333335,3
eurocup,31.833333333333332,23
eurocup,23.9,12
eurocup,29.416666666666668,0
eurocup,25.416666666666668,6
eurocup,14.833333333333334,5
eurocup,18.816666666666666,12
eurocup,18.25,-3
eurocup,21.133333333333333,18
eurocup,23.266666666666666,9
eurocup,12.983333333333333,-2
eurocup,30.266666666666666,6
eurocup,28.033333333333335,8
eurocup,25.733333333333334,21
eurocup,29.65,15
eurocup,23.766666666666666,6
eurocup,18.383333333333333,-1
eurocup,19.466666666666665,5
eurocup,16.75,1
eurocup,19.283333333333335,13
eurocup,27.833333333333332,5
eurocup,24.8,7
eurocup,32.416666666666664,22
eurocup,20.016666666666666,19
eurocup,25.75,18
eurocup,29.016666666666666,28
eurocup,29.583333333333332,24
eurocup,24.1,9
eurocup,33.733333333333334,15
eurocup,23.066666666666666,5
eurocup,35.36666666666667,32
eurocup,33.1,19
eurocup,29.283333333333335,27
eurocup,19.166666666666668,6
eurocup,35.13333333333333,26
eurocup,23.916666666666668,10
eurocup,22.133333333333333,8
eurocup,21.05,2
eurocup,23.866666666666667,23
eurocup,26.166666666666668,6
eurocup,27.1,8
eurocup,17.983333333333334,-4
eurocup,0.0,0
eurocup,0.0,0
eurocup,0.0,0
eurocup,0.0,0
eurocup,0.0,0
eurocup,4.983333333333333,-3
eurocup,0.0,0
eurocup,19.466666666666665,7
eurocup,16.616666666666667,9
eurocup,21.133333333333333,5
eurocup,34.13333333333333,3
eurocup,26.45,0
eurocup,28.0,16
eurocup,8.75,-2
eurocup,12.466666666666667,-5
eurocup,17.3,8
eurocup,3.1,-1
eurocup,29.183333333333334,7
eurocup,20.716666666666665,6
eurocup,26.45,4
eurocup,21.6,3
eurocup,9.6,1
eurocup,13.683333333333334,4
eurocup,11.2,3
eurocup,4.416666666666667,-3
eurocup,6.316666666666666,1
eurocup,16.466666666666665,11
eurocup,0.0,0
eurocup,8.016666666666667,4
eurocup,7.216666666666667,7
eurocup,8.983333333333333,6
eurocup,20.233333333333334,6
eurocup,12.783333333333333,-3
eurocup,5.633333333333333,-1
eurocup,11.466666666666667,17
eurocup,22.25,6
eurocup,16.35,8
eurocup,16.1,2
eurocup,7.95,0
eurocup,30.266666666666666,14
eurocup,0.0,0
eurocup,0.0,0
eurocup,0.0,0
eurocup,0.0,0
eurocup,8.033333333333333,1
eurocup,10.25,-1
eurocup,15.25,6
eurocup,18.85,19
eurocup,21.283333333333335,5
eurocup,30.066666666666666,20
eurocup,31.8,26
eurocup,20.6,1
eurocup,22.983333333333334,14
eurocup,34.1,27
eurocup,25.933333333333334,-4
eurocup,0.0,0
eurocup,20.0,9
eurocup,19.016666666666666,0
eurocup,3.8166666666666664,2
eurocup,17.966666666666665,5
eurocup,1.1333333333333333,4
eurocup,0.0,0
eurocup,18.683333333333334,-4
eurocup,0.0,0
eurocup,14.05,2
eurocup,24.3,26
eurocup,28.566666666666666,21
eurocup,26.333333333333332,14
eurocup,24.983333333333334,10
eurocup,21.516666666666666,11
eurocup,29.9,22
eurocup,17.766666666666666,2
eurocup,25.0,1
eurocup,27.966666666666665,20
eurocup,33.81666666666667,8
eurocup,17.233333333333334,17
eurocup,23.266666666666666,7
eurocup,26.066666666666666,22
eurocup,14.0,4
eurocup,21.583333333333332,13
eurocup,24.783333333333335,17
eurocup,27.5,8
eurocup,0.0,0
eurocup,18.95,-2
eurocup,15.9,7
eurocup,5.983333333333333,-2
eurocup,11.016666666666667,3
eurocup,13.833333333333334,6
eurocup,0.0,0
eurocup,0.0,0
eurocup,21.7,5
eurocup,0.0,0
eurocup,0.3,-1
eurocup,0.0,0
eurocup,0.0,0
eurocup,0.0,0
eurocup,0.0,0
eurocup,12.666666666666666,5
eurocup,2.9166666666666665,-1
eurocup,2.783333333333333,2
eurocup,17.866666666666667,12
eurocup,20.966666666666665,7
eurocup,13.85,-3
eurocup,10.716666666666667,5
eurocup,1.7166666666666668,1
eurocup,17.816666666666666,13
eurocup,14.7,14
eurocup,5.833333333333333,-1
eurocup,7.85,0
eurocup,0.0,0
eurocup,20.983333333333334,11
eurocup,17.716666666666665,9
eurocup,21.15,4
eurocup,23.216666666666665,23
eurocup,25.6,15
eurocup,24.783333333333335,9
eurocup,34.9,27
eurocup,20.666666666666668,-3
eurocup,28.766666666666666,11
eurocup,29.933333333333334,13
eurocup,30.15,2
eurocup,6.95,-1
eurocup,12.783333333333333,11
eurocup,6.183333333333334,1
eurocup,0.0,0
eurocup,4.95,-3
eurocup,17.283333333333335,11
eurocup,13.133333333333333,8
eurocup,16.483333333333334,0
eurocup,9.433333333333334,3
eurocup,25.233333333333334,1
eurocup,5.133333333333334,-2
eurocup,16.683333333333334,5
eurocup,3.6333333333333333,0
eurocup,19.3,0
eurocup,14.1,-2
eurocup,15.65,2
eurocup,13.533333333333333,8
eurocup,17.9,9
eurocup,12.533333333333333,7
eurocup,9.816666666666666,-2
eurocup,11.3,-1
eurocup,18.333333333333332,9
eurocup,8.733333333333333,0
eurocup,8.466666666666667,3
eurocup,17.833333333333332,7
eurocup,17.016666666666666,8
eurocup,6.983333333333333,3
eurocup,6.716666666666667,2
eurocup,6.75,-2
eurocup,8.15,6
eurocup,18.816666666666666,8
eurocup,13.566666666666666,3
eurocup,21.3,9
eurocup,12.183333333333334,5
eurocup,13.883333333333333,7
eurocup,32.516666666666666,23
eurocup,27.933333333333334,12
eurocup,18.133333333333333,6
eurocup,22.733333333333334,-1
eurocup,13.25,7
eurocup,10.85,-2
eurocup,26.15,21
eurocup,21.533333333333335,12
eurocup,19.583333333333332,12
eurocup,0.0,0
eurocup,16.016666666666666,8
eurocup,0.0,0
eurocup,15.3,2
eurocup,7.816666666666666,2
eurocup,0.5,0
eurocup,5.733333333333333,-3
eurocup,9.083333333333334,5
eurocup,11.733333333333333,-4
eurocup,0.0,0
eurocup,5.4,-2
eurocup,9.516666666666667,4
eurocup,1.9,-1
eurocup,9.083333333333334,0
eurocup,11.133333333333333,1
eurocup,10.85,4
eurocup,22.033333333333335,5
eurocup,13.3,1
eurocup,8.05,3
eurocup,16.45,1
eurocup,12.633333333333333,7
eurocup,17.4,3
eurocup,26.85,12
eurocup,23.1,3
eurocup,21.866666666666667,18
eurocup,11.333333333333334,-2
eurocup,0.0,0
eurocup,14.45,4
eurocup,5.566666666666666,1
eurocup,16.9,4
eurocup,12.95,2
eurocup,13.05,-2
eurocup,13.766666666666667,3
eurocup,0.0,0
eurocup,1.8166666666666667,0
eurocup,0.0,0
eurocup,32.46666666666667,4
eurocup,27.0,8
eurocup,27.7,7
eurocup,22.866666666666667,4
eurocup,30.183333333333334,16
eurocup,21.566666666666666,2
eurocup,30.45,17
eurocup,30.566666666666666,19
eurocup,25.133333333333333,2
eurocup,27.633333333333333,8
eurocup,32.36666666666667,24
eurocup,30.816666666666666,9
eurocup,31.633333333333333,27
eurocup,26.75,6
eurocup,14.366666666666667,-3
eurocup,27.5,12
eurocup,25.65,12
eurocup,12.45,-1
eurocup,25.483333333333334,6
eurocup,26.9,4
eurocup,16.916666666666668,0
eurocup,18.916666666666668,12
eurocup,25.633333333333333,5
eurocup,14.566666666666666,8
eurocup,18.716666666666665,3
eurocup,26.1,0
eurocup,21.816666666666666,2
eurocup,25.483333333333334,14
eurocup,21.833333333333332,15
eurocup,27.233333333333334,24
eurocup,23.133333333333333,19
eurocup,16.566666666666666,11
eurocup,10.483333333333333,-1
eurocup,17.316666666666666,12
eurocup,32.05,20
eurocup,29.9,14
eurocup,16.316666666666666,4
eurocup,23.15,1
eurocup,24.5,8
eurocup,32.95,14
eurocup,25.066666666666666,13
eurocup,20.7,8
eurocup,21.683333333333334,11
eurocup,19.75,3
eurocup,26.266666666666666,23
eurocup,26.083333333333332,12
eurocup,13.016666666666667,6
eurocup,12.916666666666666,8
eurocup,14.633333333333333,8
eurocup,17.7,6
eurocup,21.683333333333334,14
eurocup,20.516666666666666,10
eurocup,20.333333333333332,1
eurocup,20.416666666666668,15
eurocup,23.133333333333333,27
eurocup,20.333333333333332,7
eurocup,10.7,3
eurocup,39.86666666666667,21
eurocup,28.883333333333333,21
eurocup,23.966666666666665,22
eurocup,24.266666666666666,26
eurocup,25.45,14
eurocup,26.683333333333334,8
eurocup,24.65,14
eurocup,27.7,24
eurocup,20.033333333333335,7
eurocup,30.966666666666665,0
eurocup,23.1,21
eurocup,4.083333333333333,0
eurocup,8.766666666666667,-2
eurocup,6.233333333333333,-6
eurocup,27.083333333333332,6
eurocup,34.916666666666664,11
eurocup,31.366666666666667,29
eurocup,37.0,21
eurocup,29.983333333333334,11
eurocup,32.85,21
eurocup,22.55,29
eurocup,26.783333333333335,21
eurocup,0.0,0
eurocup,27.616666666666667,16
eurocup,27.05,11
eurocup,27.316666666666666,19
eurocup,25.916666666666668,9
eurocup,0.0,0
eurocup,13.55,6
eurocup,12.0,-4
eurocup,31.25,10
eurocup,32.53333333333333,10
eurocup,25.95,8
eurocup,35.96666666666667,-1
eurocup,30.133333333333333,16
eurocup,18.35,14
eurocup,37.53333333333333,37
eurocup,27.683333333333334,22
eurocup,35.333333333333336,16
eurocup,29.016666666666666,0
eurocup,0.0,0
eurocup,33.38333333333333,29
eurocup,33.166666666666664,36
eurocup,27.216666666666665,11
eurocup,9.133333333333333,-4
eurocup,25.7,23
eurocup,12.733333333333333,1
eurocup,24.233333333333334,11
eurocup,16.95,2
eurocup,21.8,5
eurocup,31.166666666666668,16
eurocup,29.066666666666666,18
eurocup,20.383333333333333,-3
eurocup,28.516666666666666,6
eurocup,30.266666666666666,24
eurocup,25.35,19
eurocup,31.116666666666667,13
eurocup,14.633333333333333,8
eurocup,21.566666666666666,16
eurocup,22.766666666666666,15
eurocup,14.516666666666667,-2
eurocup,24.05,17
eurocup,18.066666666666666,0
eurocup,7.9,2
eurocup,9.05,-3
eurocup,6.85,1
eurocup,6.85,0
eurocup,16.983333333333334,8
eurocup,14.616666666666667,-1
eurocup,12.416666666666666,-1
eurocup,25.183333333333334,11
eurocup,3.0166666666666666,2
eurocup,8.616666666666667,2
eurocup,4.116666666666666,6
eurocup,0.0,0
eurocup,5.133333333333334,1
eurocup,5.816666666666666,3
eurocup,1.55,-2
eurocup,0.0,0
eurocup,5.15,0
eurocup,0.0,0
eurocup,5.066666666666666,-5
eurocup,4.7,2
eurocup,8.3,0
eurocup,4.616666666666667,-1
eurocup,0.0,0
eurocup,7.666666666666667,0
eurocup,0.0,0
eurocup,2.3166666666666664,-1
eurocup,11.866666666666667,6
eurocup,13.75,4
eurocup,13.95,10
eurocup,19.433333333333334,8
eurocup,5.666666666666667,5
eurocup,3.283333333333333,2
eurocup,7.7,2
eurocup,0.0,0
eurocup,17.116666666666667,21
eurocup,24.716666666666665,20
eurocup,19.066666666666666,10
eurocup,13.166666666666666,0
eurocup,26.8,29
eurocup,14.583333333333334,7
eurocup,14.95,-2
eurocup,20.25,5
eurocup,18.333333333333332,9
eurocup,18.166666666666668,9
eurocup,5.833333333333333,1
eurocup,17.116666666666667,1
eurocup,21.383333333333333,20
eurocup,12.166666666666666,0
eurocup,16.533333333333335,10
eurocup,11.566666666666666,10
eurocup,11.183333333333334,-3
eurocup,4.383333333333334,3
euroleague,7.666666666666667,-3
euroleague,5.5,0
euroleague,26.216666666666665,15
euroleague,24.183333333333334,19
euroleague,18.216666666666665,1
euroleague,11.1,-3
euroleague,0.0,0
euroleague,0.0,0
euroleague,20.366666666666667,12
euroleague,11.016666666666667,-4
euroleague,17.083333333333332,-1
euroleague,20.95,7
euroleague,19.483333333333334,15
euroleague,25.166666666666668,17
euroleague,18.933333333333334,3
euroleague,16.066666666666666,0
euroleague,0.0,0
euroleague,0.0,0
euroleague,0.0,0
euroleague,0.9166666666666666,0
euroleague,0.0,0
euroleague,12.5,0
euroleague,0.0,0
euroleague,0.0,0
euroleague,0.0,0
euroleague,1.4333333333333333,0
euroleague,3.75,2
euroleague,5.566666666666666,0
euroleague,14.116666666666667,4
euroleague,24.65,-5
euroleague,26.5,19
euroleague,23.666666666666668,11
euroleague,16.916666666666668,9
euroleague,12.916666666666666,5
euroleague,11.883333333333333,1
euroleague,27.416666666666668,17
euroleague,15.75,0
euroleague,22.233333333333334,18
euroleague,15.733333333333333,8
euroleague,9.383333333333333,-2
euroleague,5.983333333333333,2
euroleague,3.5833333333333335,-1
euroleague,32.766666666666666,19
euroleague,16.433333333333334,18
euroleague,14.25,-1
euroleague,10.733333333333333,4
euroleague,13.533333333333333,3
euroleague,13.45,0
euroleague,4.966666666666667,-2
euroleague,3.5666666666666664,-1
euroleague,13.816666666666666,-2
euroleague,30.333333333333332,6
euroleague,24.6,0
euroleague,35.95,28
euroleague,19.216666666666665,11
euroleague,23.633333333333333,16
euroleague,30.35,20
euroleague,26.716666666666665,9
euroleague,35.43333333333333,10
euroleague,31.733333333333334,1
euroleague,32.3,15
euroleague,30.716666666666665,1
euroleague,13.733333333333333,7
euroleague,18.3,6
euroleague,13.816666666666666,5
euroleague,21.7,5
euroleague,18.033333333333335,-1
euroleague,18.883333333333333,3
euroleague,19.783333333333335,14
euroleague,27.55,14
euroleague,8.583333333333334,1
euroleague,0.0,0
euroleague,15.45,6
euroleague,7.466666666666667,7
euroleague,0.13333333333333333,0
euroleague,16.15,1
euroleague,11.75,11
euroleague,21.15,5
euroleague,7.5,1
euroleague,10.283333333333333,-3
euroleague,11.383333333333333,4
euroleague,6.033333333333333,7
euroleague,8.2,2
euroleague,15.433333333333334,13
euroleague,8.316666666666666,-2
euroleague,16.116666666666667,4
euroleague,3.7,-1
euroleague,10.366666666666667,7
euroleague,27.566666666666666,14
euroleague,20.316666666666666,14
euroleague,17.7,16
euroleague,18.433333333333334,10
euroleague,20.816666666666666,7
euroleague,21.266666666666666,10
euroleague,16.483333333333334,6
euroleague,25.566666666666666,9
euroleague,13.066666666666666,7
euroleague,26.2,11
euroleague,14.983333333333333,4
euroleague,18.833333333333332,2
euroleague,22.916666666666668,6
euroleague,18.916666666666668,6
euroleague,0.0,0
euroleague,12.616666666666667,-3
euroleague,7.616666666666667,0
euroleague,11.083333333333334,4
euroleague,0.0,0
euroleague,14.233333333333333,3
euroleague,7.016666666666667,-2
euroleague,4.616666666666667,3
euroleague,11.1,0
euroleague,6.216666666666667,3
euroleague,24.266666666666666,9
euroleague,21.583333333333332,12
euroleague,30.15,12
euroleague,21.266666666666666,10
euroleague,17.166666666666668,6
euroleague,5.983333333333333,1
euroleague,8.233333333333333,-2
euroleague,17.216666666666665,3
euroleague,14.666666666666666,11
euroleague,10.566666666666666,-5
euroleague,2.4333333333333336,1
euroleague,13.816666666666666,-3
euroleague,0.0,0
euroleague,0.0,0
euroleague,0.4666666666666667,0
euroleague,0.1,-1
euroleague,4.183333333333334,0
euroleague,2.9166666666666665,2
euroleague,6.183333333333334,0
euroleague,0.0,0
euroleague,0.0,0
euroleague,0.0,0
euroleague,0.0,0
euroleague,0.0,0
euroleague,0.0,0
euroleague,0.0,0
euroleague,0.0,0
euroleague,0.0,0
euroleague,0.0,0
euroleague,0.0,0
euroleague,4.383333333333334,2
euroleague,10.266666666666667,3
euroleague,18.35,6
euroleague,6.466666666666667,-3
euroleague,7.183333333333334,-6
euroleague,0.0,0
euroleague,3.1,0
euroleague,0.0,0
euroleague,0.0,0
euroleague,4.016666666666667,1
euroleague,4.783333333333333,4
euroleague,4.733333333333333,-2
euroleague,0.0,0
euroleague,0.0,0
euroleague,4.466666666666667,5
euroleague,0.8,0
euroleague,0.0,0
euroleague,0.0,0
euroleague,4.633333333333333,5
euroleague,18.55,12
euroleague,26.0,17
euroleague,16.166666666666668,6
euroleague,24.983333333333334,18
euroleague,22.033333333333335,13
euroleague,20.666666666666668,11
euroleague,3.4833333333333334,0
euroleague,27.6,26
euroleague,27.85,11
euroleague,25.516666666666666,8
euroleague,26.05,31
euroleague,20.483333333333334,27
euroleague,18.4,12
euroleague,24.833333333333332,4
euroleague,24.333333333333332,9
euroleague,29.033333333333335,21
euroleague,26.1,13
euroleague,19.366666666666667,7
euroleague,33.333333333333336,30
euroleague,28.433333333333334,7
euroleague,27.566666666666666,19
euroleague,27.833333333333332,15
euroleague,23.866666666666667,15
euroleague,10.683333333333334,0
euroleague,21.566666666666666,-1
euroleague,30.5,4
euroleague,18.416666666666668,3
euroleague,12.15,1
euroleague,0.1,0
euroleague,0.0,0
euroleague,11.466666666666667,3
euroleague,3.8666666666666667,-1
euroleague,9.666666666666666,-1
euroleague,2.7666666666666666,-1
euroleague,0.0,0
euroleague,3.533333333333333,-1
euroleague,1.5833333333333335,-1
euroleague,5.233333333333333,-1
euroleague,5.1,-2
euroleague,10.716666666666667,-1
euroleague,6.416666666666667,-2
euroleague,13.85,5
euroleague,8.883333333333333,-1
euroleague,25.85,0
euroleague,8.333333333333334,-1
euroleague,24.033333333333335,23
euroleague,21.8,4
euroleague,27.666666666666668,13
euroleague,25.2,19
euroleague,20.65,5
euroleague,18.333333333333332,11
euroleague,23.283333333333335,14
euroleague,20.783333333333335,15
euroleague,27.766666666666666,5
euroleague,20.35,13
euroleague,25.266666666666666,5
euroleague,22.75,10
euroleague,15.0,6
euroleague,25.016666666666666,15
euroleague,17.366666666666667,-2
euroleague,15.4,16
euroleague,20.25,12
euroleague,26.716666666666665,1
euroleague,21.883333333333333,11
euroleague,30.35,17
euroleague,22.533333333333335,9
euroleague,34.416666666666664,7
euroleague,28.816666666666666,12
euroleague,22.35,1
euroleague,18.966666666666665,3
euroleague,5.283333333333333,-1
euroleague,8.583333333333334,2
euroleague,12.566666666666666,4
euroleague,11.933333333333334,-3
euroleague,8.683333333333334,-3
euroleague,23.016666666666666,11
euroleague,20.233333333333334,14
euroleague,27.883333333333333,9
euroleague,16.816666666666666,1
euroleague,16.066666666666666,12
euroleague,0.0,0
euroleague,0.0,0
euroleague,2.3333333333333335,1
euroleague,0.0,0
euroleague,0.0,0
euroleague,0.0,0
euroleague,0.0,0
euroleague,0.0,0
euroleague,0.0,0
euroleague,0.0,0
euroleague,0.0,0
euroleague,0.0,0
euroleague,0.0,0
euroleague,0.0,0
euroleague,4.966666666666667,1
euroleague,0.0,0
euroleague,30.25,17
euroleague,29.5,23
euroleague,29.133333333333333,14
euroleague,24.883333333333333,11
euroleague,35.016666666666666,10
euroleague,25.65,-3
euroleague,30.583333333333332,5
euroleague,27.95,3
euroleague,25.833333333333332,13
euroleague,26.283333333333335,17
euroleague,20.1,8
euroleague,29.883333333333333,10
euroleague,22.433333333333334,-2
euroleague,26.65,3
euroleague,31.266666666666666,28
euroleague,26.6,5
euroleague,29.366666666666667,22
euroleague,24.75,1
euroleague,25.333333333333332,6
euroleague,3.6333333333333333,2
euroleague,3.05,-2
euroleague,0.0,0
euroleague,3.9166666666666665,0
euroleague,5.35,-3
euroleague,0.0,0
euroleague,4.083333333333333,-1
euroleague,0.0,0
euroleague,0.0,0
euroleague,9.65,-5
euroleague,8.15,-4
euroleague,15.066666666666666,9
euroleague,12.033333333333333,4
euroleague,12.833333333333334,1
euroleague,4.266666666666667,0
euroleague,7.333333333333333,9
euroleague,8.833333333333334,1
euroleague,12.8,1
euroleague,10.233333333333333,-4
euroleague,22.416666666666668,9
euroleague,20.266666666666666,14
euroleague,12.3,0
euroleague,10.6,8
euroleague,24.816666666666666,24
euroleague,20.266666666666666,7
euroleague,27.85,6
euroleague,31.533333333333335,22
euroleague,18.65,7
euroleague,21.166666666666668,12
euroleague,14.466666666666667,1
euroleague,24.25,19
euroleague,30.3,18
euroleague,26.45,6
euroleague,28.016666666666666,19
euroleague,24.016666666666666,9
euroleague,14.466666666666667,3
euroleague,8.033333333333333,2
euroleague,3.1166666666666667,-1
euroleague,10.183333333333334,4
euroleague,4.383333333333334,1
euroleague,6.933333333333334,5
euroleague,14.983333333333333,3
euroleague,22.683333333333334,4
euroleague,18.483333333333334,6
euroleague,15.566666666666666,6
euroleague,23.283333333333335,9
euroleague,30.766666666666666,29
euroleague,12.816666666666666,6
euroleague,17.55,1
euroleague,20.933333333333334,-6
euroleague,18.633333333333333,15
euroleague,31.683333333333334,8
euroleague,27.366666666666667,7
euroleague,30.333333333333332,26
euroleague,23.483333333333334,22
euroleague,20.283333333333335,8
euroleague,22.466666666666665,19
euroleague,26.25,11
euroleague,13.35,-1
euroleague,22.966666666666665,6
euroleague,21.933333333333334,-2
euroleague,28.133333333333333,8
euroleague,30.9,29
euroleague,25.966666666666665,7
euroleague,17.933333333333334,8
euroleague,17.3,3
euroleague,19.116666666666667,3
euroleague,23.216666666666665,8
euroleague,27.816666666666666,25
euroleague,15.633333333333333,3
euroleague,29.283333333333335,18
euroleague,32.5,24
euroleague,22.033333333333335,1
euroleague,26.383333333333333,20
euroleague,35.9,42
euroleague,33.9,15
euroleague,32.5,25
euroleague,24.5,12
euroleague,22.483333333333334,14
euroleague,26.1,25
euroleague,33.1,31
euroleague,31.5,15
euroleague,36.43333333333333,22
euroleague,18.316666666666666,4
euroleague,17.333333333333332,7
euroleague,25.683333333333334,17
euroleague,30.2,17
euroleague,26.716666666666665,8
euroleague,26.7,9
euroleague,15.5,2
euroleague,29.133333333333333,8
euroleague,27.033333333333335,12
euroleague,19.8,2
euroleague,17.983333333333334,-3
euroleague,17.983333333333334,9
euroleague,30.383333333333333,23
euroleague,22.3,4
euroleague,28.566666666666666,7
euroleague,24.3,21
euroleague,22.466666666666665,11
euroleague,23.383333333333333,4
euroleague,20.55,4
euroleague,13.266666666666667,5
euroleague,5.733333333333333,1
euroleague,9.0,3
euroleague,4.2,0
euroleague,9.266666666666667,1
euroleague,8.783333333333333,3
euroleague,15.633333333333333,2
euroleague,22.916666666666668,12
euroleague,8.483333333333333,0
euroleague,18.816666666666666,7
euroleague,25.15,23
euroleague,15.616666666666667,12
euroleague,16.45,9
euroleague,12.583333333333334,6
euroleague,19.483333333333334,5
euroleague,12.383333333333333,2
euroleague,13.433333333333334,8
euroleague,16.0,3
euroleague,21.216666666666665,4
euroleague,23.3,4
euroleague,27.5,5
euroleague,18.083333333333332,9
euroleague,18.6,4
euroleague,22.783333333333335,4
euroleague,12.366666666666667,2
euroleague,15.883333333333333,1
euroleague,8.183333333333334,6
euroleague,17.983333333333334,5
euroleague,20.15,12
euroleague,16.3,1
euroleague,15.383333333333333,8
euroleague,19.366666666666667,8
euroleague,26.033333333333335,12
euroleague,17.05,-2
euroleague,21.033333333333335,7
euroleague,24.633333333333333,19
euroleague,20.816666666666666,15
euroleague,14.366666666666667,-3
euroleague,0.0,0
euroleague,0.0,0
euroleague,10.833333333333334,1
euroleague,0.0,0
euroleague,6.2,2
euroleague,19.183333333333334,9
euroleague,5.233333333333333,-2
euroleague,4.75,0
euroleague,17.066666666666666,12
euroleague,8.733333333333333,4
euroleague,7.033333333333333,2
euroleague,22.8,20
euroleague,13.866666666666667,2
euroleague,17.0,11
euroleague,4.783333333333333,-2
euroleague,3.2333333333333334,-1
euroleague,11.5,2
euroleague,15.216666666666667,15
euroleague,15.816666666666666,3
euroleague,0.0,0
euroleague,17.333333333333332,2
euroleague,6.583333333333333,-1
euroleague,7.133333333333334,-1
euroleague,6.35,0
euroleague,13.016666666666667,2
euroleague,3.3666666666666667,1
euroleague,17.466666666666665,14
euroleague,15.766666666666667,6
euroleague,19.566666666666666,2
euroleague,15.883333333333333,5
euroleague,20.65,2
euroleague,37.46666666666667,28
euroleague,29.4,19
euroleague,25.366666666666667,10
euroleague,26.016666666666666,20
euroleague,33.93333333333333,34
euroleague,19.283333333333335,8
euroleague,20.166666666666668,5
euroleague,32.05,8
euroleague,28.0,7
euroleague,38.2,17
euroleague,25.916666666666668,19
euroleague,22.816666666666666,2
euroleague,31.1,14
euroleague,27.233333333333334,9
euroleague,30.566666666666666,21
euroleague,18.7,12
euroleague,26.133333333333333,27
euroleague,22.15,23
euroleague,36.166666666666664,13
euroleague,4.283333333333333,2
euroleague,8.683333333333334,2
euroleague,7.45,-1
euroleague,5.483333333333333,0
euroleague,0.0,0
euroleague,11.85,5
euroleague,2.8,0
euroleague,0.0,0
euroleague,5.116666666666666,5
euroleague,5.016666666666667,-3
euroleague,17.7,13
euroleague,1.85,3
euroleague,2.4833333333333334,-1
euroleague,9.7,5
euroleague,14.083333333333334,-2
euroleague,0.0,0
euroleague,17.85,4
euroleague,0.0,0
euroleague,13.716666666666667,3
euroleague,29.55,24
euroleague,22.116666666666667,26
euroleague,25.166666666666668,4
euroleague,25.766666666666666,15
euroleague,33.13333333333333,7
euroleague,27.966666666666665,0
euroleague,21.1,15
euroleague,18.783333333333335,2
euroleague,30.3,26
euroleague,20.5,14
euroleague,28.683333333333334,29
euroleague,29.35,9
euroleague,25.483333333333334,14
euroleague,23.933333333333334,12
euroleague,19.75,0
euroleague,20.683333333333334,13
euroleague,0.9,-1
euroleague,4.35,-2
euroleague,7.133333333333334,0
euroleague,0.0,0
euroleague,0.0,0
euroleague,0.0,0
euroleague,0.0,0
euroleague,0.0,0
euroleague,0.0,0
euroleague,0.0,0
euroleague,0.0,0
euroleague,11.75,0
euroleague,2.033333333333333,1
euroleague,0.0,0
euroleague,0.0,0
euroleague,17.783333333333335,3
euroleague,18.983333333333334,4
euroleague,14.416666666666666,-2
euroleague,18.583333333333332,2
euroleague,12.816666666666666,-1
euroleague,20.983333333333334,8
euroleague,20.983333333333334,7
euroleague,20.333333333333332,4
euroleague,18.5,3
euroleague,21.333333333333332,8
euroleague,21.866666666666667,6
euroleague,23.383333333333333,11
euroleague,27.283333333333335,6
euroleague,22.616666666666667,15
euroleague,22.916666666666668,7
euroleague,28.516666666666666,7
euroleague,38.05,19
euroleague,22.266666666666666,14
euroleague,30.866666666666667,9
euroleague,21.266666666666666,15
euroleague,29.4,20
euroleague,30.833333333333332,9
euroleague,21.116666666666667,9
euroleague,33.766666666666666,14
euroleague,27.4,11
euroleague,31.25,15
euroleague,24.066666666666666,9
euroleague,22.716666666666665,13
euroleague,24.75,7
euroleague,28.533333333333335,11
euroleague,10.866666666666667,-2
euroleague,33.03333333333333,16
euroleague,26.816666666666666,10
euroleague,3.8166666666666664,-3
euroleague,5.683333333333334,0
euroleague,0.0,0
euroleague,0.0,0
euroleague,7.45,-3
euroleague,9.8,10
euroleague,14.65,13
euroleague,11.65,12
euroleague,18.216666666666665,6
euroleague,15.066666666666666,3
euroleague,7.433333333333334,-2
euroleague,13.433333333333334,7
euroleague,20.883333333333333,15
euroleague,17.716666666666665,16
euroleague,10.416666666666666,-3
euroleague,19.95,8
euroleague,14.466666666666667,10
euroleague,16.166666666666668,6
euroleague,15.183333333333334,8
euroleague,11.716666666666667,5
euroleague,17.65,-7
euroleague,17.616666666666667,16
euroleague,14.783333333333333,7
euroleague,11.15,6
euroleague,13.25,8
euroleague,18.95,7
euroleague,14.783333333333333,7
euroleague,15.883333333333333,13
euroleague,13.25,7
euroleague,16.416666666666668,10
euroleague,14.433333333333334,9
euroleague,15.433333333333334,1
euroleague,17.266666666666666,10
euroleague,12.266666666666667,5
euroleague,10.233333333333333,9
euroleague,21.066666666666666,22
euroleague,24.033333333333335,6
euroleague,10.65,6
euroleague,27.333333333333332,26
euroleague,29.366666666666667,37
euroleague,20.25,28
euroleague,23.166666666666668,15
euroleague,36.11666666666667,25
euroleague,34.65,10
euroleague,33.2,30
euroleague,27.783333333333335,24
euroleague,30.933333333333334,33
euroleague,25.366666666666667,21
euroleague,16.0,3
euroleague,22.083333333333332,14
euroleague,31.55,31
euroleague,27.9,20
euroleague,24.683333333333334,22
euroleague,26.9,13
euroleague,5.783333333333333,0
euroleague,4.216666666666667,0
euroleague,0.0,0
euroleague,0.0,0
euroleague,0.0,0
euroleague,0.0,0
euroleague,0.0,0
euroleague,0.0,0
euroleague,0.0,0
euroleague,0.0,0
euroleague,0.0,0
euroleague,0.0,0
euroleague,0.0,0
euroleague,0.0,0
euroleague,0.0,0
euroleague,0.0,0
euroleague,0.0,0
euroleague,0.0,0
euroleague,3.8,1
euroleague,0.0,0
euroleague,5.1,-1
euroleague,18.85,2
euroleague,12.05,-2
euroleague,10.0,1
euroleague,7.45,1
euroleague,0.0,0
euroleague,20.716666666666665,21
euroleague,6.266666666666667,2
euroleague,10.966666666666667,-2
euroleague,9.016666666666667,1
euroleague,5.916666666666667,-2
euroleague,0.0,0
euroleague,18.733333333333334,4
euroleague,25.9,12
euroleague,19.666666666666668,5
euroleague,9.883333333333333,5
euroleague,13.766666666666667,2
euroleague,18.983333333333334,4
euroleague,3.9833333333333334,-4
euroleague,14.85,0
euroleague,21.083333333333332,2
euroleague,24.666666666666668,6
euroleague,18.0,0
euroleague,14.183333333333334,-6
euroleague,19.233333333333334,2
euroleague,16.166666666666668,-6
euroleague,23.066666666666666,9
euroleague,17.483333333333334,6
euroleague,20.183333333333334,9
euroleague,14.366666666666667,0
euroleague,19.816666666666666,1
euroleague,15.616666666666667,-3
euroleague,18.733333333333334,12
euroleague,12.4,5
euroleague,16.066666666666666,0
euroleague,21.483333333333334,-1
euroleague,19.566666666666666,6
euroleague,10.233333333333333,-1
euroleague,24.283333333333335,8
euroleague,19.25,2
euroleague,17.883333333333333,9
euroleague,21.416666666666668,-4
euroleague,10.016666666666667,0
euroleague,3.5833333333333335,-1
euroleague,8.583333333333334,-2
euroleague,19.766666666666666,8
euroleague,24.533333333333335,6
euroleague,1.3666666666666667,1
euroleague,17.233333333333334,6
euroleague,9.6,-4
euroleague,3.6333333333333333,1
euroleague,0.0,0
euroleague,14.25,5
euroleague,9.833333333333334,0
euroleague,20.95,21
euroleague,15.333333333333334,2
euroleague,17.45,5
euroleague,0.0,0
euroleague,17.016666666666666,1
euroleague,19.083333333333332,4
euroleague,15.95,3
euroleague,0.0,0
euroleague,12.616666666666667,2
euroleague,18.8,8
euroleague,5.366666666666666,3
euroleague,12.033333333333333,2
euroleague,0.0,0
euroleague,14.9,8
euroleague,13.966666666666667,6
euroleague,0.0,0
euroleague,12.8,1
euroleague,16.283333333333335,2
euroleague,12.2,7
euroleague,16.5,7
euroleague,19.933333333333334,9
euroleague,20.35,7
euroleague,22.183333333333334,7
euroleague,13.6,3
euroleague,5.216666666666667,2
euroleague,3.783333333333333,3
euroleague,7.7,9
euroleague,0.0,0
euroleague,0.9833333333333333,-2
euroleague,5.783333333333333,7
euroleague,3.95,0
euroleague,0.0,0
euroleague,20.15,7
euroleague,18.4,7
euroleague,19.333333333333332,2
euroleague,13.45,12
euroleague,4.783333333333333,0
euroleague,16.883333333333333,1
euroleague,1.4,-2
euroleague,13.633333333333333,8
euroleague,23.466666666666665,17
euroleague,19.016666666666666,13
euroleague,11.533333333333333,4
euroleague,9.633333333333333,6
euroleague,19.816666666666666,17
euroleague,12.016666666666667,3
euroleague,0.0,0
euroleague,6.233333333333333,2
euroleague,12.033333333333333,1
euroleague,6.266666666666667,0
euroleague,21.25,6
euroleague,26.6,32
euroleague,26.083333333333332,21
euroleague,28.416666666666668,41
euroleague,27.75,35
euroleague,25.6,18
euroleague,32.06666666666667,30
euroleague,22.65,19
euroleague,25.15,28
euroleague,31.516666666666666,14
euroleague,29.35,32
euroleague,37.8,36
euroleague,26.366666666666667,26
euroleague,6.85,6
euroleague,24.216666666666665,14
euroleague,30.466666666666665,37
euroleague,20.233333333333334,12
euroleague,21.883333333333333,16
euroleague,20.983333333333334,16
euroleague,22.183333333333334,24
euroleague,24.066666666666666,6
euroleague,20.7,13
euroleague,29.016666666666666,16
euroleague,24.233333333333334,8
euroleague,23.6,8
euroleague,21.8,16
euroleague,33.766666666666666,12
euroleague,18.233333333333334,7
euroleague,20.85,9
euroleague,25.4,8
euroleague,19.0,4
euroleague,15.416666666666666,8
euroleague,18.616666666666667,-1
euroleague,26.666666666666668,6
euroleague,27.966666666666665,11
euroleague,26.566666666666666,16
euroleague,26.583333333333332,5
euroleague,23.683333333333334,14
euroleague,22.95,1
euroleague,24.483333333333334,15
euroleague,15.516666666666667,0
euroleague,24.3,36
euroleague,16.016666666666666,0
euroleague,27.216666666666665,9
euroleague,34.5,19
euroleague,30.816666666666666,6
euroleague,28.1,4
euroleague,26.333333333333332,-3
euroleague,34.63333333333333,2
euroleague,29.816666666666666,4
euroleague,26.65,34
euroleague,16.533333333333335,4
euroleague,22.7,11
euroleague,21.366666666666667,3
euroleague,21.233333333333334,10
euroleague,25.1,21
euroleague,16.7,13
euroleague,15.95,14
euroleague,15.683333333333334,13
euroleague,25.05,22
euroleague,17.5,11
euroleague,23.683333333333334,11
euroleague,24.716666666666665,18
euroleague,20.366666666666667,21
euroleague,16.333333333333332,13
euroleague,15.766666666666667,9
euroleague,18.633333333333333,9
euroleague,27.316666666666666,26
euroleague,10.35,-2
euroleague,31.533333333333335,23
euroleague,22.166666666666668,-2
euroleague,31.4,20
euroleague,37.05,20
euroleague,29.7,19
euroleague,32.733333333333334,17
euroleague,35.15,17
euroleague,32.46666666666667,15
euroleague,35.05,25
euroleague,35.03333333333333,5
euroleague,29.916666666666668,18
euroleague,25.316666666666666,12
euroleague,25.116666666666667,22
euroleague,27.35,9
euroleague,31.5,22
euroleague,26.783333333333335,20
euroleague,30.816666666666666,22
euroleague,18.516666666666666,12
euroleague,20.566666666666666,10
euroleague,10.383333333333333,2
euroleague,10.833333333333334,-3
euroleague,0.0,0
euroleague,3.95,-2
euroleague,0.0,0
euroleague,8.6,6
euroleague,0.0,0
euroleague,0.0,0
euroleague,7.866666666666667,3
euroleague,9.833333333333334,10
euroleague,5.35,-2
euroleague,3.466666666666667,0
euroleague,6.666666666666667,-1
euroleague,14.25,11
euroleague,0.0,0
euroleague,9.266666666666667,2
euroleague,0.0,0
euroleague,9.4,-3
euroleague,1.9333333333333333,-4
euroleague,5.683333333333334,2
euroleague,11.733333333333333,14
euroleague,10.583333333333334,1
euroleague,4.3,8
euroleague,16.3,1
euroleague,30.083333333333332,6
euroleague,29.25,7
euroleague,28.9,10
euroleague,37.666666666666664,26
euroleague,30.716666666666665,5
euroleague,17.566666666666666,9
euroleague,27.05,2
euroleague,22.333333333333332,5
euroleague,24.166666666666668,14
euroleague,21.233333333333334,10
euroleague,29.716666666666665,32
euroleague,31.933333333333334,31
euroleague,17.85,2
euroleague,28.7,11
euroleague,31.366666666666667,17
euroleague,19.466666666666665,-3
euroleague,23.45,2
euroleague,27.3,12
euroleague,5.966666666666667,8
euroleague,17.933333333333334,11
euroleague,19.033333333333335,13
euroleague,17.233333333333334,10
euroleague,13.416666666666666,3
euroleague,14.383333333333333,8
euroleague,19.35,10
euroleague,20.783333333333335,17
euroleague,26.9,19
euroleague,23.916666666666668,16
euroleague,22.9,0
euroleague,21.083333333333332,5
euroleague,16.416666666666668,7
euroleague,14.933333333333334,18
euroleague,21.45,8
euroleague,14.95,14
euroleague,1.9166666666666665,0
euroleague,0.05,0
euroleague,0.0,0
euroleague,0.0,0
euroleague,4.616666666666667,3
euroleague,4.45,1
euroleague,0.0,0
euroleague,2.8,-1
euroleague,6.733333333333333,6
euroleague,14.066666666666666,-7
euroleague,0.0,0
euroleague,4.633333333333333,-3
euroleague,11.316666666666666,4
euroleague,7.983333333333333,-1
euroleague,0.0,0
euroleague,1.6666666666666665,-3
euroleague,7.616666666666667,0
euroleague,16.9,1
euroleague,7.25,6
euroleague,14.333333333333334,5
euroleague,5.816666666666666,-3
euroleague,11.383333333333333,0
euroleague,5.45,1
euroleague,13.7,0
euroleague,5.766666666666667,2
euroleague,1.6,-2
euroleague,14.583333333333334,6
euroleague,11.15,2
euroleague,7.75,-1
euroleague,9.9,0
euroleague,13.866666666666667,0
euroleague,13.55,3
euroleague,13.95,7
euroleague,13.233333333333333,3
euroleague,8.316666666666666,2
euroleague,6.216666666666667,2
euroleague,16.766666666666666,1
euroleague,16.766666666666666,2
euroleague,5.616666666666667,0
euroleague,13.75,4
euroleague,1.2333333333333334,7
euroleague,17.716666666666665,9
euroleague,9.583333333333334,-2
euroleague,1.1833333333333333,-2
euroleague,10.266666666666667,0
euroleague,12.316666666666666,-1
euroleague,4.833333333333333,-6
euroleague,12.5,1
euroleague,23.016666666666666,7
euroleague,5.683333333333334,-2
euroleague,0.0,0
euroleague,0.0,0
euroleague,11.85,0
euroleague,17.633333333333333,11
euroleague,22.083333333333332,4
euroleague,23.45,7
euroleague,29.783333333333335,14
euroleague,26.983333333333334,25
euroleague,22.666666666666668,13
euroleague,31.866666666666667,13
euroleague,14.766666666666667,1
euroleague,25.6,22
euroleague,19.966666666666665,16
euroleague,33.7,6
euroleague,28.066666666666666,17
euroleague,28.066666666666666,6
euroleague,22.85,8
euroleague,18.266666666666666,1
euroleague,25.433333333333334,14
euroleague,22.2,3
euroleague,22.7,9
euroleague,10.133333333333333,-1
euroleague,27.216666666666665,3
euroleague,23.733333333333334,17
euroleague,17.75,15
euroleague,30.266666666666666,23
euroleague,30.05,13
euroleague,29.783333333333335,18
euroleague,35.06666666666667,30
euroleague,17.933333333333334,-5
euroleague,27.233333333333334,18
euroleague,28.783333333333335,21
euroleague,36.233333333333334,18
euroleague,17.8,-3
euroleague,28.333333333333332,14
euroleague,30.266666666666666,27
euroleague,28.316666666666666,-2
euroleague,33.13333333333333,10
euroleague,3.4333333333333336,-2
euroleague,0.0,0
euroleague,0.0,0
euroleague,0.0,0
euroleague,4.466666666666667,3
euroleague,0.0,0
euroleague,35.016666666666666,16
euroleague,32.65,8
euroleague,33.78333333333333,17
euroleague,28.75,7
euroleague,22.4,12
euroleague,24.55,14
euroleague,18.15,8
euroleague,25.516666666666666,12
euroleague,28.85,13
euroleague,13.25,-4
euroleague,22.133333333333333,17
euroleague,12.116666666666667,-3
euroleague,30.366666666666667,22
euroleague,25.766666666666666,14
euroleague,26.433333333333334,8
euroleague,30.816666666666666,7
euroleague,33.85,17
euroleague,28.966666666666665,16
euroleague,21.883333333333333,23
euroleague,22.55,10
euroleague,17.083333333333332,15
euroleague,27.633333333333333,23
euroleague,27.15,13
euroleague,21.766666666666666,3
euroleague,13.55,4
euroleague,27.3,12
euroleague,16.8,5
euroleague,22.716666666666665,-2
euroleague,20.616666666666667,7
euroleague,22.166666666666668,12
euroleague,21.966666666666665,12
euroleague,25.8,19
euroleague,32.916666666666664,29
euroleague,32.63333333333333,33
euroleague,24.466666666666665,17
euroleague,21.933333333333334,18
euroleague,22.783333333333335,3
euroleague,23.516666666666666,3
euroleague,37.38333333333333,24
euroleague,18.883333333333333,6
euroleague,30.716666666666665,14
euroleague,32.333333333333336,20
euroleague,27.066666666666666,28
euroleague,20.65,8
euroleague,24.066666666666666,15
euroleague,23.616666666666667,12
euroleague,31.933333333333334,26
euroleague,25.883333333333333,2
euroleague,20.166666666666668,14
euroleague,18.233333333333334,18
euroleague,23.733333333333334,5
euroleague,22.666666666666668,28
euroleague,17.7,15
euroleague,16.333333333333332,16
euroleague,12.666666666666666,-2
euroleague,25.65,8
euroleague,22.416666666666668,16
euroleague,21.283333333333335,28
euroleague,22.9,14
euroleague,20.05,10
euroleague,12.9,18
euroleague,24.9,23
euroleague,19.916666666666668,3
euroleague,22.35,14
euroleague,11.916666666666666,5
euroleague,19.266666666666666,10
euroleague,21.65,18
euroleague,11.083333333333334,5
euroleague,15.016666666666667,4
euroleague,20.216666666666665,5
euroleague,10.733333333333333,2
euroleague,21.0,2
euroleague,10.15,4
euroleague,14.283333333333333,6
euroleague,21.116666666666667,9
euroleague,18.016666666666666,-1
euroleague,4.516666666666667,2
euroleague,9.283333333333333,3
euroleague,20.666666666666668,7
euroleague,18.733333333333334,9
euroleague,4.716666666666667,-2
euroleague,13.2,-2
euroleague,33.666666666666664,21
euroleague,31.016666666666666,16
euroleague,20.0,5
euroleague,22.633333333333333,14
euroleague,3.4333333333333336,1
euroleague,0.0,0
euroleague,4.633333333333333,-1
euroleague,0.0,0
euroleague,0.0,0
euroleague,0.0,0
euroleague,0.0,0
euroleague,0.0,0
euroleague,0.0,0
euroleague,0.0,0
euroleague,0.0,0
euroleague,0.0,0
euroleague,3.8166666666666664,1
euroleague,6.433333333333334,4
euroleague,0.0,0
euroleague,14.9,6
euroleague,5.15,-5
euroleague,0.0,0
euroleague,6.766666666666667,3
euroleague,27.4,6
euroleague,20.216666666666665,9
euroleague,30.616666666666667,15
euroleague,31.0,16
euroleague,12.65,3
euroleague,0.0,0
euroleague,25.483333333333334,11
euroleague,22.733333333333334,14
euroleague,23.083333333333332,7
euroleague,29.416666666666668,16
euroleague,27.083333333333332,20
euroleague,24.033333333333335,8
euroleague,32.43333333333333,16
euroleague,28.45,12
euroleague,28.483333333333334,17
euroleague,29.966666666666665,21
euroleague,22.883333333333333,9
euroleague,26.1,2
euroleague,21.533333333333335,8
euroleague,32.71666666666667,24
euroleague,29.333333333333332,12
euroleague,24.4,2
euroleague,28.4,10
euroleague,29.333333333333332,16
euroleague,15.066666666666666,9
euroleague,23.816666666666666,4
euroleague,30.55,4
euroleague,30.15,18
euroleague,30.816666666666666,6
euroleague,28.966666666666665,14
euroleague,28.55,12
euroleague,33.166666666666664,14
euroleague,22.383333333333333,13
euroleague,25.016666666666666,5
euroleague,11.766666666666667,-4
euroleague,21.016666666666666,12
euroleague,7.266666666666667,3
euroleague,12.866666666666667,1
euroleague,0.0,0
euroleague,0.0,0
euroleague,0.0,0
euroleague,0.0,0
euroleague,3.716666666666667,0
euroleague,0.0,0
euroleague,0.0,0
euroleague,5.916666666666667,1
euroleague,14.516666666666667,5
euroleague,12.216666666666667,-1
euroleague,3.6333333333333333,-1
euroleague,5.883333333333333,0
euroleague,0.0,0
euroleague,4.033333333333333,-5
euroleague,0.0,0
euroleague,12.983333333333333,4
euroleague,20.566666666666666,3
euroleague,0.0,0
euroleague,0.0,0
euroleague,0.0,0
euroleague,0.0,0
euroleague,0.0,0
euroleague,0.0,0
euroleague,0.0,0
euroleague,0.0,0
euroleague,0.0,0
euroleague,0.0,0
euroleague,23.366666666666667,16
euroleague,27.316666666666666,20
euroleague,27.333333333333332,7
euroleague,27.966666666666665,16
euroleague,19.75,7
euroleague,23.283333333333335,13
euroleague,26.716666666666665,13
euroleague,15.7,13
euroleague,22.1,12
euroleague,23.95,8
euroleague,27.183333333333334,10
euroleague,23.15,14
euroleague,29.566666666666666,24
euroleague,20.866666666666667,11
euroleague,16.05,4
euroleague,26.15,10
euroleague,17.766666666666666,17
euroleague,26.516666666666666,26
euroleague,26.316666666666666,17
euroleague,24.45,11
euroleague,25.133333333333333,18
euroleague,25.8,15
euroleague,28.516666666666666,0
euroleague,26.816666666666666,14
euroleague,22.683333333333334,5
euroleague,32.78333333333333,12
euroleague,18.666666666666668,1
euroleague,32.8,28
euroleague,32.95,17
euroleague,27.333333333333332,7
euroleague,24.333333333333332,9
euroleague,15.516666666666667,-2
euroleague,25.483333333333334,10
euroleague,25.95,2
euroleague,16.816666666666666,4
euroleague,32.35,13
euroleague,25.616666666666667,6
euroleague,25.583333333333332,21
euroleague,29.416666666666668,10
euroleague,15.1,5
euroleague,16.633333333333333,4
euroleague,18.85,-2
euroleague,21.9,18
euroleague,15.766666666666667,14
euroleague,31.383333333333333,13
euroleague,20.65,10
euroleague,25.133333333333333,28
euroleague,30.233333333333334,13
euroleague,14.65,19
euroleague,26.716666666666665,6
euroleague,35.13333333333333,31
euroleague,16.766666666666666,6
euroleague,30.25,10
euroleague,23.683333333333334,11
euroleague,19.3,24
euroleague,26.383333333333333,14
euroleague,15.383333333333333,9
euroleague,23.5,9
euroleague,30.316666666666666,28
euroleague,15.933333333333334,3
euroleague,20.533333333333335,16
euroleague,19.233333333333334,11
euroleague,16.1,26
euroleague,30.35,27
euroleague,22.583333333333332,15
euroleague,27.0,8
euroleague,20.566666666666666,15
euroleague,33.96666666666667,20
euroleague,32.266666666666666,17
euroleague,30.033333333333335,11
euroleague,22.8,6
euroleague,24.45,15
euroleague,14.983333333333333,9
euroleague,17.066666666666666,-1
euroleague,24.016666666666666,9
euroleague,0.0,0
euroleague,6.05,5
euroleague,2.0,1
euroleague,4.5,5
euroleague,0.0,0
euroleague,0.0,0
euroleague,8.95,4
euroleague,14.55,7
euroleague,0.0,0
euroleague,3.9833333333333334,3
euroleague,0.0,0
euroleague,0.0,0
euroleague,0.0,0
euroleague,1.8333333333333335,0
euroleague,0.0,0
euroleague,0.0,0
euroleague,17.133333333333333,11
euroleague,21.483333333333334,6
euroleague,20.0,8
euroleague,18.366666666666667,6
euroleague,26.183333333333334,17
euroleague,21.716666666666665,18
euroleague,21.966666666666665,15
euroleague,23.766666666666666,20
euroleague,17.983333333333334,1
euroleague,14.216666666666667,6
euroleague,19.3,8
euroleague,15.266666666666667,0
euroleague,10.483333333333333,-2
euroleague,21.033333333333335,14
euroleague,18.116666666666667,1
euroleague,17.45,9
euroleague,18.883333333333333,20
euroleague,12.366666666666667,4
euroleague,9.8,2
euroleague,18.233333333333334,11
euroleague,20.566666666666666,6
euroleague,12.7,-6
euroleague,18.266666666666666,12
euroleague,23.2,9
euroleague,17.283333333333335,0
euroleague,15.616666666666667,2
euroleague,0.0,0
euroleague,3.95,-2
euroleague,9.816666666666666,0
euroleague,24.616666666666667,11
euroleague,16.5,-3
euroleague,9.683333333333334,4
euroleague,24.066666666666666,21
euroleague,19.466666666666665,12
euroleague,20.766666666666666,14
euroleague,19.583333333333332,16
euroleague,14.65,6
euroleague,17.333333333333332,13
euroleague,8.116666666666667,9
euroleague,9.966666666666667,6
euroleague,17.166666666666668,9
euroleague,19.983333333333334,5
euroleague,18.233333333333334,15
euroleague,17.966666666666665,4
euroleague,16.8,9
euroleague,30.35,41
euroleague,17.916666666666668,-3
euroleague,27.933333333333334,8
euroleague,21.366666666666667,11
euroleague,22.183333333333334,8
euroleague,23.116666666666667,16
euroleague,23.816666666666666,16
euroleague,28.433333333333334,22
euroleague,28.033333333333335,5
euroleague,23.6,13
euroleague,26.55,20
euroleague,24.783333333333335,-3
euroleague,31.45,18
euroleague,32.43333333333333,22
euroleague,30.833333333333332,9
euroleague,32.5,32
euroleague,23.916666666666668,13
euroleague,20.9,12
euroleague,25.516666666666666,24
euroleague,9.033333333333333,0
euroleague,10.5,0
euroleague,3.3333333333333335,-3
euroleague,3.6166666666666667,-2
euroleague,1.4333333333333333,-1
euroleague,2.0833333333333335,-2
euroleague,10.666666666666666,10
euroleague,1.4333333333333333,0
euroleague,19.9,13
euroleague,9.166666666666666,0
euroleague,17.333333333333332,5
euroleague,13.35,1
euroleague,8.733333333333333,0
euroleague,12.25,0
euroleague,10.933333333333334,6
euroleague,13.066666666666666,-1
euroleague,14.666666666666666,2
euroleague,26.266666666666666,28
euroleague,25.383333333333333,36
euroleague,26.116666666666667,10
euroleague,17.55,9
euroleague,25.166666666666668,3
euroleague,21.45,10
euroleague,12.816666666666666,5
euroleague,22.216666666666665,20
euroleague,24.316666666666666,19
euroleague,20.483333333333334,18
euroleague,20.166666666666668,16
euroleague,29.266666666666666,21
euroleague,24.05,22
euroleague,28.683333333333334,14
euroleague,32.266666666666666,7
euroleague,19.45,8
euroleague,30.983333333333334,22
euroleague,11.083333333333334,-1
euroleague,26.3,16
euroleague,28.766666666666666,-1
euroleague,10.75,-1
euroleague,8.133333333333333,-1
euroleague,4.783333333333333,-1
euroleague,19.916666666666668,8
euroleague,19.35,16
euroleague,20.466666666666665,15
euroleague,26.033333333333335,12
euroleague,28.666666666666668,15
euroleague,27.033333333333335,-7
euroleague,28.816666666666666,11
euroleague,29.116666666666667,14
euroleague,29.016666666666666,10
euroleague,34.36666666666667,7
euroleague,19.783333333333335,1
euroleague,25.516666666666666,6
euroleague,18.816666666666666,7
euroleague,29.683333333333334,10
euroleague,15.183333333333334,0
euroleague,2.033333333333333,0
euroleague,6.783333333333333,-3
euroleague,0.0,0
euroleague,5.133333333333334,0
euroleague,1.85,-3
euroleague,14.233333333333333,-1
euroleague,14.983333333333333,9
euroleague,0.0,0
euroleague,21.05,8
euroleague,18.633333333333333,8
euroleague,18.783333333333335,5
euroleague,19.883333333333333,1
euroleague,16.75,0
euroleague,3.5666666666666664,-1
euroleague,5.833333333333333,-2
euroleague,20.0,0
euroleague,21.283333333333335,4
euroleague,22.3,8
euroleague,24.666666666666668,-3
euroleague,18.616666666666667,5
euroleague,26.6,6
euroleague,22.733333333333334,6
euroleague,20.95,5
euroleague,20.816666666666666,-5
euroleague,17.883333333333333,-7
euroleague,23.633333333333333,11
euroleague,29.266666666666666,7
euroleague,12.666666666666666,0
euroleague,18.366666666666667,-1
euroleague,21.25,6
euroleague,7.616666666666667,-3
euroleague,22.7,5
euroleague,19.383333333333333,3
euroleague,19.95,16
euroleague,31.833333333333332,27
euroleague,26.183333333333334,16
euroleague,26.45,4
euroleague,32.266666666666666,-1
euroleague,26.966666666666665,12
euroleague,11.066666666666666,3
euroleague,14.483333333333333,25
euroleague,10.216666666666667,-4
euroleague,6.516666666666667,-1
euroleague,27.816666666666666,14
euroleague,14.766666666666667,1
euroleague,11.15,7
euroleague,14.233333333333333,0
euroleague,11.166666666666666,8
euroleague,20.683333333333334,9
euroleague,10.833333333333334,7
euroleague,11.366666666666667,1
euroleague,10.533333333333333,4
euroleague,11.716666666666667,-1
euroleague,12.266666666666667,6
euroleague,24.283333333333335,5
euroleague,14.583333333333334,5
euroleague,15.666666666666666,4
euroleague,0.7666666666666667,0
euroleague,0.0,0
euroleague,7.716666666666667,5
euroleague,11.5,1
euroleague,9.716666666666667,0
euroleague,12.266666666666667,9
euroleague,9.416666666666666,4
euroleague,18.983333333333334,9
euroleague,12.75,8
euroleague,0.9333333333333333,0
euroleague,2.0,1
euroleague,0.95,2
euroleague,2.6166666666666667,0
euroleague,0.0,0
euroleague,0.0,0
euroleague,0.0,0
euroleague,14.583333333333334,12
euroleague,1.6666666666666665,0
euroleague,16.016666666666666,8
euroleague,0.36666666666666664,0
euroleague,0.0,0
euroleague,13.783333333333333,4
euroleague,2.3666666666666667,4
euroleague,12.5,3
euroleague,13.816666666666666,5
euroleague,19.416666666666668,6
euroleague,18.8,16
euroleague,15.783333333333333,8
euroleague,15.8,7
euroleague,29.4,9
euroleague,19.883333333333333,15
euroleague,21.483333333333334,1
euroleague,21.016666666666666,6
euroleague,22.65,3
euroleague,31.716666666666665,3
euroleague,7.633333333333333,2
euroleague,8.033333333333333,-3
euroleague,17.45,7
euroleague,13.1,3
euroleague,19.1,6
euroleague,7.866666666666667,0
euroleague,6.966666666666667,4
euroleague,12.983333333333333,1
euroleague,12.0,5
euroleague,15.95,6
euroleague,12.95,5
euroleague,22.866666666666667,15
euroleague,23.05,6
euroleague,15.9,-3
euroleague,20.016666666666666,8
euroleague,23.833333333333332,22
euroleague,18.783333333333335,3
euroleague,15.75,-1
euroleague,27.4,14
euroleague,29.15,16
euroleague,24.033333333333335,4
euroleague,16.933333333333334,3
euroleague,28.133333333333333,7
euroleague,26.233333333333334,6
euroleague,19.783333333333335,11
euroleague,29.483333333333334,20
euroleague,14.866666666666667,7
euroleague,10.066666666666666,6
euroleague,5.7,2
euroleague,23.35,20
euroleague,8.516666666666667,1
euroleague,14.066666666666666,-2
euroleague,14.116666666666667,3
euroleague,12.866666666666667,8
euroleague,12.966666666666667,-1
euroleague,10.016666666666667,-1
euroleague,16.05,11
euroleague,9.65,-3
euroleague,11.766666666666667,19
euroleague,11.316666666666666,1
euroleague,14.633333333333333,4
euroleague,10.016666666666667,-2
euroleague,6.333333333333333,6
euroleague,13.383333333333333,0
euroleague,12.466666666666667,1
euroleague,6.833333333333333,-1
euroleague,11.55,-1
euroleague,7.183333333333334,-3
euroleague,0.0,0
euroleague,0.0,0
euroleague,12.033333333333333,6
euroleague,12.15,7
euroleague,3.9333333333333336,-1
euroleague,10.35,3
euroleague,11.633333333333333,2
euroleague,9.016666666666667,-1
euroleague,4.383333333333334,-3
euroleague,3.716666666666667,1
euroleague,0.0,0
euroleague,0.0,0
euroleague,0.0,0
euroleague,0.0,0
euroleague,0.0,0
euroleague,9.35,2
euroleague,4.966666666666667,4
euroleague,0.0,0
euroleague,24.05,1
euroleague,22.5,7
euroleague,27.683333333333334,20
euroleague,14.866666666666667,0
euroleague,19.5,9
euroleague,24.183333333333334,6
euroleague,7.766666666666667,0
euroleague,21.266666666666666,4
euroleague,16.816666666666666,19
euroleague,16.133333333333333,8
euroleague,8.25,1
euroleague,10.95,-5
euroleague,12.45,-1
euroleague,16.95,-1
euroleague,10.65,1
euroleague,24.533333333333335,10
euroleague,19.566666666666666,2
euroleague,10.883333333333333,-1
euroleague,17.616666666666667,2
euroleague,12.983333333333333,-1
euroleague,6.033333333333333,1
euroleague,7.733333333333333,2
euroleague,0.0,0
euroleague,0.0,0
euroleague,0.0,0
euroleague,6.583333333333333,1
euroleague,11.266666666666667,5
euroleague,11.366666666666667,7
euroleague,0.0,0
euroleague,0.45,0
euroleague,1.8833333333333333,-1
euroleague,2.1333333333333333,-1
euroleague,0.0,0
euroleague,0.0,0
euroleague,7.783333333333333,6
euroleague,0.0,0
euroleague,17.4,8
euroleague,20.583333333333332,4
euroleague,26.033333333333335,8
euroleague,18.25,11
euroleague,18.883333333333333,0
euroleague,17.966666666666665,9
euroleague,14.033333333333333,6
euroleague,33.5,-1
euroleague,17.583333333333332,11
euroleague,10.933333333333334,7
euroleague,13.283333333333333,4
euroleague,21.883333333333333,11
euroleague,24.3,5
euroleague,27.766666666666666,28
euroleague,14.6,-4
euroleague,17.7,-4
euroleague,23.7,15
euroleague,14.183333333333334,8
euroleague,17.3,7
euroleague,0.0,0
euroleague,0.0,0
euroleague,0.0,0
euroleague,0.0,0
euroleague,6.666666666666667,0
euroleague,2.8666666666666667,1
euroleague,23.816666666666666,10
euroleague,18.3,-1
euroleague,23.816666666666666,23
euroleague,22.8,11
euroleague,4.616666666666667,-2
euroleague,0.65,0
euroleague,1.6666666666666665,0
euroleague,5.566666666666666,4
euroleague,25.716666666666665,4
euroleague,25.016666666666666,6
euroleague,24.95,-5
euroleague,23.883333333333333,7
euroleague,27.433333333333334,6
euroleague,19.15,2
euroleague,25.583333333333332,-3
euroleague,18.266666666666666,-4
euroleague,20.266666666666666,3
euroleague,23.65,5
euroleague,17.766666666666666,2
euroleague,16.433333333333334,3
euroleague,15.183333333333334,-2
euroleague,18.666666666666668,10
euroleague,20.5,4
euroleague,18.316666666666666,0
euroleague,12.583333333333334,0
euroleague,23.4,-6
euroleague,21.583333333333332,-2
euroleague,36.016666666666666,13
euroleague,30.283333333333335,1
euroleague,19.716666666666665,-5
euroleague,33.11666666666667,20
euroleague,29.35,7
euroleague,20.116666666666667,-4
euroleague,26.45,19
euroleague,25.85,7
euroleague,12.066666666666666,9
euroleague,16.416666666666668,11
euroleague,9.85,-2
euroleague,12.683333333333334,-2
euroleague,0.8833333333333333,0
euroleague,12.4,4
euroleague,15.133333333333333,10
euroleague,24.366666666666667,15
euroleague,11.633333333333333,6
euroleague,9.233333333333333,1
euroleague,19.7,10
euroleague,11.866666666666667,-4
euroleague,4.1,0
euroleague,6.1,-1
euroleague,7.5,6
euroleague,15.55,7
euroleague,17.516666666666666,6
euroleague,24.7,15
euroleague,25.066666666666666,7
euroleague,20.3,2
euroleague,13.833333333333334,12
euroleague,3.6,-1
euroleague,10.2,3
euroleague,2.3,-3
euroleague,19.566666666666666,6
euroleague,22.3,16
euroleague,20.55,18
euroleague,18.933333333333334,9
euroleague,28.483333333333334,17
euroleague,26.15,20
euroleague,18.733333333333334,9
euroleague,16.583333333333332,0
euroleague,30.283333333333335,18
euroleague,20.9,2
euroleague,24.933333333333334,16
euroleague,13.8,7
euroleague,22.166666666666668,10
euroleague,21.083333333333332,13
euroleague,16.833333333333332,15
euroleague,20.133333333333333,13
euroleague,24.983333333333334,12
euroleague,25.716666666666665,8
euroleague,23.983333333333334,6
euroleague,18.666666666666668,-3
euroleague,2.1666666666666665,6
euroleague,17.3,2
euroleague,22.066666666666666,11
euroleague,13.366666666666667,3
euroleague,19.766666666666666,1
euroleague,15.833333333333334,3
euroleague,23.466666666666665,2
euroleague,11.033333333333333,9
euroleague,7.616666666666667,-4
euroleague,20.216666666666665,6
euroleague,15.716666666666667,-3
euroleague,21.066666666666666,12
euroleague,21.4,14
euroleague,15.65,6
euroleague,14.516666666666667,6
euroleague,11.083333333333334,4
euroleague,20.0,5
euroleague,25.016666666666666,9
euroleague,23.183333333333334,7
euroleague,21.116666666666667,-6
euroleague,17.183333333333334,8
euroleague,16.1,-1
euroleague,13.8,0
euroleague,23.483333333333334,6
euroleague,22.883333333333333,11
euroleague,17.45,4
euroleague,18.0,6
euroleague,17.283333333333335,5
euroleague,14.016666666666667,8
euroleague,24.05,9
euroleague,24.7,3
euroleague,14.55,11
euroleague,26.166666666666668,19
euroleague,20.433333333333334,9
euroleague,24.1,4
euroleague,5.766666666666667,-3
euroleague,14.45,4
euroleague,18.216666666666665,0
euroleague,21.9,4
euroleague,18.35,8
euroleague,9.933333333333334,-2
euroleague,6.05,6
euroleague,22.216666666666665,7
euroleague,3.1333333333333333,0
euroleague,17.3,4
euroleague,12.383333333333333,-6
euroleague,6.883333333333333,-1
euroleague,9.133333333333333,2
euroleague,7.55,1
euroleague,19.866666666666667,11
euroleague,19.25,11
euroleague,12.916666666666666,-2
euroleague,10.233333333333333,-1
euroleague,17.8,4
euroleague,2.1166666666666667,0
euroleague,0.0,0
euroleague,5.6,1
euroleague,5.416666666666667,-1
euroleague,3.783333333333333,-2
euroleague,6.05,-6
euroleague,0.0,0
euroleague,1.15,0
euroleague,8.5,-1
euroleague,0.0,0
euroleague,0.0,0
euroleague,3.3166666666666664,-3
euroleague,1.3,-1
euroleague,4.466666666666667,-2
euroleague,3.5166666666666666,0
euroleague,6.933333333333334,5
euroleague,15.55,4
euroleague,28.466666666666665,13
euroleague,0.0,0
euroleague,0.0,0
euroleague,0.0,0
euroleague,0.0,0
euroleague,0.0,0
euroleague,0.0,0
euroleague,10.416666666666666,0
euroleague,15.016666666666667,8
euroleague,21.966666666666665,9
euroleague,12.616666666666667,0
euroleague,12.2,0
euroleague,11.7,4
euroleague,0.0,0
euroleague,30.05,-1
euroleague,21.65,12
euroleague,19.15,1
euroleague,20.95,7
euroleague,10.333333333333334,-2
euroleague,21.75,13
euroleague,14.7,-1
euroleague,19.9,4
euroleague,19.566666666666666,7
euroleague,18.466666666666665,-4
euroleague,16.983333333333334,4
euroleague,12.316666666666666,-2
euroleague,12.3,2
euroleague,27.433333333333334,16
euroleague,23.666666666666668,-3
euroleague,19.45,5
euroleague,19.533333333333335,4
euroleague,19.866666666666667,8
euroleague,24.85,19
euroleague,28.483333333333334,16
euroleague,29.133333333333333,-4
euroleague,28.85,16
euroleague,26.45,19
euroleague,25.266666666666666,9
euroleague,19.05,2
euroleague,28.616666666666667,11
euroleague,13.416666666666666,5
euroleague,18.4,4
euroleague,24.2,9
euroleague,16.066666666666666,0
euroleague,20.9,0
euroleague,32.36666666666667,13
euroleague,13.3,0
euroleague,23.583333333333332,11
euroleague,22.533333333333335,9
euroleague,0.0,0
euroleague,0.0,0
euroleague,0.0,0
euroleague,0.0,0
euroleague,0.0,0
euroleague,0.0,0
euroleague,0.0,0
euroleague,10.233333333333333,1
euroleague,11.433333333333334,0
euroleague,14.816666666666666,16
euroleague,18.066666666666666,11
euroleague,9.9,2
euroleague,9.483333333333333,-3
euroleague,9.316666666666666,6
euroleague,3.2,0
euroleague,7.683333333333334,-4
euroleague,15.583333333333334,8
euroleague,3.55,-2
euroleague,21.783333333333335,10
euroleague,20.216666666666665,4
euroleague,15.5,7
euroleague,23.65,20
euroleague,20.7,-1
euroleague,28.516666666666666,17
euroleague,15.633333333333333,3
euroleague,0.0,0
euroleague,0.0,0
euroleague,0.0,0
euroleague,0.0,0
euroleague,0.0,0
euroleague,1.95,4
euroleague,12.566666666666666,1
euroleague,0.0,0
euroleague,8.466666666666667,0
euroleague,12.766666666666667,-1
euroleague,0.0,0
euroleague,0.1,0
euroleague,0.0,0
euroleague,0.0,0
euroleague,4.183333333333334,2
euroleague,2.9166666666666665,2
euroleague,6.016666666666667,5
euroleague,0.0,0
euroleague,0.0,0
euroleague,0.0,0
euroleague,0.0,0
euroleague,0.0,0
euroleague,0.0,0
euroleague,0.0,0
euroleague,1.1833333333333333,-1
euroleague,21.7,4
euroleague,31.1,16
euroleague,26.8,6
euroleague,24.866666666666667,6
euroleague,24.016666666666666,9
euroleague,13.016666666666667,-1
euroleague,19.5,1
euroleague,20.166666666666668,8
euroleague,7.25,1
euroleague,19.133333333333333,-2
euroleague,4.483333333333333,-2
euroleague,6.066666666666666,-2
euroleague,13.483333333333333,1
euroleague,26.75,10
euroleague,23.3,13
euroleague,10.166666666666666,-1
euroleague,21.7,12
euroleague,16.183333333333334,8
euroleague,16.6,-1
euroleague,26.9,1
euroleague,22.416666666666668,6
euroleague,15.433333333333334,3
euroleague,22.0,5
euroleague,25.816666666666666,14
euroleague,20.766666666666666,10
euroleague,28.833333333333332,11
euroleague,16.933333333333334,0
euroleague,24.45,11
euroleague,20.25,9
euroleague,25.633333333333333,13
euroleague,20.183333333333334,9
euroleague,24.383333333333333,8
euroleague,21.6,12
euroleague,29.1,13
euroleague,23.933333333333334,15
euroleague,18.516666666666666,3
euroleague,20.616666666666667,0
euroleague,27.216666666666665,13
euroleague,33.71666666666667,30
euroleague,32.766666666666666,17
euroleague,28.033333333333335,-5
euroleague,12.433333333333334,-4
euroleague,14.7,1
euroleague,22.983333333333334,15
euroleague,27.35,33
euroleague,26.616666666666667,13
euroleague,15.466666666666667,1
euroleague,24.25,10
euroleague,17.766666666666666,2
euroleague,24.266666666666666,16
euroleague,31.916666666666668,20
euroleague,30.716666666666665,23
euroleague,37.016666666666666,15
euroleague,0.0,0
euroleague,34.733333333333334,23
euroleague,22.85,4
euroleague,31.7,15
euroleague,2.3,3
euroleague,0.0,0
euroleague,0.0,0
euroleague,0.0,0
euroleague,15.916666666666666,3
euroleague,11.033333333333333,2
euroleague,13.6,7
euroleague,14.716666666666667,10
euroleague,7.716666666666667,3
euroleague,20.583333333333332,10
euroleague,15.516666666666667,11
euroleague,17.516666666666666,12
euroleague,28.833333333333332,25
euroleague,14.0,4
euroleague,20.183333333333334,21
euroleague,20.25,7
euroleague,24.8,30
euroleague,24.883333333333333,20
euroleague,24.933333333333334,17
euroleague,17.85,5
euroleague,14.5,1
euroleague,5.0,16
euroleague,17.616666666666667,7
euroleague,20.933333333333334,9
euroleague,7.333333333333333,0
euroleague,15.15,-5
euroleague,41.9,24
euroleague,22.783333333333335,6
euroleague,29.216666666666665,24
euroleague,27.233333333333334,9
euroleague,22.483333333333334,13
euroleague,35.93333333333333,16
euroleague,28.066666666666666,9
euroleague,18.466666666666665,-4
euroleague,18.766666666666666,10
euroleague,29.45,12
euroleague,27.1,15
euroleague,28.75,11
euroleague,30.883333333333333,13
euroleague,22.25,5
euroleague,23.633333333333333,8
euroleague,37.766666666666666,20
euroleague,22.583333333333332,9
euroleague,29.266666666666666,23
euroleague,18.45,5
euroleague,13.066666666666666,0
euroleague,28.933333333333334,24
euroleague,22.066666666666666,-7
euroleague,25.983333333333334,28
euroleague,15.166666666666666,12
euroleague,34.38333333333333,3
euroleague,29.116666666666667,19
euroleague,15.45,-6
euroleague,17.233333333333334,2
euroleague,19.35,6
euroleague,19.75,8
euroleague,24.433333333333334,6
euroleague,31.166666666666668,13
euroleague,22.65,13
euroleague,23.483333333333334,0
euroleague,23.866666666666667,9
euroleague,22.583333333333332,12
euroleague,13.55,4
euroleague,38.416666666666664,22
euroleague,34.11666666666667,12
euroleague,33.833333333333336,15
euroleague,31.233333333333334,4
euroleague,29.683333333333334,4
euroleague,26.15,10
euroleague,31.55,4
euroleague,11.85,-3
euroleague,32.75,19
euroleague,31.416666666666668,17
euroleague,25.616666666666667,9
euroleague,27.016666666666666,11
euroleague,24.216666666666665,13
euroleague,23.066666666666666,8
euroleague,22.816666666666666,17
euroleague,26.9,13
euroleague,25.383333333333333,9
euroleague,21.666666666666668,16
euroleague,24.416666666666668,8
euroleague,21.383333333333333,1
euroleague,19.45,-6
euroleague,21.783333333333335,4
euroleague,22.316666666666666,-3
euroleague,24.2,6
euroleague,14.45,11
euroleague,29.35,10
euroleague,28.15,11
euroleague,4.933333333333334,-2
euroleague,16.95,14
euroleague,18.3,-2
euroleague,26.766666666666666,9
euroleague,29.516666666666666,20
euroleague,22.766666666666666,14
euroleague,26.233333333333334,16
euroleague,25.116666666666667,4
euroleague,27.75,1
euroleague,26.783333333333335,16
euroleague,20.95,8
euroleague,19.666666666666668,15
euroleague,25.183333333333334,13
euroleague,20.066666666666666,4
euroleague,21.566666666666666,-11
euroleague,27.433333333333334,-1
euroleague,24.416666666666668,19
euroleague,19.633333333333333,10
euroleague,21.733333333333334,13
euroleague,23.083333333333332,-5
euroleague,27.483333333333334,15
euroleague,16.633333333333333,4
euroleague,10.15,-1
euroleague,19.15,-1
euroleague,13.933333333333334,10
euroleague,12.616666666666667,-1
euroleague,14.7,4
euroleague,20.45,12
euroleague,25.2,12
euroleague,25.783333333333335,19
euroleague,21.3,17
euroleague,25.283333333333335,16
euroleague,19.066666666666666,11
euroleague,29.033333333333335,16
euroleague,22.483333333333334,22
euroleague,5.733333333333333,-5
euroleague,25.666666666666668,7
euroleague,24.516666666666666,21
euroleague,9.166666666666666,9
euroleague,21.233333333333334,10
euroleague,21.966666666666665,21
euroleague,17.583333333333332,3
euroleague,1.2166666666666668,-1
euroleague,0.0,0
euroleague,0.0,0
euroleague,0.0,0
euroleague,21.3,5
euroleague,15.1,-3
euroleague,26.783333333333335,10
euroleague,10.533333333333333,4
euroleague,15.466666666666667,7
euroleague,16.9,12
euroleague,13.683333333333334,9
euroleague,13.4,4
euroleague,12.816666666666666,10
euroleague,27.8,22
euroleague,20.6,6
euroleague,30.65,3
euroleague,23.3,4
euroleague,20.45,6
euroleague,12.533333333333333,4
euroleague,24.85,17
euroleague,20.716666666666665,17
euroleague,17.55,6
euroleague,22.966666666666665,7
euroleague,22.7,7
euroleague,18.733333333333334,6
euroleague,23.933333333333334,8
euroleague,20.933333333333334,0
euroleague,24.1,8
euroleague,24.233333333333334,8
euroleague,21.366666666666667,14
euroleague,18.666666666666668,8
euroleague,19.35,1
euroleague,10.766666666666667,-1
euroleague,16.25,6
euroleague,10.966666666666667,0
euroleague,10.1,4
euroleague,0.0,0
euroleague,1.0333333333333334,0
euroleague,16.133333333333333,4
euroleague,27.85,11
euroleague,10.333333333333334,2
euroleague,8.133333333333333,7
euroleague,1.3333333333333333,-1
euroleague,14.4,5
euroleague,25.266666666666666,9
euroleague,17.65,7
euroleague,22.4,4
euroleague,5.416666666666667,0
euroleague,13.633333333333333,5
euroleague,12.55,6
euroleague,15.216666666666667,-4
euroleague,23.9,-2
euroleague,14.2,9
euroleague,17.2,8
euroleague,7.383333333333334,2
euroleague,26.383333333333333,14
euroleague,17.9,1
euroleague,14.266666666666667,6
euroleague,22.483333333333334,24
euroleague,24.1,11
euroleague,20.6,14
euroleague,0.0,0
euroleague,2.966666666666667,-3
euroleague,21.95,4
euroleague,10.316666666666666,-3
euroleague,10.833333333333334,1
euroleague,16.083333333333332,7
euroleague,22.933333333333334,9
euroleague,26.516666666666666,18
euroleague,21.416666666666668,1
euroleague,9.95,4
euroleague,2.283333333333333,0
euroleague,0.0,0
euroleague,0.0,0
euroleague,6.0,4
euroleague,24.35,11
euroleague,4.75,5
euroleague,5.2,2
euroleague,10.316666666666666,2
euroleague,19.066666666666666,2
euroleague,10.6,0
euroleague,12.183333333333334,-2
euroleague,27.25,11
euroleague,17.05,-6
euroleague,10.7,0
euroleague,13.45,-4
euroleague,24.116666666666667,3
euroleague,5.25,-2
euroleague,0.0,0
euroleague,5.75,-1
euroleague,0.0,0
euroleague,10.4,14
euroleague,16.116666666666667,19
euroleague,5.616666666666667,2
euroleague,16.7,3
euroleague,4.033333333333333,1
euroleague,8.0,6
euroleague,6.316666666666666,5
euroleague,22.333333333333332,6
euroleague,0.0,0
euroleague,11.633333333333333,6
euroleague,25.1,15
euroleague,12.3,3
euroleague,20.333333333333332,29
euroleague,21.65,19
euroleague,19.116666666666667,9
euroleague,0.0,0
euroleague,0.0,0
euroleague,0.0,0
euroleague,0.0,0
euroleague,0.0,0
euroleague,0.0,0
euroleague,2.033333333333333,-1
euroleague,6.616666666666667,-1
euroleague,0.0,0
euroleague,6.483333333333333,-3
euroleague,0.0,0
euroleague,0.0,0
euroleague,7.166666666666667,2
euroleague,0.0,0
euroleague,16.45,15
euroleague,6.133333333333334,1
euroleague,0.0,0
euroleague,7.8,-1
euroleague,0.0,0
euroleague,5.95,4
euroleague,0.0,0
euroleague,8.266666666666667,-2
euroleague,13.816666666666666,11
euroleague,0.0,0
euroleague,22.516666666666666,13
euroleague,18.3,7
euroleague,15.466666666666667,8
euroleague,19.566666666666666,5
euroleague,23.366666666666667,12
euroleague,14.05,-3
euroleague,23.233333333333334,2
euroleague,20.316666666666666,6
euroleague,29.016666666666666,25
euroleague,22.266666666666666,14
euroleague,21.6,15
euroleague,5.833333333333333,0
euroleague,30.75,14
euroleague,27.05,11
euroleague,28.166666666666668,22
euroleague,27.666666666666668,26
euroleague,27.1,8
euroleague,28.133333333333333,19
euroleague,22.266666666666666,20
euroleague,28.766666666666666,14
euroleague,29.6,19
euroleague,23.783333333333335,16
euroleague,0.0,0
euroleague,26.083333333333332,7
euroleague,11.316666666666666,1
euroleague,7.316666666666666,0
euroleague,17.233333333333334,4
euroleague,17.2,-2
euroleague,13.516666666666667,8
euroleague,25.533333333333335,6
euroleague,9.7,0
euroleague,4.75,3
euroleague,20.316666666666666,9
euroleague,11.35,4
euroleague,12.1,3
euroleague,11.366666666666667,3
euroleague,14.766666666666667,3
euroleague,0.8666666666666667,-1
euroleague,1.3833333333333333,-2
euroleague,2.85,1
euroleague,18.783333333333335,6
euroleague,17.6,1
euroleague,19.85,3
euroleague,17.616666666666667,12
euroleague,13.35,-2
euroleague,25.066666666666666,14
euroleague,24.466666666666665,12
euroleague,33.46666666666667,24
euroleague,19.366666666666667,4
euroleague,27.3,27
euroleague,31.95,15
euroleague,23.883333333333333,15
euroleague,22.366666666666667,16
euroleague,21.916666666666668,16
euroleague,24.15,-4
euroleague,21.316666666666666,10
euroleague,8.3,8
euroleague,0.0,0
euroleague,10.0,0
euroleague,0.0,0
euroleague,0.0,0
euroleague,0.0,0
euroleague,1.3,-2
euroleague,3.6833333333333336,3
euroleague,0.0,0
euroleague,0.0,0
euroleague,0.0,0
euroleague,0.0,0
euroleague,0.0,0
euroleague,0.0,0
euroleague,9.9,1
euroleague,0.0,0
euroleague,0.0,0
euroleague,1.3166666666666667,2
euroleague,0.4166666666666667,0
euroleague,9.783333333333333,0
euroleague,0.0,0
euroleague,5.45,1
euroleague,3.25,3
euroleague,0.0,0
euroleague,0.0,0
euroleague,0.0,0
euroleague,0.5166666666666667,0
euroleague,14.083333333333334,9
euroleague,19.383333333333333,4
euroleague,21.933333333333334,11
euroleague,5.95,2
euroleague,17.216666666666665,15
euroleague,20.766666666666666,13
euroleague,0.0,0
euroleague,20.333333333333332,15
euroleague,15.866666666666667,5
euroleague,17.033333333333335,8
euroleague,19.816666666666666,8
euroleague,21.266666666666666,12
euroleague,19.15,4
euroleague,15.7,13
euroleague,0.0,0
euroleague,17.8,11
euroleague,22.2,5
euroleague,27.466666666666665,16
euroleague,17.983333333333334,10
euroleague,20.866666666666667,8
euroleague,30.45,7
euroleague,31.333333333333332,12
euroleague,31.566666666666666,25
euroleague,26.366666666666667,7
euroleague,23.216666666666665,15
euroleague,34.11666666666667,19
euroleague,20.233333333333334,-3
euroleague,26.95,15
euroleague,29.683333333333334,7
euroleague,28.133333333333333,17
euroleague,32.13333333333333,23
euroleague,28.15,15
euroleague,16.583333333333332,1
euroleague,33.6,17
euroleague,27.733333333333334,19
euroleague,26.133333333333333,14
euroleague,29.866666666666667,16
euroleague,28.366666666666667,17
euroleague,19.316666666666666,22
euroleague,21.65,3
euroleague,24.933333333333334,9
euroleague,17.583333333333332,5
euroleague,20.316666666666666,14
euroleague,20.15,-3
euroleague,33.083333333333336,16
euroleague,14.266666666666667,4
euroleague,28.733333333333334,14
euroleague,31.733333333333334,16
euroleague,32.65,22
euroleague,26.183333333333334,15
euroleague,27.166666666666668,16
euroleague,21.4,3
euroleague,27.55,9
euroleague,21.5,20
euroleague,23.133333333333333,12
euroleague,23.233333333333334,10
euroleague,18.35,0
euroleague,18.566666666666666,-2
euroleague,17.9,8
euroleague,14.666666666666666,3
euroleague,18.616666666666667,9
euroleague,24.75,7
euroleague,21.3,17
euroleague,16.033333333333335,-3
euroleague,20.816666666666666,12
euroleague,17.55,0
euroleague,20.9,4
euroleague,11.166666666666666,-2
euroleague,27.366666666666667,8
euroleague,24.183333333333334,3
euroleague,34.333333333333336,13
euroleague,22.833333333333332,11
euroleague,14.6,1
euroleague,23.633333333333333,12
euroleague,20.666666666666668,8
euroleague,20.233333333333334,25
euroleague,18.2,10
euroleague,4.1,-4
euroleague,28.233333333333334,23
euroleague,27.483333333333334,18
euroleague,16.05,1
euroleague,11.333333333333334,2
euroleague,14.8,2
euroleague,15.45,11
euroleague,20.5,7
euroleague,20.05,13
euroleague,24.516666666666666,2
euroleague,17.733333333333334,11
euroleague,17.083333333333332,2
euroleague,18.416666666666668,-1
euroleague,20.183333333333334,18
euroleague,17.583333333333332,5
euroleague,20.7,3
euroleague,20.433333333333334,10
euroleague,17.4,7
euroleague,21.283333333333335,9
euroleague,9.933333333333334,-3
euroleague,12.116666666666667,4
euroleague,10.783333333333333,9
euroleague,9.7,1
euroleague,8.516666666666667,3
euroleague,5.683333333333334,-3
euroleague,8.383333333333333,4
euroleague,20.35,13
euroleague,21.233333333333334,18
euroleague,14.366666666666667,6
euroleague,12.533333333333333,4
euroleague,19.466666666666665,6
euroleague,19.633333333333333,17
euroleague,23.55,20
euroleague,23.233333333333334,14
euroleague,16.216666666666665,3
euroleague,8.183333333333334,0
euroleague,9.35,3
euroleague,19.833333333333332,5
euroleague,7.85,1
euroleague,2.15,-1
euroleague,8.933333333333334,2
euroleague,9.766666666666667,1
euroleague,10.6,-2
euroleague,0.0,0
euroleague,0.0,0
euroleague,16.0,13
euroleague,12.016666666666667,6
euroleague,20.066666666666666,18
euroleague,18.8,15
euroleague,22.133333333333333,8
euroleague,19.45,17
euroleague,24.95,17
euroleague,21.45,10
euroleague,20.766666666666666,14
euroleague,26.433333333333334,23
euroleague,23.6,11
euroleague,25.05,15
euroleague,9.533333333333333,-2
euroleague,19.566666666666666,17
euroleague,23.666666666666668,10
euroleague,24.166666666666668,21
euroleague,19.266666666666666,9
euroleague,12.15,11
euroleague,24.05,24
euroleague,6.833333333333333,0
euroleague,1.0833333333333333,0
euroleague,8.233333333333333,0
euroleague,17.1,5
euroleague,24.466666666666665,14
euroleague,14.433333333333334,13
euroleague,15.65,15
euroleague,12.633333333333333,2
euroleague,8.316666666666666,0
euroleague,20.733333333333334,11
euroleague,16.433333333333334,6
euroleague,26.5,35
euroleague,24.55,15
euroleague,24.95,19
euroleague,29.933333333333334,14
euroleague,18.266666666666666,7
euroleague,20.25,18
euroleague,15.1,6
euroleague,16.266666666666666,9
euroleague,16.633333333333333,13
euroleague,9.566666666666666,0
euroleague,10.933333333333334,-7
euroleague,12.033333333333333,4
euroleague,20.25,13
euroleague,18.9,1
euroleague,4.833333333333333,-2
euroleague,24.3,11
euroleague,17.9,5
euroleague,14.1,10
euroleague,14.533333333333333,14
euroleague,13.55,8
euroleague,0.0,0
euroleague,0.0,0
euroleague,0.0,0
euroleague,5.75,-1
euroleague,0.0,0
euroleague,23.566666666666666,18
euroleague,25.75,14
euroleague,29.266666666666666,17
euroleague,22.866666666666667,18
euroleague,18.116666666666667,10
euroleague,28.4,0
euroleague,32.516666666666666,19
euroleague,19.366666666666667,14
euroleague,29.85,4
euroleague,27.666666666666668,12
euroleague,30.8,27
euroleague,24.7,19
euroleague,18.383333333333333,3
euroleague,23.216666666666665,15
euroleague,20.216666666666665,11
euroleague,22.733333333333334,7
euroleague,0.0,0
euroleague,0.0,0
euroleague,1.2,0
euroleague,5.15,5
euroleague,1.5666666666666667,0
euroleague,0.0,0
euroleague,0.0,0
euroleague,0.0,0
euroleague,0.0,0
euroleague,0.06666666666666667,0
euroleague,2.466666666666667,2
euroleague,1.8833333333333333,0
euroleague,0.0,0
euroleague,16.716666666666665,4
euroleague,10.933333333333334,0
euroleague,13.266666666666667,9
euroleague,7.85,2
euroleague,11.033333333333333,0
euroleague,13.933333333333334,4
euroleague,15.733333333333333,-3
euroleague,16.633333333333333,2
euroleague,5.0,-1
euroleague,0.0,0
euroleague,0.0,0
euroleague,0.0,0
euroleague,0.0,0
euroleague,0.0,0
euroleague,0.0,0
euroleague,14.866666666666667,-2
euroleague,9.783333333333333,2
euroleague,6.966666666666667,-2
euroleague,1.6,1
euroleague,0.0,0
euroleague,0.0,0
euroleague,5.75,-2
euroleague,0.0,0
euroleague,0.0,0
euroleague,0.0,0
euroleague,0.0,0
euroleague,0.0,0
euroleague,26.533333333333335,11
euroleague,28.383333333333333,26
euroleague,21.65,4
euroleague,25.316666666666666,17
euroleague,23.716666666666665,16
euroleague,17.55,-2
euroleague,15.1,-2
euroleague,22.433333333333334,8
euroleague,13.416666666666666,-1
euroleague,20.216666666666665,1
euroleague,20.216666666666665,12
euroleague,18.733333333333334,-1
euroleague,33.35,14
euroleague,21.816666666666666,4
euroleague,12.116666666666667,-6
euroleague,19.833333333333332,7
euroleague,16.816666666666666,5
euroleague,10.883333333333333,3
euroleague,20.883333333333333,13
euroleague,3.3,-2
euroleague,7.166666666666667,4
euroleague,5.85,2
euroleague,3.6666666666666665,-1
euroleague,0.0,0
euroleague,6.766666666666667,2
euroleague,11.866666666666667,-2
euroleague,0.0,0
euroleague,10.983333333333333,4
euroleague,10.3,2
euroleague,6.733333333333333,1
euroleague,2.8333333333333335,1
euroleague,7.35,4
euroleague,3.55,0
euroleague,0.0,0
euroleague,0.0,0
euroleague,2.783333333333333,1
euroleague,0.0,0
euroleague,0.0,0
euroleague,26.383333333333333,21
euroleague,20.833333333333332,17
euroleague,11.566666666666666,7
euroleague,34.46666666666667,16
euroleague,11.75,2
euroleague,13.616666666666667,13
euroleague,16.083333333333332,5
euroleague,12.433333333333334,7
euroleague,19.65,6
euroleague,16.133333333333333,6
euroleague,14.516666666666667,10
euroleague,11.15,3
euroleague,19.733333333333334,7
euroleague,21.666666666666668,15
euroleague,19.833333333333332,15
euroleague,15.45,3
euroleague,21.716666666666665,19
euroleague,20.033333333333335,16
euroleague,14.5,11
euroleague,15.416666666666666,16
euroleague,18.366666666666667,14
euroleague,15.583333333333334,15
euroleague,17.083333333333332,4
euroleague,15.866666666666667,10
euroleague,28.283333333333335,11
euroleague,24.983333333333334,7
euroleague,17.516666666666666,-2
euroleague,19.35,10
euroleague,11.816666666666666,6
euroleague,13.633333333333333,9
euroleague,11.916666666666666,9
euroleague,25.55,16
euroleague,0.0,0
euroleague,2.55,-1
euroleague,6.766666666666667,1
euroleague,9.383333333333333,1
euroleague,21.916666666666668,10
euroleague,19.666666666666668,21
euroleague,24.666666666666668,12
euroleague,13.983333333333333,4
euroleague,22.55,12
euroleague,18.4,5
euroleague,19.283333333333335,8
euroleague,27.283333333333335,4
euroleague,19.183333333333334,8
euroleague,31.6,13
euroleague,24.783333333333335,3
euroleague,30.0,17
euroleague,22.583333333333332,15
euroleague,16.3,6
euroleague,23.5,4
euroleague,28.083333333333332,16
euroleague,22.916666666666668,13
euroleague,28.683333333333334,11
euroleague,25.4,12
euroleague,25.95,19
euroleague,21.983333333333334,1
euroleague,27.133333333333333,2
euroleague,13.45,-6
euroleague,24.483333333333334,-3
euroleague,28.25,4
euroleague,24.95,12
euroleague,24.366666666666667,12
euroleague,21.466666666666665,6
euroleague,18.4,5
euroleague,21.35,-2
euroleague,16.966666666666665,6
euroleague,29.216666666666665,17
euroleague,15.25,7
euroleague,22.866666666666667,21
euroleague,22.75,4
euroleague,21.733333333333334,-3
euroleague,24.833333333333332,7
euroleague,10.983333333333333,-5
euroleague,20.0,3
euroleague,19.0,-2
euroleague,16.333333333333332,-1
euroleague,20.55,5
euroleague,15.183333333333334,0
euroleague,15.15,20
euroleague,23.283333333333335,28
euroleague,13.85,5
euroleague,25.583333333333332,19
euroleague,14.55,9
euroleague,21.133333333333333,3
euroleague,19.866666666666667,5
euroleague,23.05,29
euroleague,18.816666666666666,4
euroleague,22.783333333333335,16
euroleague,28.916666666666668,27
euroleague,27.033333333333335,11
euroleague,31.833333333333332,21
euroleague,31.166666666666668,24
euroleague,26.066666666666666,13
euroleague,24.266666666666666,22
euroleague,23.366666666666667,17
euroleague,24.483333333333334,2
euroleague,25.35,18
euroleague,28.35,12
euroleague,23.45,8
euroleague,24.65,5
euroleague,30.0,5
euroleague,27.4,12
euroleague,28.316666666666666,26
euroleague,28.516666666666666,11
euroleague,34.15,38
euroleague,27.05,19
euroleague,29.766666666666666,11
euroleague,16.016666666666666,2
euroleague,29.1,29
euroleague,25.766666666666666,10
euroleague,22.016666666666666,2
euroleague,24.716666666666665,7
euroleague,23.933333333333334,19
euroleague,29.333333333333332,21
euroleague,29.416666666666668,22
euroleague,24.35,2
euroleague,34.45,14
euroleague,29.45,21
euroleague,31.25,20
euroleague,27.7,4
euroleague,33.766666666666666,35
euroleague,17.816666666666666,6
euroleague,24.966666666666665,20
euroleague,23.233333333333334,17
euroleague,32.333333333333336,15
euroleague,31.783333333333335,18
euroleague,31.7,12
euroleague,27.25,10
euroleague,29.533333333333335,14
euroleague,27.866666666666667,4
euroleague,25.133333333333333,13
euroleague,21.883333333333333,7
euroleague,28.083333333333332,18
euroleague,15.9,2
euroleague,19.45,5
euroleague,25.25,14
euroleague,21.35,0
euroleague,28.266666666666666,8
euroleague,21.483333333333334,1
euroleague,29.166666666666668,-2
euroleague,33.016666666666666,20
euroleague,22.266666666666666,2
euroleague,18.816666666666666,8
euroleague,18.716666666666665,10
euroleague,13.783333333333333,8
euroleague,31.133333333333333,27
euroleague,20.133333333333333,9
euroleague,19.316666666666666,15
euroleague,22.9,8
euroleague,20.916666666666668,14
euroleague,21.283333333333335,15
euroleague,24.216666666666665,15
euroleague,19.783333333333335,7
euroleague,19.783333333333335,18
euroleague,25.7,15
euroleague,17.383333333333333,2
euroleague,19.633333333333333,4
euroleague,20.066666666666666,7
euroleague,30.5,16
euroleague,20.766666666666666,7
euroleague,28.133333333333333,29
euroleague,20.766666666666666,1
euroleague,5.516666666666667,-1
euroleague,14.133333333333333,1
euroleague,0.0,0
euroleague,11.883333333333333,13
euroleague,17.716666666666665,1
euroleague,4.616666666666667,0
euroleague,15.183333333333334,-1
euroleague,0.0,0
euroleague,0.0,0
euroleague,0.0,0
euroleague,17.333333333333332,-4
euroleague,5.0,-3
euroleague,14.383333333333333,8
euroleague,12.166666666666666,-1
euroleague,8.8,-3
euroleague,4.233333333333333,0
euroleague,3.0,-1
euroleague,0.0,0
euroleague,0.0,0
euroleague,1.55,0
euroleague,0.0,0
euroleague,6.25,-1
euroleague,0.3333333333333333,0
euroleague,16.333333333333332,1
euroleague,14.45,0
euroleague,11.733333333333333,6
euroleague,24.233333333333334,9
euroleague,17.733333333333334,10
euroleague,18.4,16
euroleague,35.583333333333336,11
euroleague,15.85,0
euroleague,18.75,1
euroleague,9.3,-2
euroleague,12.95,2
euroleague,11.833333333333334,4
euroleague,7.5,2
euroleague,13.683333333333334,1
euroleague,11.866666666666667,0
euroleague,12.733333333333333,0
euroleague,11.233333333333333,3
euroleague,0.0,0
euroleague,19.933333333333334,4
euroleague,18.5,14
euroleague,34.03333333333333,13
euroleague,23.933333333333334,-3
euroleague,24.716666666666665,11
euroleague,14.733333333333333,0
euroleague,21.066666666666666,19
euroleague,23.2,15
euroleague,29.383333333333333,15
euroleague,26.95,-2
euroleague,5.55,1
euroleague,17.566666666666666,8
euroleague,25.1,12
euroleague,18.15,7
euroleague,11.6,0
euroleague,31.633333333333333,26
euroleague,18.116666666666667,5
euroleague,22.666666666666668,19
euroleague,26.366666666666667,9
euroleague,18.616666666666667,3
euroleague,18.683333333333334,6
euroleague,23.4,8
euroleague,11.45,-4
euroleague,20.55,8
euroleague,21.716666666666665,24
euroleague,29.0,5
euroleague,30.483333333333334,11
euroleague,14.133333333333333,0
euroleague,21.233333333333334,-1
euroleague,25.583333333333332,7
euroleague,21.166666666666668,11
euroleague,16.15,-2
euroleague,0.0,0
euroleague,0.0,0
euroleague,0.0,0
euroleague,0.0,0
euroleague,0.0,0
euroleague,4.9,0
euroleague,6.683333333333334,2
euroleague,9.2,2
euroleague,21.383333333333333,2
euroleague,12.083333333333334,3
euroleague,0.0,0
euroleague,0.0,0
euroleague,2.55,-2
euroleague,4.233333333333333,3
euroleague,0.0,0
euroleague,0.0,0
euroleague,4.1,-1
euroleague,23.9,31
euroleague,15.0,17
euroleague,21.883333333333333,12
euroleague,15.8,-1
euroleague,19.333333333333332,12
euroleague,22.1,12
euroleague,26.316666666666666,17
euroleague,18.2,13
euroleague,21.4,18
euroleague,19.85,15
euroleague,25.083333333333332,13
euroleague,20.366666666666667,-2
euroleague,20.85,12
euroleague,15.85,7
euroleague,18.233333333333334,11
euroleague,0.0,0
euroleague,29.85,12
euroleague,32.833333333333336,9
euroleague,31.8,26
euroleague,36.38333333333333,9
euroleague,29.583333333333332,14
euroleague,24.983333333333334,13
euroleague,18.033333333333335,8
euroleague,27.383333333333333,26
euroleague,27.8,23
euroleague,17.133333333333333,13
euroleague,19.316666666666666,20
euroleague,29.166666666666668,26
euroleague,28.633333333333333,26
euroleague,29.466666666666665,31
euroleague,28.283333333333335,33
euroleague,27.733333333333334,22
euroleague,15.716666666666667,14
euroleague,25.416666666666668,12
euroleague,26.75,29
euroleague,14.916666666666666,11
euroleague,15.316666666666666,6
euroleague,17.9,12
euroleague,9.733333333333333,1
euroleague,14.766666666666667,15
euroleague,9.966666666666667,-3
euroleague,12.866666666666667,0
euroleague,15.033333333333333,1
euroleague,11.75,-2
euroleague,14.483333333333333,1
euroleague,13.866666666666667,14
euroleague,12.016666666666667,12
euroleague,14.55,-1
euroleague,15.166666666666666,26
euroleague,15.666666666666666,11
euroleague,17.383333333333333,15
euroleague,12.933333333333334,7
euroleague,18.366666666666667,12
euroleague,33.28333333333333,13
euroleague,30.666666666666668,6
euroleague,29.983333333333334,25
euroleague,34.11666666666667,26
euroleague,35.53333333333333,21
euroleague,29.216666666666665,19
euroleague,31.583333333333332,14
euroleague,35.766666666666666,14
euroleague,33.75,20
euroleague,33.43333333333333,25
euroleague,32.43333333333333,35
euroleague,32.9,21
euroleague,27.666666666666668,30
euroleague,29.083333333333332,3
euroleague,33.016666666666666,16
euroleague,34.68333333333333,22
euroleague,30.3,14
euroleague,30.983333333333334,33
euroleague,26.9,19
euroleague,24.183333333333334,-7
euroleague,24.3,-2
euroleague,34.483333333333334,23
euroleague,32.36666666666667,24
euroleague,28.85,12
euroleague,26.516666666666666,3
euroleague,34.166666666666664,12
euroleague,25.8,8
euroleague,30.666666666666668,17
euroleague,23.4,-4
euroleague,28.833333333333332,5
euroleague,27.533333333333335,12
euroleague,31.766666666666666,19
euroleague,33.13333333333333,22
euroleague,36.31666666666667,12
euroleague,34.016666666666666,15
euroleague,24.2,10
euroleague,20.183333333333334,8
euroleague,32.96666666666667,3
euroleague,32.333333333333336,4
euroleague,27.316666666666666,23
euroleague,34.18333333333333,15
euroleague,28.466666666666665,18
euroleague,38.4,14
euroleague,31.433333333333334,6
euroleague,28.333333333333332,7
euroleague,27.333333333333332,8
euroleague,32.766666666666666,13
euroleague,22.166666666666668,3
euroleague,33.2,11
euroleague,30.35,8
euroleague,32.31666666666667,23
euroleague,25.833333333333332,8
euroleague,33.78333333333333,25
euroleague,24.183333333333334,4
euroleague,25.133333333333333,12
euroleague,36.75,20
euroleague,30.866666666666667,14
euroleague,30.583333333333332,23
euroleague,38.983333333333334,27
euroleague,22.416666666666668,15
euroleague,28.0,-1
euroleague,24.883333333333333,15
euroleague,29.416666666666668,18
euroleague,33.333333333333336,8
euroleague,30.683333333333334,16
euroleague,25.433333333333334,20
euroleague,28.7,17
euroleague,26.516666666666666,-1
euroleague,17.85,13
euroleague,21.45,3
euroleague,26.016666666666666,3
euroleague,17.35,1
euroleague,25.383333333333333,13
euroleague,22.6,13
euroleague,14.666666666666666,4
euroleague,0.0,0
euroleague,0.0,0
euroleague,0.0,0
euroleague,0.0,0
euroleague,2.5666666666666664,-2
euroleague,3.9,3
euroleague,0.0,0
euroleague,0.0,0
euroleague,0.0,0
euroleague,7.883333333333333,0
euroleague,2.4333333333333336,-1
euroleague,0.0,0
euroleague,24.15,4
euroleague,0.0,0
euroleague,0.0,0
euroleague,0.0,0
euroleague,5.0,3
euroleague,0.0,0
euroleague,10.4,8
euroleague,18.9,-1
euroleague,23.183333333333334,4
euroleague,22.016666666666666,11
euroleague,31.05,19
euroleague,27.766666666666666,7
euroleague,25.55,7
euroleague,20.133333333333333,22
euroleague,26.416666666666668,7
euroleague,20.183333333333334,14
euroleague,15.35,-4
euroleague,0.35,3
euroleague,10.25,5
euroleague,24.383333333333333,11
euroleague,10.233333333333333,8
euroleague,0.0,0
euroleague,11.1,6
euroleague,2.5166666666666666,-1
euroleague,5.783333333333333,-1
euroleague,2.55,-1
euroleague,0.36666666666666664,-1
euroleague,0.0,0
euroleague,0.1,0
euroleague,6.133333333333334,0
euroleague,11.066666666666666,9
euroleague,5.366666666666666,5
euroleague,11.2,1
euroleague,15.666666666666666,8
euroleague,4.05,-1
euroleague,17.166666666666668,1
euroleague,22.216666666666665,8
euroleague,31.6,27
euroleague,25.133333333333333,21
euroleague,14.316666666666666,11
euroleague,23.916666666666668,23
euroleague,29.366666666666667,29
euroleague,30.583333333333332,22
euroleague,25.05,20
euroleague,19.583333333333332,9
euroleague,24.366666666666667,29
euroleague,34.0,18
euroleague,28.75,16
euroleague,14.883333333333333,14
euroleague,14.633333333333333,8
euroleague,6.766666666666667,3
euroleague,13.216666666666667,10
euroleague,9.366666666666667,4
euroleague,21.483333333333334,25
euroleague,18.9,9
euroleague,26.416666666666668,6
euroleague,15.733333333333333,1
euroleague,20.583333333333332,2
euroleague,21.883333333333333,16
euroleague,18.6,1
euroleague,27.816666666666666,16
euroleague,32.53333333333333,12
euroleague,23.116666666666667,16
euroleague,26.466666666666665,21
euroleague,24.95,15
euroleague,25.116666666666667,15
euroleague,27.733333333333334,8
euroleague,21.65,7
euroleague,19.033333333333335,-2
euroleague,27.966666666666665,3
euroleague,6.883333333333333,-1
euroleague,12.483333333333333,-3
euroleague,15.866666666666667,5
euroleague,24.366666666666667,15
euroleague,21.15,11
euroleague,22.1,8
euroleague,17.633333333333333,-1
euroleague,17.6,7
euroleague,20.65,16
euroleague,16.716666666666665,5
euroleague,19.383333333333333,11
euroleague,7.533333333333333,2
euroleague,23.1,22
euroleague,19.583333333333332,19
euroleague,21.366666666666667,7
euroleague,8.4,6
euroleague,18.833333333333332,14
euroleague,13.033333333333333,0
euroleague,16.516666666666666,4
euroleague,19.716666666666665,11
euroleague,29.2,7
euroleague,18.5,12
euroleague,16.016666666666666,6
euroleague,20.866666666666667,8
euroleague,16.916666666666668,6
euroleague,10.533333333333333,0
euroleague,22.3,15
euroleague,24.85,15
euroleague,27.333333333333332,15
euroleague,24.233333333333334,14
euroleague,17.583333333333332,19
euroleague,18.716666666666665,17
euroleague,17.1,8
euroleague,19.95,15
euroleague,27.1,17
euroleague,15.1,12
euroleague,19.55,9
euroleague,17.65,11
euroleague,28.1,16
euroleague,26.05,25
euroleague,20.733333333333334,9
euroleague,18.466666666666665,6
euroleague,20.016666666666666,18
euroleague,17.266666666666666,9
euroleague,15.966666666666667,9
euroleague,12.45,2
euroleague,20.616666666666667,9
euroleague,16.566666666666666,4
euroleague,15.633333333333333,17
euroleague,24.466666666666665,19
euroleague,10.616666666666667,0
euroleague,23.65,21
euroleague,21.566666666666666,22
euroleague,22.916666666666668,20
euroleague,19.9,6
euroleague,26.65,1
euroleague,19.466666666666665,6
euroleague,11.016666666666667,-3
euroleague,21.116666666666667,-1
euroleague,29.15,4
euroleague,25.333333333333332,6
euroleague,25.566666666666666,11
euroleague,27.583333333333332,4
euroleague,23.466666666666665,7
euroleague,29.7,15
euroleague,29.45,-1
euroleague,15.583333333333334,6
euroleague,20.583333333333332,8
euroleague,17.2,12
euroleague,25.333333333333332,9
euroleague,21.25,8
euroleague,26.0,1
euroleague,16.466666666666665,7
euroleague,23.6,1
euroleague,24.633333333333333,6
euroleague,31.783333333333335,9
euroleague,16.2,5
euroleague,21.3,5
euroleague,15.633333333333333,5
euroleague,9.8,-1
euroleague,21.05,-3
euroleague,20.45,7
euroleague,26.533333333333335,4
euroleague,31.183333333333334,17
euroleague,23.3,10
euroleague,33.75,24
euroleague,29.916666666666668,-4
euroleague,24.2,8
euroleague,42.1,17
euroleague,23.933333333333334,4
euroleague,32.65,11
euroleague,26.8,15
euroleague,35.25,22
euroleague,17.1,3
euroleague,30.733333333333334,7
euroleague,30.0,18
euroleague,17.2,5
euroleague,20.916666666666668,0
euroleague,27.35,26
euroleague,29.8,25
euroleague,29.8,12
euroleague,30.666666666666668,12
euroleague,19.016666666666666,1
euroleague,25.65,31
euroleague,29.0,12
euroleague,29.533333333333335,18
euroleague,27.3,9
euroleague,19.733333333333334,7
euroleague,17.866666666666667,5
euroleague,28.75,4
euroleague,30.766666666666666,16
euroleague,26.85,12
euroleague,28.833333333333332,16
euroleague,19.5,2
euroleague,12.65,7
euroleague,23.933333333333334,8
euroleague,23.666666666666668,6
euroleague,24.75,15
euroleague,16.716666666666665,21
euroleague,19.333333333333332,15
euroleague,20.866666666666667,4
euroleague,23.866666666666667,14
euroleague,18.866666666666667,9
euroleague,22.15,6
euroleague,16.95,3
euroleague,16.616666666666667,4
euroleague,26.433333333333334,14
euroleague,18.166666666666668,13
euroleague,32.11666666666667,16
euroleague,24.65,6
euroleague,17.05,3
euroleague,11.683333333333334,-1
euroleague,29.0,28
euroleague,34.85,16
euroleague,29.116666666666667,14
euroleague,15.233333333333333,15
euroleague,18.35,5
euroleague,19.95,8
euroleague,15.733333333333333,-2
euroleague,28.1,19
euroleague,21.966666666666665,12
euroleague,17.966666666666665,1
euroleague,14.266666666666667,0
euroleague,19.333333333333332,11
euroleague,19.433333333333334,19
euroleague,20.666666666666668,-1
euroleague,23.916666666666668,7
euroleague,28.083333333333332,10
euroleague,22.75,0
euroleague,29.083333333333332,13
euroleague,17.983333333333334,-1
euroleague,28.95,5
euroleague,22.166666666666668,2
euroleague,27.516666666666666,7
euroleague,27.85,21
euroleague,18.766666666666666,6
euroleague,24.15,3
euroleague,16.55,9
euroleague,28.333333333333332,15
euroleague,23.716666666666665,11
euroleague,20.333333333333332,9
euroleague,30.933333333333334,12
euroleague,34.8,19
euroleague,28.75,22
euroleague,27.216666666666665,13
euroleague,17.533333333333335,4
euroleague,26.233333333333334,9
euroleague,26.083333333333332,20
euroleague,24.0,9
euroleague,20.916666666666668,5
euroleague,19.416666666666668,14
euroleague,19.633333333333333,5
euroleague,23.35,15
euroleague,23.65,0
euroleague,19.0,-2
euroleague,16.166666666666668,10
euroleague,22.016666666666666,11
euroleague,13.133333333333333,5
euroleague,18.8,7
euroleague,14.05,7
euroleague,4.533333333333333,1
euroleague,18.516666666666666,11
euroleague,20.083333333333332,12
euroleague,21.816666666666666,15
euroleague,11.8,-1
euroleague,12.983333333333333,7
euroleague,16.766666666666666,1
euroleague,18.416666666666668,4
euroleague,18.8,9
euroleague,21.283333333333335,10
euroleague,21.2,9
euroleague,13.45,3
euroleague,13.633333333333333,8
euroleague,15.733333333333333,4
euroleague,11.45,1
euroleague,27.85,19
euroleague,23.65,2
euroleague,2.283333333333333,-4
euroleague,11.95,6
euroleague,11.25,6
euroleague,13.266666666666667,2
euroleague,1.3,-3
euroleague,23.45,10
euroleague,26.95,14
euroleague,24.9,16
euroleague,29.666666666666668,18
euroleague,15.35,6
euroleague,0.0,0
euroleague,30.466666666666665,3
euroleague,21.75,7
euroleague,26.083333333333332,-1
euroleague,18.2,1
euroleague,24.633333333333333,5
euroleague,27.683333333333334,4
euroleague,20.266666666666666,14
euroleague,23.35,6
euroleague,27.233333333333334,16
euroleague,25.2,16
euroleague,30.833333333333332,21
euroleague,25.616666666666667,12
euroleague,22.683333333333334,2
euroleague,30.633333333333333,13
euroleague,30.366666666666667,15
euroleague,24.616666666666667,7
euroleague,22.766666666666666,-2
euroleague,19.916666666666668,4
euroleague,21.666666666666668,7
euroleague,0.0,0
euroleague,0.0,0
euroleague,6.816666666666666,-2
euroleague,0.0,0
euroleague,1.5833333333333335,0
euroleague,0.0,0
euroleague,4.733333333333333,6
euroleague,6.95,-1
euroleague,11.566666666666666,6
euroleague,13.566666666666666,1
euroleague,19.266666666666666,1
euroleague,7.883333333333333,4
euroleague,5.916666666666667,-1
euroleague,11.6,10
euroleague,14.433333333333334,-1
euroleague,5.166666666666667,-3
euroleague,10.883333333333333,1
euroleague,21.116666666666667,9
euroleague,4.733333333333333,0
euroleague,0.0,0
euroleague,0.18333333333333332,-1
euroleague,2.8833333333333333,3
euroleague,11.083333333333334,0
euroleague,0.0,0
euroleague,0.0,0
euroleague,4.85,3
euroleague,0.0,0
euroleague,6.233333333333333,4
euroleague,0.0,0
euroleague,0.0,0
euroleague,0.0,0
euroleague,0.0,0
euroleague,1.1333333333333333,0
euroleague,14.783333333333333,4
euroleague,5.483333333333333,-1
euroleague,5.6,2
euroleague,21.883333333333333,13
euroleague,5.366666666666666,8
euroleague,18.25,8
euroleague,11.5,2
euroleague,9.383333333333333,6
euroleague,13.016666666666667,5
euroleague,20.75,8
euroleague,18.6,11
euroleague,19.916666666666668,8
euroleague,11.5,-3
euroleague,12.933333333333334,17
euroleague,0.0,0
euroleague,24.15,17
euroleague,20.2,22
euroleague,22.066666666666666,10
euroleague,17.416666666666668,8
euroleague,15.55,0
euroleague,22.016666666666666,20
euroleague,12.816666666666666,0
euroleague,23.0,8
euroleague,8.133333333333333,6
euroleague,14.916666666666666,4
euroleague,17.233333333333334,12
euroleague,26.883333333333333,16
euroleague,8.116666666666667,5
euroleague,8.916666666666666,2
euroleague,19.116666666666667,6
euroleague,9.833333333333334,4
euroleague,15.85,-2
euroleague,27.116666666666667,18
euroleague,9.233333333333333,-4
euroleague,11.05,-3
euroleague,8.116666666666667,1
euroleague,13.2,2
euroleague,5.616666666666667,-1
euroleague,9.133333333333333,6
euroleague,23.9,14
euroleague,22.6,10
euroleague,18.716666666666665,15
euroleague,29.0,7
euroleague,26.05,11
euroleague,24.316666666666666,22
euroleague,23.616666666666667,20
euroleague,22.283333333333335,13
euroleague,12.933333333333334,2
euroleague,22.733333333333334,9
euroleague,20.75,10
euroleague,19.05,13
euroleague,11.85,11
euroleague,22.316666666666666,11
euroleague,16.183333333333334,10
euroleague,16.133333333333333,6
euroleague,15.916666666666666,8
euroleague,16.766666666666666,11
euroleague,17.9,12
euroleague,31.816666666666666,19
euroleague,9.133333333333333,3
euroleague,9.583333333333334,7
euroleague,10.45,-1
euroleague,10.266666666666667,-4
euroleague,33.55,15
euroleague,27.5,12
euroleague,19.933333333333334,5
euroleague,23.433333333333334,4
euroleague,28.9,16
euroleague,17.7,18
euroleague,23.95,7
euroleague,25.216666666666665,6
euroleague,31.833333333333332,32
euroleague,29.816666666666666,7
euroleague,28.966666666666665,19
euroleague,24.65,13
euroleague,32.7,18
euroleague,29.8,10
euroleague,28.283333333333335,18
euroleague,27.416666666666668,11
euroleague,30.433333333333334,8
euroleague,28.183333333333334,14
euroleague,13.916666666666666,0
euroleague,8.066666666666666,-6
euroleague,14.25,3
euroleague,9.333333333333334,2
euroleague,5.916666666666667,9
euroleague,14.266666666666667,9
euroleague,13.516666666666667,1
euroleague,16.5,9
euroleague,16.633333333333333,14
euroleague,13.983333333333333,5
euroleague,6.2,-3
euroleague,9.8,-1
euroleague,7.466666666666667,1
euroleague,6.7,-3
euroleague,2.1166666666666667,-1
euroleague,0.0,0
euroleague,0.0,0
euroleague,10.266666666666667,1
euroleague,11.55,-2
euroleague,18.716666666666665,5
euroleague,27.066666666666666,9
euroleague,24.9,12
euroleague,20.366666666666667,-1
euroleague,30.583333333333332,12
euroleague,16.616666666666667,1
euroleague,25.033333333333335,11
euroleague,24.7,7
euroleague,19.35,0
euroleague,17.816666666666666,9
euroleague,18.55,6
euroleague,16.45,-1
euroleague,28.333333333333332,8
euroleague,30.466666666666665,18
euroleague,25.533333333333335,14
euroleague,30.266666666666666,8
euroleague,29.033333333333335,20
euroleague,30.833333333333332,19
euroleague,13.883333333333333,6
euroleague,29.95,18
euroleague,28.933333333333334,14
euroleague,31.633333333333333,23
euroleague,23.166666666666668,17
euroleague,35.233333333333334,7
euroleague,38.13333333333333,30
euroleague,29.75,13
euroleague,36.0,22
euroleague,30.9,13
euroleague,34.53333333333333,29
euroleague,26.316666666666666,24
euroleague,34.71666666666667,27
euroleague,22.216666666666665,9
euroleague,19.0,12
euroleague,26.65,14
euroleague,25.483333333333334,14
euroleague,8.95,-2
euroleague,10.066666666666666,6
euroleague,3.9833333333333334,1
euroleague,16.7,10
euroleague,6.75,1
euroleague,0.0,0
euroleague,17.166666666666668,13
euroleague,17.616666666666667,7
euroleague,14.983333333333333,5
euroleague,5.2,5
euroleague,0.0,0
euroleague,16.916666666666668,4
euroleague,5.4,1
euroleague,0.0,0
euroleague,4.066666666666666,-2
euroleague,9.316666666666666,0
euroleague,7.383333333333334,3
euroleague,8.083333333333334,-1
euroleague,8.8,4
euroleague,4.816666666666666,2
euroleague,5.833333333333333,4
euroleague,0.0,0
euroleague,5.7,0
euroleague,19.1,12
euroleague,16.033333333333335,3
euroleague,4.833333333333333,1
euroleague,2.3,-2
euroleague,3.9166666666666665,-3
euroleague,8.283333333333333,-1
euroleague,7.333333333333333,2
euroleague,3.4333333333333336,-1
euroleague,13.166666666666666,8
euroleague,10.066666666666666,7
euroleague,0.0,0
euroleague,0.0,0
euroleague,0.0,0
euroleague,4.033333333333333,2
euroleague,0.0,0
euroleague,3.05,1
euroleague,0.0,0
euroleague,5.883333333333333,2
euroleague,0.0,0
euroleague,22.816666666666666,5
euroleague,0.0,0
euroleague,3.7666666666666666,3
euroleague,17.833333333333332,5
euroleague,18.55,8
euroleague,22.95,5
euroleague,30.133333333333333,15
euroleague,28.45,5
euroleague,22.666666666666668,-2
euroleague,11.266666666666667,-1
euroleague,15.1,4
euroleague,13.866666666666667,0
euroleague,19.416666666666668,10
euroleague,23.383333333333333,15
euroleague,18.033333333333335,3
euroleague,18.333333333333332,8
euroleague,20.683333333333334,12
euroleague,22.183333333333334,3
euroleague,15.6,4
euroleague,29.2,17
euroleague,25.733333333333334,8
euroleague,17.783333333333335,-1
euroleague,13.466666666666667,5
euroleague,10.3,1
euroleague,21.783333333333335,20
euroleague,16.65,1
euroleague,27.366666666666667,26
euroleague,31.566666666666666,21
euroleague,19.266666666666666,8
euroleague,23.566666666666666,18
euroleague,13.5,4
euroleague,15.45,6
euroleague,15.05,4
euroleague,10.066666666666666,7
euroleague,20.75,16
euroleague,13.966666666666667,23
euroleague,20.95,8
euroleague,19.183333333333334,7
euroleague,7.483333333333333,-1
euroleague,6.233333333333333,-3
euroleague,19.883333333333333,-1
euroleague,5.4,3
euroleague,23.2,14
euroleague,22.916666666666668,12
euroleague,19.083333333333332,9
euroleague,2.3833333333333333,-2
euroleague,25.4,13
euroleague,7.333333333333333,1
euroleague,28.65,12
euroleague,14.416666666666666,2
euroleague,0.0,0
euroleague,19.666666666666668,9
euroleague,3.716666666666667,-1
euroleague,9.7,4
euroleague,13.966666666666667,11
euroleague,3.25,-1
euroleague,4.583333333333333,-2
euroleague,8.483333333333333,4
euroleague,16.233333333333334,3
euroleague,5.916666666666667,10
euroleague,11.7,10
euroleague,7.55,5
euroleague,4.883333333333333,-3
euroleague,10.433333333333334,5
euroleague,3.7333333333333334,-1
euroleague,5.283333333333333,1
euroleague,8.383333333333333,-1
euroleague,17.733333333333334,8
euroleague,9.916666666666666,3
euroleague,7.5,8
euroleague,9.316666666666666,10
euroleague,1.95,-2
euroleague,19.016666666666666,7
euroleague,0.0,0
euroleague,0.0,0
euroleague,17.85,11
euroleague,12.566666666666666,6
euroleague,13.15,8
euroleague,22.166666666666668,4
euroleague,18.266666666666666,1
euroleague,25.033333333333335,12
euroleague,23.366666666666667,22
euroleague,25.1,14
euroleague,20.716666666666665,9
euroleague,19.733333333333334,9
euroleague,25.7,4
euroleague,23.716666666666665,3
euroleague,18.25,11
euroleague,10.7,4
euroleague,25.166666666666668,22
euroleague,31.5,6
euroleague,25.2,13
euroleague,33.31666666666667,20
euroleague,36.083333333333336,20
euroleague,31.5,14
euroleague,30.533333333333335,20
euroleague,30.466666666666665,11
euroleague,37.516666666666666,9
euroleague,31.233333333333334,19
euroleague,33.03333333333333,11
euroleague,29.233333333333334,15
euroleague,33.5,22
euroleague,23.533333333333335,17
euroleague,23.583333333333332,7
euroleague,30.333333333333332,23
euroleague,29.95,24
euroleague,11.25,-4
euroleague,17.066666666666666,-1
euroleague,33.68333333333333,31
euroleague,13.616666666666667,-2
euroleague,18.616666666666667,-1
euroleague,17.383333333333333,6
euroleague,14.216666666666667,9
euroleague,23.216666666666665,14
euroleague,26.85,20
euroleague,28.633333333333333,16
euroleague,15.383333333333333,-3
euroleague,14.233333333333333,9
euroleague,14.7,6
euroleague,27.583333333333332,7
euroleague,19.516666666666666,6
euroleague,24.366666666666667,9
euroleague,28.666666666666668,-1
euroleague,25.266666666666666,14
euroleague,21.9,4
euroleague,27.483333333333334,9
euroleague,22.616666666666667,12
euroleague,16.15,4
euroleague,28.15,10
euroleague,25.05,7
euroleague,27.766666666666666,25
euroleague,24.266666666666666,17
euroleague,2.6333333333333333,-2
euroleague,6.6,-2
euroleague,3.183333333333333,0
euroleague,7.3,2
euroleague,14.3,1
euroleague,11.95,8
euroleague,18.0,11
euroleague,15.283333333333333,5
euroleague,5.683333333333334,-2
euroleague,16.4,11
euroleague,7.166666666666667,0
euroleague,5.8,5
euroleague,13.5,10
euroleague,23.766666666666666,20
euroleague,21.166666666666668,6
euroleague,22.633333333333333,5
euroleague,30.3,25
euroleague,22.883333333333333,12
euroleague,19.583333333333332,-4
euroleague,28.75,17
euroleague,20.233333333333334,4
euroleague,35.56666666666667,23
euroleague,32.13333333333333,21
euroleague,29.116666666666667,2
euroleague,22.716666666666665,1
euroleague,34.166666666666664,19
euroleague,26.783333333333335,-1
euroleague,25.633333333333333,11
euroleague,20.983333333333334,12
euroleague,0.0,0
euroleague,0.26666666666666666,-1
euroleague,1.9833333333333334,3
euroleague,0.0,0
euroleague,8.0,2
euroleague,4.366666666666666,0
euroleague,8.216666666666667,4
euroleague,19.85,12
euroleague,10.016666666666667,2
euroleague,11.2,9
euroleague,13.766666666666667,2
euroleague,8.716666666666667,1
euroleague,0.1,0
euroleague,13.2,2
euroleague,3.35,1
euroleague,8.8,-1
euroleague,4.05,2
euroleague,0.0,0
euroleague,5.616666666666667,-2
euroleague,0.0,0
euroleague,0.26666666666666666,0
euroleague,11.733333333333333,-3
euroleague,0.0,0
euroleague,0.0,0
euroleague,0.45,0
euroleague,0.0,0
euroleague,3.033333333333333,0
euroleague,7.133333333333334,3
euroleague,0.0,0
euroleague,1.5166666666666666,0
euroleague,28.666666666666668,18
euroleague,16.65,-3
euroleague,21.116666666666667,9
euroleague,23.933333333333334,7
euroleague,24.75,6
euroleague,18.966666666666665,4
euroleague,24.933333333333334,4
euroleague,26.8,6
euroleague,22.216666666666665,5
euroleague,26.866666666666667,7
euroleague,26.15,10
euroleague,26.95,5
euroleague,25.833333333333332,-1
euroleague,27.316666666666666,5
euroleague,26.333333333333332,6
euroleague,18.233333333333334,11
euroleague,13.316666666666666,1
euroleague,0.0,0
euroleague,1.05,-1
euroleague,0.0,0
euroleague,10.0,2
euroleague,0.0,0
euroleague,6.933333333333334,-2
euroleague,2.6,2
euroleague,0.0,0
euroleague,0.0,0
euroleague,15.05,5
euroleague,5.066666666666666,1
euroleague,5.95,3
euroleague,0.0,0
euroleague,20.366666666666667,9
euroleague,6.75,3
euroleague,9.2,-1
euroleague,0.36666666666666664,0
euroleague,16.983333333333334,6
euroleague,6.116666666666666,-1
euroleague,6.883333333333333,3
euroleague,0.0,0
euroleague,10.216666666666667,1
euroleague,11.983333333333333,4
euroleague,17.116666666666667,2
euroleague,5.2,0
euroleague,0.0,0
euroleague,23.9,18
euroleague,0.0,0
euroleague,12.35,5
euroleague,8.666666666666666,-1
euroleague,9.183333333333334,-1
euroleague,3.0,0
