Number,GS,Player,MP,PTS,TwoP,TwoPA,TwoPPerc,ThreeP,ThreePA,ThreePPerc,FT,FTA,FTPerc,TRB,DRB,ORB,AST,STL,TOV,Counteratt,BLKfv,BLKag,Dunks,PF,PFrv,PlusMinus,PIR,Season,Type_season,Day,Date,Game,GameRes,Team,GameID,Website,CombinID,competition,MP_min,match_id,player_name_norm,player_id
0,0,Equipo,0,0,0,0,0.0,0,0,0.0,0,0,0.0,1,0,1,0,0,0,0,0,0,0,0,0,0,1,2017-2018,Regular Season,1,2017-10-01,real madrid - morabanc andorra,94 - 88,0,1,http://www.acb.com/fichas/LACB62001.php,,acb,0.0,2017-10-01||real madrid - morabanc andorra,equipo,equipo||acb
0,0,Equipo,0,0,0,0,0.0,0,0,0.0,0,0,0.0,3,1,2,0,0,0,0,0,0,0,0,0,0,3,2017-2018,Regular Season,1,2017-10-01,real madrid - morabanc andorra,94 - 88,0,1,http://www.acb.com/fichas/LACB62001.php,,acb,0.0,2017-10-01||real madrid - morabanc andorra,equipo,equipo||acb
0,0,Equipo,0,0,0,0,0.0,0,0,0.0,0,0,0.0,2,2,0,0,0,0,0,0,0,0,0,0,0,2,2017-2018,Regular Season,1,2017-10-01,herbalife gran canaria - gipuzkoa basket,84 - 76,0,2,http://www.acb.com/fichas/LACB62002.php,,acb,0.0,2017-10-01||herbalife gran canaria - gipuzkoa basket,equipo,equipo||acb
0,0,Equipo,0,0,0,0,0.0,0,0,0.0,0,0,0.0,6,2,4,0,0,0,0,0,0,0,0,0,0,6,2017-2018,Regular Season,1,2017-10-01,herbalife gran canaria - gipuzkoa basket,84 - 76,0,2,http://www.acb.com/fichas/LACB62002.php,,acb,0.0,2017-10-01||herbalife gran canaria - gipuzkoa basket,equipo,equipo||acb
0,0,Equipo,0,0,0,0,0.0,0,0,0.0,0,0,0.0,1,1,0,0,0,0,0,0,0,0,0,0,0,1,2017-2018,Regular Season,1,2017-09-30,monbus obradoiro - tecnyconta zaragoza,80 - 74,0,3,http://www.acb.com/fichas/LACB62003.php,,acb,0.0,2017-09-30||monbus obradoiro - tecnyconta zaragoza,equipo,equipo||acb
0,0,Equipo,0,0,0,0,0.0,0,0,0.0,0,0,0.0,4,2,2,0,0,0,0,0,0,0,0,0,0,4,2017-2018,Regular Season,1,2017-09-30,monbus obradoiro - tecnyconta zaragoza,80 - 74,0,3,http://www.acb.com/fichas/LACB62003.php,,acb,0.0,2017-09-30||monbus obradoiro - tecnyconta zaragoza,equipo,equipo||acb
0,0,Equipo,0,0,0,0,0.0,0,0,0.0,0,0,0.0,3,3,0,0,0,0,0,0,0,0,0,0,0,3,2017-2018,Regular Season,1,2017-10-01,real betis energia plus - valencia basket,80 - 90,0,4,http://www.acb.com/fichas/LACB62004.php,,acb,0.0,2017-10-01||real betis energia plus - valencia basket,equipo,equipo||acb
0,0,Equipo,0,0,0,0,0.0,0,0,0.0,0,0,0.0,5,4,1,0,0,0,0,0,0,0,0,0,0,5,2017-2018,Regular Season,1,2017-10-01,real betis energia plus - valencia basket,80 - 90,0,4,http://www.acb.com/fichas/LACB62004.php,,acb,0.0,2017-10-01||real betis energia plus - valencia basket,equipo,equipo||acb
0,0,Equipo,0,0,0,0,0.0,0,0,0.0,0,0,0.0,1,0,1,0,0,0,0,0,0,0,0,0,0,1,2017-2018,Regular Season,1,2017-09-29,fc barcelona lassa - baskonia,87 - 82,0,5,http://www.acb.com/fichas/LACB62005.php,,acb,0.0,2017-09-29||fc barcelona lassa - baskonia,equipo,equipo||acb
0,0,Equipo,0,0,0,0,0.0,0,0,0.0,0,0,0.0,8,6,2,0,0,0,0,0,0,0,0,0,0,8,2017-2018,Regular Season,1,2017-09-29,fc barcelona lassa - baskonia,87 - 82,0,5,http://www.acb.com/fichas/LACB62005.php,,acb,0.0,2017-09-29||fc barcelona lassa - baskonia,equipo,equipo||acb
0,0,Equipo,0,0,0,0,0.0,0,0,0.0,0,0,0.0,0,0,0,0,0,0,0,0,0,0,0,0,0,0,2017-2018,Regular Season,1,2017-10-01,ucam murcia - unicaja,64 - 74,0,6,http://www.acb.com/fichas/LACB62006.php,,acb,0.0,2017-10-01||ucam murcia - unicaja,equipo,equipo||acb
0,0,Equipo,0,0,0,0,0.0,0,0,0.0,0,0,0.0,1,0,1,0,0,1,0,0,0,0,0,0,0,0,2017-2018,Regular Season,1,2017-10-01,ucam murcia - unicaja,64 - 74,0,6,http://www.acb.com/fichas/LACB62006.php,,acb,0.0,2017-10-01||ucam murcia - unicaja,equipo,equipo||acb
0,0,Equipo,0,0,0,0,0.0,0,0,0.0,0,0,0.0,2,2,0,0,0,1,0,0,0,0,0,0,0,1,2017-2018,Regular Season,1,2017-09-30,montakit fuenlabrada - retabet bilbao basket,82 - 68,0,7,http://www.acb.com/fichas/LACB62007.php,,acb,0.0,2017-09-30||montakit fuenlabrada - retabet bilbao basket,equipo,equipo||acb
0,0,Equipo,0,0,0,0,0.0,0,0,0.0,0,0,0.0,3,1,2,0,0,2,0,0,0,0,0,0,0,1,2017-2018,Regular Season,1,2017-09-30,montakit fuenlabrada - retabet bilbao basket,82 - 68,0,7,http://www.acb.com/fichas/LACB62007.php,,acb,0.0,2017-09-30||montakit fuenlabrada - retabet bilbao basket,equipo,equipo||acb
0,0,Equipo,0,0,0,0,0.0,0,0,0.0,0,0,0.0,2,1,1,0,0,1,0,0,0,0,0,0,0,1,2017-2018,Regular Season,1,2017-10-01,san pablo burgos - iberostar tenerife,65 - 81,0,8,http://www.acb.com/fichas/LACB62008.php,,acb,0.0,2017-10-01||san pablo burgos - iberostar tenerife,equipo,equipo||acb
0,0,Equipo,0,0,0,0,0.0,0,0,0.0,0,0,0.0,0,0,0,0,0,1,0,0,0,0,0,0,0,-1,2017-2018,Regular Season,1,2017-10-01,san pablo burgos - iberostar tenerife,65 - 81,0,8,http://www.acb.com/fichas/LACB62008.php,,acb,0.0,2017-10-01||san pablo burgos - iberostar tenerife,equipo,equipo||acb
0,0,Equipo,0,0,0,0,0.0,0,0,0.0,0,0,0.0,5,3,2,0,0,0,0,0,0,0,0,0,0,5,2017-2018,Regular Season,1,2018-01-04,movistar estudiantes - divina seguros joventut,101 - 94,0,9,http://www.acb.com/fichas/LACB62009.php,,acb,0.0,2018-01-04||movistar estudiantes - divina seguros joventut,equipo,equipo||acb
0,0,Equipo,0,0,0,0,0.0,0,0,0.0,0,0,0.0,5,2,3,0,0,0,0,0,0,0,0,0,0,5,2017-2018,Regular Season,1,2018-01-04,movistar estudiantes - divina seguros joventut,101 - 94,0,9,http://www.acb.com/fichas/LACB62009.php,,acb,0.0,2018-01-04||movistar estudiantes - divina seguros joventut,equipo,equipo||acb
0,0,Equipo,0,0,0,0,0.0,0,0,0.0,0,0,0.0,1,1,0,0,0,0,0,0,0,0,0,0,0,1,2017-2018,Regular Season,2,2017-10-04,valencia basket - monbus obradoiro,80 - 67,0,10,http://www.acb.com/fichas/LACB62010.php,,acb,0.0,2017-10-04||valencia basket - monbus obradoiro,equipo,equipo||acb
0,0,Equipo,0,0,0,0,0.0,0,0,0.0,0,0,0.0,2,1,1,0,0,2,0,0,0,0,0,0,0,0,2017-2018,Regular Season,2,2017-10-04,valencia basket - monbus obradoiro,80 - 67,0,10,http://www.acb.com/fichas/LACB62010.php,,acb,0.0,2017-10-04||valencia basket - monbus obradoiro,equipo,equipo||acb
0,0,Equipo,0,0,0,0,0.0,0,0,0.0,0,0,0.0,6,1,5,0,0,0,0,0,0,0,0,0,0,6,2017-2018,Regular Season,2,2017-10-05,baskonia - movistar estudiantes,94 - 76,0,11,http://www.acb.com/fichas/LACB62011.php,,acb,0.0,2017-10-05||baskonia - movistar estudiantes,equipo,equipo||acb
0,0,Equipo,0,0,0,0,0.0,0,0,0.0,0,0,0.0,1,0,1,0,0,0,0,0,0,0,0,0,0,1,2017-2018,Regular Season,2,2017-10-05,baskonia - movistar estudiantes,94 - 76,0,11,http://www.acb.com/fichas/LACB62011.php,,acb,0.0,2017-10-05||baskonia - movistar estudiantes,equipo,equipo||acb
0,0,Equipo,0,0,0,0,0.0,0,0,0.0,0,0,0.0,3,2,1,0,0,0,0,0,0,0,0,0,0,3,2017-2018,Regular Season,2,2017-10-05,unicaja - san pablo burgos,93 - 72,0,12,http://www.acb.com/fichas/LACB62012.php,,acb,0.0,2017-10-05||unicaja - san pablo burgos,equipo,equipo||acb
0,0,Equipo,0,0,0,0,0.0,0,0,0.0,0,0,0.0,4,2,2,0,0,1,0,0,0,0,0,0,0,3,2017-2018,Regular Season,2,2017-10-05,unicaja - san pablo burgos,93 - 72,0,12,http://www.acb.com/fichas/LACB62012.php,,acb,0.0,2017-10-05||unicaja - san pablo burgos,equipo,equipo||acb
0,0,Equipo,0,0,0,0,0.0,0,0,0.0,0,0,0.0,2,0,2,0,0,0,0,0,0,0,0,0,0,2,2017-2018,Regular Season,2,2017-10-04,morabanc andorra - montakit fuenlabrada,94 - 95,0,13,http://www.acb.com/fichas/LACB62013.php,,acb,0.0,2017-10-04||morabanc andorra - montakit fuenlabrada,equipo,equipo||acb
0,0,Equipo,0,0,0,0,0.0,0,0,0.0,0,0,0.0,3,1,2,0,0,0,0,0,0,0,0,0,0,3,2017-2018,Regular Season,2,2017-10-04,morabanc andorra - montakit fuenlabrada,94 - 95,0,13,http://www.acb.com/fichas/LACB62013.php,,acb,0.0,2017-10-04||morabanc andorra - montakit fuenlabrada,equipo,equipo||acb
0,0,Equipo,0,0,0,0,0.0,0,0,0.0,0,0,0.0,3,2,1,0,0,1,0,0,0,0,0,0,0,2,2017-2018,Regular Season,2,2017-10-04,gipuzkoa basket - real betis energia plus,94 - 60,0,14,http://www.acb.com/fichas/LACB62014.php,,acb,0.0,2017-10-04||gipuzkoa basket - real betis energia plus,equipo,equipo||acb
0,0,Equipo,0,0,0,0,0.0,0,0,0.0,0,0,0.0,3,3,0,0,0,1,0,0,0,0,0,0,0,2,2017-2018,Regular Season,2,2017-10-04,gipuzkoa basket - real betis energia plus,94 - 60,0,14,http://www.acb.com/fichas/LACB62014.php,,acb,0.0,2017-10-04||gipuzkoa basket - real betis energia plus,equipo,equipo||acb
0,0,Equipo,0,0,0,0,0.0,0,0,0.0,0,0,0.0,3,1,2,0,0,0,0,0,0,0,0,0,0,3,2017-2018,Regular Season,2,2017-10-05,retabet bilbao basket - real madrid,80 - 87,0,15,http://www.acb.com/fichas/LACB62015.php,,acb,0.0,2017-10-05||retabet bilbao basket - real madrid,equipo,equipo||acb
0,0,Equipo,0,0,0,0,0.0,0,0,0.0,0,0,0.0,5,3,2,0,0,0,0,0,0,0,0,0,0,5,2017-2018,Regular Season,2,2017-10-05,retabet bilbao basket - real madrid,80 - 87,0,15,http://www.acb.com/fichas/LACB62015.php,,acb,0.0,2017-10-05||retabet bilbao basket - real madrid,equipo,equipo||acb
0,0,Equipo,0,0,0,0,0.0,0,0,0.0,0,0,0.0,2,2,0,0,0,0,0,0,0,0,0,0,0,2,2017-2018,Regular Season,2,2017-10-05,divina seguros joventut - fc barcelona lassa,72 - 74,0,16,http://www.acb.com/fichas/LACB62016.php,,acb,0.0,2017-10-05||divina seguros joventut - fc barcelona lassa,equipo,equipo||acb
0,0,Equipo,0,0,0,0,0.0,0,0,0.0,0,0,0.0,2,1,1,0,0,1,0,0,0,0,0,0,0,1,2017-2018,Regular Season,2,2017-10-05,divina seguros joventut - fc barcelona lassa,72 - 74,0,16,http://www.acb.com/fichas/LACB62016.php,,acb,0.0,2017-10-05||divina seguros joventut - fc barcelona lassa,equipo,equipo||acb
0,0,Equipo,0,0,0,0,0.0,0,0,0.0,0,0,0.0,6,6,0,0,0,0,0,0,0,0,0,0,0,6,2017-2018,Regular Season,2,2017-10-04,tecnyconta zaragoza - herbalife gran canaria,95 - 99,0,17,http://www.acb.com/fichas/LACB62017.php,,acb,0.0,2017-10-04||tecnyconta zaragoza - herbalife gran canaria,equipo,equipo||acb
0,0,Equipo,0,0,0,0,0.0,0,0,0.0,0,0,0.0,5,4,1,0,0,0,0,0,0,0,0,0,0,5,2017-2018,Regular Season,2,2017-10-04,tecnyconta zaragoza - herbalife gran canaria,95 - 99,0,17,http://www.acb.com/fichas/LACB62017.php,,acb,0.0,2017-10-04||tecnyconta zaragoza - herbalife gran canaria,equipo,equipo||acb
0,0,Equipo,0,0,0,0,0.0,0,0,0.0,0,0,0.0,6,3,3,0,0,1,0,0,0,0,0,0,0,5,2017-2018,Regular Season,2,2017-10-04,iberostar tenerife - ucam murcia,84 - 78,0,18,http://www.acb.com/fichas/LACB62018.php,,acb,0.0,2017-10-04||iberostar tenerife - ucam murcia,equipo,equipo||acb
0,0,Equipo,0,0,0,0,0.0,0,0,0.0,0,0,0.0,1,1,0,0,0,1,0,0,0,0,0,0,0,0,2017-2018,Regular Season,2,2017-10-04,iberostar tenerife - ucam murcia,84 - 78,0,18,http://www.acb.com/fichas/LACB62018.php,,acb,0.0,2017-10-04||iberostar tenerife - ucam murcia,equipo,equipo||acb
0,0,Equipo,0,0,0,0,0.0,0,0,0.0,0,0,0.0,1,0,1,0,0,0,0,0,0,0,0,0,0,1,2017-2018,Regular Season,3,2017-10-08,real madrid - tecnyconta zaragoza,93 - 65,0,19,http://www.acb.com/fichas/LACB62019.php,,acb,0.0,2017-10-08||real madrid - tecnyconta zaragoza,equipo,equipo||acb
0,0,Equipo,0,0,0,0,0.0,0,0,0.0,0,0,0.0,3,1,2,0,0,1,0,0,0,0,0,0,0,2,2017-2018,Regular Season,3,2017-10-08,real madrid - tecnyconta zaragoza,93 - 65,0,19,http://www.acb.com/fichas/LACB62019.php,,acb,0.0,2017-10-08||real madrid - tecnyconta zaragoza,equipo,equipo||acb
0,0,Equipo,0,0,0,0,0.0,0,0,0.0,0,0,0.0,3,2,1,0,0,0,0,0,0,0,0,0,0,3,2017-2018,Regular Season,3,2017-10-08,fc barcelona lassa - san pablo burgos,111 - 81,0,20,http://www.acb.com/fichas/LACB62020.php,,acb,0.0,2017-10-08||fc barcelona lassa - san pablo burgos,equipo,equipo||acb
0,0,Equipo,0,0,0,0,0.0,0,0,0.0,0,0,0.0,2,1,1,0,0,1,0,0,0,0,0,0,0,1,2017-2018,Regular Season,3,2017-10-08,fc barcelona lassa - san pablo burgos,111 - 81,0,20,http://www.acb.com/fichas/LACB62020.php,,acb,0.0,2017-10-08||fc barcelona lassa - san pablo burgos,equipo,equipo||acb
0,0,Equipo,0,0,0,0,0.0,0,0,0.0,0,0,0.0,2,1,1,0,0,0,0,0,0,0,0,0,0,2,2017-2018,Regular Season,3,2017-10-08,movistar estudiantes - gipuzkoa basket,75 - 92,0,21,http://www.acb.com/fichas/LACB62021.php,,acb,0.0,2017-10-08||movistar estudiantes - gipuzkoa basket,equipo,equipo||acb
0,0,Equipo,0,0,0,0,0.0,0,0,0.0,0,0,0.0,0,0,0,0,0,1,0,0,0,0,0,0,0,-1,2017-2018,Regular Season,3,2017-10-08,movistar estudiantes - gipuzkoa basket,75 - 92,0,21,http://www.acb.com/fichas/LACB62021.php,,acb,0.0,2017-10-08||movistar estudiantes - gipuzkoa basket,equipo,equipo||acb
0,0,Equipo,0,0,0,0,0.0,0,0,0.0,0,0,0.0,1,1,0,0,0,0,0,0,0,0,0,0,0,1,2017-2018,Regular Season,3,2017-10-08,iberostar tenerife - valencia basket,67 - 70,0,22,http://www.acb.com/fichas/LACB62022.php,,acb,0.0,2017-10-08||iberostar tenerife - valencia basket,equipo,equipo||acb
0,0,Equipo,0,0,0,0,0.0,0,0,0.0,0,0,0.0,3,2,1,0,0,0,0,0,0,0,0,0,0,3,2017-2018,Regular Season,3,2017-10-08,iberostar tenerife - valencia basket,67 - 70,0,22,http://www.acb.com/fichas/LACB62022.php,,acb,0.0,2017-10-08||iberostar tenerife - valencia basket,equipo,equipo||acb
0,0,Equipo,0,0,0,0,0.0,0,0,0.0,0,0,0.0,1,0,1,0,0,0,0,0,0,0,0,0,0,1,2017-2018,Regular Season,3,2017-10-07,herbalife gran canaria - baskonia,100 - 82,0,23,http://www.acb.com/fichas/LACB62023.php,,acb,0.0,2017-10-07||herbalife gran canaria - baskonia,equipo,equipo||acb
0,0,Equipo,0,0,0,0,0.0,0,0,0.0,0,0,0.0,4,4,0,0,0,1,0,0,0,0,1,0,0,2,2017-2018,Regular Season,3,2017-10-07,herbalife gran canaria - baskonia,100 - 82,0,23,http://www.acb.com/fichas/LACB62023.php,,acb,0.0,2017-10-07||herbalife gran canaria - baskonia,equipo,equipo||acb
0,0,Equipo,0,0,0,0,0.0,0,0,0.0,0,0,0.0,3,1,2,0,0,0,0,0,0,0,0,0,0,3,2017-2018,Regular Season,3,2017-10-08,montakit fuenlabrada - unicaja,77 - 69,0,24,http://www.acb.com/fichas/LACB62024.php,,acb,0.0,2017-10-08||montakit fuenlabrada - unicaja,equipo,equipo||acb
0,0,Equipo,0,0,0,0,0.0,0,0,0.0,0,0,0.0,2,1,1,0,0,0,0,0,0,0,0,0,0,2,2017-2018,Regular Season,3,2017-10-08,montakit fuenlabrada - unicaja,77 - 69,0,24,http://www.acb.com/fichas/LACB62024.php,,acb,0.0,2017-10-08||montakit fuenlabrada - unicaja,equipo,equipo||acb
0,0,Equipo,0,0,0,0,0.0,0,0,0.0,0,0,0.0,1,0,1,0,0,0,0,0,0,0,0,0,0,1,2017-2018,Regular Season,3,2017-10-08,ucam murcia - morabanc andorra,81 - 77,0,25,http://www.acb.com/fichas/LACB62025.php,,acb,0.0,2017-10-08||ucam murcia - morabanc andorra,equipo,equipo||acb
0,0,Equipo,0,0,0,0,0.0,0,0,0.0,0,0,0.0,2,0,2,0,0,1,0,0,0,0,0,0,0,1,2017-2018,Regular Season,3,2017-10-08,ucam murcia - morabanc andorra,81 - 77,0,25,http://www.acb.com/fichas/LACB62025.php,,acb,0.0,2017-10-08||ucam murcia - morabanc andorra,equipo,equipo||acb
0,0,Equipo,0,0,0,0,0.0,0,0,0.0,0,0,0.0,7,5,2,0,0,0,0,0,0,0,0,0,0,7,2017-2018,Regular Season,3,2017-10-08,real betis energia plus - retabet bilbao basket,86 - 94,0,26,http://www.acb.com/fichas/LACB62026.php,,acb,0.0,2017-10-08||real betis energia plus - retabet bilbao basket,equipo,equipo||acb
0,0,Equipo,0,0,0,0,0.0,0,0,0.0,0,0,0.0,1,1,0,0,0,1,0,0,0,0,0,0,0,0,2017-2018,Regular Season,3,2017-10-08,real betis energia plus - retabet bilbao basket,86 - 94,0,26,http://www.acb.com/fichas/LACB62026.php,,acb,0.0,2017-10-08||real betis energia plus - retabet bilbao basket,equipo,equipo||acb
0,0,Equipo,0,0,0,0,0.0,0,0,0.0,0,0,0.0,1,0,1,0,0,2,0,0,0,0,0,0,0,-1,2017-2018,Regular Season,3,2017-10-07,monbus obradoiro - divina seguros joventut,77 - 68,0,27,http://www.acb.com/fichas/LACB62027.php,,acb,0.0,2017-10-07||monbus obradoiro - divina seguros joventut,equipo,equipo||acb
0,0,Equipo,0,0,0,0,0.0,0,0,0.0,0,0,0.0,2,2,0,0,0,0,0,0,0,0,0,0,0,2,2017-2018,Regular Season,3,2017-10-07,monbus obradoiro - divina seguros joventut,77 - 68,0,27,http://www.acb.com/fichas/LACB62027.php,,acb,0.0,2017-10-07||monbus obradoiro - divina seguros joventut,equipo,equipo||acb
0,0,Equipo,0,0,0,0,0.0,0,0,0.0,0,0,0.0,3,0,3,0,0,0,0,0,0,0,0,0,0,3,2017-2018,Regular Season,4,2017-10-15,valencia basket - real madrid,82 - 86,0,28,http://www.acb.com/fichas/LACB62028.php,,acb,0.0,2017-10-15||valencia basket - real madrid,equipo,equipo||acb
0,0,Equipo,0,0,0,0,0.0,0,0,0.0,0,0,0.0,3,1,2,0,0,1,0,0,0,0,1,0,0,1,2017-2018,Regular Season,4,2017-10-15,valencia basket - real madrid,82 - 86,0,28,http://www.acb.com/fichas/LACB62028.php,,acb,0.0,2017-10-15||valencia basket - real madrid,equipo,equipo||acb
0,0,Equipo,0,0,0,0,0.0,0,0,0.0,0,0,0.0,2,0,2,0,0,1,0,0,0,0,0,0,0,1,2017-2018,Regular Season,4,2017-10-14,unicaja - real betis energia plus,99 - 71,0,29,http://www.acb.com/fichas/LACB62029.php,,acb,0.0,2017-10-14||unicaja - real betis energia plus,equipo,equipo||acb
0,0,Equipo,0,0,0,0,0.0,0,0,0.0,0,0,0.0,1,0,1,0,0,1,0,0,0,0,0,0,0,0,2017-2018,Regular Season,4,2017-10-14,unicaja - real betis energia plus,99 - 71,0,29,http://www.acb.com/fichas/LACB62029.php,,acb,0.0,2017-10-14||unicaja - real betis energia plus,equipo,equipo||acb
0,0,Equipo,0,0,0,0,0.0,0,0,0.0,0,0,0.0,1,1,0,0,0,0,0,0,0,0,0,0,0,1,2017-2018,Regular Season,4,2017-10-15,fc barcelona lassa - monbus obradoiro,102 - 58,0,30,http://www.acb.com/fichas/LACB62030.php,,acb,0.0,2017-10-15||fc barcelona lassa - monbus obradoiro,equipo,equipo||acb
0,0,Equipo,0,0,0,0,0.0,0,0,0.0,0,0,0.0,3,0,3,0,0,2,0,0,0,0,0,0,0,1,2017-2018,Regular Season,4,2017-10-15,fc barcelona lassa - monbus obradoiro,102 - 58,0,30,http://www.acb.com/fichas/LACB62030.php,,acb,0.0,2017-10-15||fc barcelona lassa - monbus obradoiro,equipo,equipo||acb
0,0,Equipo,0,0,0,0,0.0,0,0,0.0,0,0,0.0,5,3,2,0,0,0,0,0,0,0,0,0,0,5,2017-2018,Regular Season,4,2017-10-15,retabet bilbao basket - tecnyconta zaragoza,77 - 72,0,31,http://www.acb.com/fichas/LACB62031.php,,acb,0.0,2017-10-15||retabet bilbao basket - tecnyconta zaragoza,equipo,equipo||acb
0,0,Equipo,0,0,0,0,0.0,0,0,0.0,0,0,0.0,4,2,2,0,0,0,0,0,0,0,0,0,0,4,2017-2018,Regular Season,4,2017-10-15,retabet bilbao basket - tecnyconta zaragoza,77 - 72,0,31,http://www.acb.com/fichas/LACB62031.php,,acb,0.0,2017-10-15||retabet bilbao basket - tecnyconta zaragoza,equipo,equipo||acb
0,0,Equipo,0,0,0,0,0.0,0,0,0.0,0,0,0.0,1,1,0,0,0,0,0,0,0,0,0,0,0,1,2017-2018,Regular Season,4,2017-10-15,montakit fuenlabrada - baskonia,80 - 75,0,32,http://www.acb.com/fichas/LACB62032.php,,acb,0.0,2017-10-15||montakit fuenlabrada - baskonia,equipo,equipo||acb
0,0,Equipo,0,0,0,0,0.0,0,0,0.0,0,0,0.0,3,1,2,0,0,0,0,0,0,0,2,0,0,1,2017-2018,Regular Season,4,2017-10-15,montakit fuenlabrada - baskonia,80 - 75,0,32,http://www.acb.com/fichas/LACB62032.php,,acb,0.0,2017-10-15||montakit fuenlabrada - baskonia,equipo,equipo||acb
0,0,Equipo,0,0,0,0,0.0,0,0,0.0,0,0,0.0,2,1,1,0,0,2,0,0,0,0,0,0,0,0,2017-2018,Regular Season,4,2017-10-15,morabanc andorra - herbalife gran canaria,78 - 76,0,33,http://www.acb.com/fichas/LACB62033.php,,acb,0.0,2017-10-15||morabanc andorra - herbalife gran canaria,equipo,equipo||acb
0,0,Equipo,0,0,0,0,0.0,0,0,0.0,0,0,0.0,2,0,2,0,0,2,0,0,0,0,1,0,0,-1,2017-2018,Regular Season,4,2017-10-15,morabanc andorra - herbalife gran canaria,78 - 76,0,33,http://www.acb.com/fichas/LACB62033.php,,acb,0.0,2017-10-15||morabanc andorra - herbalife gran canaria,equipo,equipo||acb
0,0,Equipo,0,0,0,0,0.0,0,0,0.0,0,0,0.0,5,2,3,0,0,3,0,0,0,0,1,0,0,1,2017-2018,Regular Season,4,2017-10-15,gipuzkoa basket - ucam murcia,67 - 69,0,34,http://www.acb.com/fichas/LACB62034.php,,acb,0.0,2017-10-15||gipuzkoa basket - ucam murcia,equipo,equipo||acb
0,0,Equipo,0,0,0,0,0.0,0,0,0.0,0,0,0.0,4,2,2,0,0,2,0,0,0,0,0,0,0,2,2017-2018,Regular Season,4,2017-10-15,gipuzkoa basket - ucam murcia,67 - 69,0,34,http://www.acb.com/fichas/LACB62034.php,,acb,0.0,2017-10-15||gipuzkoa basket - ucam murcia,equipo,equipo||acb
0,0,Equipo,0,0,0,0,0.0,0,0,0.0,0,0,0.0,0,0,0,0,0,0,0,0,0,0,0,0,0,0,2017-2018,Regular Season,4,2017-10-15,divina seguros joventut - iberostar tenerife,73 - 76,0,35,http://www.acb.com/fichas/LACB62035.php,,acb,0.0,2017-10-15||divina seguros joventut - iberostar tenerife,equipo,equipo||acb
0,0,Equipo,0,0,0,0,0.0,0,0,0.0,0,0,0.0,6,5,1,0,0,0,0,0,0,0,0,0,0,6,2017-2018,Regular Season,4,2017-10-15,divina seguros joventut - iberostar tenerife,73 - 76,0,35,http://www.acb.com/fichas/LACB62035.php,,acb,0.0,2017-10-15||divina seguros joventut - iberostar tenerife,equipo,equipo||acb
0,0,Equipo,0,0,0,0,0.0,0,0,0.0,0,0,0.0,2,0,2,0,0,1,0,0,0,0,0,0,0,1,2017-2018,Regular Season,4,2017-10-14,san pablo burgos - movistar estudiantes,72 - 87,0,36,http://www.acb.com/fichas/LACB62036.php,,acb,0.0,2017-10-14||san pablo burgos - movistar estudiantes,equipo,equipo||acb
0,0,Equipo,0,0,0,0,0.0,0,0,0.0,0,0,0.0,6,4,2,0,0,1,0,0,0,0,0,0,0,5,2017-2018,Regular Season,4,2017-10-14,san pablo burgos - movistar estudiantes,72 - 87,0,36,http://www.acb.com/fichas/LACB62036.php,,acb,0.0,2017-10-14||san pablo burgos - movistar estudiantes,equipo,equipo||acb
0,0,Equipo,0,0,0,0,0.0,0,0,0.0,0,0,0.0,2,2,0,0,0,1,0,0,0,0,0,0,0,1,2017-2018,Regular Season,5,2017-10-22,real madrid - unicaja,99 - 85,0,37,http://www.acb.com/fichas/LACB62037.php,,acb,0.0,2017-10-22||real madrid - unicaja,equipo,equipo||acb
0,0,Equipo,0,0,0,0,0.0,0,0,0.0,0,0,0.0,1,1,0,0,0,0,0,0,0,0,0,0,0,1,2017-2018,Regular Season,5,2017-10-22,real madrid - unicaja,99 - 85,0,37,http://www.acb.com/fichas/LACB62037.php,,acb,0.0,2017-10-22||real madrid - unicaja,equipo,equipo||acb
0,0,Equipo,0,0,0,0,0.0,0,0,0.0,0,0,0.0,2,1,1,0,0,0,0,0,0,0,0,0,0,2,2017-2018,Regular Season,5,2017-10-22,baskonia - gipuzkoa basket,88 - 86,0,38,http://www.acb.com/fichas/LACB62038.php,,acb,0.0,2017-10-22||baskonia - gipuzkoa basket,equipo,equipo||acb
0,0,Equipo,0,0,0,0,0.0,0,0,0.0,0,0,0.0,1,1,0,0,0,1,0,0,0,0,0,0,0,0,2017-2018,Regular Season,5,2017-10-22,baskonia - gipuzkoa basket,88 - 86,0,38,http://www.acb.com/fichas/LACB62038.php,,acb,0.0,2017-10-22||baskonia - gipuzkoa basket,equipo,equipo||acb
0,0,Equipo,0,0,0,0,0.0,0,0,0.0,0,0,0.0,4,3,1,0,0,0,0,0,0,0,0,0,0,4,2017-2018,Regular Season,5,2017-10-22,herbalife gran canaria - divina seguros joventut,94 - 69,0,39,http://www.acb.com/fichas/LACB62039.php,,acb,0.0,2017-10-22||herbalife gran canaria - divina seguros joventut,equipo,equipo||acb
0,0,Equipo,0,0,0,0,0.0,0,0,0.0,0,0,0.0,1,0,1,0,0,1,0,0,0,0,0,0,0,0,2017-2018,Regular Season,5,2017-10-22,herbalife gran canaria - divina seguros joventut,94 - 69,0,39,http://www.acb.com/fichas/LACB62039.php,,acb,0.0,2017-10-22||herbalife gran canaria - divina seguros joventut,equipo,equipo||acb
0,0,Equipo,0,0,0,0,0.0,0,0,0.0,0,0,0.0,4,4,0,0,0,1,0,0,0,0,0,0,0,3,2017-2018,Regular Season,5,2017-10-21,monbus obradoiro - san pablo burgos,94 - 69,0,40,http://www.acb.com/fichas/LACB62040.php,,acb,0.0,2017-10-21||monbus obradoiro - san pablo burgos,equipo,equipo||acb
0,0,Equipo,0,0,0,0,0.0,0,0,0.0,0,0,0.0,3,0,3,0,0,0,0,0,0,0,0,0,0,3,2017-2018,Regular Season,5,2017-10-21,monbus obradoiro - san pablo burgos,94 - 69,0,40,http://www.acb.com/fichas/LACB62040.php,,acb,0.0,2017-10-21||monbus obradoiro - san pablo burgos,equipo,equipo||acb
0,0,Equipo,0,0,0,0,0.0,0,0,0.0,0,0,0.0,4,0,4,0,0,0,0,0,0,0,0,0,0,4,2017-2018,Regular Season,5,2017-10-22,ucam murcia - valencia basket,91 - 93,0,41,http://www.acb.com/fichas/LACB62041.php,,acb,0.0,2017-10-22||ucam murcia - valencia basket,equipo,equipo||acb
0,0,Equipo,0,0,0,0,0.0,0,0,0.0,0,0,0.0,2,1,1,0,0,1,0,0,0,0,0,0,0,1,2017-2018,Regular Season,5,2017-10-22,ucam murcia - valencia basket,91 - 93,0,41,http://www.acb.com/fichas/LACB62041.php,,acb,0.0,2017-10-22||ucam murcia - valencia basket,equipo,equipo||acb
0,0,Equipo,0,0,0,0,0.0,0,0,0.0,0,0,0.0,4,1,3,0,0,0,0,0,0,0,0,0,0,4,2017-2018,Regular Season,5,2017-10-22,movistar estudiantes - fc barcelona lassa,80 - 70,0,42,http://www.acb.com/fichas/LACB62042.php,,acb,0.0,2017-10-22||movistar estudiantes - fc barcelona lassa,equipo,equipo||acb
0,0,Equipo,0,0,0,0,0.0,0,0,0.0,0,0,0.0,4,3,1,0,0,1,0,0,0,0,0,0,0,3,2017-2018,Regular Season,5,2017-10-22,movistar estudiantes - fc barcelona lassa,80 - 70,0,42,http://www.acb.com/fichas/LACB62042.php,,acb,0.0,2017-10-22||movistar estudiantes - fc barcelona lassa,equipo,equipo||acb
0,0,Equipo,0,0,0,0,0.0,0,0,0.0,0,0,0.0,5,3,2,0,0,0,0,0,0,0,0,0,0,5,2017-2018,Regular Season,5,2017-10-22,tecnyconta zaragoza - morabanc andorra,95 - 78,0,43,http://www.acb.com/fichas/LACB62043.php,,acb,0.0,2017-10-22||tecnyconta zaragoza - morabanc andorra,equipo,equipo||acb
0,0,Equipo,0,0,0,0,0.0,0,0,0.0,0,0,0.0,2,1,1,0,0,0,0,0,0,0,0,0,0,2,2017-2018,Regular Season,5,2017-10-22,tecnyconta zaragoza - morabanc andorra,95 - 78,0,43,http://www.acb.com/fichas/LACB62043.php,,acb,0.0,2017-10-22||tecnyconta zaragoza - morabanc andorra,equipo,equipo||acb
0,0,Equipo,0,0,0,0,0.0,0,0,0.0,0,0,0.0,6,2,4,0,0,0,0,0,0,0,0,0,0,6,2017-2018,Regular Season,5,2017-10-21,iberostar tenerife - retabet bilbao basket,83 - 69,0,44,http://www.acb.com/fichas/LACB62044.php,,acb,0.0,2017-10-21||iberostar tenerife - retabet bilbao basket,equipo,equipo||acb
0,0,Equipo,0,0,0,0,0.0,0,0,0.0,0,0,0.0,1,0,1,0,0,0,0,0,0,0,0,0,0,1,2017-2018,Regular Season,5,2017-10-21,iberostar tenerife - retabet bilbao basket,83 - 69,0,44,http://www.acb.com/fichas/LACB62044.php,,acb,0.0,2017-10-21||iberostar tenerife - retabet bilbao basket,equipo,equipo||acb
0,0,Equipo,0,0,0,0,0.0,0,0,0.0,0,0,0.0,4,3,1,0,0,0,0,0,0,0,0,0,0,4,2017-2018,Regular Season,5,2017-10-22,real betis energia plus - montakit fuenlabrada,70 - 73,0,45,http://www.acb.com/fichas/LACB62045.php,,acb,0.0,2017-10-22||real betis energia plus - montakit fuenlabrada,equipo,equipo||acb
0,0,Equipo,0,0,0,0,0.0,0,0,0.0,0,0,0.0,3,2,1,0,0,2,0,0,0,0,0,0,0,1,2017-2018,Regular Season,5,2017-10-22,real betis energia plus - montakit fuenlabrada,70 - 73,0,45,http://www.acb.com/fichas/LACB62045.php,,acb,0.0,2017-10-22||real betis energia plus - montakit fuenlabrada,equipo,equipo||acb
0,0,Equipo,0,0,0,0,0.0,0,0,0.0,0,0,0.0,1,1,0,0,0,1,0,0,0,0,0,0,0,0,2017-2018,Regular Season,6,2017-10-29,valencia basket - herbalife gran canaria,89 - 83,0,46,http://www.acb.com/fichas/LACB62046.php,,acb,0.0,2017-10-29||valencia basket - herbalife gran canaria,equipo,equipo||acb
0,0,Equipo,0,0,0,0,0.0,0,0,0.0,0,0,0.0,3,1,2,0,0,0,0,0,0,0,2,0,0,1,2017-2018,Regular Season,6,2017-10-29,valencia basket - herbalife gran canaria,89 - 83,0,46,http://www.acb.com/fichas/LACB62046.php,,acb,0.0,2017-10-29||valencia basket - herbalife gran canaria,equipo,equipo||acb
0,0,Equipo,0,0,0,0,0.0,0,0,0.0,0,0,0.0,4,2,2,0,0,2,0,0,0,0,0,0,0,2,2017-2018,Regular Season,6,2017-10-29,baskonia - tecnyconta zaragoza,73 - 78,0,47,http://www.acb.com/fichas/LACB62047.php,,acb,0.0,2017-10-29||baskonia - tecnyconta zaragoza,equipo,equipo||acb
0,0,Equipo,0,0,0,0,0.0,0,0,0.0,0,0,0.0,5,4,1,0,0,0,0,0,0,0,0,0,0,5,2017-2018,Regular Season,6,2017-10-29,baskonia - tecnyconta zaragoza,73 - 78,0,47,http://www.acb.com/fichas/LACB62047.php,,acb,0.0,2017-10-29||baskonia - tecnyconta zaragoza,equipo,equipo||acb
0,0,Equipo,0,0,0,0,0.0,0,0,0.0,0,0,0.0,3,3,0,0,0,0,0,0,0,0,0,0,0,3,2017-2018,Regular Season,6,2017-10-29,unicaja - movistar estudiantes,89 - 70,0,48,http://www.acb.com/fichas/LACB62048.php,,acb,0.0,2017-10-29||unicaja - movistar estudiantes,equipo,equipo||acb
0,0,Equipo,0,0,0,0,0.0,0,0,0.0,0,0,0.0,8,3,5,0,0,0,0,0,0,0,0,0,0,8,2017-2018,Regular Season,6,2017-10-29,unicaja - movistar estudiantes,89 - 70,0,48,http://www.acb.com/fichas/LACB62048.php,,acb,0.0,2017-10-29||unicaja - movistar estudiantes,equipo,equipo||acb
0,0,Equipo,0,0,0,0,0.0,0,0,0.0,0,0,0.0,3,2,1,0,0,0,0,0,0,0,0,0,0,3,2017-2018,Regular Season,6,2017-10-29,fc barcelona lassa - ucam murcia,94 - 97,0,49,http://www.acb.com/fichas/LACB62049.php,,acb,0.0,2017-10-29||fc barcelona lassa - ucam murcia,equipo,equipo||acb
0,0,Equipo,0,0,0,0,0.0,0,0,0.0,0,0,0.0,4,1,3,0,0,0,0,0,0,0,0,0,0,4,2017-2018,Regular Season,6,2017-10-29,fc barcelona lassa - ucam murcia,94 - 97,0,49,http://www.acb.com/fichas/LACB62049.php,,acb,0.0,2017-10-29||fc barcelona lassa - ucam murcia,equipo,equipo||acb
0,0,Equipo,0,0,0,0,0.0,0,0,0.0,0,0,0.0,4,3,1,0,0,0,0,0,0,0,0,0,0,4,2017-2018,Regular Season,6,2017-10-29,morabanc andorra - iberostar tenerife,58 - 48,0,50,http://www.acb.com/fichas/LACB62050.php,,acb,0.0,2017-10-29||morabanc andorra - iberostar tenerife,equipo,equipo||acb
0,0,Equipo,0,0,0,0,0.0,0,0,0.0,0,0,0.0,2,2,0,0,0,1,0,0,0,0,0,0,0,1,2017-2018,Regular Season,6,2017-10-29,morabanc andorra - iberostar tenerife,58 - 48,0,50,http://www.acb.com/fichas/LACB62050.php,,acb,0.0,2017-10-29||morabanc andorra - iberostar tenerife,equipo,equipo||acb
0,0,Equipo,0,0,0,0,0.0,0,0,0.0,0,0,0.0,4,2,2,0,0,0,0,0,0,0,0,0,0,4,2017-2018,Regular Season,6,2017-10-29,divina seguros joventut - real betis energia plus,81 - 76,0,51,http://www.acb.com/fichas/LACB62051.php,,acb,0.0,2017-10-29||divina seguros joventut - real betis energia plus,equipo,equipo||acb
0,0,Equipo,0,0,0,0,0.0,0,0,0.0,0,0,0.0,3,1,2,0,0,0,0,0,0,0,0,0,0,3,2017-2018,Regular Season,6,2017-10-29,divina seguros joventut - real betis energia plus,81 - 76,0,51,http://www.acb.com/fichas/LACB62051.php,,acb,0.0,2017-10-29||divina seguros joventut - real betis energia plus,equipo,equipo||acb
0,0,Equipo,0,0,0,0,0.0,0,0,0.0,0,0,0.0,1,0,1,0,0,0,0,0,0,0,0,0,0,1,2017-2018,Regular Season,6,2017-10-28,montakit fuenlabrada - monbus obradoiro,65 - 73,0,52,http://www.acb.com/fichas/LACB62052.php,,acb,0.0,2017-10-28||montakit fuenlabrada - monbus obradoiro,equipo,equipo||acb
0,0,Equipo,0,0,0,0,0.0,0,0,0.0,0,0,0.0,3,2,1,0,0,0,0,0,0,0,0,0,0,3,2017-2018,Regular Season,6,2017-10-28,montakit fuenlabrada - monbus obradoiro,65 - 73,0,52,http://www.acb.com/fichas/LACB62052.php,,acb,0.0,2017-10-28||montakit fuenlabrada - monbus obradoiro,equipo,equipo||acb
0,0,Equipo,0,0,0,0,0.0,0,0,0.0,0,0,0.0,4,0,4,0,0,0,0,0,0,0,0,0,0,4,2017-2018,Regular Season,6,2017-10-28,san pablo burgos - real madrid,95 - 100,0,53,http://www.acb.com/fichas/LACB62053.php,,acb,0.0,2017-10-28||san pablo burgos - real madrid,equipo,equipo||acb
0,0,Equipo,0,0,0,0,0.0,0,0,0.0,0,0,0.0,2,2,0,0,0,0,0,0,0,0,0,0,0,2,2017-2018,Regular Season,6,2017-10-28,san pablo burgos - real madrid,95 - 100,0,53,http://www.acb.com/fichas/LACB62053.php,,acb,0.0,2017-10-28||san pablo burgos - real madrid,equipo,equipo||acb
0,0,Equipo,0,0,0,0,0.0,0,0,0.0,0,0,0.0,2,1,1,0,0,2,0,0,0,0,2,0,0,-2,2017-2018,Regular Season,6,2017-10-29,gipuzkoa basket - retabet bilbao basket,87 - 91,0,54,http://www.acb.com/fichas/LACB62054.php,,acb,0.0,2017-10-29||gipuzkoa basket - retabet bilbao basket,equipo,equipo||acb
0,0,Equipo,0,0,0,0,0.0,0,0,0.0,0,0,0.0,5,3,2,0,0,1,0,0,0,0,0,0,0,4,2017-2018,Regular Season,6,2017-10-29,gipuzkoa basket - retabet bilbao basket,87 - 91,0,54,http://www.acb.com/fichas/LACB62054.php,,acb,0.0,2017-10-29||gipuzkoa basket - retabet bilbao basket,equipo,equipo||acb
0,0,Equipo,0,0,0,0,0.0,0,0,0.0,0,0,0.0,5,2,3,0,0,1,0,0,0,0,0,0,0,4,2017-2018,Regular Season,7,2017-11-05,valencia basket - san pablo burgos,87 - 78,0,55,http://www.acb.com/fichas/LACB62055.php,,acb,0.0,2017-11-05||valencia basket - san pablo burgos,equipo,equipo||acb
0,0,Equipo,0,0,0,0,0.0,0,0,0.0,0,0,0.0,2,2,0,0,0,0,0,0,0,0,1,0,0,1,2017-2018,Regular Season,7,2017-11-05,valencia basket - san pablo burgos,87 - 78,0,55,http://www.acb.com/fichas/LACB62055.php,,acb,0.0,2017-11-05||valencia basket - san pablo burgos,equipo,equipo||acb
0,0,Equipo,0,0,0,0,0.0,0,0,0.0,0,0,0.0,2,2,0,0,0,0,0,0,0,0,0,0,0,2,2017-2018,Regular Season,7,2017-11-05,herbalife gran canaria - montakit fuenlabrada,87 - 65,0,56,http://www.acb.com/fichas/LACB62056.php,,acb,0.0,2017-11-05||herbalife gran canaria - montakit fuenlabrada,equipo,equipo||acb
0,0,Equipo,0,0,0,0,0.0,0,0,0.0,0,0,0.0,2,0,2,0,0,2,0,0,0,0,0,0,0,0,2017-2018,Regular Season,7,2017-11-05,herbalife gran canaria - montakit fuenlabrada,87 - 65,0,56,http://www.acb.com/fichas/LACB62056.php,,acb,0.0,2017-11-05||herbalife gran canaria - montakit fuenlabrada,equipo,equipo||acb
0,0,Equipo,0,0,0,0,0.0,0,0,0.0,0,0,0.0,4,0,4,0,0,1,0,0,0,0,0,0,0,3,2017-2018,Regular Season,7,2017-11-05,ucam murcia - monbus obradoiro,60 - 62,0,57,http://www.acb.com/fichas/LACB62057.php,,acb,0.0,2017-11-05||ucam murcia - monbus obradoiro,equipo,equipo||acb
0,0,Equipo,0,0,0,0,0.0,0,0,0.0,0,0,0.0,1,0,1,0,0,0,0,0,0,0,0,0,0,1,2017-2018,Regular Season,7,2017-11-05,ucam murcia - monbus obradoiro,60 - 62,0,57,http://www.acb.com/fichas/LACB62057.php,,acb,0.0,2017-11-05||ucam murcia - monbus obradoiro,equipo,equipo||acb
0,0,Equipo,0,0,0,0,0.0,0,0,0.0,0,0,0.0,2,1,1,0,0,0,0,0,0,0,0,0,0,2,2017-2018,Regular Season,7,2017-11-05,tecnyconta zaragoza - delteco gbc,97 - 73,0,58,http://www.acb.com/fichas/LACB62058.php,,acb,0.0,2017-11-05||tecnyconta zaragoza - delteco gbc,equipo,equipo||acb
0,0,Equipo,0,0,0,0,0.0,0,0,0.0,0,0,0.0,3,1,2,0,0,0,0,0,0,0,0,0,0,3,2017-2018,Regular Season,7,2017-11-05,tecnyconta zaragoza - delteco gbc,97 - 73,0,58,http://www.acb.com/fichas/LACB62058.php,,acb,0.0,2017-11-05||tecnyconta zaragoza - delteco gbc,equipo,equipo||acb
0,0,Equipo,0,0,0,0,0.0,0,0,0.0,0,0,0.0,2,1,1,0,0,1,0,0,0,0,0,0,0,1,2017-2018,Regular Season,7,2017-11-04,iberostar tenerife - real madrid,74 - 84,0,59,http://www.acb.com/fichas/LACB62059.php,,acb,0.0,2017-11-04||iberostar tenerife - real madrid,equipo,equipo||acb
0,0,Equipo,0,0,0,0,0.0,0,0,0.0,0,0,0.0,2,1,1,0,0,2,0,0,0,0,0,0,0,0,2017-2018,Regular Season,7,2017-11-04,iberostar tenerife - real madrid,74 - 84,0,59,http://www.acb.com/fichas/LACB62059.php,,acb,0.0,2017-11-04||iberostar tenerife - real madrid,equipo,equipo||acb
0,0,Equipo,0,0,0,0,0.0,0,0,0.0,0,0,0.0,4,2,2,0,0,2,0,0,0,0,0,0,0,2,2017-2018,Regular Season,7,2017-11-05,unicaja - baskonia,72 - 73,0,60,http://www.acb.com/fichas/LACB62060.php,,acb,0.0,2017-11-05||unicaja - baskonia,equipo,equipo||acb
0,0,Equipo,0,0,0,0,0.0,0,0,0.0,0,0,0.0,4,3,1,0,0,1,0,0,0,0,0,0,0,3,2017-2018,Regular Season,7,2017-11-05,unicaja - baskonia,72 - 73,0,60,http://www.acb.com/fichas/LACB62060.php,,acb,0.0,2017-11-05||unicaja - baskonia,equipo,equipo||acb
0,0,Equipo,0,0,0,0,0.0,0,0,0.0,0,0,0.0,5,3,2,0,0,0,0,0,0,0,0,0,0,5,2017-2018,Regular Season,7,2017-11-05,retabet bilbao basket - fc barcelona lassa,83 - 104,0,61,http://www.acb.com/fichas/LACB62061.php,,acb,0.0,2017-11-05||retabet bilbao basket - fc barcelona lassa,equipo,equipo||acb
0,0,Equipo,0,0,0,0,0.0,0,0,0.0,0,0,0.0,5,3,2,0,0,0,0,0,0,0,0,0,0,5,2017-2018,Regular Season,7,2017-11-05,retabet bilbao basket - fc barcelona lassa,83 - 104,0,61,http://www.acb.com/fichas/LACB62061.php,,acb,0.0,2017-11-05||retabet bilbao basket - fc barcelona lassa,equipo,equipo||acb
0,0,Equipo,0,0,0,0,0.0,0,0,0.0,0,0,0.0,5,2,3,0,0,0,0,0,0,0,0,0,0,5,2017-2018,Regular Season,7,2017-11-05,divina seguros joventut - morabanc andorra,103 - 101,0,62,http://www.acb.com/fichas/LACB62062.php,,acb,0.0,2017-11-05||divina seguros joventut - morabanc andorra,equipo,equipo||acb
0,0,Equipo,0,0,0,0,0.0,0,0,0.0,0,0,0.0,3,0,3,0,0,0,0,0,0,0,0,0,0,3,2017-2018,Regular Season,7,2017-11-05,divina seguros joventut - morabanc andorra,103 - 101,0,62,http://www.acb.com/fichas/LACB62062.php,,acb,0.0,2017-11-05||divina seguros joventut - morabanc andorra,equipo,equipo||acb
0,0,Equipo,0,0,0,0,0.0,0,0,0.0,0,0,0.0,2,0,2,0,0,0,0,0,0,0,0,0,0,2,2017-2018,Regular Season,7,2017-11-05,real betis energia plus - movistar estudiantes,81 - 90,0,63,http://www.acb.com/fichas/LACB62063.php,,acb,0.0,2017-11-05||real betis energia plus - movistar estudiantes,equipo,equipo||acb
0,0,Equipo,0,0,0,0,0.0,0,0,0.0,0,0,0.0,3,1,2,0,0,1,0,0,0,0,0,0,0,2,2017-2018,Regular Season,7,2017-11-05,real betis energia plus - movistar estudiantes,81 - 90,0,63,http://www.acb.com/fichas/LACB62063.php,,acb,0.0,2017-11-05||real betis energia plus - movistar estudiantes,equipo,equipo||acb
0,0,Equipo,0,0,0,0,0.0,0,0,0.0,0,0,0.0,4,4,0,0,0,0,0,0,0,0,0,0,0,4,2017-2018,Regular Season,8,2017-11-12,real madrid - fc barcelona lassa,80 - 84,0,64,http://www.acb.com/fichas/LACB62064.php,,acb,0.0,2017-11-12||real madrid - fc barcelona lassa,equipo,equipo||acb
0,0,Equipo,0,0,0,0,0.0,0,0,0.0,0,0,0.0,8,6,2,0,0,1,0,0,0,0,0,0,0,7,2017-2018,Regular Season,8,2017-11-12,real madrid - fc barcelona lassa,80 - 84,0,64,http://www.acb.com/fichas/LACB62064.php,,acb,0.0,2017-11-12||real madrid - fc barcelona lassa,equipo,equipo||acb
0,0,Equipo,0,0,0,0,0.0,0,0,0.0,0,0,0.0,1,0,1,0,0,0,0,0,0,0,0,0,0,1,2017-2018,Regular Season,8,2017-11-12,baskonia - divina seguros joventut,87 - 77,0,65,http://www.acb.com/fichas/LACB62065.php,,acb,0.0,2017-11-12||baskonia - divina seguros joventut,equipo,equipo||acb
0,0,Equipo,0,0,0,0,0.0,0,0,0.0,0,0,0.0,3,2,1,0,0,1,0,0,0,0,1,0,0,1,2017-2018,Regular Season,8,2017-11-12,baskonia - divina seguros joventut,87 - 77,0,65,http://www.acb.com/fichas/LACB62065.php,,acb,0.0,2017-11-12||baskonia - divina seguros joventut,equipo,equipo||acb
0,0,Equipo,0,0,0,0,0.0,0,0,0.0,0,0,0.0,0,0,0,0,0,1,0,0,0,0,0,0,0,-1,2017-2018,Regular Season,8,2017-11-12,morabanc andorra - real betis energia plus,96 - 68,0,66,http://www.acb.com/fichas/LACB62066.php,,acb,0.0,2017-11-12||morabanc andorra - real betis energia plus,equipo,equipo||acb
0,0,Equipo,0,0,0,0,0.0,0,0,0.0,0,0,0.0,3,3,0,0,0,1,0,0,0,0,0,0,0,2,2017-2018,Regular Season,8,2017-11-12,morabanc andorra - real betis energia plus,96 - 68,0,66,http://www.acb.com/fichas/LACB62066.php,,acb,0.0,2017-11-12||morabanc andorra - real betis energia plus,equipo,equipo||acb
0,0,Equipo,0,0,0,0,0.0,0,0,0.0,0,0,0.0,1,1,0,0,0,0,0,0,0,0,0,0,0,1,2017-2018,Regular Season,8,2017-11-12,movistar estudiantes - montakit fuenlabrada,69 - 71,0,67,http://www.acb.com/fichas/LACB62067.php,,acb,0.0,2017-11-12||movistar estudiantes - montakit fuenlabrada,equipo,equipo||acb
0,0,Equipo,0,0,0,0,0.0,0,0,0.0,0,0,0.0,1,0,1,0,0,1,0,0,0,0,0,0,0,0,2017-2018,Regular Season,8,2017-11-12,movistar estudiantes - montakit fuenlabrada,69 - 71,0,67,http://www.acb.com/fichas/LACB62067.php,,acb,0.0,2017-11-12||movistar estudiantes - montakit fuenlabrada,equipo,equipo||acb
0,0,Equipo,0,0,0,0,0.0,0,0,0.0,0,0,0.0,4,4,0,0,0,0,0,0,0,0,0,0,0,4,2017-2018,Regular Season,8,2017-11-12,retabet bilbao basket - valencia basket,77 - 81,0,68,http://www.acb.com/fichas/LACB62068.php,,acb,0.0,2017-11-12||retabet bilbao basket - valencia basket,equipo,equipo||acb
0,0,Equipo,0,0,0,0,0.0,0,0,0.0,0,0,0.0,5,5,0,0,0,1,0,0,0,0,0,0,0,4,2017-2018,Regular Season,8,2017-11-12,retabet bilbao basket - valencia basket,77 - 81,0,68,http://www.acb.com/fichas/LACB62068.php,,acb,0.0,2017-11-12||retabet bilbao basket - valencia basket,equipo,equipo||acb
0,0,Equipo,0,0,0,0,0.0,0,0,0.0,0,0,0.0,6,5,1,0,0,0,0,0,0,0,0,0,0,6,2017-2018,Regular Season,8,2017-11-12,delteco gbc - unicaja,71 - 63,0,69,http://www.acb.com/fichas/LACB62069.php,,acb,0.0,2017-11-12||delteco gbc - unicaja,equipo,equipo||acb
0,0,Equipo,0,0,0,0,0.0,0,0,0.0,0,0,0.0,2,1,1,0,0,1,0,0,0,0,0,0,0,1,2017-2018,Regular Season,8,2017-11-12,delteco gbc - unicaja,71 - 63,0,69,http://www.acb.com/fichas/LACB62069.php,,acb,0.0,2017-11-12||delteco gbc - unicaja,equipo,equipo||acb
0,0,Equipo,0,0,0,0,0.0,0,0,0.0,0,0,0.0,5,3,2,0,0,0,0,0,0,0,0,0,0,5,2017-2018,Regular Season,8,2017-11-11,monbus obradoiro - herbalife gran canaria,79 - 65,0,70,http://www.acb.com/fichas/LACB62070.php,,acb,0.0,2017-11-11||monbus obradoiro - herbalife gran canaria,equipo,equipo||acb
0,0,Equipo,0,0,0,0,0.0,0,0,0.0,0,0,0.0,3,0,3,0,0,0,0,0,0,0,0,0,0,3,2017-2018,Regular Season,8,2017-11-11,monbus obradoiro - herbalife gran canaria,79 - 65,0,70,http://www.acb.com/fichas/LACB62070.php,,acb,0.0,2017-11-11||monbus obradoiro - herbalife gran canaria,equipo,equipo||acb
0,0,Equipo,0,0,0,0,0.0,0,0,0.0,0,0,0.0,4,3,1,0,0,0,0,0,0,0,0,0,0,4,2017-2018,Regular Season,8,2017-11-11,san pablo burgos - ucam murcia,89 - 86,0,71,http://www.acb.com/fichas/LACB62071.php,,acb,0.0,2017-11-11||san pablo burgos - ucam murcia,equipo,equipo||acb
0,0,Equipo,0,0,0,0,0.0,0,0,0.0,0,0,0.0,2,1,1,0,0,2,0,0,0,0,0,0,0,0,2017-2018,Regular Season,8,2017-11-11,san pablo burgos - ucam murcia,89 - 86,0,71,http://www.acb.com/fichas/LACB62071.php,,acb,0.0,2017-11-11||san pablo burgos - ucam murcia,equipo,equipo||acb
0,0,Equipo,0,0,0,0,0.0,0,0,0.0,0,0,0.0,6,2,4,0,0,0,0,0,0,0,0,0,0,6,2017-2018,Regular Season,8,2017-11-12,tecnyconta zaragoza - iberostar tenerife,89 - 77,0,72,http://www.acb.com/fichas/LACB62072.php,,acb,0.0,2017-11-12||tecnyconta zaragoza - iberostar tenerife,equipo,equipo||acb
0,0,Equipo,0,0,0,0,0.0,0,0,0.0,0,0,0.0,2,1,1,0,0,0,0,0,0,0,0,0,0,2,2017-2018,Regular Season,8,2017-11-12,tecnyconta zaragoza - iberostar tenerife,89 - 77,0,72,http://www.acb.com/fichas/LACB62072.php,,acb,0.0,2017-11-12||tecnyconta zaragoza - iberostar tenerife,equipo,equipo||acb
0,0,Equipo,0,0,0,0,0.0,0,0,0.0,0,0,0.0,4,2,2,0,0,0,0,0,0,0,0,0,0,4,2017-2018,Regular Season,9,2017-11-19,herbalife gran canaria - movistar estudiantes,99 - 95,0,73,http://www.acb.com/fichas/LACB62073.php,,acb,0.0,2017-11-19||herbalife gran canaria - movistar estudiantes,equipo,equipo||acb
0,0,Equipo,0,0,0,0,0.0,0,0,0.0,0,0,0.0,4,2,2,0,0,1,0,0,0,0,0,0,0,3,2017-2018,Regular Season,9,2017-11-19,herbalife gran canaria - movistar estudiantes,99 - 95,0,73,http://www.acb.com/fichas/LACB62073.php,,acb,0.0,2017-11-19||herbalife gran canaria - movistar estudiantes,equipo,equipo||acb
0,0,Equipo,0,0,0,0,0.0,0,0,0.0,0,0,0.0,1,0,1,0,0,0,0,0,0,0,0,0,0,1,2017-2018,Regular Season,9,2017-11-19,divina seguros joventut - delteco gbc,76 - 67,0,74,http://www.acb.com/fichas/LACB62074.php,,acb,0.0,2017-11-19||divina seguros joventut - delteco gbc,equipo,equipo||acb
0,0,Equipo,0,0,0,0,0.0,0,0,0.0,0,0,0.0,5,4,1,0,0,0,0,0,0,0,0,0,0,5,2017-2018,Regular Season,9,2017-11-19,divina seguros joventut - delteco gbc,76 - 67,0,74,http://www.acb.com/fichas/LACB62074.php,,acb,0.0,2017-11-19||divina seguros joventut - delteco gbc,equipo,equipo||acb
0,0,Equipo,0,0,0,0,0.0,0,0,0.0,0,0,0.0,6,3,3,0,0,0,0,0,0,0,0,0,0,6,2017-2018,Regular Season,9,2017-11-18,montakit fuenlabrada - tecnyconta zaragoza,88 - 82,0,75,http://www.acb.com/fichas/LACB62075.php,,acb,0.0,2017-11-18||montakit fuenlabrada - tecnyconta zaragoza,equipo,equipo||acb
0,0,Equipo,0,0,0,0,0.0,0,0,0.0,0,0,0.0,0,0,0,0,0,1,0,0,0,0,0,0,0,-1,2017-2018,Regular Season,9,2017-11-18,montakit fuenlabrada - tecnyconta zaragoza,88 - 82,0,75,http://www.acb.com/fichas/LACB62075.php,,acb,0.0,2017-11-18||montakit fuenlabrada - tecnyconta zaragoza,equipo,equipo||acb
0,0,Equipo,0,0,0,0,0.0,0,0,0.0,0,0,0.0,3,2,1,0,0,0,0,0,0,0,0,0,0,3,2017-2018,Regular Season,9,2017-11-19,fc barcelona lassa - valencia basket,79 - 74,0,76,http://www.acb.com/fichas/LACB62076.php,,acb,0.0,2017-11-19||fc barcelona lassa - valencia basket,equipo,equipo||acb
0,0,Equipo,0,0,0,0,0.0,0,0,0.0,0,0,0.0,2,2,0,0,0,2,0,0,0,0,0,0,0,0,2017-2018,Regular Season,9,2017-11-19,fc barcelona lassa - valencia basket,79 - 74,0,76,http://www.acb.com/fichas/LACB62076.php,,acb,0.0,2017-11-19||fc barcelona lassa - valencia basket,equipo,equipo||acb
0,0,Equipo,0,0,0,0,0.0,0,0,0.0,0,0,0.0,8,5,3,0,0,0,0,0,0,0,0,0,0,8,2017-2018,Regular Season,9,2017-11-18,real betis energia plus - real madrid,63 - 98,0,77,http://www.acb.com/fichas/LACB62077.php,,acb,0.0,2017-11-18||real betis energia plus - real madrid,equipo,equipo||acb
0,0,Equipo,0,0,0,0,0.0,0,0,0.0,0,0,0.0,2,0,2,0,0,1,0,0,0,0,0,0,0,1,2017-2018,Regular Season,9,2017-11-18,real betis energia plus - real madrid,63 - 98,0,77,http://www.acb.com/fichas/LACB62077.php,,acb,0.0,2017-11-18||real betis energia plus - real madrid,equipo,equipo||acb
0,0,Equipo,0,0,0,0,0.0,0,0,0.0,0,0,0.0,1,1,0,0,0,0,0,0,0,0,0,0,0,1,2017-2018,Regular Season,9,2017-11-19,san pablo burgos - baskonia,76 - 100,0,78,http://www.acb.com/fichas/LACB62078.php,,acb,0.0,2017-11-19||san pablo burgos - baskonia,equipo,equipo||acb
0,0,Equipo,0,0,0,0,0.0,0,0,0.0,0,0,0.0,2,0,2,0,0,2,0,0,0,0,0,0,0,0,2017-2018,Regular Season,9,2017-11-19,san pablo burgos - baskonia,76 - 100,0,78,http://www.acb.com/fichas/LACB62078.php,,acb,0.0,2017-11-19||san pablo burgos - baskonia,equipo,equipo||acb
0,0,Equipo,0,0,0,0,0.0,0,0,0.0,0,0,0.0,2,0,2,0,0,2,0,0,0,0,0,0,0,0,2017-2018,Regular Season,9,2017-11-19,morabanc andorra - unicaja,66 - 60,0,79,http://www.acb.com/fichas/LACB62079.php,,acb,0.0,2017-11-19||morabanc andorra - unicaja,equipo,equipo||acb
0,0,Equipo,0,0,0,0,0.0,0,0,0.0,0,0,0.0,3,1,2,0,0,2,0,0,0,0,0,0,0,1,2017-2018,Regular Season,9,2017-11-19,morabanc andorra - unicaja,66 - 60,0,79,http://www.acb.com/fichas/LACB62079.php,,acb,0.0,2017-11-19||morabanc andorra - unicaja,equipo,equipo||acb
0,0,Equipo,0,0,0,0,0.0,0,0,0.0,0,0,0.0,1,0,1,0,0,1,0,0,0,0,1,0,0,-1,2017-2018,Regular Season,9,2017-11-19,ucam murcia - retabet bilbao basket,82 - 71,0,80,http://www.acb.com/fichas/LACB62080.php,,acb,0.0,2017-11-19||ucam murcia - retabet bilbao basket,equipo,equipo||acb
0,0,Equipo,0,0,0,0,0.0,0,0,0.0,0,0,0.0,4,1,3,0,0,0,0,0,0,0,0,0,0,4,2017-2018,Regular Season,9,2017-11-19,ucam murcia - retabet bilbao basket,82 - 71,0,80,http://www.acb.com/fichas/LACB62080.php,,acb,0.0,2017-11-19||ucam murcia - retabet bilbao basket,equipo,equipo||acb
0,0,Equipo,0,0,0,0,0.0,0,0,0.0,0,0,0.0,4,4,0,0,0,0,0,0,0,0,0,0,0,4,2017-2018,Regular Season,9,2017-11-19,monbus obradoiro - iberostar tenerife,75 - 64,0,81,http://www.acb.com/fichas/LACB62081.php,,acb,0.0,2017-11-19||monbus obradoiro - iberostar tenerife,equipo,equipo||acb
0,0,Equipo,0,0,0,0,0.0,0,0,0.0,0,0,0.0,3,1,2,0,0,0,0,0,0,0,0,0,0,3,2017-2018,Regular Season,9,2017-11-19,monbus obradoiro - iberostar tenerife,75 - 64,0,81,http://www.acb.com/fichas/LACB62081.php,,acb,0.0,2017-11-19||monbus obradoiro - iberostar tenerife,equipo,equipo||acb
0,0,Equipo,0,0,0,0,0.0,0,0,0.0,0,0,0.0,2,2,0,0,0,0,0,0,0,0,0,0,0,2,2017-2018,Regular Season,10,2017-12-03,valencia basket - morabanc andorra,89 - 87,0,82,http://www.acb.com/fichas/LACB62082.php,,acb,0.0,2017-12-03||valencia basket - morabanc andorra,equipo,equipo||acb
0,0,Equipo,0,0,0,0,0.0,0,0,0.0,0,0,0.0,4,1,3,0,0,0,0,0,0,0,0,0,0,4,2017-2018,Regular Season,10,2017-12-03,valencia basket - morabanc andorra,89 - 87,0,82,http://www.acb.com/fichas/LACB62082.php,,acb,0.0,2017-12-03||valencia basket - morabanc andorra,equipo,equipo||acb
0,0,Equipo,0,0,0,0,0.0,0,0,0.0,0,0,0.0,1,0,1,0,0,0,0,0,0,0,0,0,0,1,2017-2018,Regular Season,10,2017-12-03,real madrid - herbalife gran canaria,96 - 72,0,83,http://www.acb.com/fichas/LACB62083.php,,acb,0.0,2017-12-03||real madrid - herbalife gran canaria,equipo,equipo||acb
0,0,Equipo,0,0,0,0,0.0,0,0,0.0,0,0,0.0,6,5,1,0,0,0,0,0,0,0,0,0,0,6,2017-2018,Regular Season,10,2017-12-03,real madrid - herbalife gran canaria,96 - 72,0,83,http://www.acb.com/fichas/LACB62083.php,,acb,0.0,2017-12-03||real madrid - herbalife gran canaria,equipo,equipo||acb
0,0,Equipo,0,0,0,0,0.0,0,0,0.0,0,0,0.0,6,3,3,0,0,0,0,0,0,0,0,0,0,6,2017-2018,Regular Season,10,2017-12-03,baskonia - monbus obradoiro,85 - 78,0,84,http://www.acb.com/fichas/LACB62084.php,,acb,0.0,2017-12-03||baskonia - monbus obradoiro,equipo,equipo||acb
0,0,Equipo,0,0,0,0,0.0,0,0,0.0,0,0,0.0,4,3,1,0,0,0,0,0,0,0,0,0,0,4,2017-2018,Regular Season,10,2017-12-03,baskonia - monbus obradoiro,85 - 78,0,84,http://www.acb.com/fichas/LACB62084.php,,acb,0.0,2017-12-03||baskonia - monbus obradoiro,equipo,equipo||acb
0,0,Equipo,0,0,0,0,0.0,0,0,0.0,0,0,0.0,0,0,0,0,0,0,0,0,0,0,0,0,0,0,2017-2018,Regular Season,10,2017-12-03,unicaja - divina seguros joventut,86 - 74,0,85,http://www.acb.com/fichas/LACB62085.php,,acb,0.0,2017-12-03||unicaja - divina seguros joventut,equipo,equipo||acb
0,0,Equipo,0,0,0,0,0.0,0,0,0.0,0,0,0.0,3,1,2,0,0,0,0,0,0,0,0,0,0,3,2017-2018,Regular Season,10,2017-12-03,unicaja - divina seguros joventut,86 - 74,0,85,http://www.acb.com/fichas/LACB62085.php,,acb,0.0,2017-12-03||unicaja - divina seguros joventut,equipo,equipo||acb
0,0,Equipo,0,0,0,0,0.0,0,0,0.0,0,0,0.0,4,2,2,0,0,1,0,0,0,0,0,0,0,3,2017-2018,Regular Season,10,2017-12-03,retabet bilbao basket - san pablo burgos,62 - 78,0,86,http://www.acb.com/fichas/LACB62086.php,,acb,0.0,2017-12-03||retabet bilbao basket - san pablo burgos,equipo,equipo||acb
0,0,Equipo,0,0,0,0,0.0,0,0,0.0,0,0,0.0,3,1,2,0,0,0,0,0,0,0,0,0,0,3,2017-2018,Regular Season,10,2017-12-03,retabet bilbao basket - san pablo burgos,62 - 78,0,86,http://www.acb.com/fichas/LACB62086.php,,acb,0.0,2017-12-03||retabet bilbao basket - san pablo burgos,equipo,equipo||acb
0,0,Equipo,0,0,0,0,0.0,0,0,0.0,0,0,0.0,2,1,1,0,0,2,0,0,0,0,0,0,0,0,2017-2018,Regular Season,10,2017-12-02,iberostar tenerife - real betis energia plus,87 - 70,0,87,http://www.acb.com/fichas/LACB62087.php,,acb,0.0,2017-12-02||iberostar tenerife - real betis energia plus,equipo,equipo||acb
0,0,Equipo,0,0,0,0,0.0,0,0,0.0,0,0,0.0,2,0,2,0,0,1,0,0,0,0,0,0,0,1,2017-2018,Regular Season,10,2017-12-02,iberostar tenerife - real betis energia plus,87 - 70,0,87,http://www.acb.com/fichas/LACB62087.php,,acb,0.0,2017-12-02||iberostar tenerife - real betis energia plus,equipo,equipo||acb
0,0,Equipo,0,0,0,0,0.0,0,0,0.0,0,0,0.0,3,2,1,0,0,0,0,0,0,0,0,0,0,3,2017-2018,Regular Season,10,2017-12-03,tecnyconta zaragoza - fc barcelona lassa,86 - 99,0,88,http://www.acb.com/fichas/LACB62088.php,,acb,0.0,2017-12-03||tecnyconta zaragoza - fc barcelona lassa,equipo,equipo||acb
0,0,Equipo,0,0,0,0,0.0,0,0,0.0,0,0,0.0,5,4,1,0,0,0,0,0,0,0,0,0,0,5,2017-2018,Regular Season,10,2017-12-03,tecnyconta zaragoza - fc barcelona lassa,86 - 99,0,88,http://www.acb.com/fichas/LACB62088.php,,acb,0.0,2017-12-03||tecnyconta zaragoza - fc barcelona lassa,equipo,equipo||acb
0,0,Equipo,0,0,0,0,0.0,0,0,0.0,0,0,0.0,3,1,2,0,0,0,0,0,0,0,0,0,0,3,2017-2018,Regular Season,10,2017-12-03,movistar estudiantes - ucam murcia,79 - 91,0,89,http://www.acb.com/fichas/LACB62089.php,,acb,0.0,2017-12-03||movistar estudiantes - ucam murcia,equipo,equipo||acb
0,0,Equipo,0,0,0,0,0.0,0,0,0.0,0,0,0.0,1,1,0,0,0,0,0,0,0,0,0,0,0,1,2017-2018,Regular Season,10,2017-12-03,movistar estudiantes - ucam murcia,79 - 91,0,89,http://www.acb.com/fichas/LACB62089.php,,acb,0.0,2017-12-03||movistar estudiantes - ucam murcia,equipo,equipo||acb
0,0,Equipo,0,0,0,0,0.0,0,0,0.0,0,0,0.0,4,2,2,0,0,1,0,0,0,0,0,0,0,3,2017-2018,Regular Season,10,2017-12-02,delteco gbc - montakit fuenlabrada,81 - 76,0,90,http://www.acb.com/fichas/LACB62090.php,,acb,0.0,2017-12-02||delteco gbc - montakit fuenlabrada,equipo,equipo||acb
0,0,Equipo,0,0,0,0,0.0,0,0,0.0,0,0,0.0,1,0,1,0,0,0,0,0,0,0,0,0,0,1,2017-2018,Regular Season,10,2017-12-02,delteco gbc - montakit fuenlabrada,81 - 76,0,90,http://www.acb.com/fichas/LACB62090.php,,acb,0.0,2017-12-02||delteco gbc - montakit fuenlabrada,equipo,equipo||acb
0,0,Equipo,0,0,0,0,0.0,0,0,0.0,0,0,0.0,4,1,3,0,0,0,0,0,0,0,0,0,0,4,2017-2018,Regular Season,11,2017-12-10,real madrid - ucam murcia,87 - 85,0,91,http://www.acb.com/fichas/LACB62091.php,,acb,0.0,2017-12-10||real madrid - ucam murcia,equipo,equipo||acb
0,0,Equipo,0,0,0,0,0.0,0,0,0.0,0,0,0.0,5,4,1,0,0,1,0,0,0,0,0,0,0,4,2017-2018,Regular Season,11,2017-12-10,real madrid - ucam murcia,87 - 85,0,91,http://www.acb.com/fichas/LACB62091.php,,acb,0.0,2017-12-10||real madrid - ucam murcia,equipo,equipo||acb
0,0,Equipo,0,0,0,0,0.0,0,0,0.0,0,0,0.0,4,2,2,0,0,1,0,0,0,0,0,0,0,3,2017-2018,Regular Season,11,2017-12-09,baskonia - retabet bilbao basket,94 - 71,0,92,http://www.acb.com/fichas/LACB62092.php,,acb,0.0,2017-12-09||baskonia - retabet bilbao basket,equipo,equipo||acb
0,0,Equipo,0,0,0,0,0.0,0,0,0.0,0,0,0.0,2,1,1,0,0,1,0,0,0,0,0,0,0,1,2017-2018,Regular Season,11,2017-12-09,baskonia - retabet bilbao basket,94 - 71,0,92,http://www.acb.com/fichas/LACB62092.php,,acb,0.0,2017-12-09||baskonia - retabet bilbao basket,equipo,equipo||acb
0,0,Equipo,0,0,0,0,0.0,0,0,0.0,0,0,0.0,5,2,3,0,0,0,0,0,0,0,0,0,0,5,2017-2018,Regular Season,11,2017-12-10,fc barcelona lassa - iberostar tenerife,91 - 93,0,93,http://www.acb.com/fichas/LACB62093.php,,acb,0.0,2017-12-10||fc barcelona lassa - iberostar tenerife,equipo,equipo||acb
0,0,Equipo,0,0,0,0,0.0,0,0,0.0,0,0,0.0,4,3,1,0,0,0,0,0,0,0,0,0,0,4,2017-2018,Regular Season,11,2017-12-10,fc barcelona lassa - iberostar tenerife,91 - 93,0,93,http://www.acb.com/fichas/LACB62093.php,,acb,0.0,2017-12-10||fc barcelona lassa - iberostar tenerife,equipo,equipo||acb
0,0,Equipo,0,0,0,0,0.0,0,0,0.0,0,0,0.0,2,2,0,0,0,0,0,0,0,0,0,0,0,2,2017-2018,Regular Season,11,2017-12-10,herbalife gran canaria - san pablo burgos,87 - 80,0,94,http://www.acb.com/fichas/LACB62094.php,,acb,0.0,2017-12-10||herbalife gran canaria - san pablo burgos,equipo,equipo||acb
0,0,Equipo,0,0,0,0,0.0,0,0,0.0,0,0,0.0,5,3,2,0,0,0,0,0,0,0,0,0,0,5,2017-2018,Regular Season,11,2017-12-10,herbalife gran canaria - san pablo burgos,87 - 80,0,94,http://www.acb.com/fichas/LACB62094.php,,acb,0.0,2017-12-10||herbalife gran canaria - san pablo burgos,equipo,equipo||acb
0,0,Equipo,0,0,0,0,0.0,0,0,0.0,0,0,0.0,2,2,0,0,0,0,0,0,0,0,0,0,0,2,2017-2018,Regular Season,11,2017-12-10,movistar estudiantes - valencia basket club,73 - 71,0,95,http://www.acb.com/fichas/LACB62095.php,,acb,0.0,2017-12-10||movistar estudiantes - valencia basket club,equipo,equipo||acb
0,0,Equipo,0,0,0,0,0.0,0,0,0.0,0,0,0.0,3,2,1,0,0,0,0,0,0,0,0,0,0,3,2017-2018,Regular Season,11,2017-12-10,movistar estudiantes - valencia basket club,73 - 71,0,95,http://www.acb.com/fichas/LACB62095.php,,acb,0.0,2017-12-10||movistar estudiantes - valencia basket club,equipo,equipo||acb
0,0,Equipo,0,0,0,0,0.0,0,0,0.0,0,0,0.0,3,3,0,0,0,1,0,0,0,0,0,0,0,2,2017-2018,Regular Season,11,2017-12-10,tecnyconta zaragoza - unicaja,77 - 102,0,96,http://www.acb.com/fichas/LACB62096.php,,acb,0.0,2017-12-10||tecnyconta zaragoza - unicaja,equipo,equipo||acb
0,0,Equipo,0,0,0,0,0.0,0,0,0.0,0,0,0.0,2,0,2,0,0,0,0,0,0,0,0,0,0,2,2017-2018,Regular Season,11,2017-12-10,tecnyconta zaragoza - unicaja,77 - 102,0,96,http://www.acb.com/fichas/LACB62096.php,,acb,0.0,2017-12-10||tecnyconta zaragoza - unicaja,equipo,equipo||acb
0,0,Equipo,0,0,0,0,0.0,0,0,0.0,0,0,0.0,5,4,1,0,0,0,0,0,0,0,0,0,0,5,2017-2018,Regular Season,11,2017-12-09,delteco gbc - morabanc andorra,60 - 64,0,97,http://www.acb.com/fichas/LACB62097.php,,acb,0.0,2017-12-09||delteco gbc - morabanc andorra,equipo,equipo||acb
0,0,Equipo,0,0,0,0,0.0,0,0,0.0,0,0,0.0,2,2,0,0,0,1,0,0,0,0,0,0,0,1,2017-2018,Regular Season,11,2017-12-09,delteco gbc - morabanc andorra,60 - 64,0,97,http://www.acb.com/fichas/LACB62097.php,,acb,0.0,2017-12-09||delteco gbc - morabanc andorra,equipo,equipo||acb
0,0,Equipo,0,0,0,0,0.0,0,0,0.0,0,0,0.0,2,1,1,0,0,0,0,0,0,0,0,0,0,2,2017-2018,Regular Season,11,2017-12-10,montakit fuenlabrada - divina seguros joventut,83 - 78,0,98,http://www.acb.com/fichas/LACB62098.php,,acb,0.0,2017-12-10||montakit fuenlabrada - divina seguros joventut,equipo,equipo||acb
0,0,Equipo,0,0,0,0,0.0,0,0,0.0,0,0,0.0,3,1,2,0,0,0,0,0,0,0,0,0,0,3,2017-2018,Regular Season,11,2017-12-10,montakit fuenlabrada - divina seguros joventut,83 - 78,0,98,http://www.acb.com/fichas/LACB62098.php,,acb,0.0,2017-12-10||montakit fuenlabrada - divina seguros joventut,equipo,equipo||acb
0,0,Equipo,0,0,0,0,0.0,0,0,0.0,0,0,0.0,4,3,1,0,0,1,0,0,0,0,0,0,0,3,2017-2018,Regular Season,11,2017-12-10,real betis energia plus - monbus obradoiro,83 - 77,0,99,http://www.acb.com/fichas/LACB62099.php,,acb,0.0,2017-12-10||real betis energia plus - monbus obradoiro,equipo,equipo||acb
0,0,Equipo,0,0,0,0,0.0,0,0,0.0,0,0,0.0,1,1,0,0,0,1,0,0,0,0,0,0,0,0,2017-2018,Regular Season,11,2017-12-10,real betis energia plus - monbus obradoiro,83 - 77,0,99,http://www.acb.com/fichas/LACB62099.php,,acb,0.0,2017-12-10||real betis energia plus - monbus obradoiro,equipo,equipo||acb
0,0,Equipo,0,0,0,0,0.0,0,0,0.0,0,0,0.0,1,1,0,0,0,0,0,0,0,0,0,0,0,1,2017-2018,Regular Season,12,2017-12-17,valencia basket club - delteco gbc,86 - 64,0,100,http://www.acb.com/fichas/LACB62100.php,,acb,0.0,2017-12-17||valencia basket club - delteco gbc,equipo,equipo||acb
0,0,Equipo,0,0,0,0,0.0,0,0,0.0,0,0,0.0,3,1,2,0,0,0,0,0,0,0,0,0,0,3,2017-2018,Regular Season,12,2017-12-17,valencia basket club - delteco gbc,86 - 64,0,100,http://www.acb.com/fichas/LACB62100.php,,acb,0.0,2017-12-17||valencia basket club - delteco gbc,equipo,equipo||acb
0,0,Equipo,0,0,0,0,0.0,0,0,0.0,0,0,0.0,3,1,2,0,0,0,0,0,0,0,0,0,0,3,2017-2018,Regular Season,12,2017-12-17,fc barcelona lassa - herbalife gran canaria,77 - 88,0,101,http://www.acb.com/fichas/LACB62101.php,,acb,0.0,2017-12-17||fc barcelona lassa - herbalife gran canaria,equipo,equipo||acb
0,0,Equipo,0,0,0,0,0.0,0,0,0.0,0,0,0.0,6,4,2,0,0,0,0,0,0,0,0,0,0,6,2017-2018,Regular Season,12,2017-12-17,fc barcelona lassa - herbalife gran canaria,77 - 88,0,101,http://www.acb.com/fichas/LACB62101.php,,acb,0.0,2017-12-17||fc barcelona lassa - herbalife gran canaria,equipo,equipo||acb
0,0,Equipo,0,0,0,0,0.0,0,0,0.0,0,0,0.0,6,5,1,0,0,0,0,0,0,0,0,0,0,6,2017-2018,Regular Season,12,2017-12-17,retabet bilbao basket - movistar estudiantes,87 - 77,0,102,http://www.acb.com/fichas/LACB62102.php,,acb,0.0,2017-12-17||retabet bilbao basket - movistar estudiantes,equipo,equipo||acb
0,0,Equipo,0,0,0,0,0.0,0,0,0.0,0,0,0.0,3,2,1,0,0,1,0,0,0,0,0,0,0,2,2017-2018,Regular Season,12,2017-12-17,retabet bilbao basket - movistar estudiantes,87 - 77,0,102,http://www.acb.com/fichas/LACB62102.php,,acb,0.0,2017-12-17||retabet bilbao basket - movistar estudiantes,equipo,equipo||acb
0,0,Equipo,0,0,0,0,0.0,0,0,0.0,0,0,0.0,3,1,2,0,0,2,0,0,0,0,1,0,0,0,2017-2018,Regular Season,12,2017-12-17,ucam murcia - real betis energia plus,63 - 70,0,103,http://www.acb.com/fichas/LACB62103.php,,acb,0.0,2017-12-17||ucam murcia - real betis energia plus,equipo,equipo||acb
0,0,Equipo,0,0,0,0,0.0,0,0,0.0,0,0,0.0,0,0,0,0,0,1,0,0,0,0,1,0,0,-2,2017-2018,Regular Season,12,2017-12-17,ucam murcia - real betis energia plus,63 - 70,0,103,http://www.acb.com/fichas/LACB62103.php,,acb,0.0,2017-12-17||ucam murcia - real betis energia plus,equipo,equipo||acb
0,0,Equipo,0,0,0,0,0.0,0,0,0.0,0,0,0.0,2,1,1,0,0,0,0,0,0,0,0,0,0,2,2017-2018,Regular Season,12,2017-12-17,divina seguros joventut - tecnyconta zaragoza,94 - 83,0,104,http://www.acb.com/fichas/LACB62104.php,,acb,0.0,2017-12-17||divina seguros joventut - tecnyconta zaragoza,equipo,equipo||acb
0,0,Equipo,0,0,0,0,0.0,0,0,0.0,0,0,0.0,2,2,0,0,0,3,0,0,0,0,3,0,0,-4,2017-2018,Regular Season,12,2017-12-17,divina seguros joventut - tecnyconta zaragoza,94 - 83,0,104,http://www.acb.com/fichas/LACB62104.php,,acb,0.0,2017-12-17||divina seguros joventut - tecnyconta zaragoza,equipo,equipo||acb
0,0,Equipo,0,0,0,0,0.0,0,0,0.0,0,0,0.0,3,1,2,0,0,1,0,0,0,0,0,0,0,2,2017-2018,Regular Season,12,2017-12-17,monbus obradoiro - real madrid,93 - 102,0,105,http://www.acb.com/fichas/LACB62105.php,,acb,0.0,2017-12-17||monbus obradoiro - real madrid,equipo,equipo||acb
0,0,Equipo,0,0,0,0,0.0,0,0,0.0,0,0,0.0,3,2,1,0,0,0,0,0,0,0,0,0,0,3,2017-2018,Regular Season,12,2017-12-17,monbus obradoiro - real madrid,93 - 102,0,105,http://www.acb.com/fichas/LACB62105.php,,acb,0.0,2017-12-17||monbus obradoiro - real madrid,equipo,equipo||acb
0,0,Equipo,0,0,0,0,0.0,0,0,0.0,0,0,0.0,5,4,1,0,0,0,0,0,0,0,0,0,0,5,2017-2018,Regular Season,12,2017-12-17,morabanc andorra - baskonia,94 - 97,0,106,http://www.acb.com/fichas/LACB62106.php,,acb,0.0,2017-12-17||morabanc andorra - baskonia,equipo,equipo||acb
0,0,Equipo,0,0,0,0,0.0,0,0,0.0,0,0,0.0,2,1,1,0,0,2,0,0,0,0,1,0,0,-1,2017-2018,Regular Season,12,2017-12-17,morabanc andorra - baskonia,94 - 97,0,106,http://www.acb.com/fichas/LACB62106.php,,acb,0.0,2017-12-17||morabanc andorra - baskonia,equipo,equipo||acb
0,0,Equipo,0,0,0,0,0.0,0,0,0.0,0,0,0.0,3,1,2,0,0,3,0,0,0,0,0,0,0,0,2017-2018,Regular Season,12,2017-12-16,iberostar tenerife - unicaja,81 - 77,0,107,http://www.acb.com/fichas/LACB62107.php,,acb,0.0,2017-12-16||iberostar tenerife - unicaja,equipo,equipo||acb
0,0,Equipo,0,0,0,0,0.0,0,0,0.0,0,0,0.0,5,2,3,0,0,1,0,0,0,0,0,0,0,4,2017-2018,Regular Season,12,2017-12-16,iberostar tenerife - unicaja,81 - 77,0,107,http://www.acb.com/fichas/LACB62107.php,,acb,0.0,2017-12-16||iberostar tenerife - unicaja,equipo,equipo||acb
0,0,Equipo,0,0,0,0,0.0,0,0,0.0,0,0,0.0,4,3,1,0,0,0,0,0,0,0,0,0,0,4,2017-2018,Regular Season,12,2017-12-16,san pablo burgos - montakit fuenlabrada,69 - 71,0,108,http://www.acb.com/fichas/LACB62108.php,,acb,0.0,2017-12-16||san pablo burgos - montakit fuenlabrada,equipo,equipo||acb
0,0,Equipo,0,0,0,0,0.0,0,0,0.0,0,0,0.0,3,2,1,0,0,0,0,0,0,0,0,0,0,3,2017-2018,Regular Season,12,2017-12-16,san pablo burgos - montakit fuenlabrada,69 - 71,0,108,http://www.acb.com/fichas/LACB62108.php,,acb,0.0,2017-12-16||san pablo burgos - montakit fuenlabrada,equipo,equipo||acb
0,0,Equipo,0,0,0,0,0.0,0,0,0.0,0,0,0.0,2,2,0,0,0,0,0,0,0,0,0,0,0,2,2017-2018,Regular Season,13,2017-12-23,herbalife gran canaria - real betis energia plus,83 - 90,0,109,http://www.acb.com/fichas/LACB62109.php,,acb,0.0,2017-12-23||herbalife gran canaria - real betis energia plus,equipo,equipo||acb
0,0,Equipo,0,0,0,0,0.0,0,0,0.0,0,0,0.0,1,1,0,0,0,1,0,0,0,0,0,0,0,0,2017-2018,Regular Season,13,2017-12-23,herbalife gran canaria - real betis energia plus,83 - 90,0,109,http://www.acb.com/fichas/LACB62109.php,,acb,0.0,2017-12-23||herbalife gran canaria - real betis energia plus,equipo,equipo||acb
0,0,Equipo,0,0,0,0,0.0,0,0,0.0,0,0,0.0,3,1,2,0,0,1,0,0,0,0,1,0,0,1,2017-2018,Regular Season,13,2017-12-23,morabanc andorra - retabet bilbao basket,99 - 91,0,110,http://www.acb.com/fichas/LACB62110.php,,acb,0.0,2017-12-23||morabanc andorra - retabet bilbao basket,equipo,equipo||acb
0,0,Equipo,0,0,0,0,0.0,0,0,0.0,0,0,0.0,4,2,2,0,0,3,0,0,0,0,0,0,0,1,2017-2018,Regular Season,13,2017-12-23,morabanc andorra - retabet bilbao basket,99 - 91,0,110,http://www.acb.com/fichas/LACB62110.php,,acb,0.0,2017-12-23||morabanc andorra - retabet bilbao basket,equipo,equipo||acb
0,0,Equipo,0,0,0,0,0.0,0,0,0.0,0,0,0.0,2,2,0,0,0,1,0,0,0,0,0,0,0,1,2017-2018,Regular Season,13,2017-12-23,divina seguros joventut - san pablo burgos,81 - 88,0,111,http://www.acb.com/fichas/LACB62111.php,,acb,0.0,2017-12-23||divina seguros joventut - san pablo burgos,equipo,equipo||acb
0,0,Equipo,0,0,0,0,0.0,0,0,0.0,0,0,0.0,6,4,2,0,0,0,0,0,0,0,0,0,0,6,2017-2018,Regular Season,13,2017-12-23,divina seguros joventut - san pablo burgos,81 - 88,0,111,http://www.acb.com/fichas/LACB62111.php,,acb,0.0,2017-12-23||divina seguros joventut - san pablo burgos,equipo,equipo||acb
0,0,Equipo,0,0,0,0,0.0,0,0,0.0,0,0,0.0,6,1,5,0,0,0,0,0,0,0,0,0,0,6,2017-2018,Regular Season,13,2017-12-23,movistar estudiantes - monbus obradoiro,95 - 67,0,112,http://www.acb.com/fichas/LACB62112.php,,acb,0.0,2017-12-23||movistar estudiantes - monbus obradoiro,equipo,equipo||acb
0,0,Equipo,0,0,0,0,0.0,0,0,0.0,0,0,0.0,3,2,1,0,0,2,0,0,0,0,1,0,0,0,2017-2018,Regular Season,13,2017-12-23,movistar estudiantes - monbus obradoiro,95 - 67,0,112,http://www.acb.com/fichas/LACB62112.php,,acb,0.0,2017-12-23||movistar estudiantes - monbus obradoiro,equipo,equipo||acb
0,0,Equipo,0,0,0,0,0.0,0,0,0.0,0,0,0.0,3,3,0,0,0,0,0,0,0,0,0,0,0,3,2017-2018,Regular Season,13,2018-01-02,unicaja - valencia basket club,74 - 67,0,113,http://www.acb.com/fichas/LACB62113.php,,acb,0.0,2018-01-02||unicaja - valencia basket club,equipo,equipo||acb
0,0,Equipo,0,0,0,0,0.0,0,0,0.0,0,0,0.0,3,2,1,0,0,0,0,0,0,0,0,0,0,3,2017-2018,Regular Season,13,2018-01-02,unicaja - valencia basket club,74 - 67,0,113,http://www.acb.com/fichas/LACB62113.php,,acb,0.0,2018-01-02||unicaja - valencia basket club,equipo,equipo||acb
0,0,Equipo,0,0,0,0,0.0,0,0,0.0,0,0,0.0,1,1,0,0,0,0,0,0,0,0,0,0,0,1,2017-2018,Regular Season,13,2018-01-03,baskonia - real madrid,69 - 81,0,114,http://www.acb.com/fichas/LACB62114.php,,acb,0.0,2018-01-03||baskonia - real madrid,equipo,equipo||acb
0,0,Equipo,0,0,0,0,0.0,0,0,0.0,0,0,0.0,5,2,3,0,0,0,0,0,0,0,0,0,0,5,2017-2018,Regular Season,13,2018-01-03,baskonia - real madrid,69 - 81,0,114,http://www.acb.com/fichas/LACB62114.php,,acb,0.0,2018-01-03||baskonia - real madrid,equipo,equipo||acb
0,0,Equipo,0,0,0,0,0.0,0,0,0.0,0,0,0.0,2,1,1,0,0,1,0,0,0,0,1,0,0,0,2017-2018,Regular Season,13,2018-01-02,delteco gbc - fc barcelona lassa,77 - 101,0,115,http://www.acb.com/fichas/LACB62115.php,,acb,0.0,2018-01-02||delteco gbc - fc barcelona lassa,equipo,equipo||acb
0,0,Equipo,0,0,0,0,0.0,0,0,0.0,0,0,0.0,3,0,3,0,0,0,0,0,0,0,0,0,0,3,2017-2018,Regular Season,13,2018-01-02,delteco gbc - fc barcelona lassa,77 - 101,0,115,http://www.acb.com/fichas/LACB62115.php,,acb,0.0,2018-01-02||delteco gbc - fc barcelona lassa,equipo,equipo||acb
0,0,Equipo,0,0,0,0,0.0,0,0,0.0,0,0,0.0,2,1,1,0,0,0,0,0,0,0,0,0,0,2,2017-2018,Regular Season,13,2017-12-23,tecnyconta zaragoza - ucam murcia,73 - 77,0,116,http://www.acb.com/fichas/LACB62116.php,,acb,0.0,2017-12-23||tecnyconta zaragoza - ucam murcia,equipo,equipo||acb
0,0,Equipo,0,0,0,0,0.0,0,0,0.0,0,0,0.0,5,3,2,0,0,0,0,0,0,0,0,0,0,5,2017-2018,Regular Season,13,2017-12-23,tecnyconta zaragoza - ucam murcia,73 - 77,0,116,http://www.acb.com/fichas/LACB62116.php,,acb,0.0,2017-12-23||tecnyconta zaragoza - ucam murcia,equipo,equipo||acb
0,0,Equipo,0,0,0,0,0.0,0,0,0.0,0,0,0.0,2,1,1,0,0,1,0,0,0,0,0,0,0,1,2017-2018,Regular Season,13,2017-12-23,montakit fuenlabrada - iberostar tenerife,79 - 68,0,117,http://www.acb.com/fichas/LACB62117.php,,acb,0.0,2017-12-23||montakit fuenlabrada - iberostar tenerife,equipo,equipo||acb
0,0,Equipo,0,0,0,0,0.0,0,0,0.0,0,0,0.0,1,0,1,0,0,0,0,0,0,0,0,0,0,1,2017-2018,Regular Season,13,2017-12-23,montakit fuenlabrada - iberostar tenerife,79 - 68,0,117,http://www.acb.com/fichas/LACB62117.php,,acb,0.0,2017-12-23||montakit fuenlabrada - iberostar tenerife,equipo,equipo||acb
0,0,Equipo,0,0,0,0,0.0,0,0,0.0,0,0,0.0,2,2,0,0,0,0,0,0,0,0,0,0,0,2,2017-2018,Regular Season,14,2017-12-30,valencia basket club - divina seguros joventut,102 - 81,0,118,http://www.acb.com/fichas/LACB62118.php,,acb,0.0,2017-12-30||valencia basket club - divina seguros joventut,equipo,equipo||acb
0,0,Equipo,0,0,0,0,0.0,0,0,0.0,0,0,0.0,3,3,0,0,0,1,0,0,0,0,0,0,0,2,2017-2018,Regular Season,14,2017-12-30,valencia basket club - divina seguros joventut,102 - 81,0,118,http://www.acb.com/fichas/LACB62118.php,,acb,0.0,2017-12-30||valencia basket club - divina seguros joventut,equipo,equipo||acb
0,0,Equipo,0,0,0,0,0.0,0,0,0.0,0,0,0.0,3,2,1,0,0,0,0,0,0,0,0,0,0,3,2017-2018,Regular Season,14,2017-12-31,real madrid - movistar estudiantes,96 - 89,0,119,http://www.acb.com/fichas/LACB62119.php,,acb,0.0,2017-12-31||real madrid - movistar estudiantes,equipo,equipo||acb
0,0,Equipo,0,0,0,0,0.0,0,0,0.0,0,0,0.0,2,1,1,0,0,0,0,0,0,0,0,0,0,2,2017-2018,Regular Season,14,2017-12-31,real madrid - movistar estudiantes,96 - 89,0,119,http://www.acb.com/fichas/LACB62119.php,,acb,0.0,2017-12-31||real madrid - movistar estudiantes,equipo,equipo||acb
0,0,Equipo,0,0,0,0,0.0,0,0,0.0,0,0,0.0,2,2,0,0,0,0,0,0,0,0,0,0,0,2,2017-2018,Regular Season,14,2017-12-31,fc barcelona lassa - montakit fuenlabrada,101 - 74,0,120,http://www.acb.com/fichas/LACB62120.php,,acb,0.0,2017-12-31||fc barcelona lassa - montakit fuenlabrada,equipo,equipo||acb
0,0,Equipo,0,0,0,0,0.0,0,0,0.0,0,0,0.0,1,0,1,0,0,0,0,0,0,0,0,0,0,1,2017-2018,Regular Season,14,2017-12-31,fc barcelona lassa - montakit fuenlabrada,101 - 74,0,120,http://www.acb.com/fichas/LACB62120.php,,acb,0.0,2017-12-31||fc barcelona lassa - montakit fuenlabrada,equipo,equipo||acb
0,0,Equipo,0,0,0,0,0.0,0,0,0.0,0,0,0.0,4,2,2,0,0,0,0,0,0,0,0,0,0,4,2017-2018,Regular Season,14,2017-12-31,ucam murcia - baskonia,78 - 67,0,121,http://www.acb.com/fichas/LACB62121.php,,acb,0.0,2017-12-31||ucam murcia - baskonia,equipo,equipo||acb
0,0,Equipo,0,0,0,0,0.0,0,0,0.0,0,0,0.0,1,0,1,0,0,1,0,0,0,0,0,0,0,0,2017-2018,Regular Season,14,2017-12-31,ucam murcia - baskonia,78 - 67,0,121,http://www.acb.com/fichas/LACB62121.php,,acb,0.0,2017-12-31||ucam murcia - baskonia,equipo,equipo||acb
0,0,Equipo,0,0,0,0,0.0,0,0,0.0,0,0,0.0,6,4,2,0,0,0,0,0,0,0,0,0,0,6,2017-2018,Regular Season,14,2017-12-30,retabet bilbao basket - unicaja,70 - 67,0,122,http://www.acb.com/fichas/LACB62122.php,,acb,0.0,2017-12-30||retabet bilbao basket - unicaja,equipo,equipo||acb
0,0,Equipo,0,0,0,0,0.0,0,0,0.0,0,0,0.0,2,2,0,0,0,0,0,0,0,0,0,0,0,2,2017-2018,Regular Season,14,2017-12-30,retabet bilbao basket - unicaja,70 - 67,0,122,http://www.acb.com/fichas/LACB62122.php,,acb,0.0,2017-12-30||retabet bilbao basket - unicaja,equipo,equipo||acb
0,0,Equipo,0,0,0,0,0.0,0,0,0.0,0,0,0.0,3,2,1,0,0,1,0,0,0,0,0,0,0,2,2017-2018,Regular Season,14,2017-12-30,iberostar tenerife - herbalife gran canaria,92 - 71,0,123,http://www.acb.com/fichas/LACB62123.php,,acb,0.0,2017-12-30||iberostar tenerife - herbalife gran canaria,equipo,equipo||acb
0,0,Equipo,0,0,0,0,0.0,0,0,0.0,0,0,0.0,1,1,0,0,0,0,0,0,0,0,0,0,0,1,2017-2018,Regular Season,14,2017-12-30,iberostar tenerife - herbalife gran canaria,92 - 71,0,123,http://www.acb.com/fichas/LACB62123.php,,acb,0.0,2017-12-30||iberostar tenerife - herbalife gran canaria,equipo,equipo||acb
0,0,Equipo,0,0,0,0,0.0,0,0,0.0,0,0,0.0,5,3,2,0,0,1,0,0,0,0,0,0,0,4,2017-2018,Regular Season,14,2017-12-30,monbus obradoiro - morabanc andorra,65 - 77,0,124,http://www.acb.com/fichas/LACB62124.php,,acb,0.0,2017-12-30||monbus obradoiro - morabanc andorra,equipo,equipo||acb
0,0,Equipo,0,0,0,0,0.0,0,0,0.0,0,0,0.0,5,3,2,0,0,2,0,0,0,0,0,0,0,3,2017-2018,Regular Season,14,2017-12-30,monbus obradoiro - morabanc andorra,65 - 77,0,124,http://www.acb.com/fichas/LACB62124.php,,acb,0.0,2017-12-30||monbus obradoiro - morabanc andorra,equipo,equipo||acb
0,0,Equipo,0,0,0,0,0.0,0,0,0.0,0,0,0.0,5,3,2,0,0,0,0,0,0,0,0,0,0,5,2017-2018,Regular Season,14,2017-12-30,real betis energia plus - tecnyconta zaragoza,70 - 67,0,125,http://www.acb.com/fichas/LACB62125.php,,acb,0.0,2017-12-30||real betis energia plus - tecnyconta zaragoza,equipo,equipo||acb
0,0,Equipo,0,0,0,0,0.0,0,0,0.0,0,0,0.0,5,1,4,0,0,0,0,0,0,0,0,0,0,5,2017-2018,Regular Season,14,2017-12-30,real betis energia plus - tecnyconta zaragoza,70 - 67,0,125,http://www.acb.com/fichas/LACB62125.php,,acb,0.0,2017-12-30||real betis energia plus - tecnyconta zaragoza,equipo,equipo||acb
0,0,Equipo,0,0,0,0,0.0,0,0,0.0,0,0,0.0,2,2,0,0,0,0,0,0,0,0,0,0,0,2,2017-2018,Regular Season,14,2017-12-30,san pablo burgos - delteco gbc,76 - 99,0,126,http://www.acb.com/fichas/LACB62126.php,,acb,0.0,2017-12-30||san pablo burgos - delteco gbc,equipo,equipo||acb
0,0,Equipo,0,0,0,0,0.0,0,0,0.0,0,0,0.0,4,3,1,0,0,0,0,0,0,0,0,0,0,4,2017-2018,Regular Season,14,2017-12-30,san pablo burgos - delteco gbc,76 - 99,0,126,http://www.acb.com/fichas/LACB62126.php,,acb,0.0,2017-12-30||san pablo burgos - delteco gbc,equipo,equipo||acb
0,0,Equipo,0,0,0,0,0.0,0,0,0.0,0,0,0.0,3,1,2,0,0,1,0,0,0,0,0,0,0,2,2017-2018,Regular Season,15,2018-01-06,unicaja - monbus obradoiro,96 - 76,0,127,http://www.acb.com/fichas/LACB62127.php,,acb,0.0,2018-01-06||unicaja - monbus obradoiro,equipo,equipo||acb
0,0,Equipo,0,0,0,0,0.0,0,0,0.0,0,0,0.0,2,1,1,0,0,0,0,0,0,0,0,0,0,2,2017-2018,Regular Season,15,2018-01-06,unicaja - monbus obradoiro,96 - 76,0,127,http://www.acb.com/fichas/LACB62127.php,,acb,0.0,2018-01-06||unicaja - monbus obradoiro,equipo,equipo||acb
0,0,Equipo,0,0,0,0,0.0,0,0,0.0,0,0,0.0,4,1,3,0,0,0,0,0,0,0,0,0,0,4,2017-2018,Regular Season,15,2018-01-07,herbalife gran canaria - retabet bilbao basket,90 - 85,0,128,http://www.acb.com/fichas/LACB62128.php,,acb,0.0,2018-01-07||herbalife gran canaria - retabet bilbao basket,equipo,equipo||acb
0,0,Equipo,0,0,0,0,0.0,0,0,0.0,0,0,0.0,1,0,1,0,0,0,0,0,0,0,0,0,0,1,2017-2018,Regular Season,15,2018-01-07,herbalife gran canaria - retabet bilbao basket,90 - 85,0,128,http://www.acb.com/fichas/LACB62128.php,,acb,0.0,2018-01-07||herbalife gran canaria - retabet bilbao basket,equipo,equipo||acb
0,0,Equipo,0,0,0,0,0.0,0,0,0.0,0,0,0.0,1,0,1,0,0,1,0,0,0,0,1,0,0,-1,2017-2018,Regular Season,15,2018-01-06,morabanc andorra - san pablo burgos,91 - 99,0,129,http://www.acb.com/fichas/LACB62129.php,,acb,0.0,2018-01-06||morabanc andorra - san pablo burgos,equipo,equipo||acb
0,0,Equipo,0,0,0,0,0.0,0,0,0.0,0,0,0.0,3,1,2,0,0,0,0,0,0,0,0,0,0,3,2017-2018,Regular Season,15,2018-01-06,morabanc andorra - san pablo burgos,91 - 99,0,129,http://www.acb.com/fichas/LACB62129.php,,acb,0.0,2018-01-06||morabanc andorra - san pablo burgos,equipo,equipo||acb
0,0,Equipo,0,0,0,0,0.0,0,0,0.0,0,0,0.0,3,2,1,0,0,0,0,0,0,0,0,0,0,3,2017-2018,Regular Season,15,2018-01-07,baskonia - valencia basket club,78 - 74,0,130,http://www.acb.com/fichas/LACB62130.php,,acb,0.0,2018-01-07||baskonia - valencia basket club,equipo,equipo||acb
0,0,Equipo,0,0,0,0,0.0,0,0,0.0,0,0,0.0,3,0,3,0,0,0,0,0,0,0,0,0,0,3,2017-2018,Regular Season,15,2018-01-07,baskonia - valencia basket club,78 - 74,0,130,http://www.acb.com/fichas/LACB62130.php,,acb,0.0,2018-01-07||baskonia - valencia basket club,equipo,equipo||acb
0,0,Equipo,0,0,0,0,0.0,0,0,0.0,0,0,0.0,0,0,0,0,0,0,0,0,0,0,0,0,0,0,2017-2018,Regular Season,15,2018-01-07,divina seguros joventut - real madrid,66 - 84,0,131,http://www.acb.com/fichas/LACB62131.php,,acb,0.0,2018-01-07||divina seguros joventut - real madrid,equipo,equipo||acb
0,0,Equipo,0,0,0,0,0.0,0,0,0.0,0,0,0.0,6,6,0,0,0,0,0,0,0,0,0,0,0,6,2017-2018,Regular Season,15,2018-01-07,divina seguros joventut - real madrid,66 - 84,0,131,http://www.acb.com/fichas/LACB62131.php,,acb,0.0,2018-01-07||divina seguros joventut - real madrid,equipo,equipo||acb
0,0,Equipo,0,0,0,0,0.0,0,0,0.0,0,0,0.0,1,1,0,0,0,0,0,0,0,0,0,0,0,1,2017-2018,Regular Season,15,2018-01-07,real betis energia plus - fc barcelona lassa,82 - 89,0,132,http://www.acb.com/fichas/LACB62132.php,,acb,0.0,2018-01-07||real betis energia plus - fc barcelona lassa,equipo,equipo||acb
0,0,Equipo,0,0,0,0,0.0,0,0,0.0,0,0,0.0,1,0,1,0,0,0,0,0,0,0,0,0,0,1,2017-2018,Regular Season,15,2018-01-07,real betis energia plus - fc barcelona lassa,82 - 89,0,132,http://www.acb.com/fichas/LACB62132.php,,acb,0.0,2018-01-07||real betis energia plus - fc barcelona lassa,equipo,equipo||acb
0,0,Equipo,0,0,0,0,0.0,0,0,0.0,0,0,0.0,1,1,0,0,0,1,0,0,0,0,0,0,0,0,2017-2018,Regular Season,15,2018-01-07,montakit fuenlabrada - ucam murcia,88 - 86,0,133,http://www.acb.com/fichas/LACB62133.php,,acb,0.0,2018-01-07||montakit fuenlabrada - ucam murcia,equipo,equipo||acb
0,0,Equipo,0,0,0,0,0.0,0,0,0.0,0,0,0.0,3,0,3,0,0,0,0,0,0,0,0,0,0,3,2017-2018,Regular Season,15,2018-01-07,montakit fuenlabrada - ucam murcia,88 - 86,0,133,http://www.acb.com/fichas/LACB62133.php,,acb,0.0,2018-01-07||montakit fuenlabrada - ucam murcia,equipo,equipo||acb
0,0,Equipo,0,0,0,0,0.0,0,0,0.0,0,0,0.0,4,3,1,0,0,2,0,0,0,0,0,0,0,2,2017-2018,Regular Season,15,2018-01-07,delteco gbc - iberostar tenerife,89 - 70,0,134,http://www.acb.com/fichas/LACB62134.php,,acb,0.0,2018-01-07||delteco gbc - iberostar tenerife,equipo,equipo||acb
0,0,Equipo,0,0,0,0,0.0,0,0,0.0,0,0,0.0,0,0,0,0,0,2,0,0,0,0,2,0,0,-4,2017-2018,Regular Season,15,2018-01-07,delteco gbc - iberostar tenerife,89 - 70,0,134,http://www.acb.com/fichas/LACB62134.php,,acb,0.0,2018-01-07||delteco gbc - iberostar tenerife,equipo,equipo||acb
0,0,Equipo,0,0,0,0,0.0,0,0,0.0,0,0,0.0,4,4,0,0,0,0,0,0,0,0,0,0,0,4,2017-2018,Regular Season,15,2018-01-07,tecnyconta zaragoza - movistar estudiantes,102 - 97,0,135,http://www.acb.com/fichas/LACB62135.php,,acb,0.0,2018-01-07||tecnyconta zaragoza - movistar estudiantes,equipo,equipo||acb
0,0,Equipo,0,0,0,0,0.0,0,0,0.0,0,0,0.0,9,5,4,0,0,0,0,0,0,0,0,0,0,9,2017-2018,Regular Season,15,2018-01-07,tecnyconta zaragoza - movistar estudiantes,102 - 97,0,135,http://www.acb.com/fichas/LACB62135.php,,acb,0.0,2018-01-07||tecnyconta zaragoza - movistar estudiantes,equipo,equipo||acb
0,0,Equipo,0,0,0,0,0.0,0,0,0.0,0,0,0.0,1,1,0,0,0,0,0,0,0,0,0,0,0,1,2017-2018,Regular Season,16,2018-01-13,valencia basket club - tecnyconta zaragoza,103 - 58,0,1,http://www.acb.com/fichas/LACB62136.php,,acb,0.0,2018-01-13||valencia basket club - tecnyconta zaragoza,equipo,equipo||acb
0,0,Equipo,0,0,0,0,0.0,0,0,0.0,0,0,0.0,2,2,0,0,0,0,0,0,0,0,0,0,0,2,2017-2018,Regular Season,16,2018-01-13,valencia basket club - tecnyconta zaragoza,103 - 58,0,1,http://www.acb.com/fichas/LACB62136.php,,acb,0.0,2018-01-13||valencia basket club - tecnyconta zaragoza,equipo,equipo||acb
0,0,Equipo,0,0,0,0,0.0,0,0,0.0,0,0,0.0,4,4,0,0,0,1,0,0,0,0,0,0,0,3,2017-2018,Regular Season,16,2018-01-14,real madrid - montakit fuenlabrada,100 - 72,0,2,http://www.acb.com/fichas/LACB62137.php,,acb,0.0,2018-01-14||real madrid - montakit fuenlabrada,equipo,equipo||acb
0,0,Equipo,0,0,0,0,0.0,0,0,0.0,0,0,0.0,5,2,3,0,0,1,0,0,0,0,0,0,0,4,2017-2018,Regular Season,16,2018-01-14,real madrid - montakit fuenlabrada,100 - 72,0,2,http://www.acb.com/fichas/LACB62137.php,,acb,0.0,2018-01-14||real madrid - montakit fuenlabrada,equipo,equipo||acb
0,0,Equipo,0,0,0,0,0.0,0,0,0.0,0,0,0.0,3,1,2,0,0,0,0,0,0,0,0,0,0,3,2017-2018,Regular Season,16,2018-01-14,retabet bilbao basket - divina seguros joventut,99 - 74,0,3,http://www.acb.com/fichas/LACB62138.php,,acb,0.0,2018-01-14||retabet bilbao basket - divina seguros joventut,equipo,equipo||acb
0,0,Equipo,0,0,0,0,0.0,0,0,0.0,0,0,0.0,4,4,0,0,0,1,0,0,0,0,0,0,0,3,2017-2018,Regular Season,16,2018-01-14,retabet bilbao basket - divina seguros joventut,99 - 74,0,3,http://www.acb.com/fichas/LACB62138.php,,acb,0.0,2018-01-14||retabet bilbao basket - divina seguros joventut,equipo,equipo||acb
0,0,Equipo,0,0,0,0,0.0,0,0,0.0,0,0,0.0,6,3,3,0,0,0,0,0,0,0,0,0,0,6,2017-2018,Regular Season,16,2018-01-13,monbus obradoiro - delteco gbc,69 - 72,0,4,http://www.acb.com/fichas/LACB62139.php,,acb,0.0,2018-01-13||monbus obradoiro - delteco gbc,equipo,equipo||acb
0,0,Equipo,0,0,0,0,0.0,0,0,0.0,0,0,0.0,7,3,4,0,0,0,0,0,0,0,0,0,0,7,2017-2018,Regular Season,16,2018-01-13,monbus obradoiro - delteco gbc,69 - 72,0,4,http://www.acb.com/fichas/LACB62139.php,,acb,0.0,2018-01-13||monbus obradoiro - delteco gbc,equipo,equipo||acb
0,0,Equipo,0,0,0,0,0.0,0,0,0.0,0,0,0.0,0,0,0,0,0,0,0,0,0,0,0,0,0,0,2017-2018,Regular Season,16,2018-01-14,san pablo burgos - real betis energia plus,92 - 88,0,5,http://www.acb.com/fichas/LACB62140.php,,acb,0.0,2018-01-14||san pablo burgos - real betis energia plus,equipo,equipo||acb
0,0,Equipo,0,0,0,0,0.0,0,0,0.0,0,0,0.0,3,1,2,0,0,0,0,0,0,0,0,0,0,3,2017-2018,Regular Season,16,2018-01-14,san pablo burgos - real betis energia plus,92 - 88,0,5,http://www.acb.com/fichas/LACB62140.php,,acb,0.0,2018-01-14||san pablo burgos - real betis energia plus,equipo,equipo||acb
0,0,Equipo,0,0,0,0,0.0,0,0,0.0,0,0,0.0,3,1,2,0,0,1,0,0,0,0,0,0,0,2,2017-2018,Regular Season,16,2018-01-14,iberostar tenerife - baskonia,86 - 74,0,6,http://www.acb.com/fichas/LACB62141.php,,acb,0.0,2018-01-14||iberostar tenerife - baskonia,equipo,equipo||acb
0,0,Equipo,0,0,0,0,0.0,0,0,0.0,0,0,0.0,2,2,0,0,0,0,0,0,0,0,0,0,0,2,2017-2018,Regular Season,16,2018-01-14,iberostar tenerife - baskonia,86 - 74,0,6,http://www.acb.com/fichas/LACB62141.php,,acb,0.0,2018-01-14||iberostar tenerife - baskonia,equipo,equipo||acb
0,0,Equipo,0,0,0,0,0.0,0,0,0.0,0,0,0.0,2,1,1,0,0,0,0,0,0,0,0,0,0,2,2017-2018,Regular Season,16,2018-01-14,fc barcelona lassa - unicaja,73 - 76,0,7,http://www.acb.com/fichas/LACB62142.php,,acb,0.0,2018-01-14||fc barcelona lassa - unicaja,equipo,equipo||acb
0,0,Equipo,0,0,0,0,0.0,0,0,0.0,0,0,0.0,1,0,1,0,0,2,0,0,0,0,0,0,0,-1,2017-2018,Regular Season,16,2018-01-14,fc barcelona lassa - unicaja,73 - 76,0,7,http://www.acb.com/fichas/LACB62142.php,,acb,0.0,2018-01-14||fc barcelona lassa - unicaja,equipo,equipo||acb
0,0,Equipo,0,0,0,0,0.0,0,0,0.0,0,0,0.0,3,1,2,0,0,0,0,0,0,0,0,0,0,3,2017-2018,Regular Season,16,2018-01-14,ucam murcia - herbalife gran canaria,84 - 78,0,8,http://www.acb.com/fichas/LACB62143.php,,acb,0.0,2018-01-14||ucam murcia - herbalife gran canaria,equipo,equipo||acb
0,0,Equipo,0,0,0,0,0.0,0,0,0.0,0,0,0.0,1,0,1,0,0,0,0,0,0,0,0,0,0,1,2017-2018,Regular Season,16,2018-01-14,ucam murcia - herbalife gran canaria,84 - 78,0,8,http://www.acb.com/fichas/LACB62143.php,,acb,0.0,2018-01-14||ucam murcia - herbalife gran canaria,equipo,equipo||acb
0,0,Equipo,0,0,0,0,0.0,0,0,0.0,0,0,0.0,0,0,0,0,0,0,0,0,0,0,0,0,0,0,2017-2018,Regular Season,16,2018-01-14,movistar estudiantes - morabanc andorra,81 - 72,0,9,http://www.acb.com/fichas/LACB62144.php,,acb,0.0,2018-01-14||movistar estudiantes - morabanc andorra,equipo,equipo||acb
0,0,Equipo,0,0,0,0,0.0,0,0,0.0,0,0,0.0,1,1,0,0,0,0,0,0,0,0,0,0,0,1,2017-2018,Regular Season,16,2018-01-14,movistar estudiantes - morabanc andorra,81 - 72,0,9,http://www.acb.com/fichas/LACB62144.php,,acb,0.0,2018-01-14||movistar estudiantes - morabanc andorra,equipo,equipo||acb
0,0,Equipo,0,0,0,0,0.0,0,0,0.0,0,0,0.0,4,2,2,0,0,0,0,0,0,0,0,0,0,4,2017-2018,Regular Season,17,2018-01-21,valencia basket club - montakit fuenlabrada,88 - 72,0,10,http://www.acb.com/fichas/LACB62145.php,,acb,0.0,2018-01-21||valencia basket club - montakit fuenlabrada,equipo,equipo||acb
0,0,Equipo,0,0,0,0,0.0,0,0,0.0,0,0,0.0,2,1,1,0,0,2,0,0,0,0,1,0,0,-1,2017-2018,Regular Season,17,2018-01-21,valencia basket club - montakit fuenlabrada,88 - 72,0,10,http://www.acb.com/fichas/LACB62145.php,,acb,0.0,2018-01-21||valencia basket club - montakit fuenlabrada,equipo,equipo||acb
0,0,Equipo,0,0,0,0,0.0,0,0,0.0,0,0,0.0,1,1,0,0,0,0,0,0,0,0,0,0,0,1,2017-2018,Regular Season,17,2018-01-21,baskonia - real betis energia plus,94 - 70,0,11,http://www.acb.com/fichas/LACB62146.php,,acb,0.0,2018-01-21||baskonia - real betis energia plus,equipo,equipo||acb
0,0,Equipo,0,0,0,0,0.0,0,0,0.0,0,0,0.0,2,1,1,0,0,1,0,0,0,0,0,0,0,1,2017-2018,Regular Season,17,2018-01-21,baskonia - real betis energia plus,94 - 70,0,11,http://www.acb.com/fichas/LACB62146.php,,acb,0.0,2018-01-21||baskonia - real betis energia plus,equipo,equipo||acb
0,0,Equipo,0,0,0,0,0.0,0,0,0.0,0,0,0.0,0,0,0,0,0,1,0,0,0,0,0,0,0,-1,2017-2018,Regular Season,17,2018-01-21,unicaja - herbalife gran canaria,94 - 87,0,12,http://www.acb.com/fichas/LACB62147.php,,acb,0.0,2018-01-21||unicaja - herbalife gran canaria,equipo,equipo||acb
0,0,Equipo,0,0,0,0,0.0,0,0,0.0,0,0,0.0,3,1,2,0,0,0,0,0,0,0,1,0,0,2,2017-2018,Regular Season,17,2018-01-21,unicaja - herbalife gran canaria,94 - 87,0,12,http://www.acb.com/fichas/LACB62147.php,,acb,0.0,2018-01-21||unicaja - herbalife gran canaria,equipo,equipo||acb
0,0,Equipo,0,0,0,0,0.0,0,0,0.0,0,0,0.0,6,2,4,0,0,0,0,0,0,0,0,0,0,6,2017-2018,Regular Season,17,2018-01-21,retabet bilbao basket - monbus obradoiro,74 - 84,0,13,http://www.acb.com/fichas/LACB62148.php,,acb,0.0,2018-01-21||retabet bilbao basket - monbus obradoiro,equipo,equipo||acb
0,0,Equipo,0,0,0,0,0.0,0,0,0.0,0,0,0.0,7,5,2,0,0,0,0,0,0,0,0,0,0,7,2017-2018,Regular Season,17,2018-01-21,retabet bilbao basket - monbus obradoiro,74 - 84,0,13,http://www.acb.com/fichas/LACB62148.php,,acb,0.0,2018-01-21||retabet bilbao basket - monbus obradoiro,equipo,equipo||acb
0,0,Equipo,0,0,0,0,0.0,0,0,0.0,0,0,0.0,1,0,1,0,0,2,0,0,0,0,0,0,0,-1,2017-2018,Regular Season,17,2018-01-21,iberostar tenerife - movistar estudiantes,77 - 59,0,14,http://www.acb.com/fichas/LACB62149.php,,acb,0.0,2018-01-21||iberostar tenerife - movistar estudiantes,equipo,equipo||acb
0,0,Equipo,0,0,0,0,0.0,0,0,0.0,0,0,0.0,2,1,1,0,0,1,0,0,0,0,0,0,0,1,2017-2018,Regular Season,17,2018-01-21,iberostar tenerife - movistar estudiantes,77 - 59,0,14,http://www.acb.com/fichas/LACB62149.php,,acb,0.0,2018-01-21||iberostar tenerife - movistar estudiantes,equipo,equipo||acb
0,0,Equipo,0,0,0,0,0.0,0,0,0.0,0,0,0.0,1,1,0,0,0,0,0,0,0,0,0,0,0,1,2017-2018,Regular Season,17,2018-01-21,tecnyconta zaragoza - san pablo burgos,73 - 79,0,15,http://www.acb.com/fichas/LACB62150.php,,acb,0.0,2018-01-21||tecnyconta zaragoza - san pablo burgos,equipo,equipo||acb
0,0,Equipo,0,0,0,0,0.0,0,0,0.0,0,0,0.0,5,4,1,0,0,0,0,0,0,0,0,0,0,5,2017-2018,Regular Season,17,2018-01-21,tecnyconta zaragoza - san pablo burgos,73 - 79,0,15,http://www.acb.com/fichas/LACB62150.php,,acb,0.0,2018-01-21||tecnyconta zaragoza - san pablo burgos,equipo,equipo||acb
0,0,Equipo,0,0,0,0,0.0,0,0,0.0,0,0,0.0,3,1,2,0,0,0,0,0,0,0,0,0,0,3,2017-2018,Regular Season,17,2018-01-21,delteco gbc - real madrid,84 - 98,0,16,http://www.acb.com/fichas/LACB62151.php,,acb,0.0,2018-01-21||delteco gbc - real madrid,equipo,equipo||acb
0,0,Equipo,0,0,0,0,0.0,0,0,0.0,0,0,0.0,2,1,1,0,0,0,0,0,0,0,0,0,0,2,2017-2018,Regular Season,17,2018-01-21,delteco gbc - real madrid,84 - 98,0,16,http://www.acb.com/fichas/LACB62151.php,,acb,0.0,2018-01-21||delteco gbc - real madrid,equipo,equipo||acb
0,0,Equipo,0,0,0,0,0.0,0,0,0.0,0,0,0.0,2,2,0,0,0,0,0,0,0,0,0,0,0,2,2017-2018,Regular Season,17,2018-01-21,morabanc andorra - fc barcelona lassa,102 - 92,0,17,http://www.acb.com/fichas/LACB62152.php,,acb,0.0,2018-01-21||morabanc andorra - fc barcelona lassa,equipo,equipo||acb
0,0,Equipo,0,0,0,0,0.0,0,0,0.0,0,0,0.0,5,3,2,0,0,2,0,0,0,0,1,0,0,2,2017-2018,Regular Season,17,2018-01-21,morabanc andorra - fc barcelona lassa,102 - 92,0,17,http://www.acb.com/fichas/LACB62152.php,,acb,0.0,2018-01-21||morabanc andorra - fc barcelona lassa,equipo,equipo||acb
0,0,Equipo,0,0,0,0,0.0,0,0,0.0,0,0,0.0,8,4,4,0,0,2,0,0,0,0,0,0,0,6,2017-2018,Regular Season,17,2018-01-21,divina seguros joventut - ucam murcia,62 - 71,0,18,http://www.acb.com/fichas/LACB62153.php,,acb,0.0,2018-01-21||divina seguros joventut - ucam murcia,equipo,equipo||acb
0,0,Equipo,0,0,0,0,0.0,0,0,0.0,0,0,0.0,3,1,2,0,0,0,0,0,0,0,0,0,0,3,2017-2018,Regular Season,17,2018-01-21,divina seguros joventut - ucam murcia,62 - 71,0,18,http://www.acb.com/fichas/LACB62153.php,,acb,0.0,2018-01-21||divina seguros joventut - ucam murcia,equipo,equipo||acb
0,0,Team,0,0,0,0,0.0,0,0,0.0,0,0,0.0,5,1,4,0,0,0,0,0,0,0,0,0,0,5,2017-18,Regular Season,Round 1,2017-10-12,anadolu efes istanbul-real madrid,74-88,0,1,http://www.euroleague.net/main/results/showgame?gamecode=1&seasoncode=E2017,,euroleague,0.0,2017-10-12||anadolu efes istanbul-real madrid,team,team||euroleague
0,0,Team,0,0,0,0,0.0,0,0,0.0,0,0,0.0,2,1,1,0,0,2,0,0,0,0,0,0,0,0,2017-18,Regular Season,Round 1,2017-10-12,anadolu efes istanbul-real madrid,74-88,Real_Madrid,1,http://www.euroleague.net/main/results/showgame?gamecode=1&seasoncode=E2017,,euroleague,0.0,2017-10-12||anadolu efes istanbul-real madrid,team,team||euroleague
0,0,Team,0,0,0,0,0.0,0,0,0.0,0,0,0.0,4,2,2,0,0,2,0,0,0,0,0,0,0,2,2017-18,Regular Season,Round 1,2017-10-12,brose bamberg-maccabi fox tel aviv,71-88,0,2,http://www.euroleague.net/main/results/showgame?gamecode=2&seasoncode=E2017,,euroleague,0.0,2017-10-12||brose bamberg-maccabi fox tel aviv,team,team||euroleague
0,0,Team,0,0,0,0,0.0,0,0,0.0,0,0,0.0,6,3,3,0,0,0,0,0,0,0,0,0,0,6,2017-18,Regular Season,Round 1,2017-10-12,brose bamberg-maccabi fox tel aviv,71-88,Maccabi,2,http://www.euroleague.net/main/results/showgame?gamecode=2&seasoncode=E2017,,euroleague,0.0,2017-10-12||brose bamberg-maccabi fox tel aviv,team,team||euroleague
0,0,Team,0,0,0,0,0.0,0,0,0.0,0,0,0.0,3,1,2,0,0,0,0,0,0,0,0,0,0,3,2017-18,Regular Season,Round 1,2017-10-12,cska moscow-ax armani exchange olimpia milan,93-84,0,3,http://www.euroleague.net/main/results/showgame?gamecode=3&seasoncode=E2017,,euroleague,0.0,2017-10-12||cska moscow-ax armani exchange olimpia milan,team,team||euroleague
0,0,Team,0,0,0,0,0.0,0,0,0.0,0,0,0.0,2,2,0,0,0,0,0,0,0,0,0,0,0,2,2017-18,Regular Season,Round 1,2017-10-12,cska moscow-ax armani exchange olimpia milan,93-84,Milan,3,http://www.euroleague.net/main/results/showgame?gamecode=3&seasoncode=E2017,,euroleague,0.0,2017-10-12||cska moscow-ax armani exchange olimpia milan,team,team||euroleague
0,0,Team,0,0,0,0,0.0,0,0,0.0,0,0,0.0,5,2,3,0,0,2,0,0,0,0,0,0,0,3,2017-18,Regular Season,Round 1,2017-10-12,olympiacos piraeus-baskonia vitoria gasteiz,75-64,0,4,http://www.euroleague.net/main/results/showgame?gamecode=4&seasoncode=E2017,,euroleague,0.0,2017-10-12||olympiacos piraeus-baskonia vitoria gasteiz,team,team||euroleague
0,0,Team,0,0,0,0,0.0,0,0,0.0,0,0,0.0,4,2,2,0,0,0,0,0,0,0,0,0,0,4,2017-18,Regular Season,Round 1,2017-10-12,olympiacos piraeus-baskonia vitoria gasteiz,75-64,Baskonia,4,http://www.euroleague.net/main/results/showgame?gamecode=4&seasoncode=E2017,,euroleague,0.0,2017-10-12||olympiacos piraeus-baskonia vitoria gasteiz,team,team||euroleague
0,0,Team,0,0,0,0,0.0,0,0,0.0,0,0,0.0,4,2,2,0,0,0,0,0,0,0,0,0,0,4,2017-18,Regular Season,Round 1,2017-10-12,unicaja malaga-fenerbahce dogus istanbul,68-67,0,5,http://www.euroleague.net/main/results/showgame?gamecode=5&seasoncode=E2017,,euroleague,0.0,2017-10-12||unicaja malaga-fenerbahce dogus istanbul,team,team||euroleague
0,0,Team,0,0,0,0,0.0,0,0,0.0,0,0,0.0,6,5,1,0,0,0,0,0,0,0,0,0,0,6,2017-18,Regular Season,Round 1,2017-10-12,unicaja malaga-fenerbahce dogus istanbul,68-67,Fenerbahce,5,http://www.euroleague.net/main/results/showgame?gamecode=5&seasoncode=E2017,,euroleague,0.0,2017-10-12||unicaja malaga-fenerbahce dogus istanbul,team,team||euroleague
0,0,Team,0,0,0,0,0.0,0,0,0.0,0,0,0.0,5,3,2,0,0,0,0,0,0,0,0,0,0,5,2017-18,Regular Season,Round 1,2017-10-13,fc barcelona lassa-panathinaikos superfoods athens,98-71,0,6,http://www.euroleague.net/main/results/showgame?gamecode=6&seasoncode=E2017,,euroleague,0.0,2017-10-13||fc barcelona lassa-panathinaikos superfoods athens,team,team||euroleague
0,0,Team,0,0,0,0,0.0,0,0,0.0,0,0,0.0,4,3,1,0,0,0,0,0,0,0,0,0,0,4,2017-18,Regular Season,Round 1,2017-10-13,fc barcelona lassa-panathinaikos superfoods athens,98-71,Panathinaikos,6,http://www.euroleague.net/main/results/showgame?gamecode=6&seasoncode=E2017,,euroleague,0.0,2017-10-13||fc barcelona lassa-panathinaikos superfoods athens,team,team||euroleague
0,0,Team,0,0,0,0,0.0,0,0,0.0,0,0,0.0,3,2,1,0,0,2,0,0,0,0,0,0,0,1,2017-18,Regular Season,Round 1,2017-10-13,khimki moscow region-valencia basket,75-70,0,7,http://www.euroleague.net/main/results/showgame?gamecode=7&seasoncode=E2017,,euroleague,0.0,2017-10-13||khimki moscow region-valencia basket,team,team||euroleague
0,0,Team,0,0,0,0,0.0,0,0,0.0,0,0,0.0,5,3,2,0,0,1,0,0,0,0,0,0,0,4,2017-18,Regular Season,Round 1,2017-10-13,khimki moscow region-valencia basket,75-70,Valencia,7,http://www.euroleague.net/main/results/showgame?gamecode=7&seasoncode=E2017,,euroleague,0.0,2017-10-13||khimki moscow region-valencia basket,team,team||euroleague
0,0,Team,0,0,0,0,0.0,0,0,0.0,0,0,0.0,1,1,0,0,0,0,0,0,0,0,0,0,0,1,2017-18,Regular Season,Round 1,2017-10-13,zalgiris kaunas-crvena zvezda mts belgrade,78-76,0,8,http://www.euroleague.net/main/results/showgame?gamecode=8&seasoncode=E2017,,euroleague,0.0,2017-10-13||zalgiris kaunas-crvena zvezda mts belgrade,team,team||euroleague
0,0,Team,0,0,0,0,0.0,0,0,0.0,0,0,0.0,3,2,1,0,0,0,0,0,0,0,0,0,0,3,2017-18,Regular Season,Round 1,2017-10-13,zalgiris kaunas-crvena zvezda mts belgrade,78-76,Crvena_Zvezda_Belgrade,8,http://www.euroleague.net/main/results/showgame?gamecode=8&seasoncode=E2017,,euroleague,0.0,2017-10-13||zalgiris kaunas-crvena zvezda mts belgrade,team,team||euroleague
0,0,Team,0,0,0,0,0.0,0,0,0.0,0,0,0.0,3,0,3,0,0,0,0,0,0,0,0,0,0,3,2017-18,Regular Season,Round 2,2017-10-20,crvena zvezda mts belgrade-fc barcelona lassa,90-82,0,9,http://www.euroleague.net/main/results/showgame?gamecode=9&seasoncode=E2017,,euroleague,0.0,2017-10-20||crvena zvezda mts belgrade-fc barcelona lassa,team,team||euroleague
0,0,Team,0,0,0,0,0.0,0,0,0.0,0,0,0.0,5,2,3,0,0,1,0,0,0,0,0,0,0,4,2017-18,Regular Season,Round 2,2017-10-20,crvena zvezda mts belgrade-fc barcelona lassa,90-82,FC_Barcelona,9,http://www.euroleague.net/main/results/showgame?gamecode=9&seasoncode=E2017,,euroleague,0.0,2017-10-20||crvena zvezda mts belgrade-fc barcelona lassa,team,team||euroleague
0,0,Team,0,0,0,0,0.0,0,0,0.0,0,0,0.0,5,3,2,0,0,0,0,0,0,0,0,0,0,5,2017-18,Regular Season,Round 2,2017-10-19,ax armani exchange olimpia milan-fenerbahce dogus istanbul,86-92,0,10,http://www.euroleague.net/main/results/showgame?gamecode=10&seasoncode=E2017,,euroleague,0.0,2017-10-19||ax armani exchange olimpia milan-fenerbahce dogus istanbul,team,team||euroleague
0,0,Team,0,0,0,0,0.0,0,0,0.0,0,0,0.0,3,1,2,0,0,2,0,0,0,0,0,0,0,1,2017-18,Regular Season,Round 2,2017-10-19,ax armani exchange olimpia milan-fenerbahce dogus istanbul,86-92,Fenerbahce,10,http://www.euroleague.net/main/results/showgame?gamecode=10&seasoncode=E2017,,euroleague,0.0,2017-10-19||ax armani exchange olimpia milan-fenerbahce dogus istanbul,team,team||euroleague
0,0,Team,0,0,0,0,0.0,0,0,0.0,0,0,0.0,8,4,4,0,0,1,0,0,0,0,0,0,0,7,2017-18,Regular Season,Round 2,2017-10-19,maccabi fox tel aviv-baskonia vitoria gasteiz,74-68,0,11,http://www.euroleague.net/main/results/showgame?gamecode=11&seasoncode=E2017,,euroleague,0.0,2017-10-19||maccabi fox tel aviv-baskonia vitoria gasteiz,team,team||euroleague
0,0,Team,0,0,0,0,0.0,0,0,0.0,0,0,0.0,2,1,1,0,0,0,0,0,0,0,0,0,0,2,2017-18,Regular Season,Round 2,2017-10-19,maccabi fox tel aviv-baskonia vitoria gasteiz,74-68,Baskonia,11,http://www.euroleague.net/main/results/showgame?gamecode=11&seasoncode=E2017,,euroleague,0.0,2017-10-19||maccabi fox tel aviv-baskonia vitoria gasteiz,team,team||euroleague
0,0,Team,0,0,0,0,0.0,0,0,0.0,0,0,0.0,2,1,1,0,0,2,0,0,0,0,0,0,0,0,2017-18,Regular Season,Round 2,2017-10-19,panathinaikos superfoods athens-brose bamberg,93-83,0,12,http://www.euroleague.net/main/results/showgame?gamecode=12&seasoncode=E2017,,euroleague,0.0,2017-10-19||panathinaikos superfoods athens-brose bamberg,team,team||euroleague
0,0,Team,0,0,0,0,0.0,0,0,0.0,0,0,0.0,3,0,3,0,0,1,0,0,0,0,0,0,0,2,2017-18,Regular Season,Round 2,2017-10-19,panathinaikos superfoods athens-brose bamberg,93-83,Bamberg,12,http://www.euroleague.net/main/results/showgame?gamecode=12&seasoncode=E2017,,euroleague,0.0,2017-10-19||panathinaikos superfoods athens-brose bamberg,team,team||euroleague
0,0,Team,0,0,0,0,0.0,0,0,0.0,0,0,0.0,4,2,2,0,0,1,0,0,0,0,0,0,0,3,2017-18,Regular Season,Round 2,2017-10-19,real madrid-cska moscow,82-69,0,13,http://www.euroleague.net/main/results/showgame?gamecode=13&seasoncode=E2017,,euroleague,0.0,2017-10-19||real madrid-cska moscow,team,team||euroleague
0,0,Team,0,0,0,0,0.0,0,0,0.0,0,0,0.0,4,2,2,0,0,0,0,0,0,0,0,0,0,4,2017-18,Regular Season,Round 2,2017-10-19,real madrid-cska moscow,82-69,CSKA,13,http://www.euroleague.net/main/results/showgame?gamecode=13&seasoncode=E2017,,euroleague,0.0,2017-10-19||real madrid-cska moscow,team,team||euroleague
0,0,Team,0,0,0,0,0.0,0,0,0.0,0,0,0.0,4,2,2,0,0,0,0,0,0,0,0,0,0,4,2017-18,Regular Season,Round 2,2017-10-20,khimki moscow region-zalgiris kaunas,85-77,0,14,http://www.euroleague.net/main/results/showgame?gamecode=14&seasoncode=E2017,,euroleague,0.0,2017-10-20||khimki moscow region-zalgiris kaunas,team,team||euroleague
0,0,Team,0,0,0,0,0.0,0,0,0.0,0,0,0.0,6,2,4,0,0,0,0,0,0,0,0,0,0,6,2017-18,Regular Season,Round 2,2017-10-20,khimki moscow region-zalgiris kaunas,85-77,Zalgiris,14,http://www.euroleague.net/main/results/showgame?gamecode=14&seasoncode=E2017,,euroleague,0.0,2017-10-20||khimki moscow region-zalgiris kaunas,team,team||euroleague
0,0,Team,0,0,0,0,0.0,0,0,0.0,0,0,0.0,1,0,1,0,0,0,0,0,0,0,0,0,0,1,2017-18,Regular Season,Round 2,2017-10-20,olympiacos piraeus-unicaja malaga,80-75,0,15,http://www.euroleague.net/main/results/showgame?gamecode=15&seasoncode=E2017,,euroleague,0.0,2017-10-20||olympiacos piraeus-unicaja malaga,team,team||euroleague
0,0,Team,0,0,0,0,0.0,0,0,0.0,0,0,0.0,0,0,0,0,0,0,0,0,0,0,0,0,0,0,2017-18,Regular Season,Round 2,2017-10-20,olympiacos piraeus-unicaja malaga,80-75,Unicaja,15,http://www.euroleague.net/main/results/showgame?gamecode=15&seasoncode=E2017,,euroleague,0.0,2017-10-20||olympiacos piraeus-unicaja malaga,team,team||euroleague
0,0,Team,0,0,0,0,0.0,0,0,0.0,0,0,0.0,3,3,0,0,0,1,0,0,0,0,0,0,0,2,2017-18,Regular Season,Round 2,2017-10-20,valencia basket-anadolu efes istanbul,78-71,0,16,http://www.euroleague.net/main/results/showgame?gamecode=16&seasoncode=E2017,,euroleague,0.0,2017-10-20||valencia basket-anadolu efes istanbul,team,team||euroleague
0,0,Team,0,0,0,0,0.0,0,0,0.0,0,0,0.0,5,2,3,0,0,0,0,0,0,0,0,0,0,5,2017-18,Regular Season,Round 2,2017-10-20,valencia basket-anadolu efes istanbul,78-71,Efes_Pilsen,16,http://www.euroleague.net/main/results/showgame?gamecode=16&seasoncode=E2017,,euroleague,0.0,2017-10-20||valencia basket-anadolu efes istanbul,team,team||euroleague
0,0,Team,0,0,0,0,0.0,0,0,0.0,0,0,0.0,3,2,1,0,0,0,0,0,0,0,0,0,0,3,2017-18,Regular Season,Round 3,2017-10-24,fc barcelona lassa-zalgiris kaunas,75-81,0,17,http://www.euroleague.net/main/results/showgame?gamecode=17&seasoncode=E2017,,euroleague,0.0,2017-10-24||fc barcelona lassa-zalgiris kaunas,team,team||euroleague
0,0,Team,0,0,0,0,0.0,0,0,0.0,0,0,0.0,2,1,1,0,0,0,0,0,0,0,0,0,0,2,2017-18,Regular Season,Round 3,2017-10-24,fc barcelona lassa-zalgiris kaunas,75-81,Zalgiris,17,http://www.euroleague.net/main/results/showgame?gamecode=17&seasoncode=E2017,,euroleague,0.0,2017-10-24||fc barcelona lassa-zalgiris kaunas,team,team||euroleague
0,0,Team,0,0,0,0,0.0,0,0,0.0,0,0,0.0,3,2,1,0,0,0,0,0,0,0,0,0,0,3,2017-18,Regular Season,Round 3,2017-10-24,khimki moscow region-crvena zvezda mts belgrade,85-78,0,18,http://www.euroleague.net/main/results/showgame?gamecode=18&seasoncode=E2017,,euroleague,0.0,2017-10-24||khimki moscow region-crvena zvezda mts belgrade,team,team||euroleague
0,0,Team,0,0,0,0,0.0,0,0,0.0,0,0,0.0,5,2,3,0,0,0,0,0,0,0,0,0,0,5,2017-18,Regular Season,Round 3,2017-10-24,khimki moscow region-crvena zvezda mts belgrade,85-78,Crvena_Zvezda_Belgrade,18,http://www.euroleague.net/main/results/showgame?gamecode=18&seasoncode=E2017,,euroleague,0.0,2017-10-24||khimki moscow region-crvena zvezda mts belgrade,team,team||euroleague
0,0,Team,0,0,0,0,0.0,0,0,0.0,0,0,0.0,0,0,0,0,0,0,0,0,0,0,0,0,0,0,2017-18,Regular Season,Round 3,2017-10-24,maccabi fox tel aviv-olympiacos piraeus,68-69,0,19,http://www.euroleague.net/main/results/showgame?gamecode=19&seasoncode=E2017,,euroleague,0.0,2017-10-24||maccabi fox tel aviv-olympiacos piraeus,team,team||euroleague
0,0,Team,0,0,0,0,0.0,0,0,0.0,0,0,0.0,5,1,4,0,0,1,0,0,0,0,0,0,0,4,2017-18,Regular Season,Round 3,2017-10-24,maccabi fox tel aviv-olympiacos piraeus,68-69,Olympiakos,19,http://www.euroleague.net/main/results/showgame?gamecode=19&seasoncode=E2017,,euroleague,0.0,2017-10-24||maccabi fox tel aviv-olympiacos piraeus,team,team||euroleague
0,0,Team,0,0,0,0,0.0,0,0,0.0,0,0,0.0,1,0,1,0,0,0,0,0,0,0,0,0,0,1,2017-18,Regular Season,Round 3,2017-10-24,real madrid-ax armani exchange olimpia milan,100-90,0,20,http://www.euroleague.net/main/results/showgame?gamecode=20&seasoncode=E2017,,euroleague,0.0,2017-10-24||real madrid-ax armani exchange olimpia milan,team,team||euroleague
0,0,Team,0,0,0,0,0.0,0,0,0.0,0,0,0.0,3,1,2,0,0,0,0,0,0,0,0,0,0,3,2017-18,Regular Season,Round 3,2017-10-24,real madrid-ax armani exchange olimpia milan,100-90,Milan,20,http://www.euroleague.net/main/results/showgame?gamecode=20&seasoncode=E2017,,euroleague,0.0,2017-10-24||real madrid-ax armani exchange olimpia milan,team,team||euroleague
0,0,Team,0,0,0,0,0.0,0,0,0.0,0,0,0.0,3,1,2,0,0,3,0,0,0,0,0,0,0,0,2017-18,Regular Season,Round 3,2017-10-25,baskonia vitoria gasteiz-valencia basket,63-80,0,21,http://www.euroleague.net/main/results/showgame?gamecode=21&seasoncode=E2017,,euroleague,0.0,2017-10-25||baskonia vitoria gasteiz-valencia basket,team,team||euroleague
0,0,Team,0,0,0,0,0.0,0,0,0.0,0,0,0.0,4,2,2,0,0,0,0,0,0,0,0,0,0,4,2017-18,Regular Season,Round 3,2017-10-25,baskonia vitoria gasteiz-valencia basket,63-80,Valencia,21,http://www.euroleague.net/main/results/showgame?gamecode=21&seasoncode=E2017,,euroleague,0.0,2017-10-25||baskonia vitoria gasteiz-valencia basket,team,team||euroleague
0,0,Team,0,0,0,0,0.0,0,0,0.0,0,0,0.0,3,3,0,0,0,1,0,0,0,0,0,0,0,2,2017-18,Regular Season,Round 3,2017-10-25,cska moscow-panathinaikos superfoods athens,81-63,0,22,http://www.euroleague.net/main/results/showgame?gamecode=22&seasoncode=E2017,,euroleague,0.0,2017-10-25||cska moscow-panathinaikos superfoods athens,team,team||euroleague
0,0,Team,0,0,0,0,0.0,0,0,0.0,0,0,0.0,1,0,1,0,0,2,0,0,0,0,0,0,0,-1,2017-18,Regular Season,Round 3,2017-10-25,cska moscow-panathinaikos superfoods athens,81-63,Panathinaikos,22,http://www.euroleague.net/main/results/showgame?gamecode=22&seasoncode=E2017,,euroleague,0.0,2017-10-25||cska moscow-panathinaikos superfoods athens,team,team||euroleague
0,0,Team,0,0,0,0,0.0,0,0,0.0,0,0,0.0,3,2,1,0,0,1,0,0,0,0,0,0,0,2,2017-18,Regular Season,Round 3,2017-10-25,fenerbahce dogus istanbul-anadolu efes istanbul,81-70,0,23,http://www.euroleague.net/main/results/showgame?gamecode=23&seasoncode=E2017,,euroleague,0.0,2017-10-25||fenerbahce dogus istanbul-anadolu efes istanbul,team,team||euroleague
0,0,Team,0,0,0,0,0.0,0,0,0.0,0,0,0.0,5,3,2,0,0,1,0,0,0,0,0,0,0,4,2017-18,Regular Season,Round 3,2017-10-25,fenerbahce dogus istanbul-anadolu efes istanbul,81-70,Efes_Pilsen,23,http://www.euroleague.net/main/results/showgame?gamecode=23&seasoncode=E2017,,euroleague,0.0,2017-10-25||fenerbahce dogus istanbul-anadolu efes istanbul,team,team||euroleague
0,0,Team,0,0,0,0,0.0,0,0,0.0,0,0,0.0,3,1,2,0,0,2,0,0,0,0,0,0,0,1,2017-18,Regular Season,Round 3,2017-10-25,unicaja malaga-brose bamberg,76-80,0,24,http://www.euroleague.net/main/results/showgame?gamecode=24&seasoncode=E2017,,euroleague,0.0,2017-10-25||unicaja malaga-brose bamberg,team,team||euroleague
0,0,Team,0,0,0,0,0.0,0,0,0.0,0,0,0.0,6,3,3,0,0,2,0,0,0,0,0,0,0,4,2017-18,Regular Season,Round 3,2017-10-25,unicaja malaga-brose bamberg,76-80,Bamberg,24,http://www.euroleague.net/main/results/showgame?gamecode=24&seasoncode=E2017,,euroleague,0.0,2017-10-25||unicaja malaga-brose bamberg,team,team||euroleague
0,0,Team,0,0,0,0,0.0,0,0,0.0,0,0,0.0,2,0,2,0,0,1,0,0,0,0,0,0,0,1,2017-18,Regular Season,Round 4,2017-10-26,crvena zvezda mts belgrade-maccabi fox tel aviv,87-84,0,25,http://www.euroleague.net/main/results/showgame?gamecode=25&seasoncode=E2017,,euroleague,0.0,2017-10-26||crvena zvezda mts belgrade-maccabi fox tel aviv,team,team||euroleague
0,0,Team,0,0,0,0,0.0,0,0,0.0,0,0,0.0,5,1,4,0,0,0,0,0,0,0,0,0,0,5,2017-18,Regular Season,Round 4,2017-10-26,crvena zvezda mts belgrade-maccabi fox tel aviv,87-84,Maccabi,25,http://www.euroleague.net/main/results/showgame?gamecode=25&seasoncode=E2017,,euroleague,0.0,2017-10-26||crvena zvezda mts belgrade-maccabi fox tel aviv,team,team||euroleague
0,0,Team,0,0,0,0,0.0,0,0,0.0,0,0,0.0,3,2,1,0,0,2,0,0,0,0,0,0,0,1,2017-18,Regular Season,Round 4,2017-10-26,ax armani exchange olimpia milan-fc barcelona lassa,78-74,0,26,http://www.euroleague.net/main/results/showgame?gamecode=26&seasoncode=E2017,,euroleague,0.0,2017-10-26||ax armani exchange olimpia milan-fc barcelona lassa,team,team||euroleague
0,0,Team,0,0,0,0,0.0,0,0,0.0,0,0,0.0,2,2,0,0,0,0,0,0,0,0,0,0,0,2,2017-18,Regular Season,Round 4,2017-10-26,ax armani exchange olimpia milan-fc barcelona lassa,78-74,FC_Barcelona,26,http://www.euroleague.net/main/results/showgame?gamecode=26&seasoncode=E2017,,euroleague,0.0,2017-10-26||ax armani exchange olimpia milan-fc barcelona lassa,team,team||euroleague
0,0,Team,0,0,0,0,0.0,0,0,0.0,0,0,0.0,3,3,0,0,0,1,0,0,0,0,0,0,0,2,2017-18,Regular Season,Round 4,2017-10-26,olympiacos piraeus-khimki moscow region,92-75,0,27,http://www.euroleague.net/main/results/showgame?gamecode=27&seasoncode=E2017,,euroleague,0.0,2017-10-26||olympiacos piraeus-khimki moscow region,team,team||euroleague
0,0,Team,0,0,0,0,0.0,0,0,0.0,0,0,0.0,2,1,1,0,0,0,0,0,0,0,0,0,0,2,2017-18,Regular Season,Round 4,2017-10-26,olympiacos piraeus-khimki moscow region,92-75,Khimki,27,http://www.euroleague.net/main/results/showgame?gamecode=27&seasoncode=E2017,,euroleague,0.0,2017-10-26||olympiacos piraeus-khimki moscow region,team,team||euroleague
0,0,Team,0,0,0,0,0.0,0,0,0.0,0,0,0.0,6,4,2,0,0,0,0,0,0,0,0,0,0,6,2017-18,Regular Season,Round 4,2017-10-26,zalgiris kaunas-real madrid,66-87,0,28,http://www.euroleague.net/main/results/showgame?gamecode=28&seasoncode=E2017,,euroleague,0.0,2017-10-26||zalgiris kaunas-real madrid,team,team||euroleague
0,0,Team,0,0,0,0,0.0,0,0,0.0,0,0,0.0,0,0,0,0,0,1,0,0,0,0,0,0,0,-1,2017-18,Regular Season,Round 4,2017-10-26,zalgiris kaunas-real madrid,66-87,Real_Madrid,28,http://www.euroleague.net/main/results/showgame?gamecode=28&seasoncode=E2017,,euroleague,0.0,2017-10-26||zalgiris kaunas-real madrid,team,team||euroleague
0,0,Team,0,0,0,0,0.0,0,0,0.0,0,0,0.0,4,1,3,0,0,2,0,0,0,0,0,0,0,2,2017-18,Regular Season,Round 4,2017-10-27,anadolu efes istanbul-cska moscow,80-98,0,29,http://www.euroleague.net/main/results/showgame?gamecode=29&seasoncode=E2017,,euroleague,0.0,2017-10-27||anadolu efes istanbul-cska moscow,team,team||euroleague
0,0,Team,0,0,0,0,0.0,0,0,0.0,0,0,0.0,3,0,3,0,0,0,0,0,0,0,0,0,0,3,2017-18,Regular Season,Round 4,2017-10-27,anadolu efes istanbul-cska moscow,80-98,CSKA,29,http://www.euroleague.net/main/results/showgame?gamecode=29&seasoncode=E2017,,euroleague,0.0,2017-10-27||anadolu efes istanbul-cska moscow,team,team||euroleague
0,0,Team,0,0,0,0,0.0,0,0,0.0,0,0,0.0,3,2,1,0,0,1,0,0,0,0,0,0,0,2,2017-18,Regular Season,Round 4,2017-10-27,brose bamberg-baskonia vitoria gasteiz,78-72,0,30,http://www.euroleague.net/main/results/showgame?gamecode=30&seasoncode=E2017,,euroleague,0.0,2017-10-27||brose bamberg-baskonia vitoria gasteiz,team,team||euroleague
0,0,Team,0,0,0,0,0.0,0,0,0.0,0,0,0.0,5,2,3,0,0,1,0,0,0,0,0,0,0,4,2017-18,Regular Season,Round 4,2017-10-27,brose bamberg-baskonia vitoria gasteiz,78-72,Baskonia,30,http://www.euroleague.net/main/results/showgame?gamecode=30&seasoncode=E2017,,euroleague,0.0,2017-10-27||brose bamberg-baskonia vitoria gasteiz,team,team||euroleague
0,0,Team,0,0,0,0,0.0,0,0,0.0,0,0,0.0,2,0,2,0,0,0,0,0,0,0,0,0,0,2,2017-18,Regular Season,Round 4,2017-10-27,panathinaikos superfoods athens-fenerbahce dogus istanbul,70-68,0,31,http://www.euroleague.net/main/results/showgame?gamecode=31&seasoncode=E2017,,euroleague,0.0,2017-10-27||panathinaikos superfoods athens-fenerbahce dogus istanbul,team,team||euroleague
0,0,Team,0,0,0,0,0.0,0,0,0.0,0,0,0.0,6,4,2,0,0,0,0,0,0,0,0,0,0,6,2017-18,Regular Season,Round 4,2017-10-27,panathinaikos superfoods athens-fenerbahce dogus istanbul,70-68,Fenerbahce,31,http://www.euroleague.net/main/results/showgame?gamecode=31&seasoncode=E2017,,euroleague,0.0,2017-10-27||panathinaikos superfoods athens-fenerbahce dogus istanbul,team,team||euroleague
0,0,Team,0,0,0,0,0.0,0,0,0.0,0,0,0.0,3,1,2,0,0,0,0,0,0,0,0,0,0,3,2017-18,Regular Season,Round 4,2017-10-27,valencia basket-unicaja malaga,91-53,0,32,http://www.euroleague.net/main/results/showgame?gamecode=32&seasoncode=E2017,,euroleague,0.0,2017-10-27||valencia basket-unicaja malaga,team,team||euroleague
0,0,Team,0,0,0,0,0.0,0,0,0.0,0,0,0.0,6,2,4,0,0,1,0,0,0,0,0,0,0,5,2017-18,Regular Season,Round 4,2017-10-27,valencia basket-unicaja malaga,91-53,Unicaja,32,http://www.euroleague.net/main/results/showgame?gamecode=32&seasoncode=E2017,,euroleague,0.0,2017-10-27||valencia basket-unicaja malaga,team,team||euroleague
0,0,Team,0,0,0,0,0.0,0,0,0.0,0,0,0.0,4,1,3,0,0,0,0,0,0,0,0,0,0,4,2017-18,Regular Season,Round 5,2017-11-02,crvena zvezda mts belgrade-brose bamberg,69-75,0,33,http://www.euroleague.net/main/results/showgame?gamecode=33&seasoncode=E2017,,euroleague,0.0,2017-11-02||crvena zvezda mts belgrade-brose bamberg,team,team||euroleague
0,0,Team,0,0,0,0,0.0,0,0,0.0,0,0,0.0,4,2,2,0,0,1,0,0,0,0,0,0,0,3,2017-18,Regular Season,Round 5,2017-11-02,crvena zvezda mts belgrade-brose bamberg,69-75,Bamberg,33,http://www.euroleague.net/main/results/showgame?gamecode=33&seasoncode=E2017,,euroleague,0.0,2017-11-02||crvena zvezda mts belgrade-brose bamberg,team,team||euroleague
0,0,Team,0,0,0,0,0.0,0,0,0.0,0,0,0.0,4,0,4,0,0,1,0,0,0,0,0,0,0,3,2017-18,Regular Season,Round 5,2017-11-03,cska moscow-zalgiris kaunas,94-91,0,34,http://www.euroleague.net/main/results/showgame?gamecode=34&seasoncode=E2017,,euroleague,0.0,2017-11-03||cska moscow-zalgiris kaunas,team,team||euroleague
0,0,Team,0,0,0,0,0.0,0,0,0.0,0,0,0.0,4,3,1,0,0,0,0,0,0,0,0,0,0,4,2017-18,Regular Season,Round 5,2017-11-03,cska moscow-zalgiris kaunas,94-91,Zalgiris,34,http://www.euroleague.net/main/results/showgame?gamecode=34&seasoncode=E2017,,euroleague,0.0,2017-11-03||cska moscow-zalgiris kaunas,team,team||euroleague
0,0,Team,0,0,0,0,0.0,0,0,0.0,0,0,0.0,2,2,0,0,0,0,0,0,0,0,0,0,0,2,2017-18,Regular Season,Round 5,2017-11-02,fenerbahce dogus istanbul-valencia basket,79-66,0,35,http://www.euroleague.net/main/results/showgame?gamecode=35&seasoncode=E2017,,euroleague,0.0,2017-11-02||fenerbahce dogus istanbul-valencia basket,team,team||euroleague
0,0,Team,0,0,0,0,0.0,0,0,0.0,0,0,0.0,4,3,1,0,0,1,0,0,0,0,0,0,0,3,2017-18,Regular Season,Round 5,2017-11-02,fenerbahce dogus istanbul-valencia basket,79-66,Valencia,35,http://www.euroleague.net/main/results/showgame?gamecode=35&seasoncode=E2017,,euroleague,0.0,2017-11-02||fenerbahce dogus istanbul-valencia basket,team,team||euroleague
0,0,Team,0,0,0,0,0.0,0,0,0.0,0,0,0.0,5,4,1,0,0,2,0,0,0,0,0,0,0,3,2017-18,Regular Season,Round 5,2017-11-02,maccabi fox tel aviv-ax armani exchange olimpia milan,79-68,0,36,http://www.euroleague.net/main/results/showgame?gamecode=36&seasoncode=E2017,,euroleague,0.0,2017-11-02||maccabi fox tel aviv-ax armani exchange olimpia milan,team,team||euroleague
0,0,Team,0,0,0,0,0.0,0,0,0.0,0,0,0.0,6,3,3,0,0,0,0,0,0,0,0,0,0,6,2017-18,Regular Season,Round 5,2017-11-02,maccabi fox tel aviv-ax armani exchange olimpia milan,79-68,Milan,36,http://www.euroleague.net/main/results/showgame?gamecode=36&seasoncode=E2017,,euroleague,0.0,2017-11-02||maccabi fox tel aviv-ax armani exchange olimpia milan,team,team||euroleague
0,0,Team,0,0,0,0,0.0,0,0,0.0,0,0,0.0,4,1,3,0,0,0,0,0,0,0,0,0,0,4,2017-18,Regular Season,Round 5,2017-11-02,real madrid-khimki moscow region,80-86,0,37,http://www.euroleague.net/main/results/showgame?gamecode=37&seasoncode=E2017,,euroleague,0.0,2017-11-02||real madrid-khimki moscow region,team,team||euroleague
0,0,Team,0,0,0,0,0.0,0,0,0.0,0,0,0.0,4,1,3,0,0,2,0,0,0,0,0,0,0,2,2017-18,Regular Season,Round 5,2017-11-02,real madrid-khimki moscow region,80-86,Khimki,37,http://www.euroleague.net/main/results/showgame?gamecode=37&seasoncode=E2017,,euroleague,0.0,2017-11-02||real madrid-khimki moscow region,team,team||euroleague
0,0,Team,0,0,0,0,0.0,0,0,0.0,0,0,0.0,6,1,5,0,0,0,0,0,0,0,0,0,0,6,2017-18,Regular Season,Round 5,2017-11-03,anadolu efes istanbul-unicaja malaga,74-79,0,38,http://www.euroleague.net/main/results/showgame?gamecode=38&seasoncode=E2017,,euroleague,0.0,2017-11-03||anadolu efes istanbul-unicaja malaga,team,team||euroleague
0,0,Team,0,0,0,0,0.0,0,0,0.0,0,0,0.0,4,2,2,0,0,0,0,0,0,0,0,0,0,4,2017-18,Regular Season,Round 5,2017-11-03,anadolu efes istanbul-unicaja malaga,74-79,Unicaja,38,http://www.euroleague.net/main/results/showgame?gamecode=38&seasoncode=E2017,,euroleague,0.0,2017-11-03||anadolu efes istanbul-unicaja malaga,team,team||euroleague
0,0,Team,0,0,0,0,0.0,0,0,0.0,0,0,0.0,4,3,1,0,0,1,0,0,0,0,0,0,0,3,2017-18,Regular Season,Round 5,2017-11-02,baskonia vitoria gasteiz-panathinaikos superfoods athens,85-84,0,39,http://www.euroleague.net/main/results/showgame?gamecode=39&seasoncode=E2017,,euroleague,0.0,2017-11-02||baskonia vitoria gasteiz-panathinaikos superfoods athens,team,team||euroleague
0,0,Team,0,0,0,0,0.0,0,0,0.0,0,0,0.0,6,1,5,0,0,0,0,0,0,0,0,0,0,6,2017-18,Regular Season,Round 5,2017-11-02,baskonia vitoria gasteiz-panathinaikos superfoods athens,85-84,Panathinaikos,39,http://www.euroleague.net/main/results/showgame?gamecode=39&seasoncode=E2017,,euroleague,0.0,2017-11-02||baskonia vitoria gasteiz-panathinaikos superfoods athens,team,team||euroleague
0,0,Team,0,0,0,0,0.0,0,0,0.0,0,0,0.0,3,2,1,0,0,2,0,0,0,0,0,0,0,1,2017-18,Regular Season,Round 5,2017-11-03,fc barcelona lassa-olympiacos piraeus,73-51,0,40,http://www.euroleague.net/main/results/showgame?gamecode=40&seasoncode=E2017,,euroleague,0.0,2017-11-03||fc barcelona lassa-olympiacos piraeus,team,team||euroleague
0,0,Team,0,0,0,0,0.0,0,0,0.0,0,0,0.0,4,3,1,0,0,0,0,0,0,0,0,0,0,4,2017-18,Regular Season,Round 5,2017-11-03,fc barcelona lassa-olympiacos piraeus,73-51,Olympiakos,40,http://www.euroleague.net/main/results/showgame?gamecode=40&seasoncode=E2017,,euroleague,0.0,2017-11-03||fc barcelona lassa-olympiacos piraeus,team,team||euroleague
0,0,Team,0,0,0,0,0.0,0,0,0.0,0,0,0.0,1,1,0,0,0,0,0,0,0,0,0,0,0,1,2017-18,Regular Season,Round 6,2017-11-09,cska moscow-valencia basket,94-67,0,41,http://www.euroleague.net/main/results/showgame?gamecode=41&seasoncode=E2017,,euroleague,0.0,2017-11-09||cska moscow-valencia basket,team,team||euroleague
0,0,Team,0,0,0,0,0.0,0,0,0.0,0,0,0.0,1,0,1,0,0,0,0,0,0,0,0,0,0,1,2017-18,Regular Season,Round 6,2017-11-09,cska moscow-valencia basket,94-67,Valencia,41,http://www.euroleague.net/main/results/showgame?gamecode=41&seasoncode=E2017,,euroleague,0.0,2017-11-09||cska moscow-valencia basket,team,team||euroleague
0,0,Team,0,0,0,0,0.0,0,0,0.0,0,0,0.0,3,1,2,0,0,1,0,0,0,0,0,0,0,2,2017-18,Regular Season,Round 6,2017-11-09,ax armani exchange olimpia milan-zalgiris kaunas,62-94,0,42,http://www.euroleague.net/main/results/showgame?gamecode=42&seasoncode=E2017,,euroleague,0.0,2017-11-09||ax armani exchange olimpia milan-zalgiris kaunas,team,team||euroleague
0,0,Team,0,0,0,0,0.0,0,0,0.0,0,0,0.0,3,1,2,0,0,0,0,0,0,0,0,0,0,3,2017-18,Regular Season,Round 6,2017-11-09,ax armani exchange olimpia milan-zalgiris kaunas,62-94,Zalgiris,42,http://www.euroleague.net/main/results/showgame?gamecode=42&seasoncode=E2017,,euroleague,0.0,2017-11-09||ax armani exchange olimpia milan-zalgiris kaunas,team,team||euroleague
0,0,Team,0,0,0,0,0.0,0,0,0.0,0,0,0.0,3,3,0,0,0,0,0,0,0,0,0,0,0,3,2017-18,Regular Season,Round 6,2017-11-09,fc barcelona lassa-anadolu efes istanbul,85-89,0,43,http://www.euroleague.net/main/results/showgame?gamecode=43&seasoncode=E2017,,euroleague,0.0,2017-11-09||fc barcelona lassa-anadolu efes istanbul,team,team||euroleague
0,0,Team,0,0,0,0,0.0,0,0,0.0,0,0,0.0,4,2,2,0,0,0,0,0,0,0,0,0,0,4,2017-18,Regular Season,Round 6,2017-11-09,fc barcelona lassa-anadolu efes istanbul,85-89,Efes_Pilsen,43,http://www.euroleague.net/main/results/showgame?gamecode=43&seasoncode=E2017,,euroleague,0.0,2017-11-09||fc barcelona lassa-anadolu efes istanbul,team,team||euroleague
0,0,Team,0,0,0,0,0.0,0,0,0.0,0,0,0.0,7,3,4,0,0,0,0,0,0,0,0,0,0,7,2017-18,Regular Season,Round 6,2017-11-09,maccabi fox tel aviv-real madrid,90-83,0,44,http://www.euroleague.net/main/results/showgame?gamecode=44&seasoncode=E2017,,euroleague,0.0,2017-11-09||maccabi fox tel aviv-real madrid,team,team||euroleague
0,0,Team,0,0,0,0,0.0,0,0,0.0,0,0,0.0,5,4,1,0,0,0,0,0,0,0,0,0,0,5,2017-18,Regular Season,Round 6,2017-11-09,maccabi fox tel aviv-real madrid,90-83,Real_Madrid,44,http://www.euroleague.net/main/results/showgame?gamecode=44&seasoncode=E2017,,euroleague,0.0,2017-11-09||maccabi fox tel aviv-real madrid,team,team||euroleague
0,0,Team,0,0,0,0,0.0,0,0,0.0,0,0,0.0,6,4,2,0,0,1,0,0,0,0,0,0,0,5,2017-18,Regular Season,Round 6,2017-11-10,brose bamberg-fenerbahce dogus istanbul,57-80,0,45,http://www.euroleague.net/main/results/showgame?gamecode=45&seasoncode=E2017,,euroleague,0.0,2017-11-10||brose bamberg-fenerbahce dogus istanbul,team,team||euroleague
0,0,Team,0,0,0,0,0.0,0,0,0.0,0,0,0.0,1,1,0,0,0,1,0,0,0,0,0,0,0,0,2017-18,Regular Season,Round 6,2017-11-10,brose bamberg-fenerbahce dogus istanbul,57-80,Fenerbahce,45,http://www.euroleague.net/main/results/showgame?gamecode=45&seasoncode=E2017,,euroleague,0.0,2017-11-10||brose bamberg-fenerbahce dogus istanbul,team,team||euroleague
0,0,Team,0,0,0,0,0.0,0,0,0.0,0,0,0.0,2,0,2,0,0,0,0,0,0,0,0,0,0,2,2017-18,Regular Season,Round 6,2017-11-10,khimki moscow region-baskonia vitoria gasteiz,91-90,0,46,http://www.euroleague.net/main/results/showgame?gamecode=46&seasoncode=E2017,,euroleague,0.0,2017-11-10||khimki moscow region-baskonia vitoria gasteiz,team,team||euroleague
0,0,Team,0,0,0,0,0.0,0,0,0.0,0,0,0.0,2,1,1,0,0,0,0,0,0,0,0,0,0,2,2017-18,Regular Season,Round 6,2017-11-10,khimki moscow region-baskonia vitoria gasteiz,91-90,Baskonia,46,http://www.euroleague.net/main/results/showgame?gamecode=46&seasoncode=E2017,,euroleague,0.0,2017-11-10||khimki moscow region-baskonia vitoria gasteiz,team,team||euroleague
0,0,Team,0,0,0,0,0.0,0,0,0.0,0,0,0.0,6,2,4,0,0,2,0,0,0,0,0,0,0,4,2017-18,Regular Season,Round 6,2017-11-10,olympiacos piraeus-panathinaikos superfoods athens,62-70,0,47,http://www.euroleague.net/main/results/showgame?gamecode=47&seasoncode=E2017,,euroleague,0.0,2017-11-10||olympiacos piraeus-panathinaikos superfoods athens,team,team||euroleague
0,0,Team,0,0,0,0,0.0,0,0,0.0,0,0,0.0,2,1,1,0,0,1,0,0,0,0,0,0,0,1,2017-18,Regular Season,Round 6,2017-11-10,olympiacos piraeus-panathinaikos superfoods athens,62-70,Panathinaikos,47,http://www.euroleague.net/main/results/showgame?gamecode=47&seasoncode=E2017,,euroleague,0.0,2017-11-10||olympiacos piraeus-panathinaikos superfoods athens,team,team||euroleague
0,0,Team,0,0,0,0,0.0,0,0,0.0,0,0,0.0,4,4,0,0,0,2,0,0,0,0,0,0,0,2,2017-18,Regular Season,Round 6,2017-11-10,unicaja malaga-crvena zvezda mts belgrade,79-65,0,48,http://www.euroleague.net/main/results/showgame?gamecode=48&seasoncode=E2017,,euroleague,0.0,2017-11-10||unicaja malaga-crvena zvezda mts belgrade,team,team||euroleague
0,0,Team,0,0,0,0,0.0,0,0,0.0,0,0,0.0,2,2,0,0,0,0,0,0,0,0,0,0,0,2,2017-18,Regular Season,Round 6,2017-11-10,unicaja malaga-crvena zvezda mts belgrade,79-65,Crvena_Zvezda_Belgrade,48,http://www.euroleague.net/main/results/showgame?gamecode=48&seasoncode=E2017,,euroleague,0.0,2017-11-10||unicaja malaga-crvena zvezda mts belgrade,team,team||euroleague
0,0,Team,0,0,0,0,0.0,0,0,0.0,0,0,0.0,5,2,3,0,0,1,0,0,0,0,0,0,0,4,2017-18,Regular Season,Round 7,2017-11-14,baskonia vitoria gasteiz-real madrid,105-75,0,49,http://www.euroleague.net/main/results/showgame?gamecode=49&seasoncode=E2017,,euroleague,0.0,2017-11-14||baskonia vitoria gasteiz-real madrid,team,team||euroleague
0,0,Team,0,0,0,0,0.0,0,0,0.0,0,0,0.0,4,4,0,0,0,1,0,0,0,0,0,0,0,3,2017-18,Regular Season,Round 7,2017-11-14,baskonia vitoria gasteiz-real madrid,105-75,Real_Madrid,49,http://www.euroleague.net/main/results/showgame?gamecode=49&seasoncode=E2017,,euroleague,0.0,2017-11-14||baskonia vitoria gasteiz-real madrid,team,team||euroleague
0,0,Team,0,0,0,0,0.0,0,0,0.0,0,0,0.0,2,2,0,0,0,0,0,0,0,0,0,0,0,2,2017-18,Regular Season,Round 7,2017-11-14,maccabi fox tel aviv-anadolu efes istanbul,72-92,0,50,http://www.euroleague.net/main/results/showgame?gamecode=50&seasoncode=E2017,,euroleague,0.0,2017-11-14||maccabi fox tel aviv-anadolu efes istanbul,team,team||euroleague
0,0,Team,0,0,0,0,0.0,0,0,0.0,0,0,0.0,4,1,3,0,0,1,0,0,0,0,0,0,0,3,2017-18,Regular Season,Round 7,2017-11-14,maccabi fox tel aviv-anadolu efes istanbul,72-92,Efes_Pilsen,50,http://www.euroleague.net/main/results/showgame?gamecode=50&seasoncode=E2017,,euroleague,0.0,2017-11-14||maccabi fox tel aviv-anadolu efes istanbul,team,team||euroleague
0,0,Team,0,0,0,0,0.0,0,0,0.0,0,0,0.0,7,4,3,0,0,2,0,0,0,0,0,0,0,5,2017-18,Regular Season,Round 7,2017-11-14,panathinaikos superfoods athens-khimki moscow region,93-65,0,51,http://www.euroleague.net/main/results/showgame?gamecode=51&seasoncode=E2017,,euroleague,0.0,2017-11-14||panathinaikos superfoods athens-khimki moscow region,team,team||euroleague
0,0,Team,0,0,0,0,0.0,0,0,0.0,0,0,0.0,1,0,1,0,0,0,0,0,0,0,0,0,0,1,2017-18,Regular Season,Round 7,2017-11-14,panathinaikos superfoods athens-khimki moscow region,93-65,Khimki,51,http://www.euroleague.net/main/results/showgame?gamecode=51&seasoncode=E2017,,euroleague,0.0,2017-11-14||panathinaikos superfoods athens-khimki moscow region,team,team||euroleague
0,0,Team,0,0,0,0,0.0,0,0,0.0,0,0,0.0,5,2,3,0,0,1,0,0,0,0,0,0,0,4,2017-18,Regular Season,Round 7,2017-11-14,unicaja malaga-zalgiris kaunas,83-85,0,52,http://www.euroleague.net/main/results/showgame?gamecode=52&seasoncode=E2017,,euroleague,0.0,2017-11-14||unicaja malaga-zalgiris kaunas,team,team||euroleague
0,0,Team,0,0,0,0,0.0,0,0,0.0,0,0,0.0,3,2,1,0,0,1,0,0,0,0,0,0,0,2,2017-18,Regular Season,Round 7,2017-11-14,unicaja malaga-zalgiris kaunas,83-85,Zalgiris,52,http://www.euroleague.net/main/results/showgame?gamecode=52&seasoncode=E2017,,euroleague,0.0,2017-11-14||unicaja malaga-zalgiris kaunas,team,team||euroleague
0,0,Team,0,0,0,0,0.0,0,0,0.0,0,0,0.0,1,1,0,0,0,1,0,0,0,0,0,0,0,0,2017-18,Regular Season,Round 7,2017-11-15,brose bamberg-fc barcelona lassa,84-81,0,53,http://www.euroleague.net/main/results/showgame?gamecode=53&seasoncode=E2017,,euroleague,0.0,2017-11-15||brose bamberg-fc barcelona lassa,team,team||euroleague
0,0,Team,0,0,0,0,0.0,0,0,0.0,0,0,0.0,2,0,2,0,0,2,0,0,0,0,0,0,0,0,2017-18,Regular Season,Round 7,2017-11-15,brose bamberg-fc barcelona lassa,84-81,FC_Barcelona,53,http://www.euroleague.net/main/results/showgame?gamecode=53&seasoncode=E2017,,euroleague,0.0,2017-11-15||brose bamberg-fc barcelona lassa,team,team||euroleague
0,0,Team,0,0,0,0,0.0,0,0,0.0,0,0,0.0,2,0,2,0,0,1,0,0,0,0,0,0,0,1,2017-18,Regular Season,Round 7,2017-11-15,crvena zvezda mts belgrade-cska moscow,59-85,0,54,http://www.euroleague.net/main/results/showgame?gamecode=54&seasoncode=E2017,,euroleague,0.0,2017-11-15||crvena zvezda mts belgrade-cska moscow,team,team||euroleague
0,0,Team,0,0,0,0,0.0,0,0,0.0,0,0,0.0,0,0,0,0,0,1,0,0,0,0,0,0,0,-1,2017-18,Regular Season,Round 7,2017-11-15,crvena zvezda mts belgrade-cska moscow,59-85,CSKA,54,http://www.euroleague.net/main/results/showgame?gamecode=54&seasoncode=E2017,,euroleague,0.0,2017-11-15||crvena zvezda mts belgrade-cska moscow,team,team||euroleague
0,0,Team,0,0,0,0,0.0,0,0,0.0,0,0,0.0,8,5,3,0,0,1,0,0,0,0,0,0,0,7,2017-18,Regular Season,Round 7,2017-11-15,fenerbahce dogus istanbul-olympiacos piraeus,83-90,0,55,http://www.euroleague.net/main/results/showgame?gamecode=55&seasoncode=E2017,,euroleague,0.0,2017-11-15||fenerbahce dogus istanbul-olympiacos piraeus,team,team||euroleague
0,0,Team,0,0,0,0,0.0,0,0,0.0,0,0,0.0,3,2,1,0,0,2,0,0,0,0,0,0,0,1,2017-18,Regular Season,Round 7,2017-11-15,fenerbahce dogus istanbul-olympiacos piraeus,83-90,Olympiakos,55,http://www.euroleague.net/main/results/showgame?gamecode=55&seasoncode=E2017,,euroleague,0.0,2017-11-15||fenerbahce dogus istanbul-olympiacos piraeus,team,team||euroleague
0,0,Team,0,0,0,0,0.0,0,0,0.0,0,0,0.0,3,3,0,0,0,1,0,0,0,0,0,0,0,2,2017-18,Regular Season,Round 7,2017-11-15,valencia basket-ax armani exchange olimpia milan,98-103,0,56,http://www.euroleague.net/main/results/showgame?gamecode=56&seasoncode=E2017,,euroleague,0.0,2017-11-15||valencia basket-ax armani exchange olimpia milan,team,team||euroleague
0,0,Team,0,0,0,0,0.0,0,0,0.0,0,0,0.0,4,3,1,0,0,0,0,0,0,0,0,0,0,4,2017-18,Regular Season,Round 7,2017-11-15,valencia basket-ax armani exchange olimpia milan,98-103,Milan,56,http://www.euroleague.net/main/results/showgame?gamecode=56&seasoncode=E2017,,euroleague,0.0,2017-11-15||valencia basket-ax armani exchange olimpia milan,team,team||euroleague
0,0,Team,0,0,0,0,0.0,0,0,0.0,0,0,0.0,2,0,2,0,0,0,0,0,0,0,0,0,0,2,2017-18,Regular Season,Round 8,2017-11-16,anadolu efes istanbul-panathinaikos superfoods athens,81-82,0,57,http://www.euroleague.net/main/results/showgame?gamecode=57&seasoncode=E2017,,euroleague,0.0,2017-11-16||anadolu efes istanbul-panathinaikos superfoods athens,team,team||euroleague
0,0,Team,0,0,0,0,0.0,0,0,0.0,0,0,0.0,3,3,0,0,0,0,0,0,0,0,0,0,0,3,2017-18,Regular Season,Round 8,2017-11-16,anadolu efes istanbul-panathinaikos superfoods athens,81-82,Panathinaikos,57,http://www.euroleague.net/main/results/showgame?gamecode=57&seasoncode=E2017,,euroleague,0.0,2017-11-16||anadolu efes istanbul-panathinaikos superfoods athens,team,team||euroleague
0,0,Team,0,0,0,0,0.0,0,0,0.0,0,0,0.0,2,0,2,0,0,0,0,0,0,0,0,0,0,2,2017-18,Regular Season,Round 8,2017-11-16,khimki moscow region-maccabi fox tel aviv,69-77,0,58,http://www.euroleague.net/main/results/showgame?gamecode=58&seasoncode=E2017,,euroleague,0.0,2017-11-16||khimki moscow region-maccabi fox tel aviv,team,team||euroleague
0,0,Team,0,0,0,0,0.0,0,0,0.0,0,0,0.0,3,2,1,0,0,1,0,0,0,0,0,0,0,2,2017-18,Regular Season,Round 8,2017-11-16,khimki moscow region-maccabi fox tel aviv,69-77,Maccabi,58,http://www.euroleague.net/main/results/showgame?gamecode=58&seasoncode=E2017,,euroleague,0.0,2017-11-16||khimki moscow region-maccabi fox tel aviv,team,team||euroleague
0,0,Team,0,0,0,0,0.0,0,0,0.0,0,0,0.0,3,2,1,0,0,0,0,0,0,0,0,0,0,3,2017-18,Regular Season,Round 8,2017-11-16,real madrid-unicaja malaga,89-57,0,59,http://www.euroleague.net/main/results/showgame?gamecode=59&seasoncode=E2017,,euroleague,0.0,2017-11-16||real madrid-unicaja malaga,team,team||euroleague
0,0,Team,0,0,0,0,0.0,0,0,0.0,0,0,0.0,1,0,1,0,0,1,0,0,0,0,0,0,0,0,2017-18,Regular Season,Round 8,2017-11-16,real madrid-unicaja malaga,89-57,Unicaja,59,http://www.euroleague.net/main/results/showgame?gamecode=59&seasoncode=E2017,,euroleague,0.0,2017-11-16||real madrid-unicaja malaga,team,team||euroleague
0,0,Team,0,0,0,0,0.0,0,0,0.0,0,0,0.0,6,4,2,0,0,0,0,0,0,0,0,0,0,6,2017-18,Regular Season,Round 8,2017-11-16,zalgiris kaunas-baskonia vitoria gasteiz,77-97,0,60,http://www.euroleague.net/main/results/showgame?gamecode=60&seasoncode=E2017,,euroleague,0.0,2017-11-16||zalgiris kaunas-baskonia vitoria gasteiz,team,team||euroleague
0,0,Team,0,0,0,0,0.0,0,0,0.0,0,0,0.0,5,3,2,0,0,0,0,0,0,0,0,0,0,5,2017-18,Regular Season,Round 8,2017-11-16,zalgiris kaunas-baskonia vitoria gasteiz,77-97,Baskonia,60,http://www.euroleague.net/main/results/showgame?gamecode=60&seasoncode=E2017,,euroleague,0.0,2017-11-16||zalgiris kaunas-baskonia vitoria gasteiz,team,team||euroleague
0,0,Team,0,0,0,0,0.0,0,0,0.0,0,0,0.0,3,1,2,0,0,1,0,0,0,0,0,0,0,2,2017-18,Regular Season,Round 8,2017-11-17,cska moscow-fenerbahce dogus istanbul,93-95,0,61,http://www.euroleague.net/main/results/showgame?gamecode=61&seasoncode=E2017,,euroleague,0.0,2017-11-17||cska moscow-fenerbahce dogus istanbul,team,team||euroleague
0,0,Team,0,0,0,0,0.0,0,0,0.0,0,0,0.0,6,5,1,0,0,2,0,0,0,0,0,0,0,4,2017-18,Regular Season,Round 8,2017-11-17,cska moscow-fenerbahce dogus istanbul,93-95,Fenerbahce,61,http://www.euroleague.net/main/results/showgame?gamecode=61&seasoncode=E2017,,euroleague,0.0,2017-11-17||cska moscow-fenerbahce dogus istanbul,team,team||euroleague
0,0,Team,0,0,0,0,0.0,0,0,0.0,0,0,0.0,2,1,1,0,0,0,0,0,0,0,0,0,0,2,2017-18,Regular Season,Round 8,2017-11-17,ax armani exchange olimpia milan-brose bamberg,71-62,0,62,http://www.euroleague.net/main/results/showgame?gamecode=62&seasoncode=E2017,,euroleague,0.0,2017-11-17||ax armani exchange olimpia milan-brose bamberg,team,team||euroleague
0,0,Team,0,0,0,0,0.0,0,0,0.0,0,0,0.0,2,1,1,0,0,2,0,0,0,0,0,0,0,0,2017-18,Regular Season,Round 8,2017-11-17,ax armani exchange olimpia milan-brose bamberg,71-62,Bamberg,62,http://www.euroleague.net/main/results/showgame?gamecode=62&seasoncode=E2017,,euroleague,0.0,2017-11-17||ax armani exchange olimpia milan-brose bamberg,team,team||euroleague
0,0,Team,0,0,0,0,0.0,0,0,0.0,0,0,0.0,1,1,0,0,0,0,0,0,0,0,0,0,0,1,2017-18,Regular Season,Round 8,2017-11-17,fc barcelona lassa-valencia basket,89-71,0,63,http://www.euroleague.net/main/results/showgame?gamecode=63&seasoncode=E2017,,euroleague,0.0,2017-11-17||fc barcelona lassa-valencia basket,team,team||euroleague
0,0,Team,0,0,0,0,0.0,0,0,0.0,0,0,0.0,2,1,1,0,0,2,0,0,0,0,0,0,0,0,2017-18,Regular Season,Round 8,2017-11-17,fc barcelona lassa-valencia basket,89-71,Valencia,63,http://www.euroleague.net/main/results/showgame?gamecode=63&seasoncode=E2017,,euroleague,0.0,2017-11-17||fc barcelona lassa-valencia basket,team,team||euroleague
0,0,Team,0,0,0,0,0.0,0,0,0.0,0,0,0.0,2,1,1,0,0,0,0,0,0,0,0,0,0,2,2017-18,Regular Season,Round 8,2017-11-17,olympiacos piraeus-crvena zvezda mts belgrade,85-59,0,64,http://www.euroleague.net/main/results/showgame?gamecode=64&seasoncode=E2017,,euroleague,0.0,2017-11-17||olympiacos piraeus-crvena zvezda mts belgrade,team,team||euroleague
0,0,Team,0,0,0,0,0.0,0,0,0.0,0,0,0.0,1,1,0,0,0,1,0,0,0,0,0,0,0,0,2017-18,Regular Season,Round 8,2017-11-17,olympiacos piraeus-crvena zvezda mts belgrade,85-59,Crvena_Zvezda_Belgrade,64,http://www.euroleague.net/main/results/showgame?gamecode=64&seasoncode=E2017,,euroleague,0.0,2017-11-17||olympiacos piraeus-crvena zvezda mts belgrade,team,team||euroleague
0,0,Team,0,0,0,0,0.0,0,0,0.0,0,0,0.0,2,1,1,0,0,0,0,0,0,0,0,0,0,2,2017-18,Regular Season,Round 9,2017-11-23,brose bamberg-valencia basket,83-82,0,65,http://www.euroleague.net/main/results/showgame?gamecode=65&seasoncode=E2017,,euroleague,0.0,2017-11-23||brose bamberg-valencia basket,team,team||euroleague
0,0,Team,0,0,0,0,0.0,0,0,0.0,0,0,0.0,3,2,1,0,0,0,0,0,0,0,0,0,0,3,2017-18,Regular Season,Round 9,2017-11-23,brose bamberg-valencia basket,83-82,Valencia,65,http://www.euroleague.net/main/results/showgame?gamecode=65&seasoncode=E2017,,euroleague,0.0,2017-11-23||brose bamberg-valencia basket,team,team||euroleague
0,0,Team,0,0,0,0,0.0,0,0,0.0,0,0,0.0,0,0,0,0,0,1,0,0,0,0,0,0,0,-1,2017-18,Regular Season,Round 9,2017-11-23,crvena zvezda mts belgrade-baskonia vitoria gasteiz,81-85,0,66,http://www.euroleague.net/main/results/showgame?gamecode=66&seasoncode=E2017,,euroleague,0.0,2017-11-23||crvena zvezda mts belgrade-baskonia vitoria gasteiz,team,team||euroleague
0,0,Team,0,0,0,0,0.0,0,0,0.0,0,0,0.0,2,1,1,0,0,0,0,0,0,0,0,0,0,2,2017-18,Regular Season,Round 9,2017-11-23,crvena zvezda mts belgrade-baskonia vitoria gasteiz,81-85,Baskonia,66,http://www.euroleague.net/main/results/showgame?gamecode=66&seasoncode=E2017,,euroleague,0.0,2017-11-23||crvena zvezda mts belgrade-baskonia vitoria gasteiz,team,team||euroleague
0,0,Team,0,0,0,0,0.0,0,0,0.0,0,0,0.0,1,0,1,0,0,1,0,0,0,0,0,0,0,0,2017-18,Regular Season,Round 9,2017-11-23,fc barcelona lassa-maccabi fox tel aviv,89-67,0,67,http://www.euroleague.net/main/results/showgame?gamecode=67&seasoncode=E2017,,euroleague,0.0,2017-11-23||fc barcelona lassa-maccabi fox tel aviv,team,team||euroleague
0,0,Team,0,0,0,0,0.0,0,0,0.0,0,0,0.0,6,2,4,0,0,1,0,0,0,0,0,0,0,5,2017-18,Regular Season,Round 9,2017-11-23,fc barcelona lassa-maccabi fox tel aviv,89-67,Maccabi,67,http://www.euroleague.net/main/results/showgame?gamecode=67&seasoncode=E2017,,euroleague,0.0,2017-11-23||fc barcelona lassa-maccabi fox tel aviv,team,team||euroleague
0,0,Team,0,0,0,0,0.0,0,0,0.0,0,0,0.0,5,1,4,0,0,1,0,0,0,0,0,0,0,4,2017-18,Regular Season,Round 9,2017-11-23,zalgiris kaunas-anadolu efes istanbul,91-83,0,68,http://www.euroleague.net/main/results/showgame?gamecode=68&seasoncode=E2017,,euroleague,0.0,2017-11-23||zalgiris kaunas-anadolu efes istanbul,team,team||euroleague
0,0,Team,0,0,0,0,0.0,0,0,0.0,0,0,0.0,4,0,4,0,0,0,0,0,0,0,0,0,0,4,2017-18,Regular Season,Round 9,2017-11-23,zalgiris kaunas-anadolu efes istanbul,91-83,Efes_Pilsen,68,http://www.euroleague.net/main/results/showgame?gamecode=68&seasoncode=E2017,,euroleague,0.0,2017-11-23||zalgiris kaunas-anadolu efes istanbul,team,team||euroleague
0,0,Team,0,0,0,0,0.0,0,0,0.0,0,0,0.0,4,1,3,0,0,1,0,0,0,0,0,0,0,3,2017-18,Regular Season,Round 9,2017-11-23,ax armani exchange olimpia milan-olympiacos piraeus,85-86,0,69,http://www.euroleague.net/main/results/showgame?gamecode=69&seasoncode=E2017,,euroleague,0.0,2017-11-23||ax armani exchange olimpia milan-olympiacos piraeus,team,team||euroleague
0,0,Team,0,0,0,0,0.0,0,0,0.0,0,0,0.0,4,3,1,0,0,1,0,0,0,0,0,0,0,3,2017-18,Regular Season,Round 9,2017-11-23,ax armani exchange olimpia milan-olympiacos piraeus,85-86,Olympiakos,69,http://www.euroleague.net/main/results/showgame?gamecode=69&seasoncode=E2017,,euroleague,0.0,2017-11-23||ax armani exchange olimpia milan-olympiacos piraeus,team,team||euroleague
0,0,Team,0,0,0,0,0.0,0,0,0.0,0,0,0.0,3,1,2,0,0,1,0,0,0,0,0,0,0,2,2017-18,Regular Season,Round 9,2017-11-24,panathinaikos superfoods athens-real madrid,82-80,0,70,http://www.euroleague.net/main/results/showgame?gamecode=70&seasoncode=E2017,,euroleague,0.0,2017-11-24||panathinaikos superfoods athens-real madrid,team,team||euroleague
0,0,Team,0,0,0,0,0.0,0,0,0.0,0,0,0.0,1,1,0,0,0,0,0,0,0,0,0,0,0,1,2017-18,Regular Season,Round 9,2017-11-24,panathinaikos superfoods athens-real madrid,82-80,Real_Madrid,70,http://www.euroleague.net/main/results/showgame?gamecode=70&seasoncode=E2017,,euroleague,0.0,2017-11-24||panathinaikos superfoods athens-real madrid,team,team||euroleague
0,0,Team,0,0,0,0,0.0,0,0,0.0,0,0,0.0,5,3,2,0,0,1,0,0,0,0,0,0,0,4,2017-18,Regular Season,Round 9,2017-11-24,fenerbahce dogus istanbul-khimki moscow region,71-67,0,71,http://www.euroleague.net/main/results/showgame?gamecode=71&seasoncode=E2017,,euroleague,0.0,2017-11-24||fenerbahce dogus istanbul-khimki moscow region,team,team||euroleague
0,0,Team,0,0,0,0,0.0,0,0,0.0,0,0,0.0,8,4,4,0,0,1,0,0,0,0,0,0,0,7,2017-18,Regular Season,Round 9,2017-11-24,fenerbahce dogus istanbul-khimki moscow region,71-67,Khimki,71,http://www.euroleague.net/main/results/showgame?gamecode=71&seasoncode=E2017,,euroleague,0.0,2017-11-24||fenerbahce dogus istanbul-khimki moscow region,team,team||euroleague
0,0,Team,0,0,0,0,0.0,0,0,0.0,0,0,0.0,1,0,1,0,0,0,0,0,0,0,0,0,0,1,2017-18,Regular Season,Round 9,2017-11-24,unicaja malaga-cska moscow,80-89,0,72,http://www.euroleague.net/main/results/showgame?gamecode=72&seasoncode=E2017,,euroleague,0.0,2017-11-24||unicaja malaga-cska moscow,team,team||euroleague
0,0,Team,0,0,0,0,0.0,0,0,0.0,0,0,0.0,2,2,0,0,0,1,0,0,0,0,0,0,0,1,2017-18,Regular Season,Round 9,2017-11-24,unicaja malaga-cska moscow,80-89,CSKA,72,http://www.euroleague.net/main/results/showgame?gamecode=72&seasoncode=E2017,,euroleague,0.0,2017-11-24||unicaja malaga-cska moscow,team,team||euroleague
0,0,Team,0,0,0,0,0.0,0,0,0.0,0,0,0.0,4,1,3,0,0,0,0,0,0,0,0,0,0,4,2017-18,Regular Season,Round 10,2017-11-30,anadolu efes istanbul-ax armani exchange olimpia milan,73-68,0,73,http://www.euroleague.net/main/results/showgame?gamecode=73&seasoncode=E2017,,euroleague,0.0,2017-11-30||anadolu efes istanbul-ax armani exchange olimpia milan,team,team||euroleague
0,0,Team,0,0,0,0,0.0,0,0,0.0,0,0,0.0,5,3,2,0,0,0,0,0,0,0,0,0,0,5,2017-18,Regular Season,Round 10,2017-11-30,anadolu efes istanbul-ax armani exchange olimpia milan,73-68,Milan,73,http://www.euroleague.net/main/results/showgame?gamecode=73&seasoncode=E2017,,euroleague,0.0,2017-11-30||anadolu efes istanbul-ax armani exchange olimpia milan,team,team||euroleague
0,0,Team,0,0,0,0,0.0,0,0,0.0,0,0,0.0,5,1,4,0,0,1,0,0,0,0,0,0,0,4,2017-18,Regular Season,Round 10,2017-11-30,baskonia vitoria gasteiz-fenerbahce dogus istanbul,69-83,0,74,http://www.euroleague.net/main/results/showgame?gamecode=74&seasoncode=E2017,,euroleague,0.0,2017-11-30||baskonia vitoria gasteiz-fenerbahce dogus istanbul,team,team||euroleague
0,0,Team,0,0,0,0,0.0,0,0,0.0,0,0,0.0,4,4,0,0,0,0,0,0,0,0,0,0,0,4,2017-18,Regular Season,Round 10,2017-11-30,baskonia vitoria gasteiz-fenerbahce dogus istanbul,69-83,Fenerbahce,74,http://www.euroleague.net/main/results/showgame?gamecode=74&seasoncode=E2017,,euroleague,0.0,2017-11-30||baskonia vitoria gasteiz-fenerbahce dogus istanbul,team,team||euroleague
0,0,Team,0,0,0,0,0.0,0,0,0.0,0,0,0.0,2,0,2,0,0,1,0,0,0,0,0,0,0,1,2017-18,Regular Season,Round 10,2017-11-30,khimki moscow region-brose bamberg,82-73,0,75,http://www.euroleague.net/main/results/showgame?gamecode=75&seasoncode=E2017,,euroleague,0.0,2017-11-30||khimki moscow region-brose bamberg,team,team||euroleague
0,0,Team,0,0,0,0,0.0,0,0,0.0,0,0,0.0,1,1,0,0,0,1,0,0,0,0,0,0,0,0,2017-18,Regular Season,Round 10,2017-11-30,khimki moscow region-brose bamberg,82-73,Bamberg,75,http://www.euroleague.net/main/results/showgame?gamecode=75&seasoncode=E2017,,euroleague,0.0,2017-11-30||khimki moscow region-brose bamberg,team,team||euroleague
0,0,Team,0,0,0,0,0.0,0,0,0.0,0,0,0.0,8,4,4,0,0,0,0,0,0,0,0,0,0,8,2017-18,Regular Season,Round 10,2017-11-30,maccabi fox tel aviv-zalgiris kaunas,81-74,0,76,http://www.euroleague.net/main/results/showgame?gamecode=76&seasoncode=E2017,,euroleague,0.0,2017-11-30||maccabi fox tel aviv-zalgiris kaunas,team,team||euroleague
0,0,Team,0,0,0,0,0.0,0,0,0.0,0,0,0.0,6,2,4,0,0,0,0,0,0,0,0,0,0,6,2017-18,Regular Season,Round 10,2017-11-30,maccabi fox tel aviv-zalgiris kaunas,81-74,Zalgiris,76,http://www.euroleague.net/main/results/showgame?gamecode=76&seasoncode=E2017,,euroleague,0.0,2017-11-30||maccabi fox tel aviv-zalgiris kaunas,team,team||euroleague
0,0,Team,0,0,0,0,0.0,0,0,0.0,0,0,0.0,7,6,1,0,0,1,0,0,0,0,0,0,0,6,2017-18,Regular Season,Round 10,2017-11-30,valencia basket-olympiacos piraeus,64-72,0,77,http://www.euroleague.net/main/results/showgame?gamecode=77&seasoncode=E2017,,euroleague,0.0,2017-11-30||valencia basket-olympiacos piraeus,team,team||euroleague
0,0,Team,0,0,0,0,0.0,0,0,0.0,0,0,0.0,3,3,0,0,0,1,0,0,0,0,0,0,0,2,2017-18,Regular Season,Round 10,2017-11-30,valencia basket-olympiacos piraeus,64-72,Olympiakos,77,http://www.euroleague.net/main/results/showgame?gamecode=77&seasoncode=E2017,,euroleague,0.0,2017-11-30||valencia basket-olympiacos piraeus,team,team||euroleague
0,0,Team,0,0,0,0,0.0,0,0,0.0,0,0,0.0,4,3,1,0,0,0,0,0,0,0,0,0,0,4,2017-18,Regular Season,Round 10,2017-12-01,cska moscow-fc barcelona lassa,92-78,0,78,http://www.euroleague.net/main/results/showgame?gamecode=78&seasoncode=E2017,,euroleague,0.0,2017-12-01||cska moscow-fc barcelona lassa,team,team||euroleague
0,0,Team,0,0,0,0,0.0,0,0,0.0,0,0,0.0,4,3,1,0,0,0,0,0,0,0,0,0,0,4,2017-18,Regular Season,Round 10,2017-12-01,cska moscow-fc barcelona lassa,92-78,FC_Barcelona,78,http://www.euroleague.net/main/results/showgame?gamecode=78&seasoncode=E2017,,euroleague,0.0,2017-12-01||cska moscow-fc barcelona lassa,team,team||euroleague
0,0,Team,0,0,0,0,0.0,0,0,0.0,0,0,0.0,2,1,1,0,0,1,0,0,0,0,0,0,0,1,2017-18,Regular Season,Round 10,2017-12-01,panathinaikos superfoods athens-unicaja malaga,82-71,0,79,http://www.euroleague.net/main/results/showgame?gamecode=79&seasoncode=E2017,,euroleague,0.0,2017-12-01||panathinaikos superfoods athens-unicaja malaga,team,team||euroleague
0,0,Team,0,0,0,0,0.0,0,0,0.0,0,0,0.0,7,4,3,0,0,0,0,0,0,0,0,0,0,7,2017-18,Regular Season,Round 10,2017-12-01,panathinaikos superfoods athens-unicaja malaga,82-71,Unicaja,79,http://www.euroleague.net/main/results/showgame?gamecode=79&seasoncode=E2017,,euroleague,0.0,2017-12-01||panathinaikos superfoods athens-unicaja malaga,team,team||euroleague
0,0,Team,0,0,0,0,0.0,0,0,0.0,0,0,0.0,2,1,1,0,0,0,0,0,0,0,0,0,0,2,2017-18,Regular Season,Round 10,2017-12-01,real madrid-crvena zvezda mts belgrade,83-87,0,80,http://www.euroleague.net/main/results/showgame?gamecode=80&seasoncode=E2017,,euroleague,0.0,2017-12-01||real madrid-crvena zvezda mts belgrade,team,team||euroleague
0,0,Team,0,0,0,0,0.0,0,0,0.0,0,0,0.0,2,1,1,0,0,0,0,0,0,0,0,0,0,2,2017-18,Regular Season,Round 10,2017-12-01,real madrid-crvena zvezda mts belgrade,83-87,Crvena_Zvezda_Belgrade,80,http://www.euroleague.net/main/results/showgame?gamecode=80&seasoncode=E2017,,euroleague,0.0,2017-12-01||real madrid-crvena zvezda mts belgrade,team,team||euroleague
0,0,Team,0,0,0,0,0.0,0,0,0.0,0,0,0.0,6,5,1,0,0,0,0,0,0,0,0,0,0,6,2017-18,Regular Season,Round 11,2017-12-07,baskonia vitoria gasteiz-unicaja malaga,88-82,0,81,http://www.euroleague.net/main/results/showgame?gamecode=81&seasoncode=E2017,,euroleague,0.0,2017-12-07||baskonia vitoria gasteiz-unicaja malaga,team,team||euroleague
0,0,Team,0,0,0,0,0.0,0,0,0.0,0,0,0.0,7,6,1,0,0,0,0,0,0,0,0,0,0,7,2017-18,Regular Season,Round 11,2017-12-07,baskonia vitoria gasteiz-unicaja malaga,88-82,Unicaja,81,http://www.euroleague.net/main/results/showgame?gamecode=81&seasoncode=E2017,,euroleague,0.0,2017-12-07||baskonia vitoria gasteiz-unicaja malaga,team,team||euroleague
0,0,Team,0,0,0,0,0.0,0,0,0.0,0,0,0.0,1,1,0,0,0,0,0,0,0,0,0,0,0,1,2017-18,Regular Season,Round 11,2017-12-07,brose bamberg-cska moscow,76-92,0,82,http://www.euroleague.net/main/results/showgame?gamecode=82&seasoncode=E2017,,euroleague,0.0,2017-12-07||brose bamberg-cska moscow,team,team||euroleague
0,0,Team,0,0,0,0,0.0,0,0,0.0,0,0,0.0,2,1,1,0,0,0,0,0,0,0,0,0,0,2,2017-18,Regular Season,Round 11,2017-12-07,brose bamberg-cska moscow,76-92,CSKA,82,http://www.euroleague.net/main/results/showgame?gamecode=82&seasoncode=E2017,,euroleague,0.0,2017-12-07||brose bamberg-cska moscow,team,team||euroleague
0,0,Team,0,0,0,0,0.0,0,0,0.0,0,0,0.0,1,1,0,0,0,1,0,0,0,0,0,0,0,0,2017-18,Regular Season,Round 11,2017-12-07,ax armani exchange olimpia milan-khimki moscow region,71-77,0,83,http://www.euroleague.net/main/results/showgame?gamecode=83&seasoncode=E2017,,euroleague,0.0,2017-12-07||ax armani exchange olimpia milan-khimki moscow region,team,team||euroleague
0,0,Team,0,0,0,0,0.0,0,0,0.0,0,0,0.0,3,1,2,0,0,2,0,0,0,0,0,0,0,1,2017-18,Regular Season,Round 11,2017-12-07,ax armani exchange olimpia milan-khimki moscow region,71-77,Khimki,83,http://www.euroleague.net/main/results/showgame?gamecode=83&seasoncode=E2017,,euroleague,0.0,2017-12-07||ax armani exchange olimpia milan-khimki moscow region,team,team||euroleague
0,0,Team,0,0,0,0,0.0,0,0,0.0,0,0,0.0,3,1,2,0,0,1,0,0,0,0,0,0,0,2,2017-18,Regular Season,Round 11,2017-12-07,maccabi fox tel aviv-valencia basket,94-91,0,84,http://www.euroleague.net/main/results/showgame?gamecode=84&seasoncode=E2017,,euroleague,0.0,2017-12-07||maccabi fox tel aviv-valencia basket,team,team||euroleague
0,0,Team,0,0,0,0,0.0,0,0,0.0,0,0,0.0,4,2,2,0,0,1,0,0,0,0,0,0,0,3,2017-18,Regular Season,Round 11,2017-12-07,maccabi fox tel aviv-valencia basket,94-91,Valencia,84,http://www.euroleague.net/main/results/showgame?gamecode=84&seasoncode=E2017,,euroleague,0.0,2017-12-07||maccabi fox tel aviv-valencia basket,team,team||euroleague
0,0,Team,0,0,0,0,0.0,0,0,0.0,0,0,0.0,1,1,0,0,0,2,0,0,0,0,0,0,0,-1,2017-18,Regular Season,Round 11,2017-12-07,zalgiris kaunas-panathinaikos superfoods athens,80-74,0,85,http://www.euroleague.net/main/results/showgame?gamecode=85&seasoncode=E2017,,euroleague,0.0,2017-12-07||zalgiris kaunas-panathinaikos superfoods athens,team,team||euroleague
0,0,Team,0,0,0,0,0.0,0,0,0.0,0,0,0.0,9,1,8,0,0,0,0,0,0,0,0,0,0,9,2017-18,Regular Season,Round 11,2017-12-07,zalgiris kaunas-panathinaikos superfoods athens,80-74,Panathinaikos,85,http://www.euroleague.net/main/results/showgame?gamecode=85&seasoncode=E2017,,euroleague,0.0,2017-12-07||zalgiris kaunas-panathinaikos superfoods athens,team,team||euroleague
0,0,Team,0,0,0,0,0.0,0,0,0.0,0,0,0.0,2,1,1,0,0,0,0,0,0,0,0,0,0,2,2017-18,Regular Season,Round 11,2017-12-08,crvena zvezda mts belgrade-anadolu efes istanbul,100-81,0,86,http://www.euroleague.net/main/results/showgame?gamecode=86&seasoncode=E2017,,euroleague,0.0,2017-12-08||crvena zvezda mts belgrade-anadolu efes istanbul,team,team||euroleague
0,0,Team,0,0,0,0,0.0,0,0,0.0,0,0,0.0,5,4,1,0,0,0,0,0,0,0,0,0,0,5,2017-18,Regular Season,Round 11,2017-12-08,crvena zvezda mts belgrade-anadolu efes istanbul,100-81,Efes_Pilsen,86,http://www.euroleague.net/main/results/showgame?gamecode=86&seasoncode=E2017,,euroleague,0.0,2017-12-08||crvena zvezda mts belgrade-anadolu efes istanbul,team,team||euroleague
0,0,Team,0,0,0,0,0.0,0,0,0.0,0,0,0.0,4,3,1,0,0,0,0,0,0,0,0,0,0,4,2017-18,Regular Season,Round 11,2017-12-08,fc barcelona lassa-fenerbahce dogus istanbul,68-83,0,87,http://www.euroleague.net/main/results/showgame?gamecode=87&seasoncode=E2017,,euroleague,0.0,2017-12-08||fc barcelona lassa-fenerbahce dogus istanbul,team,team||euroleague
0,0,Team,0,0,0,0,0.0,0,0,0.0,0,0,0.0,2,2,0,0,0,0,0,0,0,0,0,0,0,2,2017-18,Regular Season,Round 11,2017-12-08,fc barcelona lassa-fenerbahce dogus istanbul,68-83,Fenerbahce,87,http://www.euroleague.net/main/results/showgame?gamecode=87&seasoncode=E2017,,euroleague,0.0,2017-12-08||fc barcelona lassa-fenerbahce dogus istanbul,team,team||euroleague
0,0,Team,0,0,0,0,0.0,0,0,0.0,0,0,0.0,3,2,1,0,0,1,0,0,0,0,0,0,0,2,2017-18,Regular Season,Round 11,2017-12-08,olympiacos piraeus-real madrid,92-83,0,88,http://www.euroleague.net/main/results/showgame?gamecode=88&seasoncode=E2017,,euroleague,0.0,2017-12-08||olympiacos piraeus-real madrid,team,team||euroleague
0,0,Team,0,0,0,0,0.0,0,0,0.0,0,0,0.0,2,1,1,0,0,0,0,0,0,0,0,0,0,2,2017-18,Regular Season,Round 11,2017-12-08,olympiacos piraeus-real madrid,92-83,Real_Madrid,88,http://www.euroleague.net/main/results/showgame?gamecode=88&seasoncode=E2017,,euroleague,0.0,2017-12-08||olympiacos piraeus-real madrid,team,team||euroleague
0,0,Team,0,0,0,0,0.0,0,0,0.0,0,0,0.0,2,1,1,0,0,0,0,0,0,0,0,0,0,2,2017-18,Regular Season,Round 12,2017-12-14,brose bamberg-olympiacos piraeus,67-65,0,89,http://www.euroleague.net/main/results/showgame?gamecode=89&seasoncode=E2017,,euroleague,0.0,2017-12-14||brose bamberg-olympiacos piraeus,team,team||euroleague
0,0,Team,0,0,0,0,0.0,0,0,0.0,0,0,0.0,4,3,1,0,0,6,0,0,0,0,0,0,0,-2,2017-18,Regular Season,Round 12,2017-12-14,brose bamberg-olympiacos piraeus,67-65,Olympiakos,89,http://www.euroleague.net/main/results/showgame?gamecode=89&seasoncode=E2017,,euroleague,0.0,2017-12-14||brose bamberg-olympiacos piraeus,team,team||euroleague
0,0,Team,0,0,0,0,0.0,0,0,0.0,0,0,0.0,6,3,3,0,0,2,0,0,0,0,0,0,0,4,2017-18,Regular Season,Round 12,2017-12-14,fenerbahce dogus istanbul-zalgiris kaunas,89-90,0,90,http://www.euroleague.net/main/results/showgame?gamecode=90&seasoncode=E2017,,euroleague,0.0,2017-12-14||fenerbahce dogus istanbul-zalgiris kaunas,team,team||euroleague
0,0,Team,0,0,0,0,0.0,0,0,0.0,0,0,0.0,1,0,1,0,0,1,0,0,0,0,0,0,0,0,2017-18,Regular Season,Round 12,2017-12-14,fenerbahce dogus istanbul-zalgiris kaunas,89-90,Zalgiris,90,http://www.euroleague.net/main/results/showgame?gamecode=90&seasoncode=E2017,,euroleague,0.0,2017-12-14||fenerbahce dogus istanbul-zalgiris kaunas,team,team||euroleague
0,0,Team,0,0,0,0,0.0,0,0,0.0,0,0,0.0,5,4,1,0,0,0,0,0,0,0,0,0,0,5,2017-18,Regular Season,Round 12,2017-12-14,real madrid-fc barcelona lassa,87-75,0,91,http://www.euroleague.net/main/results/showgame?gamecode=91&seasoncode=E2017,,euroleague,0.0,2017-12-14||real madrid-fc barcelona lassa,team,team||euroleague
0,0,Team,0,0,0,0,0.0,0,0,0.0,0,0,0.0,3,3,0,0,0,0,0,0,0,0,0,0,0,3,2017-18,Regular Season,Round 12,2017-12-14,real madrid-fc barcelona lassa,87-75,FC_Barcelona,91,http://www.euroleague.net/main/results/showgame?gamecode=91&seasoncode=E2017,,euroleague,0.0,2017-12-14||real madrid-fc barcelona lassa,team,team||euroleague
0,0,Team,0,0,0,0,0.0,0,0,0.0,0,0,0.0,3,2,1,0,0,1,0,0,0,0,0,0,0,2,2017-18,Regular Season,Round 12,2017-12-14,unicaja malaga-khimki moscow region,93-84,0,92,http://www.euroleague.net/main/results/showgame?gamecode=92&seasoncode=E2017,,euroleague,0.0,2017-12-14||unicaja malaga-khimki moscow region,team,team||euroleague
0,0,Team,0,0,0,0,0.0,0,0,0.0,0,0,0.0,2,2,0,0,0,0,0,0,0,0,0,0,0,2,2017-18,Regular Season,Round 12,2017-12-14,unicaja malaga-khimki moscow region,93-84,Khimki,92,http://www.euroleague.net/main/results/showgame?gamecode=92&seasoncode=E2017,,euroleague,0.0,2017-12-14||unicaja malaga-khimki moscow region,team,team||euroleague
0,0,Team,0,0,0,0,0.0,0,0,0.0,0,0,0.0,1,1,0,0,0,0,0,0,0,0,0,0,0,1,2017-18,Regular Season,Round 12,2017-12-15,anadolu efes istanbul-baskonia vitoria gasteiz,81-82,0,93,http://www.euroleague.net/main/results/showgame?gamecode=93&seasoncode=E2017,,euroleague,0.0,2017-12-15||anadolu efes istanbul-baskonia vitoria gasteiz,team,team||euroleague
0,0,Team,0,0,0,0,0.0,0,0,0.0,0,0,0.0,2,2,0,0,0,1,0,0,0,0,0,0,0,1,2017-18,Regular Season,Round 12,2017-12-15,anadolu efes istanbul-baskonia vitoria gasteiz,81-82,Baskonia,93,http://www.euroleague.net/main/results/showgame?gamecode=93&seasoncode=E2017,,euroleague,0.0,2017-12-15||anadolu efes istanbul-baskonia vitoria gasteiz,team,team||euroleague
0,0,Team,0,0,0,0,0.0,0,0,0.0,0,0,0.0,0,0,0,0,0,1,0,0,0,0,0,0,0,-1,2017-18,Regular Season,Round 12,2017-12-15,cska moscow-maccabi fox tel aviv,101-86,0,94,http://www.euroleague.net/main/results/showgame?gamecode=94&seasoncode=E2017,,euroleague,0.0,2017-12-15||cska moscow-maccabi fox tel aviv,team,team||euroleague
0,0,Team,0,0,0,0,0.0,0,0,0.0,0,0,0.0,5,0,5,0,0,1,0,0,0,0,0,0,0,4,2017-18,Regular Season,Round 12,2017-12-15,cska moscow-maccabi fox tel aviv,101-86,Maccabi,94,http://www.euroleague.net/main/results/showgame?gamecode=94&seasoncode=E2017,,euroleague,0.0,2017-12-15||cska moscow-maccabi fox tel aviv,team,team||euroleague
0,0,Team,0,0,0,0,0.0,0,0,0.0,0,0,0.0,3,1,2,0,0,0,0,0,0,0,0,0,0,3,2017-18,Regular Season,Round 12,2017-12-15,panathinaikos superfoods athens-ax armani exchange olimpia milan,80-72,0,95,http://www.euroleague.net/main/results/showgame?gamecode=95&seasoncode=E2017,,euroleague,0.0,2017-12-15||panathinaikos superfoods athens-ax armani exchange olimpia milan,team,team||euroleague
0,0,Team,0,0,0,0,0.0,0,0,0.0,0,0,0.0,9,5,4,0,0,3,0,0,0,0,0,0,0,6,2017-18,Regular Season,Round 12,2017-12-15,panathinaikos superfoods athens-ax armani exchange olimpia milan,80-72,Milan,95,http://www.euroleague.net/main/results/showgame?gamecode=95&seasoncode=E2017,,euroleague,0.0,2017-12-15||panathinaikos superfoods athens-ax armani exchange olimpia milan,team,team||euroleague
0,0,Team,0,0,0,0,0.0,0,0,0.0,0,0,0.0,2,2,0,0,0,1,0,0,0,0,0,0,0,1,2017-18,Regular Season,Round 12,2017-12-15,valencia basket-crvena zvezda mts belgrade,82-86,0,96,http://www.euroleague.net/main/results/showgame?gamecode=96&seasoncode=E2017,,euroleague,0.0,2017-12-15||valencia basket-crvena zvezda mts belgrade,team,team||euroleague
0,0,Team,0,0,0,0,0.0,0,0,0.0,0,0,0.0,1,1,0,0,0,0,0,0,0,0,0,0,0,1,2017-18,Regular Season,Round 12,2017-12-15,valencia basket-crvena zvezda mts belgrade,82-86,Crvena_Zvezda_Belgrade,96,http://www.euroleague.net/main/results/showgame?gamecode=96&seasoncode=E2017,,euroleague,0.0,2017-12-15||valencia basket-crvena zvezda mts belgrade,team,team||euroleague
0,0,Team,0,0,0,0,0.0,0,0,0.0,0,0,0.0,3,0,3,0,0,1,0,0,0,0,0,0,0,2,2017-18,Regular Season,Round 13,2017-12-19,fenerbahce dogus istanbul-crvena zvezda mts belgrade,82-56,0,97,http://www.euroleague.net/main/results/showgame?gamecode=97&seasoncode=E2017,,euroleague,0.0,2017-12-19||fenerbahce dogus istanbul-crvena zvezda mts belgrade,team,team||euroleague
0,0,Team,0,0,0,0,0.0,0,0,0.0,0,0,0.0,2,1,1,0,0,2,0,0,0,0,0,0,0,0,2017-18,Regular Season,Round 13,2017-12-19,fenerbahce dogus istanbul-crvena zvezda mts belgrade,82-56,Crvena_Zvezda_Belgrade,97,http://www.euroleague.net/main/results/showgame?gamecode=97&seasoncode=E2017,,euroleague,0.0,2017-12-19||fenerbahce dogus istanbul-crvena zvezda mts belgrade,team,team||euroleague
0,0,Team,0,0,0,0,0.0,0,0,0.0,0,0,0.0,4,1,3,0,0,1,0,0,0,0,0,0,0,3,2017-18,Regular Season,Round 13,2017-12-19,panathinaikos superfoods athens-maccabi fox tel aviv,89-76,0,98,http://www.euroleague.net/main/results/showgame?gamecode=98&seasoncode=E2017,,euroleague,0.0,2017-12-19||panathinaikos superfoods athens-maccabi fox tel aviv,team,team||euroleague
0,0,Team,0,0,0,0,0.0,0,0,0.0,0,0,0.0,6,3,3,0,0,0,0,0,0,0,0,0,0,6,2017-18,Regular Season,Round 13,2017-12-19,panathinaikos superfoods athens-maccabi fox tel aviv,89-76,Maccabi,98,http://www.euroleague.net/main/results/showgame?gamecode=98&seasoncode=E2017,,euroleague,0.0,2017-12-19||panathinaikos superfoods athens-maccabi fox tel aviv,team,team||euroleague
0,0,Team,0,0,0,0,0.0,0,0,0.0,0,0,0.0,2,1,1,0,0,0,0,0,0,0,0,0,0,2,2017-18,Regular Season,Round 13,2017-12-19,real madrid-valencia basket,91-72,0,99,http://www.euroleague.net/main/results/showgame?gamecode=99&seasoncode=E2017,,euroleague,0.0,2017-12-19||real madrid-valencia basket,team,team||euroleague
0,0,Team,0,0,0,0,0.0,0,0,0.0,0,0,0.0,2,0,2,0,0,1,0,0,0,0,0,0,0,1,2017-18,Regular Season,Round 13,2017-12-19,real madrid-valencia basket,91-72,Valencia,99,http://www.euroleague.net/main/results/showgame?gamecode=99&seasoncode=E2017,,euroleague,0.0,2017-12-19||real madrid-valencia basket,team,team||euroleague
0,0,Team,0,0,0,0,0.0,0,0,0.0,0,0,0.0,4,3,1,0,0,0,0,0,0,0,0,0,0,4,2017-18,Regular Season,Round 13,2017-12-19,zalgiris kaunas-brose bamberg,88-84,0,100,http://www.euroleague.net/main/results/showgame?gamecode=100&seasoncode=E2017,,euroleague,0.0,2017-12-19||zalgiris kaunas-brose bamberg,team,team||euroleague
0,0,Team,0,0,0,0,0.0,0,0,0.0,0,0,0.0,4,3,1,0,0,1,0,0,0,0,0,0,0,3,2017-18,Regular Season,Round 13,2017-12-19,zalgiris kaunas-brose bamberg,88-84,Bamberg,100,http://www.euroleague.net/main/results/showgame?gamecode=100&seasoncode=E2017,,euroleague,0.0,2017-12-19||zalgiris kaunas-brose bamberg,team,team||euroleague
0,0,Team,0,0,0,0,0.0,0,0,0.0,0,0,0.0,3,1,2,0,0,1,0,0,0,0,0,0,0,2,2017-18,Regular Season,Round 13,2017-12-20,ax armani exchange olimpia milan-baskonia vitoria gasteiz,92-85,0,101,http://www.euroleague.net/main/results/showgame?gamecode=101&seasoncode=E2017,,euroleague,0.0,2017-12-20||ax armani exchange olimpia milan-baskonia vitoria gasteiz,team,team||euroleague
0,0,Team,0,0,0,0,0.0,0,0,0.0,0,0,0.0,7,6,1,0,0,0,0,0,0,0,0,0,0,7,2017-18,Regular Season,Round 13,2017-12-20,ax armani exchange olimpia milan-baskonia vitoria gasteiz,92-85,Baskonia,101,http://www.euroleague.net/main/results/showgame?gamecode=101&seasoncode=E2017,,euroleague,0.0,2017-12-20||ax armani exchange olimpia milan-baskonia vitoria gasteiz,team,team||euroleague
0,0,Team,0,0,0,0,0.0,0,0,0.0,0,0,0.0,4,4,0,0,0,1,0,0,0,0,0,0,0,3,2017-18,Regular Season,Round 13,2017-12-20,fc barcelona lassa-unicaja malaga,83-90,0,102,http://www.euroleague.net/main/results/showgame?gamecode=102&seasoncode=E2017,,euroleague,0.0,2017-12-20||fc barcelona lassa-unicaja malaga,team,team||euroleague
0,0,Team,0,0,0,0,0.0,0,0,0.0,0,0,0.0,2,0,2,0,0,0,0,0,0,0,0,0,0,2,2017-18,Regular Season,Round 13,2017-12-20,fc barcelona lassa-unicaja malaga,83-90,Unicaja,102,http://www.euroleague.net/main/results/showgame?gamecode=102&seasoncode=E2017,,euroleague,0.0,2017-12-20||fc barcelona lassa-unicaja malaga,team,team||euroleague
0,0,Team,0,0,0,0,0.0,0,0,0.0,0,0,0.0,1,1,0,0,0,2,0,0,0,0,0,0,0,-1,2017-18,Regular Season,Round 13,2017-12-20,khimki moscow region-anadolu efes istanbul,86-68,0,103,http://www.euroleague.net/main/results/showgame?gamecode=103&seasoncode=E2017,,euroleague,0.0,2017-12-20||khimki moscow region-anadolu efes istanbul,team,team||euroleague
0,0,Team,0,0,0,0,0.0,0,0,0.0,0,0,0.0,5,2,3,0,0,1,0,0,0,0,0,0,0,4,2017-18,Regular Season,Round 13,2017-12-20,khimki moscow region-anadolu efes istanbul,86-68,Efes_Pilsen,103,http://www.euroleague.net/main/results/showgame?gamecode=103&seasoncode=E2017,,euroleague,0.0,2017-12-20||khimki moscow region-anadolu efes istanbul,team,team||euroleague
0,0,Team,0,0,0,0,0.0,0,0,0.0,0,0,0.0,1,0,1,0,0,1,0,0,0,0,0,0,0,0,2017-18,Regular Season,Round 13,2017-12-20,olympiacos piraeus-cska moscow,88-86,0,104,http://www.euroleague.net/main/results/showgame?gamecode=104&seasoncode=E2017,,euroleague,0.0,2017-12-20||olympiacos piraeus-cska moscow,team,team||euroleague
0,0,Team,0,0,0,0,0.0,0,0,0.0,0,0,0.0,3,1,2,0,0,0,0,0,0,0,0,0,0,3,2017-18,Regular Season,Round 13,2017-12-20,olympiacos piraeus-cska moscow,88-86,CSKA,104,http://www.euroleague.net/main/results/showgame?gamecode=104&seasoncode=E2017,,euroleague,0.0,2017-12-20||olympiacos piraeus-cska moscow,team,team||euroleague
0,0,Team,0,0,0,0,0.0,0,0,0.0,0,0,0.0,1,1,0,0,0,0,0,0,0,0,0,0,0,1,2017-18,Regular Season,Round 14,2017-12-21,brose bamberg-real madrid,66-81,0,105,http://www.euroleague.net/main/results/showgame?gamecode=105&seasoncode=E2017,,euroleague,0.0,2017-12-21||brose bamberg-real madrid,team,team||euroleague
0,0,Team,0,0,0,0,0.0,0,0,0.0,0,0,0.0,1,0,1,0,0,1,0,0,0,0,0,0,0,0,2017-18,Regular Season,Round 14,2017-12-21,brose bamberg-real madrid,66-81,Real_Madrid,105,http://www.euroleague.net/main/results/showgame?gamecode=105&seasoncode=E2017,,euroleague,0.0,2017-12-21||brose bamberg-real madrid,team,team||euroleague
0,0,Team,0,0,0,0,0.0,0,0,0.0,0,0,0.0,5,2,3,0,0,0,0,0,0,0,0,0,0,5,2017-18,Regular Season,Round 14,2017-12-21,crvena zvezda mts belgrade-panathinaikos superfoods athens,63-69,0,106,http://www.euroleague.net/main/results/showgame?gamecode=106&seasoncode=E2017,,euroleague,0.0,2017-12-21||crvena zvezda mts belgrade-panathinaikos superfoods athens,team,team||euroleague
0,0,Team,0,0,0,0,0.0,0,0,0.0,0,0,0.0,6,2,4,0,0,0,0,0,0,0,0,0,0,6,2017-18,Regular Season,Round 14,2017-12-21,crvena zvezda mts belgrade-panathinaikos superfoods athens,63-69,Panathinaikos,106,http://www.euroleague.net/main/results/showgame?gamecode=106&seasoncode=E2017,,euroleague,0.0,2017-12-21||crvena zvezda mts belgrade-panathinaikos superfoods athens,team,team||euroleague
0,0,Team,0,0,0,0,0.0,0,0,0.0,0,0,0.0,9,2,7,0,0,2,0,0,0,0,0,0,0,7,2017-18,Regular Season,Round 14,2017-12-21,maccabi fox tel aviv-fenerbahce dogus istanbul,82-73,0,107,http://www.euroleague.net/main/results/showgame?gamecode=107&seasoncode=E2017,,euroleague,0.0,2017-12-21||maccabi fox tel aviv-fenerbahce dogus istanbul,team,team||euroleague
0,0,Team,0,0,0,0,0.0,0,0,0.0,0,0,0.0,2,0,2,0,0,1,0,0,0,0,0,0,0,1,2017-18,Regular Season,Round 14,2017-12-21,maccabi fox tel aviv-fenerbahce dogus istanbul,82-73,Fenerbahce,107,http://www.euroleague.net/main/results/showgame?gamecode=107&seasoncode=E2017,,euroleague,0.0,2017-12-21||maccabi fox tel aviv-fenerbahce dogus istanbul,team,team||euroleague
0,0,Team,0,0,0,0,0.0,0,0,0.0,0,0,0.0,2,0,2,0,0,0,0,0,0,0,0,0,0,2,2017-18,Regular Season,Round 14,2017-12-21,valencia basket-zalgiris kaunas,63-71,0,108,http://www.euroleague.net/main/results/showgame?gamecode=108&seasoncode=E2017,,euroleague,0.0,2017-12-21||valencia basket-zalgiris kaunas,team,team||euroleague
0,0,Team,0,0,0,0,0.0,0,0,0.0,0,0,0.0,0,0,0,0,0,2,0,0,0,0,0,0,0,-2,2017-18,Regular Season,Round 14,2017-12-21,valencia basket-zalgiris kaunas,63-71,Zalgiris,108,http://www.euroleague.net/main/results/showgame?gamecode=108&seasoncode=E2017,,euroleague,0.0,2017-12-21||valencia basket-zalgiris kaunas,team,team||euroleague
0,0,Team,0,0,0,0,0.0,0,0,0.0,0,0,0.0,1,0,1,0,0,0,0,0,0,0,0,0,0,1,2017-18,Regular Season,Round 14,2017-12-22,anadolu efes istanbul-olympiacos piraeus,58-61,0,109,http://www.euroleague.net/main/results/showgame?gamecode=109&seasoncode=E2017,,euroleague,0.0,2017-12-22||anadolu efes istanbul-olympiacos piraeus,team,team||euroleague
0,0,Team,0,0,0,0,0.0,0,0,0.0,0,0,0.0,4,3,1,0,0,1,0,0,0,0,0,0,0,3,2017-18,Regular Season,Round 14,2017-12-22,anadolu efes istanbul-olympiacos piraeus,58-61,Olympiakos,109,http://www.euroleague.net/main/results/showgame?gamecode=109&seasoncode=E2017,,euroleague,0.0,2017-12-22||anadolu efes istanbul-olympiacos piraeus,team,team||euroleague
0,0,Team,0,0,0,0,0.0,0,0,0.0,0,0,0.0,8,3,5,0,0,1,0,0,0,0,0,0,0,7,2017-18,Regular Season,Round 14,2017-12-22,baskonia vitoria gasteiz-fc barcelona lassa,85-82,0,110,http://www.euroleague.net/main/results/showgame?gamecode=110&seasoncode=E2017,,euroleague,0.0,2017-12-22||baskonia vitoria gasteiz-fc barcelona lassa,team,team||euroleague
0,0,Team,0,0,0,0,0.0,0,0,0.0,0,0,0.0,4,2,2,0,0,1,0,0,0,0,0,0,0,3,2017-18,Regular Season,Round 14,2017-12-22,baskonia vitoria gasteiz-fc barcelona lassa,85-82,FC_Barcelona,110,http://www.euroleague.net/main/results/showgame?gamecode=110&seasoncode=E2017,,euroleague,0.0,2017-12-22||baskonia vitoria gasteiz-fc barcelona lassa,team,team||euroleague
0,0,Team,0,0,0,0,0.0,0,0,0.0,0,0,0.0,0,0,0,0,0,2,0,0,0,0,0,0,0,-2,2017-18,Regular Season,Round 14,2017-12-22,cska moscow-khimki moscow region,79-68,0,111,http://www.euroleague.net/main/results/showgame?gamecode=111&seasoncode=E2017,,euroleague,0.0,2017-12-22||cska moscow-khimki moscow region,team,team||euroleague
0,0,Team,0,0,0,0,0.0,0,0,0.0,0,0,0.0,7,2,5,0,0,0,0,0,0,0,0,0,0,7,2017-18,Regular Season,Round 14,2017-12-22,cska moscow-khimki moscow region,79-68,Khimki,111,http://www.euroleague.net/main/results/showgame?gamecode=111&seasoncode=E2017,,euroleague,0.0,2017-12-22||cska moscow-khimki moscow region,team,team||euroleague
0,0,Team,0,0,0,0,0.0,0,0,0.0,0,0,0.0,5,5,0,0,0,0,0,0,0,0,0,0,0,5,2017-18,Regular Season,Round 14,2017-12-22,unicaja malaga-ax armani exchange olimpia milan,74-71,0,112,http://www.euroleague.net/main/results/showgame?gamecode=112&seasoncode=E2017,,euroleague,0.0,2017-12-22||unicaja malaga-ax armani exchange olimpia milan,team,team||euroleague
0,0,Team,0,0,0,0,0.0,0,0,0.0,0,0,0.0,3,2,1,0,0,0,0,0,0,0,0,0,0,3,2017-18,Regular Season,Round 14,2017-12-22,unicaja malaga-ax armani exchange olimpia milan,74-71,Milan,112,http://www.euroleague.net/main/results/showgame?gamecode=112&seasoncode=E2017,,euroleague,0.0,2017-12-22||unicaja malaga-ax armani exchange olimpia milan,team,team||euroleague
0,0,Team,0,0,0,0,0.0,0,0,0.0,0,0,0.0,4,3,1,0,0,0,0,0,0,0,0,0,0,4,2017-18,Regular Season,Round 15,2017-12-28,fenerbahce dogus istanbul-real madrid,77-79,0,113,http://www.euroleague.net/main/results/showgame?gamecode=113&seasoncode=E2017,,euroleague,0.0,2017-12-28||fenerbahce dogus istanbul-real madrid,team,team||euroleague
0,0,Team,0,0,0,0,0.0,0,0,0.0,0,0,0.0,2,1,1,0,0,0,0,0,0,0,0,0,0,2,2017-18,Regular Season,Round 15,2017-12-28,fenerbahce dogus istanbul-real madrid,77-79,Real_Madrid,113,http://www.euroleague.net/main/results/showgame?gamecode=113&seasoncode=E2017,,euroleague,0.0,2017-12-28||fenerbahce dogus istanbul-real madrid,team,team||euroleague
0,0,Team,0,0,0,0,0.0,0,0,0.0,0,0,0.0,4,1,3,0,0,1,0,0,0,0,0,0,0,3,2017-18,Regular Season,Round 15,2017-12-28,maccabi fox tel aviv-unicaja malaga,78-89,0,114,http://www.euroleague.net/main/results/showgame?gamecode=114&seasoncode=E2017,,euroleague,0.0,2017-12-28||maccabi fox tel aviv-unicaja malaga,team,team||euroleague
0,0,Team,0,0,0,0,0.0,0,0,0.0,0,0,0.0,6,2,4,0,0,0,0,0,0,0,0,0,0,6,2017-18,Regular Season,Round 15,2017-12-28,maccabi fox tel aviv-unicaja malaga,78-89,Unicaja,114,http://www.euroleague.net/main/results/showgame?gamecode=114&seasoncode=E2017,,euroleague,0.0,2017-12-28||maccabi fox tel aviv-unicaja malaga,team,team||euroleague
0,0,Team,0,0,0,0,0.0,0,0,0.0,0,0,0.0,2,2,0,0,0,1,0,0,0,0,0,0,0,1,2017-18,Regular Season,Round 15,2017-12-28,valencia basket-panathinaikos superfoods athens,67-63,0,115,http://www.euroleague.net/main/results/showgame?gamecode=115&seasoncode=E2017,,euroleague,0.0,2017-12-28||valencia basket-panathinaikos superfoods athens,team,team||euroleague
0,0,Team,0,0,0,0,0.0,0,0,0.0,0,0,0.0,1,1,0,0,0,2,0,0,0,0,0,0,0,-1,2017-18,Regular Season,Round 15,2017-12-28,valencia basket-panathinaikos superfoods athens,67-63,Panathinaikos,115,http://www.euroleague.net/main/results/showgame?gamecode=115&seasoncode=E2017,,euroleague,0.0,2017-12-28||valencia basket-panathinaikos superfoods athens,team,team||euroleague
0,0,Team,0,0,0,0,0.0,0,0,0.0,0,0,0.0,4,2,2,0,0,0,0,0,0,0,0,0,0,4,2017-18,Regular Season,Round 15,2017-12-28,zalgiris kaunas-olympiacos piraeus,74-68,0,116,http://www.euroleague.net/main/results/showgame?gamecode=116&seasoncode=E2017,,euroleague,0.0,2017-12-28||zalgiris kaunas-olympiacos piraeus,team,team||euroleague
0,0,Team,0,0,0,0,0.0,0,0,0.0,0,0,0.0,8,5,3,0,0,1,0,0,0,0,0,0,0,7,2017-18,Regular Season,Round 15,2017-12-28,zalgiris kaunas-olympiacos piraeus,74-68,Olympiakos,116,http://www.euroleague.net/main/results/showgame?gamecode=116&seasoncode=E2017,,euroleague,0.0,2017-12-28||zalgiris kaunas-olympiacos piraeus,team,team||euroleague
0,0,Team,0,0,0,0,0.0,0,0,0.0,0,0,0.0,3,2,1,0,0,1,0,0,0,0,0,0,0,2,2017-18,Regular Season,Round 15,2017-12-29,anadolu efes istanbul-brose bamberg,69-58,0,117,http://www.euroleague.net/main/results/showgame?gamecode=117&seasoncode=E2017,,euroleague,0.0,2017-12-29||anadolu efes istanbul-brose bamberg,team,team||euroleague
0,0,Team,0,0,0,0,0.0,0,0,0.0,0,0,0.0,3,1,2,0,0,1,0,0,0,0,0,0,0,2,2017-18,Regular Season,Round 15,2017-12-29,anadolu efes istanbul-brose bamberg,69-58,Bamberg,117,http://www.euroleague.net/main/results/showgame?gamecode=117&seasoncode=E2017,,euroleague,0.0,2017-12-29||anadolu efes istanbul-brose bamberg,team,team||euroleague
0,0,Team,0,0,0,0,0.0,0,0,0.0,0,0,0.0,4,2,2,0,0,1,0,0,0,0,0,0,0,3,2017-18,Regular Season,Round 15,2017-12-29,baskonia vitoria gasteiz-cska moscow,81-90,0,118,http://www.euroleague.net/main/results/showgame?gamecode=118&seasoncode=E2017,,euroleague,0.0,2017-12-29||baskonia vitoria gasteiz-cska moscow,team,team||euroleague
0,0,Team,0,0,0,0,0.0,0,0,0.0,0,0,0.0,2,2,0,0,0,0,0,0,0,0,0,0,0,2,2017-18,Regular Season,Round 15,2017-12-29,baskonia vitoria gasteiz-cska moscow,81-90,CSKA,118,http://www.euroleague.net/main/results/showgame?gamecode=118&seasoncode=E2017,,euroleague,0.0,2017-12-29||baskonia vitoria gasteiz-cska moscow,team,team||euroleague
0,0,Team,0,0,0,0,0.0,0,0,0.0,0,0,0.0,3,1,2,0,0,0,0,0,0,0,0,0,0,3,2017-18,Regular Season,Round 15,2017-12-29,ax armani exchange olimpia milan-crvena zvezda mts belgrade,88-91,0,119,http://www.euroleague.net/main/results/showgame?gamecode=119&seasoncode=E2017,,euroleague,0.0,2017-12-29||ax armani exchange olimpia milan-crvena zvezda mts belgrade,team,team||euroleague
0,0,Team,0,0,0,0,0.0,0,0,0.0,0,0,0.0,3,1,2,0,0,1,0,0,0,0,0,0,0,2,2017-18,Regular Season,Round 15,2017-12-29,ax armani exchange olimpia milan-crvena zvezda mts belgrade,88-91,Crvena_Zvezda_Belgrade,119,http://www.euroleague.net/main/results/showgame?gamecode=119&seasoncode=E2017,,euroleague,0.0,2017-12-29||ax armani exchange olimpia milan-crvena zvezda mts belgrade,team,team||euroleague
0,0,Team,0,0,0,0,0.0,0,0,0.0,0,0,0.0,3,2,1,0,0,0,0,0,0,0,0,0,0,3,2017-18,Regular Season,Round 15,2017-12-29,khimki moscow region-fc barcelona lassa,65-79,0,120,http://www.euroleague.net/main/results/showgame?gamecode=120&seasoncode=E2017,,euroleague,0.0,2017-12-29||khimki moscow region-fc barcelona lassa,team,team||euroleague
0,0,Team,0,0,0,0,0.0,0,0,0.0,0,0,0.0,2,2,0,0,0,2,0,0,0,0,0,0,0,0,2017-18,Regular Season,Round 15,2017-12-29,khimki moscow region-fc barcelona lassa,65-79,FC_Barcelona,120,http://www.euroleague.net/main/results/showgame?gamecode=120&seasoncode=E2017,,euroleague,0.0,2017-12-29||khimki moscow region-fc barcelona lassa,team,team||euroleague
0,0,Team,0,0,0,0,0.0,0,0,0.0,0,0,0.0,4,3,1,0,0,1,0,0,0,0,0,0,0,3,2017-18,Regular Season,Round 16,2018-01-04,panathinaikos superfoods athens-anadolu efes istanbul,90-79,0,121,http://www.euroleague.net/main/results/showgame?gamecode=121&seasoncode=E2017,,euroleague,0.0,2018-01-04||panathinaikos superfoods athens-anadolu efes istanbul,team,team||euroleague
0,0,Team,0,0,0,0,0.0,0,0,0.0,0,0,0.0,8,3,5,0,0,1,0,0,0,0,0,0,0,7,2017-18,Regular Season,Round 16,2018-01-04,panathinaikos superfoods athens-anadolu efes istanbul,90-79,Efes_Pilsen,121,http://www.euroleague.net/main/results/showgame?gamecode=121&seasoncode=E2017,,euroleague,0.0,2018-01-04||panathinaikos superfoods athens-anadolu efes istanbul,team,team||euroleague
0,0,Team,0,0,0,0,0.0,0,0,0.0,0,0,0.0,3,2,1,0,0,0,0,0,0,0,0,0,0,3,2017-18,Regular Season,Round 16,2018-01-04,unicaja malaga-valencia basket,83-85,0,122,http://www.euroleague.net/main/results/showgame?gamecode=122&seasoncode=E2017,,euroleague,0.0,2018-01-04||unicaja malaga-valencia basket,team,team||euroleague
0,0,Team,0,0,0,0,0.0,0,0,0.0,0,0,0.0,4,4,0,0,0,1,0,0,0,0,0,0,0,3,2017-18,Regular Season,Round 16,2018-01-04,unicaja malaga-valencia basket,83-85,Valencia,122,http://www.euroleague.net/main/results/showgame?gamecode=122&seasoncode=E2017,,euroleague,0.0,2018-01-04||unicaja malaga-valencia basket,team,team||euroleague
0,0,Team,0,0,0,0,0.0,0,0,0.0,0,0,0.0,7,6,1,0,0,0,0,0,0,0,0,0,0,7,2017-18,Regular Season,Round 16,2018-01-04,fc barcelona lassa-cska moscow,85-72,0,123,http://www.euroleague.net/main/results/showgame?gamecode=123&seasoncode=E2017,,euroleague,0.0,2018-01-04||fc barcelona lassa-cska moscow,team,team||euroleague
0,0,Team,0,0,0,0,0.0,0,0,0.0,0,0,0.0,4,3,1,0,0,0,0,0,0,0,0,0,0,4,2017-18,Regular Season,Round 16,2018-01-04,fc barcelona lassa-cska moscow,85-72,CSKA,123,http://www.euroleague.net/main/results/showgame?gamecode=123&seasoncode=E2017,,euroleague,0.0,2018-01-04||fc barcelona lassa-cska moscow,team,team||euroleague
0,0,Team,0,0,0,0,0.0,0,0,0.0,0,0,0.0,4,0,4,0,0,1,0,0,0,0,0,0,0,3,2017-18,Regular Season,Round 16,2018-01-05,brose bamberg-khimki moscow region,70-74,0,124,http://www.euroleague.net/main/results/showgame?gamecode=124&seasoncode=E2017,,euroleague,0.0,2018-01-05||brose bamberg-khimki moscow region,team,team||euroleague
0,0,Team,0,0,0,0,0.0,0,0,0.0,0,0,0.0,3,1,2,0,0,0,0,0,0,0,0,0,0,3,2017-18,Regular Season,Round 16,2018-01-05,brose bamberg-khimki moscow region,70-74,Khimki,124,http://www.euroleague.net/main/results/showgame?gamecode=124&seasoncode=E2017,,euroleague,0.0,2018-01-05||brose bamberg-khimki moscow region,team,team||euroleague
0,0,Team,0,0,0,0,0.0,0,0,0.0,0,0,0.0,1,1,0,0,0,1,0,0,0,0,0,0,0,0,2017-18,Regular Season,Round 16,2018-01-05,crvena zvezda mts belgrade-zalgiris kaunas,77-65,0,125,http://www.euroleague.net/main/results/showgame?gamecode=125&seasoncode=E2017,,euroleague,0.0,2018-01-05||crvena zvezda mts belgrade-zalgiris kaunas,team,team||euroleague
0,0,Team,0,0,0,0,0.0,0,0,0.0,0,0,0.0,5,3,2,0,0,1,0,0,0,0,0,0,0,4,2017-18,Regular Season,Round 16,2018-01-05,crvena zvezda mts belgrade-zalgiris kaunas,77-65,Zalgiris,125,http://www.euroleague.net/main/results/showgame?gamecode=125&seasoncode=E2017,,euroleague,0.0,2018-01-05||crvena zvezda mts belgrade-zalgiris kaunas,team,team||euroleague
0,0,Team,0,0,0,0,0.0,0,0,0.0,0,0,0.0,2,2,0,0,0,2,0,0,0,0,0,0,0,0,2017-18,Regular Season,Round 16,2018-01-05,fenerbahce dogus istanbul-baskonia vitoria gasteiz,79-74,0,126,http://www.euroleague.net/main/results/showgame?gamecode=126&seasoncode=E2017,,euroleague,0.0,2018-01-05||fenerbahce dogus istanbul-baskonia vitoria gasteiz,team,team||euroleague
0,0,Team,0,0,0,0,0.0,0,0,0.0,0,0,0.0,3,1,2,0,0,3,0,0,0,0,0,0,0,0,2017-18,Regular Season,Round 16,2018-01-05,fenerbahce dogus istanbul-baskonia vitoria gasteiz,79-74,Baskonia,126,http://www.euroleague.net/main/results/showgame?gamecode=126&seasoncode=E2017,,euroleague,0.0,2018-01-05||fenerbahce dogus istanbul-baskonia vitoria gasteiz,team,team||euroleague
0,0,Team,0,0,0,0,0.0,0,0,0.0,0,0,0.0,6,3,3,0,0,0,0,0,0,0,0,0,0,6,2017-18,Regular Season,Round 16,2018-01-05,olympiacos piraeus-ax armani exchange olimpia milan,87-80,0,127,http://www.euroleague.net/main/results/showgame?gamecode=127&seasoncode=E2017,,euroleague,0.0,2018-01-05||olympiacos piraeus-ax armani exchange olimpia milan,team,team||euroleague
0,0,Team,0,0,0,0,0.0,0,0,0.0,0,0,0.0,6,5,1,0,0,0,0,0,0,0,0,0,0,6,2017-18,Regular Season,Round 16,2018-01-05,olympiacos piraeus-ax armani exchange olimpia milan,87-80,Milan,127,http://www.euroleague.net/main/results/showgame?gamecode=127&seasoncode=E2017,,euroleague,0.0,2018-01-05||olympiacos piraeus-ax armani exchange olimpia milan,team,team||euroleague
0,0,Team,0,0,0,0,0.0,0,0,0.0,0,0,0.0,3,3,0,0,0,0,0,0,0,0,0,0,0,3,2017-18,Regular Season,Round 16,2018-01-05,real madrid-maccabi fox tel aviv,93-81,0,128,http://www.euroleague.net/main/results/showgame?gamecode=128&seasoncode=E2017,,euroleague,0.0,2018-01-05||real madrid-maccabi fox tel aviv,team,team||euroleague
0,0,Team,0,0,0,0,0.0,0,0,0.0,0,0,0.0,2,1,1,0,0,0,0,0,0,0,0,0,0,2,2017-18,Regular Season,Round 16,2018-01-05,real madrid-maccabi fox tel aviv,93-81,Maccabi,128,http://www.euroleague.net/main/results/showgame?gamecode=128&seasoncode=E2017,,euroleague,0.0,2018-01-05||real madrid-maccabi fox tel aviv,team,team||euroleague
0,0,Team,0,0,0,0,0.0,0,0,0.0,0,0,0.0,1,1,0,0,0,1,0,0,0,0,0,0,0,0,2017-18,Regular Season,Round 17,2018-01-12,anadolu efes istanbul-crvena zvezda mts belgrade,104-95,0,1,http://www.euroleague.net/main/results/showgame?gamecode=129&seasoncode=E2017,,euroleague,0.0,2018-01-12||anadolu efes istanbul-crvena zvezda mts belgrade,team,team||euroleague
0,0,Team,0,0,0,0,0.0,0,0,0.0,0,0,0.0,4,1,3,0,0,0,0,0,0,0,0,0,0,4,2017-18,Regular Season,Round 17,2018-01-12,anadolu efes istanbul-crvena zvezda mts belgrade,104-95,Crvena_Zvezda_Belgrade,1,http://www.euroleague.net/main/results/showgame?gamecode=129&seasoncode=E2017,,euroleague,0.0,2018-01-12||anadolu efes istanbul-crvena zvezda mts belgrade,team,team||euroleague
0,0,Team,0,0,0,0,0.0,0,0,0.0,0,0,0.0,5,2,3,0,0,1,0,0,0,0,0,0,0,4,2017-18,Regular Season,Round 17,2018-01-11,ax armani exchange olimpia milan-cska moscow,81-107,0,2,http://www.euroleague.net/main/results/showgame?gamecode=130&seasoncode=E2017,,euroleague,0.0,2018-01-11||ax armani exchange olimpia milan-cska moscow,team,team||euroleague
0,0,Team,0,0,0,0,0.0,0,0,0.0,0,0,0.0,2,0,2,0,0,2,0,0,0,0,0,0,0,0,2017-18,Regular Season,Round 17,2018-01-11,ax armani exchange olimpia milan-cska moscow,81-107,CSKA,2,http://www.euroleague.net/main/results/showgame?gamecode=130&seasoncode=E2017,,euroleague,0.0,2018-01-11||ax armani exchange olimpia milan-cska moscow,team,team||euroleague
0,0,Team,0,0,0,0,0.0,0,0,0.0,0,0,0.0,4,2,2,0,0,0,0,0,0,0,0,0,0,4,2017-18,Regular Season,Round 17,2018-01-11,maccabi fox tel aviv-brose bamberg,90-88,0,3,http://www.euroleague.net/main/results/showgame?gamecode=131&seasoncode=E2017,,euroleague,0.0,2018-01-11||maccabi fox tel aviv-brose bamberg,team,team||euroleague
0,0,Team,0,0,0,0,0.0,0,0,0.0,0,0,0.0,1,0,1,0,0,0,0,0,0,0,0,0,0,1,2017-18,Regular Season,Round 17,2018-01-11,maccabi fox tel aviv-brose bamberg,90-88,Bamberg,3,http://www.euroleague.net/main/results/showgame?gamecode=131&seasoncode=E2017,,euroleague,0.0,2018-01-11||maccabi fox tel aviv-brose bamberg,team,team||euroleague
0,0,Team,0,0,0,0,0.0,0,0,0.0,0,0,0.0,3,2,1,0,0,2,0,0,0,0,0,0,0,1,2017-18,Regular Season,Round 17,2018-01-11,panathinaikos superfoods athens-fc barcelona lassa,84-75,0,4,http://www.euroleague.net/main/results/showgame?gamecode=132&seasoncode=E2017,,euroleague,0.0,2018-01-11||panathinaikos superfoods athens-fc barcelona lassa,team,team||euroleague
0,0,Team,0,0,0,0,0.0,0,0,0.0,0,0,0.0,4,2,2,0,0,3,0,0,0,0,0,0,0,1,2017-18,Regular Season,Round 17,2018-01-11,panathinaikos superfoods athens-fc barcelona lassa,84-75,FC_Barcelona,4,http://www.euroleague.net/main/results/showgame?gamecode=132&seasoncode=E2017,,euroleague,0.0,2018-01-11||panathinaikos superfoods athens-fc barcelona lassa,team,team||euroleague
0,0,Team,0,0,0,0,0.0,0,0,0.0,0,0,0.0,4,1,3,0,0,0,0,0,0,0,0,0,0,4,2017-18,Regular Season,Round 17,2018-01-11,valencia basket-fenerbahce dogus istanbul,67-80,0,5,http://www.euroleague.net/main/results/showgame?gamecode=133&seasoncode=E2017,,euroleague,0.0,2018-01-11||valencia basket-fenerbahce dogus istanbul,team,team||euroleague
0,0,Team,0,0,0,0,0.0,0,0,0.0,0,0,0.0,1,1,0,0,0,0,0,0,0,0,0,0,0,1,2017-18,Regular Season,Round 17,2018-01-11,valencia basket-fenerbahce dogus istanbul,67-80,Fenerbahce,5,http://www.euroleague.net/main/results/showgame?gamecode=133&seasoncode=E2017,,euroleague,0.0,2018-01-11||valencia basket-fenerbahce dogus istanbul,team,team||euroleague
0,0,Team,0,0,0,0,0.0,0,0,0.0,0,0,0.0,2,1,1,0,0,0,0,0,0,0,0,0,0,2,2017-18,Regular Season,Round 17,2018-01-12,khimki moscow region-real madrid,78-95,0,6,http://www.euroleague.net/main/results/showgame?gamecode=134&seasoncode=E2017,,euroleague,0.0,2018-01-12||khimki moscow region-real madrid,team,team||euroleague
0,0,Team,0,0,0,0,0.0,0,0,0.0,0,0,0.0,2,1,1,0,0,0,0,0,0,0,0,0,0,2,2017-18,Regular Season,Round 17,2018-01-12,khimki moscow region-real madrid,78-95,Real_Madrid,6,http://www.euroleague.net/main/results/showgame?gamecode=134&seasoncode=E2017,,euroleague,0.0,2018-01-12||khimki moscow region-real madrid,team,team||euroleague
0,0,Team,0,0,0,0,0.0,0,0,0.0,0,0,0.0,3,1,2,0,0,0,0,0,0,0,0,0,0,3,2017-18,Regular Season,Round 17,2018-01-12,baskonia vitoria gasteiz-olympiacos piraeus,86-54,0,7,http://www.euroleague.net/main/results/showgame?gamecode=135&seasoncode=E2017,,euroleague,0.0,2018-01-12||baskonia vitoria gasteiz-olympiacos piraeus,team,team||euroleague
0,0,Team,0,0,0,0,0.0,0,0,0.0,0,0,0.0,3,1,2,0,0,1,0,0,0,0,0,0,0,2,2017-18,Regular Season,Round 17,2018-01-12,baskonia vitoria gasteiz-olympiacos piraeus,86-54,Olympiakos,7,http://www.euroleague.net/main/results/showgame?gamecode=135&seasoncode=E2017,,euroleague,0.0,2018-01-12||baskonia vitoria gasteiz-olympiacos piraeus,team,team||euroleague
0,0,Team,0,0,0,0,0.0,0,0,0.0,0,0,0.0,5,2,3,0,0,0,0,0,0,0,0,0,0,5,2017-18,Regular Season,Round 17,2018-01-12,zalgiris kaunas-unicaja malaga,79-77,0,8,http://www.euroleague.net/main/results/showgame?gamecode=136&seasoncode=E2017,,euroleague,0.0,2018-01-12||zalgiris kaunas-unicaja malaga,team,team||euroleague
0,0,Team,0,0,0,0,0.0,0,0,0.0,0,0,0.0,4,2,2,0,0,0,0,0,0,0,0,0,0,4,2017-18,Regular Season,Round 17,2018-01-12,zalgiris kaunas-unicaja malaga,79-77,Unicaja,8,http://www.euroleague.net/main/results/showgame?gamecode=136&seasoncode=E2017,,euroleague,0.0,2018-01-12||zalgiris kaunas-unicaja malaga,team,team||euroleague
0,0,Team,0,0,0,0,0.0,0,0,0.0,0,0,0.0,3,0,3,0,0,2,0,0,0,0,0,0,0,1,2017-18,Regular Season,Round 18,2018-01-16,brose bamberg-zalgiris kaunas,93-86,0,9,http://www.euroleague.net/main/results/showgame?gamecode=137&seasoncode=E2017,,euroleague,0.0,2018-01-16||brose bamberg-zalgiris kaunas,team,team||euroleague
0,0,Team,0,0,0,0,0.0,0,0,0.0,0,0,0.0,1,0,1,0,0,1,0,0,0,0,0,0,0,0,2017-18,Regular Season,Round 18,2018-01-16,brose bamberg-zalgiris kaunas,93-86,Zalgiris,9,http://www.euroleague.net/main/results/showgame?gamecode=137&seasoncode=E2017,,euroleague,0.0,2018-01-16||brose bamberg-zalgiris kaunas,team,team||euroleague
0,0,Team,0,0,0,0,0.0,0,0,0.0,0,0,0.0,4,3,1,0,0,1,0,0,0,0,0,0,0,3,2017-18,Regular Season,Round 18,2018-01-16,crvena zvezda mts belgrade-khimki moscow region,70-79,0,10,http://www.euroleague.net/main/results/showgame?gamecode=138&seasoncode=E2017,,euroleague,0.0,2018-01-16||crvena zvezda mts belgrade-khimki moscow region,team,team||euroleague
0,0,Team,0,0,0,0,0.0,0,0,0.0,0,0,0.0,5,3,2,0,0,1,0,0,0,0,0,0,0,4,2017-18,Regular Season,Round 18,2018-01-16,crvena zvezda mts belgrade-khimki moscow region,70-79,Khimki,10,http://www.euroleague.net/main/results/showgame?gamecode=138&seasoncode=E2017,,euroleague,0.0,2018-01-16||crvena zvezda mts belgrade-khimki moscow region,team,team||euroleague
0,0,Team,0,0,0,0,0.0,0,0,0.0,0,0,0.0,3,2,1,0,0,1,0,0,0,0,0,0,0,2,2017-18,Regular Season,Round 18,2018-01-16,olympiacos piraeus-maccabi fox tel aviv,94-64,0,11,http://www.euroleague.net/main/results/showgame?gamecode=139&seasoncode=E2017,,euroleague,0.0,2018-01-16||olympiacos piraeus-maccabi fox tel aviv,team,team||euroleague
0,0,Team,0,0,0,0,0.0,0,0,0.0,0,0,0.0,4,2,2,0,0,0,0,0,0,0,0,0,0,4,2017-18,Regular Season,Round 18,2018-01-16,olympiacos piraeus-maccabi fox tel aviv,94-64,Maccabi,11,http://www.euroleague.net/main/results/showgame?gamecode=139&seasoncode=E2017,,euroleague,0.0,2018-01-16||olympiacos piraeus-maccabi fox tel aviv,team,team||euroleague
0,0,Team,0,0,0,0,0.0,0,0,0.0,0,0,0.0,4,1,3,0,0,1,0,0,0,0,0,0,0,3,2017-18,Regular Season,Round 18,2018-01-16,valencia basket-fc barcelona lassa,81-76,0,12,http://www.euroleague.net/main/results/showgame?gamecode=140&seasoncode=E2017,,euroleague,0.0,2018-01-16||valencia basket-fc barcelona lassa,team,team||euroleague
0,0,Team,0,0,0,0,0.0,0,0,0.0,0,0,0.0,0,0,0,0,0,0,0,0,0,0,0,0,0,0,2017-18,Regular Season,Round 18,2018-01-16,valencia basket-fc barcelona lassa,81-76,FC_Barcelona,12,http://www.euroleague.net/main/results/showgame?gamecode=140&seasoncode=E2017,,euroleague,0.0,2018-01-16||valencia basket-fc barcelona lassa,team,team||euroleague
0,0,Team,0,0,0,0,0.0,0,0,0.0,0,0,0.0,1,1,0,0,0,0,0,0,0,0,0,0,0,1,2017-18,Regular Season,Round 18,2018-01-17,cska moscow-anadolu efes istanbul,110-79,0,13,http://www.euroleague.net/main/results/showgame?gamecode=141&seasoncode=E2017,,euroleague,0.0,2018-01-17||cska moscow-anadolu efes istanbul,team,team||euroleague
0,0,Team,0,0,0,0,0.0,0,0,0.0,0,0,0.0,3,1,2,0,0,0,0,0,0,0,0,0,0,3,2017-18,Regular Season,Round 18,2018-01-17,cska moscow-anadolu efes istanbul,110-79,Efes_Pilsen,13,http://www.euroleague.net/main/results/showgame?gamecode=141&seasoncode=E2017,,euroleague,0.0,2018-01-17||cska moscow-anadolu efes istanbul,team,team||euroleague
0,0,Team,0,0,0,0,0.0,0,0,0.0,0,0,0.0,1,1,0,0,0,1,0,0,0,0,0,0,0,0,2017-18,Regular Season,Round 18,2018-01-17,ax armani exchange olimpia milan-unicaja malaga,101-87,0,14,http://www.euroleague.net/main/results/showgame?gamecode=142&seasoncode=E2017,,euroleague,0.0,2018-01-17||ax armani exchange olimpia milan-unicaja malaga,team,team||euroleague
0,0,Team,0,0,0,0,0.0,0,0,0.0,0,0,0.0,2,1,1,0,0,1,0,0,0,0,0,0,0,1,2017-18,Regular Season,Round 18,2018-01-17,ax armani exchange olimpia milan-unicaja malaga,101-87,Unicaja,14,http://www.euroleague.net/main/results/showgame?gamecode=142&seasoncode=E2017,,euroleague,0.0,2018-01-17||ax armani exchange olimpia milan-unicaja malaga,team,team||euroleague
0,0,Team,0,0,0,0,0.0,0,0,0.0,0,0,0.0,5,3,2,0,0,2,0,0,0,0,0,0,0,3,2017-18,Regular Season,Round 18,2018-01-17,fenerbahce dogus istanbul-panathinaikos superfoods athens,67-62,0,15,http://www.euroleague.net/main/results/showgame?gamecode=143&seasoncode=E2017,,euroleague,0.0,2018-01-17||fenerbahce dogus istanbul-panathinaikos superfoods athens,team,team||euroleague
0,0,Team,0,0,0,0,0.0,0,0,0.0,0,0,0.0,1,0,1,0,0,4,0,0,0,0,0,0,0,-3,2017-18,Regular Season,Round 18,2018-01-17,fenerbahce dogus istanbul-panathinaikos superfoods athens,67-62,Panathinaikos,15,http://www.euroleague.net/main/results/showgame?gamecode=143&seasoncode=E2017,,euroleague,0.0,2018-01-17||fenerbahce dogus istanbul-panathinaikos superfoods athens,team,team||euroleague
0,0,Team,0,0,0,0,0.0,0,0,0.0,0,0,0.0,1,1,0,0,0,0,0,0,0,0,0,0,0,1,2017-18,Regular Season,Round 18,2018-01-17,real madrid-baskonia vitoria gasteiz,75-73,0,16,http://www.euroleague.net/main/results/showgame?gamecode=144&seasoncode=E2017,,euroleague,0.0,2018-01-17||real madrid-baskonia vitoria gasteiz,team,team||euroleague
0,0,Team,0,0,0,0,0.0,0,0,0.0,0,0,0.0,7,6,1,0,0,2,0,0,0,0,0,0,0,5,2017-18,Regular Season,Round 18,2018-01-17,real madrid-baskonia vitoria gasteiz,75-73,Baskonia,16,http://www.euroleague.net/main/results/showgame?gamecode=144&seasoncode=E2017,,euroleague,0.0,2018-01-17||real madrid-baskonia vitoria gasteiz,team,team||euroleague
0,0,Team,0,0,0,0,0.0,0,0,0.0,0,0,0.0,2,2,0,0,0,0,0,0,0,0,0,0,0,2,2017-18,Regular Season,Round 19,2018-01-18,fc barcelona lassa-brose bamberg,81-66,0,17,http://www.euroleague.net/main/results/showgame?gamecode=145&seasoncode=E2017,,euroleague,0.0,2018-01-18||fc barcelona lassa-brose bamberg,team,team||euroleague
0,0,Team,0,0,0,0,0.0,0,0,0.0,0,0,0.0,4,2,2,0,0,0,0,0,0,0,0,0,0,4,2017-18,Regular Season,Round 19,2018-01-18,fc barcelona lassa-brose bamberg,81-66,Bamberg,17,http://www.euroleague.net/main/results/showgame?gamecode=145&seasoncode=E2017,,euroleague,0.0,2018-01-18||fc barcelona lassa-brose bamberg,team,team||euroleague
0,0,Team,0,0,0,0,0.0,0,0,0.0,0,0,0.0,1,0,1,0,0,0,0,0,0,0,0,0,0,1,2017-18,Regular Season,Round 19,2018-01-18,khimki moscow region-olympiacos piraeus,82-54,0,18,http://www.euroleague.net/main/results/showgame?gamecode=146&seasoncode=E2017,,euroleague,0.0,2018-01-18||khimki moscow region-olympiacos piraeus,team,team||euroleague
0,0,Team,0,0,0,0,0.0,0,0,0.0,0,0,0.0,4,2,2,0,0,1,0,0,0,0,0,0,0,3,2017-18,Regular Season,Round 19,2018-01-18,khimki moscow region-olympiacos piraeus,82-54,Olympiakos,18,http://www.euroleague.net/main/results/showgame?gamecode=146&seasoncode=E2017,,euroleague,0.0,2018-01-18||khimki moscow region-olympiacos piraeus,team,team||euroleague
0,0,Team,0,0,0,0,0.0,0,0,0.0,0,0,0.0,6,2,4,0,0,0,0,0,0,0,0,0,0,6,2017-18,Regular Season,Round 19,2018-01-18,maccabi fox tel aviv-crvena zvezda mts belgrade,89-75,0,19,http://www.euroleague.net/main/results/showgame?gamecode=147&seasoncode=E2017,,euroleague,0.0,2018-01-18||maccabi fox tel aviv-crvena zvezda mts belgrade,team,team||euroleague
0,0,Team,0,0,0,0,0.0,0,0,0.0,0,0,0.0,6,1,5,0,0,1,0,0,0,0,0,0,0,5,2017-18,Regular Season,Round 19,2018-01-18,maccabi fox tel aviv-crvena zvezda mts belgrade,89-75,Crvena_Zvezda_Belgrade,19,http://www.euroleague.net/main/results/showgame?gamecode=147&seasoncode=E2017,,euroleague,0.0,2018-01-18||maccabi fox tel aviv-crvena zvezda mts belgrade,team,team||euroleague
0,0,Team,0,0,0,0,0.0,0,0,0.0,0,0,0.0,6,2,4,0,0,0,0,0,0,0,0,0,0,6,2017-18,Regular Season,Round 19,2018-01-18,zalgiris kaunas-valencia basket,86-82,0,20,http://www.euroleague.net/main/results/showgame?gamecode=148&seasoncode=E2017,,euroleague,0.0,2018-01-18||zalgiris kaunas-valencia basket,team,team||euroleague
0,0,Team,0,0,0,0,0.0,0,0,0.0,0,0,0.0,6,5,1,0,0,0,0,0,0,0,0,0,0,6,2017-18,Regular Season,Round 19,2018-01-18,zalgiris kaunas-valencia basket,86-82,Valencia,20,http://www.euroleague.net/main/results/showgame?gamecode=148&seasoncode=E2017,,euroleague,0.0,2018-01-18||zalgiris kaunas-valencia basket,team,team||euroleague
0,0,Team,0,0,0,0,0.0,0,0,0.0,0,0,0.0,3,2,1,0,0,0,0,0,0,0,0,0,0,3,2017-18,Regular Season,Round 19,2018-01-19,anadolu efes istanbul-fenerbahce dogus istanbul,84-89,0,21,http://www.euroleague.net/main/results/showgame?gamecode=149&seasoncode=E2017,,euroleague,0.0,2018-01-19||anadolu efes istanbul-fenerbahce dogus istanbul,team,team||euroleague
0,0,Team,0,0,0,0,0.0,0,0,0.0,0,0,0.0,0,0,0,0,0,0,0,0,0,0,0,0,0,0,2017-18,Regular Season,Round 19,2018-01-19,anadolu efes istanbul-fenerbahce dogus istanbul,84-89,Fenerbahce,21,http://www.euroleague.net/main/results/showgame?gamecode=149&seasoncode=E2017,,euroleague,0.0,2018-01-19||anadolu efes istanbul-fenerbahce dogus istanbul,team,team||euroleague
0,0,Team,0,0,0,0,0.0,0,0,0.0,0,0,0.0,3,2,1,0,0,0,0,0,0,0,0,0,0,3,2017-18,Regular Season,Round 19,2018-01-19,baskonia vitoria gasteiz-ax armani exchange olimpia milan,82-83,0,22,http://www.euroleague.net/main/results/showgame?gamecode=150&seasoncode=E2017,,euroleague,0.0,2018-01-19||baskonia vitoria gasteiz-ax armani exchange olimpia milan,team,team||euroleague
0,0,Team,0,0,0,0,0.0,0,0,0.0,0,0,0.0,1,1,0,0,0,0,0,0,0,0,0,0,0,1,2017-18,Regular Season,Round 19,2018-01-19,baskonia vitoria gasteiz-ax armani exchange olimpia milan,82-83,Milan,22,http://www.euroleague.net/main/results/showgame?gamecode=150&seasoncode=E2017,,euroleague,0.0,2018-01-19||baskonia vitoria gasteiz-ax armani exchange olimpia milan,team,team||euroleague
0,0,Team,0,0,0,0,0.0,0,0,0.0,0,0,0.0,2,1,1,0,0,0,0,0,0,0,0,0,0,2,2017-18,Regular Season,Round 19,2018-01-19,panathinaikos superfoods athens-cska moscow,70-75,0,23,http://www.euroleague.net/main/results/showgame?gamecode=151&seasoncode=E2017,,euroleague,0.0,2018-01-19||panathinaikos superfoods athens-cska moscow,team,team||euroleague
0,0,Team,0,0,0,0,0.0,0,0,0.0,0,0,0.0,8,5,3,0,0,1,0,0,0,0,0,0,0,7,2017-18,Regular Season,Round 19,2018-01-19,panathinaikos superfoods athens-cska moscow,70-75,CSKA,23,http://www.euroleague.net/main/results/showgame?gamecode=151&seasoncode=E2017,,euroleague,0.0,2018-01-19||panathinaikos superfoods athens-cska moscow,team,team||euroleague
0,0,Team,0,0,0,0,0.0,0,0,0.0,0,0,0.0,4,4,0,0,0,0,0,0,0,0,0,0,0,4,2017-18,Regular Season,Round 19,2018-01-19,unicaja malaga-real madrid,80-75,0,24,http://www.euroleague.net/main/results/showgame?gamecode=152&seasoncode=E2017,,euroleague,0.0,2018-01-19||unicaja malaga-real madrid,team,team||euroleague
0,0,Team,0,0,0,0,0.0,0,0,0.0,0,0,0.0,3,2,1,0,0,0,0,0,0,0,0,0,0,3,2017-18,Regular Season,Round 19,2018-01-19,unicaja malaga-real madrid,80-75,Real_Madrid,24,http://www.euroleague.net/main/results/showgame?gamecode=152&seasoncode=E2017,,euroleague,0.0,2018-01-19||unicaja malaga-real madrid,team,team||euroleague
0,0,Team,0,0,0,0,0.0,0,0,0.0,0,0,0.0,4,2,2,0,0,0,0,0,0,0,0,0,0,4,2017-18,Regular Season,Round 1,2017-10-11,cedevita zagreb-fiat turin,83-86,0,1,http://www.eurocupbasketball.com/eurocup/games/results/showgame?gamecode=1&seasoncode=U2017,,eurocup,0.0,2017-10-11||cedevita zagreb-fiat turin,team,team||eurocup
0,0,Team,0,0,0,0,0.0,0,0,0.0,0,0,0.0,5,4,1,0,0,0,0,0,0,0,0,0,0,5,2017-18,Regular Season,Round 1,2017-10-11,cedevita zagreb-fiat turin,83-86,Turin,1,http://www.eurocupbasketball.com/eurocup/games/results/showgame?gamecode=1&seasoncode=U2017,,eurocup,0.0,2017-10-11||cedevita zagreb-fiat turin,team,team||eurocup
0,0,Team,0,0,0,0,0.0,0,0,0.0,0,0,0.0,2,1,1,0,0,0,0,0,0,0,0,0,0,2,2017-18,Regular Season,Round 1,2017-10-11,morabanc andorra-unics kazan,68-76,0,2,http://www.eurocupbasketball.com/eurocup/games/results/showgame?gamecode=2&seasoncode=U2017,,eurocup,0.0,2017-10-11||morabanc andorra-unics kazan,team,team||eurocup
0,0,Team,0,0,0,0,0.0,0,0,0.0,0,0,0.0,1,0,1,0,0,0,0,0,0,0,0,0,0,1,2017-18,Regular Season,Round 1,2017-10-11,morabanc andorra-unics kazan,68-76,Unics_Kazan,2,http://www.eurocupbasketball.com/eurocup/games/results/showgame?gamecode=2&seasoncode=U2017,,eurocup,0.0,2017-10-11||morabanc andorra-unics kazan,team,team||eurocup
0,0,Team,0,0,0,0,0.0,0,0,0.0,0,0,0.0,0,0,0,0,0,0,0,0,0,0,0,0,0,0,2017-18,Regular Season,Round 1,2017-10-11,levallois metropolitans-darussafaka istanbul,64-69,0,3,http://www.eurocupbasketball.com/eurocup/games/results/showgame?gamecode=3&seasoncode=U2017,,eurocup,0.0,2017-10-11||levallois metropolitans-darussafaka istanbul,team,team||eurocup
0,0,Team,0,0,0,0,0.0,0,0,0.0,0,0,0.0,2,2,0,0,0,1,0,0,0,0,0,0,0,1,2017-18,Regular Season,Round 1,2017-10-11,levallois metropolitans-darussafaka istanbul,64-69,Darussafaka,3,http://www.eurocupbasketball.com/eurocup/games/results/showgame?gamecode=3&seasoncode=U2017,,eurocup,0.0,2017-10-11||levallois metropolitans-darussafaka istanbul,team,team||eurocup
0,0,Team,0,0,0,0,0.0,0,0,0.0,0,0,0.0,4,2,2,0,0,0,0,0,0,0,0,0,0,4,2017-18,Regular Season,Round 1,2017-10-11,buducnost voli podgorica-grissin bon reggio emilia,82-74,0,4,http://www.eurocupbasketball.com/eurocup/games/results/showgame?gamecode=4&seasoncode=U2017,,eurocup,0.0,2017-10-11||buducnost voli podgorica-grissin bon reggio emilia,team,team||eurocup
0,0,Team,0,0,0,0,0.0,0,0,0.0,0,0,0.0,4,2,2,0,0,0,0,0,0,0,0,0,0,4,2017-18,Regular Season,Round 1,2017-10-11,buducnost voli podgorica-grissin bon reggio emilia,82-74,Reggio_Emilia,4,http://www.eurocupbasketball.com/eurocup/games/results/showgame?gamecode=4&seasoncode=U2017,,eurocup,0.0,2017-10-11||buducnost voli podgorica-grissin bon reggio emilia,team,team||eurocup
0,0,Team,0,0,0,0,0.0,0,0,0.0,0,0,0.0,3,2,1,0,0,0,0,0,0,0,0,0,0,3,2017-18,Regular Season,Round 1,2017-10-11,galatasaray odeabank istanbul-fc bayern munich,69-86,0,5,http://www.eurocupbasketball.com/eurocup/games/results/showgame?gamecode=5&seasoncode=U2017,,eurocup,0.0,2017-10-11||galatasaray odeabank istanbul-fc bayern munich,team,team||eurocup
0,0,Team,0,0,0,0,0.0,0,0,0.0,0,0,0.0,2,1,1,0,0,0,0,0,0,0,0,0,0,2,2017-18,Regular Season,Round 1,2017-10-11,galatasaray odeabank istanbul-fc bayern munich,69-86,Bayern_Munich,5,http://www.eurocupbasketball.com/eurocup/games/results/showgame?gamecode=5&seasoncode=U2017,,eurocup,0.0,2017-10-11||galatasaray odeabank istanbul-fc bayern munich,team,team||eurocup
0,0,Team,0,0,0,0,0.0,0,0,0.0,0,0,0.0,2,0,2,0,0,0,0,0,0,0,0,0,0,2,2017-18,Regular Season,Round 1,2017-10-11,lietkabelis panevezys-hapoel bank yahav jerusalem,86-72,0,6,http://www.eurocupbasketball.com/eurocup/games/results/showgame?gamecode=6&seasoncode=U2017,,eurocup,0.0,2017-10-11||lietkabelis panevezys-hapoel bank yahav jerusalem,team,team||eurocup
0,0,Team,0,0,0,0,0.0,0,0,0.0,0,0,0.0,5,2,3,0,0,0,0,0,0,0,0,0,0,5,2017-18,Regular Season,Round 1,2017-10-11,lietkabelis panevezys-hapoel bank yahav jerusalem,86-72,Hapoel_Jerusalem,6,http://www.eurocupbasketball.com/eurocup/games/results/showgame?gamecode=6&seasoncode=U2017,,eurocup,0.0,2017-10-11||lietkabelis panevezys-hapoel bank yahav jerusalem,team,team||eurocup
0,0,Team,0,0,0,0,0.0,0,0,0.0,0,0,0.0,3,1,2,0,0,1,0,0,0,0,0,0,0,2,2017-18,Regular Season,Round 1,2017-10-11,limoges csp-lokomotiv kuban krasnodar,61-63,0,7,http://www.eurocupbasketball.com/eurocup/games/results/showgame?gamecode=7&seasoncode=U2017,,eurocup,0.0,2017-10-11||limoges csp-lokomotiv kuban krasnodar,team,team||eurocup
0,0,Team,0,0,0,0,0.0,0,0,0.0,0,0,0.0,2,2,0,0,0,2,0,0,0,0,0,0,0,0,2017-18,Regular Season,Round 1,2017-10-11,limoges csp-lokomotiv kuban krasnodar,61-63,Kuban,7,http://www.eurocupbasketball.com/eurocup/games/results/showgame?gamecode=7&seasoncode=U2017,,eurocup,0.0,2017-10-11||limoges csp-lokomotiv kuban krasnodar,team,team||eurocup
0,0,Team,0,0,0,0,0.0,0,0,0.0,0,0,0.0,3,3,0,0,0,0,0,0,0,0,0,0,0,3,2017-18,Regular Season,Round 1,2017-10-11,alba berlin-partizan nis belgrade,111-85,0,8,http://www.eurocupbasketball.com/eurocup/games/results/showgame?gamecode=8&seasoncode=U2017,,eurocup,0.0,2017-10-11||alba berlin-partizan nis belgrade,team,team||eurocup
0,0,Team,0,0,0,0,0.0,0,0,0.0,0,0,0.0,2,0,2,0,0,0,0,0,0,0,0,0,0,2,2017-18,Regular Season,Round 1,2017-10-11,alba berlin-partizan nis belgrade,111-85,Partizan,8,http://www.eurocupbasketball.com/eurocup/games/results/showgame?gamecode=8&seasoncode=U2017,,eurocup,0.0,2017-10-11||alba berlin-partizan nis belgrade,team,team||eurocup
0,0,Team,0,0,0,0,0.0,0,0,0.0,0,0,0.0,0,0,0,0,0,0,0,0,0,0,0,0,0,0,2017-18,Regular Season,Round 1,2017-10-11,lietuvos rytas vilnius-retabet bilbao basket,83-93,0,9,http://www.eurocupbasketball.com/eurocup/games/results/showgame?gamecode=9&seasoncode=U2017,,eurocup,0.0,2017-10-11||lietuvos rytas vilnius-retabet bilbao basket,team,team||eurocup
0,0,Team,0,0,0,0,0.0,0,0,0.0,0,0,0.0,2,0,2,0,0,0,0,0,0,0,0,0,0,2,2017-18,Regular Season,Round 1,2017-10-11,lietuvos rytas vilnius-retabet bilbao basket,83-93,Bilbao,9,http://www.eurocupbasketball.com/eurocup/games/results/showgame?gamecode=9&seasoncode=U2017,,eurocup,0.0,2017-10-11||lietuvos rytas vilnius-retabet bilbao basket,team,team||eurocup
0,0,Team,0,0,0,0,0.0,0,0,0.0,0,0,0.0,3,0,3,0,0,1,0,0,0,0,0,0,0,2,2017-18,Regular Season,Round 1,2017-10-10,ratiopharm ulm-tofas bursa,83-73,0,10,http://www.eurocupbasketball.com/eurocup/games/results/showgame?gamecode=10&seasoncode=U2017,,eurocup,0.0,2017-10-10||ratiopharm ulm-tofas bursa,team,team||eurocup
0,0,Team,0,0,0,0,0.0,0,0,0.0,0,0,0.0,4,1,3,0,0,1,0,0,0,0,0,0,0,3,2017-18,Regular Season,Round 1,2017-10-10,ratiopharm ulm-tofas bursa,83-73,Bursa,10,http://www.eurocupbasketball.com/eurocup/games/results/showgame?gamecode=10&seasoncode=U2017,,eurocup,0.0,2017-10-10||ratiopharm ulm-tofas bursa,team,team||eurocup
0,0,Team,0,0,0,0,0.0,0,0,0.0,0,0,0.0,2,0,2,0,0,0,0,0,0,0,0,0,0,2,2017-18,Regular Season,Round 1,2017-10-11,herbalife gran canaria-zenit st petersburg,97-87,0,11,http://www.eurocupbasketball.com/eurocup/games/results/showgame?gamecode=11&seasoncode=U2017,,eurocup,0.0,2017-10-11||herbalife gran canaria-zenit st petersburg,team,team||eurocup
0,0,Team,0,0,0,0,0.0,0,0,0.0,0,0,0.0,1,0,1,0,0,0,0,0,0,0,0,0,0,1,2017-18,Regular Season,Round 1,2017-10-11,herbalife gran canaria-zenit st petersburg,97-87,Zenit,11,http://www.eurocupbasketball.com/eurocup/games/results/showgame?gamecode=11&seasoncode=U2017,,eurocup,0.0,2017-10-11||herbalife gran canaria-zenit st petersburg,team,team||eurocup
0,0,Team,0,0,0,0,0.0,0,0,0.0,0,0,0.0,3,2,1,0,0,1,0,0,0,0,0,0,0,2,2017-18,Regular Season,Round 1,2017-10-11,dolomiti energia trento-asvel villeurbanne,85-75,0,12,http://www.eurocupbasketball.com/eurocup/games/results/showgame?gamecode=12&seasoncode=U2017,,eurocup,0.0,2017-10-11||dolomiti energia trento-asvel villeurbanne,team,team||eurocup
0,0,Team,0,0,0,0,0.0,0,0,0.0,0,0,0.0,3,2,1,0,0,1,0,0,0,0,0,0,0,2,2017-18,Regular Season,Round 1,2017-10-11,dolomiti energia trento-asvel villeurbanne,85-75,Asvel,12,http://www.eurocupbasketball.com/eurocup/games/results/showgame?gamecode=12&seasoncode=U2017,,eurocup,0.0,2017-10-11||dolomiti energia trento-asvel villeurbanne,team,team||eurocup
0,0,Team,0,0,0,0,0.0,0,0,0.0,0,0,0.0,5,2,3,0,0,0,0,0,0,0,0,0,0,5,2017-18,Regular Season,Round 2,2017-10-18,darussafaka istanbul-cedevita zagreb,85-83,0,13,http://www.eurocupbasketball.com/eurocup/games/results/showgame?gamecode=13&seasoncode=U2017,,eurocup,0.0,2017-10-18||darussafaka istanbul-cedevita zagreb,team,team||eurocup
0,0,Team,0,0,0,0,0.0,0,0,0.0,0,0,0.0,5,1,4,0,0,1,0,0,0,0,0,0,0,4,2017-18,Regular Season,Round 2,2017-10-18,darussafaka istanbul-cedevita zagreb,85-83,Cedevita,13,http://www.eurocupbasketball.com/eurocup/games/results/showgame?gamecode=13&seasoncode=U2017,,eurocup,0.0,2017-10-18||darussafaka istanbul-cedevita zagreb,team,team||eurocup
0,0,Team,0,0,0,0,0.0,0,0,0.0,0,0,0.0,5,3,2,0,0,0,0,0,0,0,0,0,0,5,2017-18,Regular Season,Round 2,2017-10-18,unics kazan-levallois metropolitans,76-68,0,14,http://www.eurocupbasketball.com/eurocup/games/results/showgame?gamecode=14&seasoncode=U2017,,eurocup,0.0,2017-10-18||unics kazan-levallois metropolitans,team,team||eurocup
0,0,Team,0,0,0,0,0.0,0,0,0.0,0,0,0.0,3,3,0,0,0,0,0,0,0,0,0,0,0,3,2017-18,Regular Season,Round 2,2017-10-18,unics kazan-levallois metropolitans,76-68,Paris,14,http://www.eurocupbasketball.com/eurocup/games/results/showgame?gamecode=14&seasoncode=U2017,,eurocup,0.0,2017-10-18||unics kazan-levallois metropolitans,team,team||eurocup
0,0,Team,0,0,0,0,0.0,0,0,0.0,0,0,0.0,0,0,0,0,0,0,0,0,0,0,0,0,0,0,2017-18,Regular Season,Round 2,2017-10-17,fiat turin-morabanc andorra,92-86,0,15,http://www.eurocupbasketball.com/eurocup/games/results/showgame?gamecode=15&seasoncode=U2017,,eurocup,0.0,2017-10-17||fiat turin-morabanc andorra,team,team||eurocup
0,0,Team,0,0,0,0,0.0,0,0,0.0,0,0,0.0,0,0,0,0,0,0,0,0,0,0,0,0,0,0,2017-18,Regular Season,Round 2,2017-10-17,fiat turin-morabanc andorra,92-86,Andorra,15,http://www.eurocupbasketball.com/eurocup/games/results/showgame?gamecode=15&seasoncode=U2017,,eurocup,0.0,2017-10-17||fiat turin-morabanc andorra,team,team||eurocup
0,0,Team,0,0,0,0,0.0,0,0,0.0,0,0,0.0,2,0,2,0,0,0,0,0,0,0,0,0,0,2,2017-18,Regular Season,Round 2,2017-10-17,hapoel bank yahav jerusalem-buducnost voli podgorica,81-86,0,16,http://www.eurocupbasketball.com/eurocup/games/results/showgame?gamecode=16&seasoncode=U2017,,eurocup,0.0,2017-10-17||hapoel bank yahav jerusalem-buducnost voli podgorica,team,team||eurocup
0,0,Team,0,0,0,0,0.0,0,0,0.0,0,0,0.0,3,2,1,0,0,1,0,0,0,0,0,0,0,2,2017-18,Regular Season,Round 2,2017-10-17,hapoel bank yahav jerusalem-buducnost voli podgorica,81-86,Buducnost,16,http://www.eurocupbasketball.com/eurocup/games/results/showgame?gamecode=16&seasoncode=U2017,,eurocup,0.0,2017-10-17||hapoel bank yahav jerusalem-buducnost voli podgorica,team,team||eurocup
0,0,Team,0,0,0,0,0.0,0,0,0.0,0,0,0.0,5,3,2,0,0,0,0,0,0,0,0,0,0,5,2017-18,Regular Season,Round 2,2017-10-18,fc bayern munich-lietkabelis panevezys,93-57,0,17,http://www.eurocupbasketball.com/eurocup/games/results/showgame?gamecode=17&seasoncode=U2017,,eurocup,0.0,2017-10-18||fc bayern munich-lietkabelis panevezys,team,team||eurocup
0,0,Team,0,0,0,0,0.0,0,0,0.0,0,0,0.0,2,1,1,0,0,1,0,0,0,0,0,0,0,1,2017-18,Regular Season,Round 2,2017-10-18,fc bayern munich-lietkabelis panevezys,93-57,Panevezys,17,http://www.eurocupbasketball.com/eurocup/games/results/showgame?gamecode=17&seasoncode=U2017,,eurocup,0.0,2017-10-18||fc bayern munich-lietkabelis panevezys,team,team||eurocup
0,0,Team,0,0,0,0,0.0,0,0,0.0,0,0,0.0,2,2,0,0,0,0,0,0,0,0,0,0,0,2,2017-18,Regular Season,Round 2,2017-10-18,grissin bon reggio emilia-galatasaray odeabank istanbul,74-71,0,18,http://www.eurocupbasketball.com/eurocup/games/results/showgame?gamecode=18&seasoncode=U2017,,eurocup,0.0,2017-10-18||grissin bon reggio emilia-galatasaray odeabank istanbul,team,team||eurocup
0,0,Team,0,0,0,0,0.0,0,0,0.0,0,0,0.0,3,3,0,0,0,2,0,0,0,0,0,0,0,1,2017-18,Regular Season,Round 2,2017-10-18,grissin bon reggio emilia-galatasaray odeabank istanbul,74-71,Galatasaray,18,http://www.eurocupbasketball.com/eurocup/games/results/showgame?gamecode=18&seasoncode=U2017,,eurocup,0.0,2017-10-18||grissin bon reggio emilia-galatasaray odeabank istanbul,team,team||eurocup
0,0,Team,0,0,0,0,0.0,0,0,0.0,0,0,0.0,3,1,2,0,0,0,0,0,0,0,0,0,0,3,2017-18,Regular Season,Round 2,2017-10-18,retabet bilbao basket-limoges csp,91-98,0,19,http://www.eurocupbasketball.com/eurocup/games/results/showgame?gamecode=19&seasoncode=U2017,,eurocup,0.0,2017-10-18||retabet bilbao basket-limoges csp,team,team||eurocup
0,0,Team,0,0,0,0,0.0,0,0,0.0,0,0,0.0,1,1,0,0,0,1,0,0,0,0,0,0,0,0,2017-18,Regular Season,Round 2,2017-10-18,retabet bilbao basket-limoges csp,91-98,Limoges,19,http://www.eurocupbasketball.com/eurocup/games/results/showgame?gamecode=19&seasoncode=U2017,,eurocup,0.0,2017-10-18||retabet bilbao basket-limoges csp,team,team||eurocup
0,0,Team,0,0,0,0,0.0,0,0,0.0,0,0,0.0,6,3,3,0,0,2,0,0,0,0,0,0,0,4,2017-18,Regular Season,Round 2,2017-10-18,partizan nis belgrade-lietuvos rytas vilnius,80-91,0,20,http://www.eurocupbasketball.com/eurocup/games/results/showgame?gamecode=20&seasoncode=U2017,,eurocup,0.0,2017-10-18||partizan nis belgrade-lietuvos rytas vilnius,team,team||eurocup
0,0,Team,0,0,0,0,0.0,0,0,0.0,0,0,0.0,4,2,2,0,0,0,0,0,0,0,0,0,0,4,2017-18,Regular Season,Round 2,2017-10-18,partizan nis belgrade-lietuvos rytas vilnius,80-91,Lietuvos_Rytas,20,http://www.eurocupbasketball.com/eurocup/games/results/showgame?gamecode=20&seasoncode=U2017,,eurocup,0.0,2017-10-18||partizan nis belgrade-lietuvos rytas vilnius,team,team||eurocup
0,0,Team,0,0,0,0,0.0,0,0,0.0,0,0,0.0,4,4,0,0,0,0,0,0,0,0,0,0,0,4,2017-18,Regular Season,Round 2,2017-10-18,lokomotiv kuban krasnodar-alba berlin,75-59,0,21,http://www.eurocupbasketball.com/eurocup/games/results/showgame?gamecode=21&seasoncode=U2017,,eurocup,0.0,2017-10-18||lokomotiv kuban krasnodar-alba berlin,team,team||eurocup
0,0,Team,0,0,0,0,0.0,0,0,0.0,0,0,0.0,2,2,0,0,0,2,0,0,0,0,0,0,0,0,2017-18,Regular Season,Round 2,2017-10-18,lokomotiv kuban krasnodar-alba berlin,75-59,Alba_Berlin,21,http://www.eurocupbasketball.com/eurocup/games/results/showgame?gamecode=21&seasoncode=U2017,,eurocup,0.0,2017-10-18||lokomotiv kuban krasnodar-alba berlin,team,team||eurocup
0,0,Team,0,0,0,0,0.0,0,0,0.0,0,0,0.0,1,0,1,0,0,0,0,0,0,0,0,0,0,1,2017-18,Regular Season,Round 2,2017-10-17,asvel villeurbanne-ratiopharm ulm,108-77,0,22,http://www.eurocupbasketball.com/eurocup/games/results/showgame?gamecode=22&seasoncode=U2017,,eurocup,0.0,2017-10-17||asvel villeurbanne-ratiopharm ulm,team,team||eurocup
0,0,Team,0,0,0,0,0.0,0,0,0.0,0,0,0.0,2,2,0,0,0,2,0,0,0,0,0,0,0,0,2017-18,Regular Season,Round 2,2017-10-17,asvel villeurbanne-ratiopharm ulm,108-77,Ulm,22,http://www.eurocupbasketball.com/eurocup/games/results/showgame?gamecode=22&seasoncode=U2017,,eurocup,0.0,2017-10-17||asvel villeurbanne-ratiopharm ulm,team,team||eurocup
0,0,Team,0,0,0,0,0.0,0,0,0.0,0,0,0.0,5,4,1,0,0,1,0,0,0,0,0,0,0,4,2017-18,Regular Season,Round 2,2017-10-18,zenit st petersburg-dolomiti energia trento,81-70,0,23,http://www.eurocupbasketball.com/eurocup/games/results/showgame?gamecode=23&seasoncode=U2017,,eurocup,0.0,2017-10-18||zenit st petersburg-dolomiti energia trento,team,team||eurocup
0,0,Team,0,0,0,0,0.0,0,0,0.0,0,0,0.0,7,1,6,0,0,1,0,0,0,0,0,0,0,6,2017-18,Regular Season,Round 2,2017-10-18,zenit st petersburg-dolomiti energia trento,81-70,Trento,23,http://www.eurocupbasketball.com/eurocup/games/results/showgame?gamecode=23&seasoncode=U2017,,eurocup,0.0,2017-10-18||zenit st petersburg-dolomiti energia trento,team,team||eurocup
0,0,Team,0,0,0,0,0.0,0,0,0.0,0,0,0.0,3,2,1,0,0,0,0,0,0,0,0,0,0,3,2017-18,Regular Season,Round 2,2017-10-17,tofas bursa-herbalife gran canaria,98-94,0,24,http://www.eurocupbasketball.com/eurocup/games/results/showgame?gamecode=24&seasoncode=U2017,,eurocup,0.0,2017-10-17||tofas bursa-herbalife gran canaria,team,team||eurocup
0,0,Team,0,0,0,0,0.0,0,0,0.0,0,0,0.0,2,0,2,0,0,2,0,0,0,0,0,0,0,0,2017-18,Regular Season,Round 2,2017-10-17,tofas bursa-herbalife gran canaria,98-94,Gran_Canaria,24,http://www.eurocupbasketball.com/eurocup/games/results/showgame?gamecode=24&seasoncode=U2017,,eurocup,0.0,2017-10-17||tofas bursa-herbalife gran canaria,team,team||eurocup
0,0,Team,0,0,0,0,0.0,0,0,0.0,0,0,0.0,0,0,0,0,0,0,0,0,0,0,0,0,0,0,2017-18,Regular Season,Round 3,2017-10-25,cedevita zagreb-morabanc andorra,91-73,0,25,http://www.eurocupbasketball.com/eurocup/games/results/showgame?gamecode=25&seasoncode=U2017,,eurocup,0.0,2017-10-25||cedevita zagreb-morabanc andorra,team,team||eurocup
0,0,Team,0,0,0,0,0.0,0,0,0.0,0,0,0.0,3,2,1,0,0,0,0,0,0,0,0,0,0,3,2017-18,Regular Season,Round 3,2017-10-25,cedevita zagreb-morabanc andorra,91-73,Andorra,25,http://www.eurocupbasketball.com/eurocup/games/results/showgame?gamecode=25&seasoncode=U2017,,eurocup,0.0,2017-10-25||cedevita zagreb-morabanc andorra,team,team||eurocup
0,0,Team,0,0,0,0,0.0,0,0,0.0,0,0,0.0,4,2,2,0,0,0,0,0,0,0,0,0,0,4,2017-18,Regular Season,Round 3,2017-10-25,levallois metropolitans-fiat turin,73-79,0,26,http://www.eurocupbasketball.com/eurocup/games/results/showgame?gamecode=26&seasoncode=U2017,,eurocup,0.0,2017-10-25||levallois metropolitans-fiat turin,team,team||eurocup
0,0,Team,0,0,0,0,0.0,0,0,0.0,0,0,0.0,4,3,1,0,0,2,0,0,0,0,0,0,0,2,2017-18,Regular Season,Round 3,2017-10-25,levallois metropolitans-fiat turin,73-79,Turin,26,http://www.eurocupbasketball.com/eurocup/games/results/showgame?gamecode=26&seasoncode=U2017,,eurocup,0.0,2017-10-25||levallois metropolitans-fiat turin,team,team||eurocup
0,0,Team,0,0,0,0,0.0,0,0,0.0,0,0,0.0,4,2,2,0,0,1,0,0,0,0,0,0,0,3,2017-18,Regular Season,Round 3,2017-10-25,darussafaka istanbul-unics kazan,78-69,0,27,http://www.eurocupbasketball.com/eurocup/games/results/showgame?gamecode=27&seasoncode=U2017,,eurocup,0.0,2017-10-25||darussafaka istanbul-unics kazan,team,team||eurocup
0,0,Team,0,0,0,0,0.0,0,0,0.0,0,0,0.0,4,1,3,0,0,0,0,0,0,0,0,0,0,4,2017-18,Regular Season,Round 3,2017-10-25,darussafaka istanbul-unics kazan,78-69,Unics_Kazan,27,http://www.eurocupbasketball.com/eurocup/games/results/showgame?gamecode=27&seasoncode=U2017,,eurocup,0.0,2017-10-25||darussafaka istanbul-unics kazan,team,team||eurocup
0,0,Team,0,0,0,0,0.0,0,0,0.0,0,0,0.0,3,3,0,0,0,0,0,0,0,0,0,0,0,3,2017-18,Regular Season,Round 3,2017-10-25,buducnost voli podgorica-galatasaray odeabank istanbul,87-78,0,28,http://www.eurocupbasketball.com/eurocup/games/results/showgame?gamecode=28&seasoncode=U2017,,eurocup,0.0,2017-10-25||buducnost voli podgorica-galatasaray odeabank istanbul,team,team||eurocup
0,0,Team,0,0,0,0,0.0,0,0,0.0,0,0,0.0,3,2,1,0,0,0,0,0,0,0,0,0,0,3,2017-18,Regular Season,Round 3,2017-10-25,buducnost voli podgorica-galatasaray odeabank istanbul,87-78,Galatasaray,28,http://www.eurocupbasketball.com/eurocup/games/results/showgame?gamecode=28&seasoncode=U2017,,eurocup,0.0,2017-10-25||buducnost voli podgorica-galatasaray odeabank istanbul,team,team||eurocup
0,0,Team,0,0,0,0,0.0,0,0,0.0,0,0,0.0,2,2,0,0,0,0,0,0,0,0,0,0,0,2,2017-18,Regular Season,Round 3,2017-10-25,lietkabelis panevezys-grissin bon reggio emilia,75-82,0,29,http://www.eurocupbasketball.com/eurocup/games/results/showgame?gamecode=29&seasoncode=U2017,,eurocup,0.0,2017-10-25||lietkabelis panevezys-grissin bon reggio emilia,team,team||eurocup
0,0,Team,0,0,0,0,0.0,0,0,0.0,0,0,0.0,5,4,1,0,0,1,0,0,0,0,0,0,0,4,2017-18,Regular Season,Round 3,2017-10-25,lietkabelis panevezys-grissin bon reggio emilia,75-82,Reggio_Emilia,29,http://www.eurocupbasketball.com/eurocup/games/results/showgame?gamecode=29&seasoncode=U2017,,eurocup,0.0,2017-10-25||lietkabelis panevezys-grissin bon reggio emilia,team,team||eurocup
0,0,Team,0,0,0,0,0.0,0,0,0.0,0,0,0.0,3,2,1,0,0,0,0,0,0,0,0,0,0,3,2017-18,Regular Season,Round 3,2017-10-25,hapoel bank yahav jerusalem-fc bayern munich,83-91,0,30,http://www.eurocupbasketball.com/eurocup/games/results/showgame?gamecode=30&seasoncode=U2017,,eurocup,0.0,2017-10-25||hapoel bank yahav jerusalem-fc bayern munich,team,team||eurocup
0,0,Team,0,0,0,0,0.0,0,0,0.0,0,0,0.0,3,3,0,0,0,0,0,0,0,0,0,0,0,3,2017-18,Regular Season,Round 3,2017-10-25,hapoel bank yahav jerusalem-fc bayern munich,83-91,Bayern_Munich,30,http://www.eurocupbasketball.com/eurocup/games/results/showgame?gamecode=30&seasoncode=U2017,,eurocup,0.0,2017-10-25||hapoel bank yahav jerusalem-fc bayern munich,team,team||eurocup
0,0,Team,0,0,0,0,0.0,0,0,0.0,0,0,0.0,7,3,4,0,0,0,0,0,0,0,0,0,0,7,2017-18,Regular Season,Round 3,2017-10-24,limoges csp-alba berlin,65-73,0,31,http://www.eurocupbasketball.com/eurocup/games/results/showgame?gamecode=31&seasoncode=U2017,,eurocup,0.0,2017-10-24||limoges csp-alba berlin,team,team||eurocup
0,0,Team,0,0,0,0,0.0,0,0,0.0,0,0,0.0,5,1,4,0,0,0,0,0,0,0,0,0,0,5,2017-18,Regular Season,Round 3,2017-10-24,limoges csp-alba berlin,65-73,Alba_Berlin,31,http://www.eurocupbasketball.com/eurocup/games/results/showgame?gamecode=31&seasoncode=U2017,,eurocup,0.0,2017-10-24||limoges csp-alba berlin,team,team||eurocup
0,0,Team,0,0,0,0,0.0,0,0,0.0,0,0,0.0,2,1,1,0,0,0,0,0,0,0,0,0,0,2,2017-18,Regular Season,Round 3,2017-10-24,lietuvos rytas vilnius-lokomotiv kuban krasnodar,85-93,0,32,http://www.eurocupbasketball.com/eurocup/games/results/showgame?gamecode=32&seasoncode=U2017,,eurocup,0.0,2017-10-24||lietuvos rytas vilnius-lokomotiv kuban krasnodar,team,team||eurocup
0,0,Team,0,0,0,0,0.0,0,0,0.0,0,0,0.0,4,4,0,0,0,1,0,0,0,0,0,0,0,3,2017-18,Regular Season,Round 3,2017-10-24,lietuvos rytas vilnius-lokomotiv kuban krasnodar,85-93,Kuban,32,http://www.eurocupbasketball.com/eurocup/games/results/showgame?gamecode=32&seasoncode=U2017,,eurocup,0.0,2017-10-24||lietuvos rytas vilnius-lokomotiv kuban krasnodar,team,team||eurocup
0,0,Team,0,0,0,0,0.0,0,0,0.0,0,0,0.0,0,0,0,0,0,0,0,0,0,0,0,0,0,0,2017-18,Regular Season,Round 3,2017-10-24,retabet bilbao basket-partizan nis belgrade,92-96,0,33,http://www.eurocupbasketball.com/eurocup/games/results/showgame?gamecode=33&seasoncode=U2017,,eurocup,0.0,2017-10-24||retabet bilbao basket-partizan nis belgrade,team,team||eurocup
0,0,Team,0,0,0,0,0.0,0,0,0.0,0,0,0.0,0,0,0,0,0,0,0,0,0,0,0,0,0,0,2017-18,Regular Season,Round 3,2017-10-24,retabet bilbao basket-partizan nis belgrade,92-96,Partizan,33,http://www.eurocupbasketball.com/eurocup/games/results/showgame?gamecode=33&seasoncode=U2017,,eurocup,0.0,2017-10-24||retabet bilbao basket-partizan nis belgrade,team,team||eurocup
0,0,Team,0,0,0,0,0.0,0,0,0.0,0,0,0.0,2,0,2,0,0,1,0,0,0,0,0,0,0,1,2017-18,Regular Season,Round 3,2017-10-25,ratiopharm ulm-herbalife gran canaria,97-87,0,34,http://www.eurocupbasketball.com/eurocup/games/results/showgame?gamecode=34&seasoncode=U2017,,eurocup,0.0,2017-10-25||ratiopharm ulm-herbalife gran canaria,team,team||eurocup
0,0,Team,0,0,0,0,0.0,0,0,0.0,0,0,0.0,3,0,3,0,0,1,0,0,0,0,0,0,0,2,2017-18,Regular Season,Round 3,2017-10-25,ratiopharm ulm-herbalife gran canaria,97-87,Gran_Canaria,34,http://www.eurocupbasketball.com/eurocup/games/results/showgame?gamecode=34&seasoncode=U2017,,eurocup,0.0,2017-10-25||ratiopharm ulm-herbalife gran canaria,team,team||eurocup
0,0,Team,0,0,0,0,0.0,0,0,0.0,0,0,0.0,4,0,4,0,0,0,0,0,0,0,0,0,0,4,2017-18,Regular Season,Round 3,2017-10-25,dolomiti energia trento-tofas bursa,88-91,0,35,http://www.eurocupbasketball.com/eurocup/games/results/showgame?gamecode=35&seasoncode=U2017,,eurocup,0.0,2017-10-25||dolomiti energia trento-tofas bursa,team,team||eurocup
0,0,Team,0,0,0,0,0.0,0,0,0.0,0,0,0.0,3,1,2,0,0,0,0,0,0,0,0,0,0,3,2017-18,Regular Season,Round 3,2017-10-25,dolomiti energia trento-tofas bursa,88-91,Bursa,35,http://www.eurocupbasketball.com/eurocup/games/results/showgame?gamecode=35&seasoncode=U2017,,eurocup,0.0,2017-10-25||dolomiti energia trento-tofas bursa,team,team||eurocup
0,0,Team,0,0,0,0,0.0,0,0,0.0,0,0,0.0,1,1,0,0,0,1,0,0,0,0,0,0,0,0,2017-18,Regular Season,Round 3,2017-10-25,asvel villeurbanne-zenit st petersburg,88-85,0,36,http://www.eurocupbasketball.com/eurocup/games/results/showgame?gamecode=36&seasoncode=U2017,,eurocup,0.0,2017-10-25||asvel villeurbanne-zenit st petersburg,team,team||eurocup
0,0,Team,0,0,0,0,0.0,0,0,0.0,0,0,0.0,6,4,2,0,0,0,0,0,0,0,0,0,0,6,2017-18,Regular Season,Round 3,2017-10-25,asvel villeurbanne-zenit st petersburg,88-85,Zenit,36,http://www.eurocupbasketball.com/eurocup/games/results/showgame?gamecode=36&seasoncode=U2017,,eurocup,0.0,2017-10-25||asvel villeurbanne-zenit st petersburg,team,team||eurocup
0,0,Team,0,0,0,0,0.0,0,0,0.0,0,0,0.0,3,3,0,0,0,0,0,0,0,0,0,0,0,3,2017-18,Regular Season,Round 4,2017-11-01,cedevita zagreb-unics kazan,94-74,0,37,http://www.eurocupbasketball.com/eurocup/games/results/showgame?gamecode=37&seasoncode=U2017,,eurocup,0.0,2017-11-01||cedevita zagreb-unics kazan,team,team||eurocup
0,0,Team,0,0,0,0,0.0,0,0,0.0,0,0,0.0,5,1,4,0,0,0,0,0,0,0,0,0,0,5,2017-18,Regular Season,Round 4,2017-11-01,cedevita zagreb-unics kazan,94-74,Unics_Kazan,37,http://www.eurocupbasketball.com/eurocup/games/results/showgame?gamecode=37&seasoncode=U2017,,eurocup,0.0,2017-11-01||cedevita zagreb-unics kazan,team,team||eurocup
0,0,Team,0,0,0,0,0.0,0,0,0.0,0,0,0.0,0,0,0,0,0,0,0,0,0,0,0,0,0,0,2017-18,Regular Season,Round 4,2017-11-01,fiat turin-darussafaka istanbul,60-89,0,38,http://www.eurocupbasketball.com/eurocup/games/results/showgame?gamecode=38&seasoncode=U2017,,eurocup,0.0,2017-11-01||fiat turin-darussafaka istanbul,team,team||eurocup
0,0,Team,0,0,0,0,0.0,0,0,0.0,0,0,0.0,0,0,0,0,1,0,0,0,0,0,0,0,0,1,2017-18,Regular Season,Round 4,2017-11-01,fiat turin-darussafaka istanbul,60-89,Darussafaka,38,http://www.eurocupbasketball.com/eurocup/games/results/showgame?gamecode=38&seasoncode=U2017,,eurocup,0.0,2017-11-01||fiat turin-darussafaka istanbul,team,team||eurocup
0,0,Team,0,0,0,0,0.0,0,0,0.0,0,0,0.0,4,1,3,0,0,0,0,0,0,0,0,0,0,4,2017-18,Regular Season,Round 4,2017-10-31,morabanc andorra-levallois metropolitans,79-61,0,39,http://www.eurocupbasketball.com/eurocup/games/results/showgame?gamecode=39&seasoncode=U2017,,eurocup,0.0,2017-10-31||morabanc andorra-levallois metropolitans,team,team||eurocup
0,0,Team,0,0,0,0,0.0,0,0,0.0,0,0,0.0,2,0,2,0,0,2,0,0,0,0,0,0,0,0,2017-18,Regular Season,Round 4,2017-10-31,morabanc andorra-levallois metropolitans,79-61,Paris,39,http://www.eurocupbasketball.com/eurocup/games/results/showgame?gamecode=39&seasoncode=U2017,,eurocup,0.0,2017-10-31||morabanc andorra-levallois metropolitans,team,team||eurocup
0,0,Team,0,0,0,0,0.0,0,0,0.0,0,0,0.0,3,3,0,0,0,0,0,0,0,0,0,0,0,3,2017-18,Regular Season,Round 4,2017-11-01,buducnost voli podgorica-fc bayern munich,60-76,0,40,http://www.eurocupbasketball.com/eurocup/games/results/showgame?gamecode=40&seasoncode=U2017,,eurocup,0.0,2017-11-01||buducnost voli podgorica-fc bayern munich,team,team||eurocup
0,0,Team,0,0,0,0,0.0,0,0,0.0,0,0,0.0,5,2,3,0,0,1,0,0,0,0,0,0,0,4,2017-18,Regular Season,Round 4,2017-11-01,buducnost voli podgorica-fc bayern munich,60-76,Bayern_Munich,40,http://www.eurocupbasketball.com/eurocup/games/results/showgame?gamecode=40&seasoncode=U2017,,eurocup,0.0,2017-11-01||buducnost voli podgorica-fc bayern munich,team,team||eurocup
0,0,Team,0,0,0,0,0.0,0,0,0.0,0,0,0.0,4,2,2,0,0,0,0,0,0,0,0,0,0,4,2017-18,Regular Season,Round 4,2017-11-01,grissin bon reggio emilia-hapoel bank yahav jerusalem,61-63,0,41,http://www.eurocupbasketball.com/eurocup/games/results/showgame?gamecode=41&seasoncode=U2017,,eurocup,0.0,2017-11-01||grissin bon reggio emilia-hapoel bank yahav jerusalem,team,team||eurocup
0,0,Team,0,0,0,0,0.0,0,0,0.0,0,0,0.0,2,2,0,0,0,0,0,0,0,0,0,0,0,2,2017-18,Regular Season,Round 4,2017-11-01,grissin bon reggio emilia-hapoel bank yahav jerusalem,61-63,Hapoel_Jerusalem,41,http://www.eurocupbasketball.com/eurocup/games/results/showgame?gamecode=41&seasoncode=U2017,,eurocup,0.0,2017-11-01||grissin bon reggio emilia-hapoel bank yahav jerusalem,team,team||eurocup
0,0,Team,0,0,0,0,0.0,0,0,0.0,0,0,0.0,3,2,1,0,0,1,0,0,0,0,0,0,0,2,2017-18,Regular Season,Round 4,2017-11-01,galatasaray odeabank istanbul-lietkabelis panevezys,73-78,0,42,http://www.eurocupbasketball.com/eurocup/games/results/showgame?gamecode=42&seasoncode=U2017,,eurocup,0.0,2017-11-01||galatasaray odeabank istanbul-lietkabelis panevezys,team,team||eurocup
0,0,Team,0,0,0,0,0.0,0,0,0.0,0,0,0.0,9,5,4,0,0,0,0,0,0,0,0,0,0,9,2017-18,Regular Season,Round 4,2017-11-01,galatasaray odeabank istanbul-lietkabelis panevezys,73-78,Panevezys,42,http://www.eurocupbasketball.com/eurocup/games/results/showgame?gamecode=42&seasoncode=U2017,,eurocup,0.0,2017-11-01||galatasaray odeabank istanbul-lietkabelis panevezys,team,team||eurocup
0,0,Team,0,0,0,0,0.0,0,0,0.0,0,0,0.0,1,0,1,0,0,0,0,0,0,0,0,0,0,1,2017-18,Regular Season,Round 4,2017-10-31,limoges csp-partizan nis belgrade,92-83,0,43,http://www.eurocupbasketball.com/eurocup/games/results/showgame?gamecode=43&seasoncode=U2017,,eurocup,0.0,2017-10-31||limoges csp-partizan nis belgrade,team,team||eurocup
0,0,Team,0,0,0,0,0.0,0,0,0.0,0,0,0.0,0,0,0,0,0,1,0,0,0,0,0,0,0,-1,2017-18,Regular Season,Round 4,2017-10-31,limoges csp-partizan nis belgrade,92-83,Partizan,43,http://www.eurocupbasketball.com/eurocup/games/results/showgame?gamecode=43&seasoncode=U2017,,eurocup,0.0,2017-10-31||limoges csp-partizan nis belgrade,team,team||eurocup
0,0,Team,0,0,0,0,0.0,0,0,0.0,0,0,0.0,6,4,2,0,0,1,0,0,0,0,0,0,0,5,2017-18,Regular Season,Round 4,2017-11-01,lokomotiv kuban krasnodar-retabet bilbao basket,102-86,0,44,http://www.eurocupbasketball.com/eurocup/games/results/showgame?gamecode=44&seasoncode=U2017,,eurocup,0.0,2017-11-01||lokomotiv kuban krasnodar-retabet bilbao basket,team,team||eurocup
0,0,Team,0,0,0,0,0.0,0,0,0.0,0,0,0.0,2,0,2,0,0,0,0,0,0,0,0,0,0,2,2017-18,Regular Season,Round 4,2017-11-01,lokomotiv kuban krasnodar-retabet bilbao basket,102-86,Bilbao,44,http://www.eurocupbasketball.com/eurocup/games/results/showgame?gamecode=44&seasoncode=U2017,,eurocup,0.0,2017-11-01||lokomotiv kuban krasnodar-retabet bilbao basket,team,team||eurocup
0,0,Team,0,0,0,0,0.0,0,0,0.0,0,0,0.0,0,0,0,0,0,2,0,0,0,0,0,0,0,-2,2017-18,Regular Season,Round 4,2017-11-01,alba berlin-lietuvos rytas vilnius,93-86,0,45,http://www.eurocupbasketball.com/eurocup/games/results/showgame?gamecode=45&seasoncode=U2017,,eurocup,0.0,2017-11-01||alba berlin-lietuvos rytas vilnius,team,team||eurocup
0,0,Team,0,0,0,0,0.0,0,0,0.0,0,0,0.0,6,6,0,0,0,0,0,0,0,0,0,0,0,6,2017-18,Regular Season,Round 4,2017-11-01,alba berlin-lietuvos rytas vilnius,93-86,Lietuvos_Rytas,45,http://www.eurocupbasketball.com/eurocup/games/results/showgame?gamecode=45&seasoncode=U2017,,eurocup,0.0,2017-11-01||alba berlin-lietuvos rytas vilnius,team,team||eurocup
0,0,Team,0,0,0,0,0.0,0,0,0.0,0,0,0.0,6,2,4,0,0,0,0,0,0,0,0,0,0,6,2017-18,Regular Season,Round 4,2017-11-01,ratiopharm ulm-zenit st petersburg,93-95,0,46,http://www.eurocupbasketball.com/eurocup/games/results/showgame?gamecode=46&seasoncode=U2017,,eurocup,0.0,2017-11-01||ratiopharm ulm-zenit st petersburg,team,team||eurocup
0,0,Team,0,0,0,0,0.0,0,0,0.0,0,0,0.0,6,2,4,0,0,2,0,0,0,0,0,0,0,4,2017-18,Regular Season,Round 4,2017-11-01,ratiopharm ulm-zenit st petersburg,93-95,Zenit,46,http://www.eurocupbasketball.com/eurocup/games/results/showgame?gamecode=46&seasoncode=U2017,,eurocup,0.0,2017-11-01||ratiopharm ulm-zenit st petersburg,team,team||eurocup
0,0,Team,0,0,0,0,0.0,0,0,0.0,0,0,0.0,3,1,2,0,0,1,0,0,0,0,0,0,0,2,2017-18,Regular Season,Round 4,2017-11-01,tofas bursa-asvel villeurbanne,82-81,0,47,http://www.eurocupbasketball.com/eurocup/games/results/showgame?gamecode=47&seasoncode=U2017,,eurocup,0.0,2017-11-01||tofas bursa-asvel villeurbanne,team,team||eurocup
0,0,Team,0,0,0,0,0.0,0,0,0.0,0,0,0.0,5,2,3,0,0,0,0,0,0,0,0,0,0,5,2017-18,Regular Season,Round 4,2017-11-01,tofas bursa-asvel villeurbanne,82-81,Asvel,47,http://www.eurocupbasketball.com/eurocup/games/results/showgame?gamecode=47&seasoncode=U2017,,eurocup,0.0,2017-11-01||tofas bursa-asvel villeurbanne,team,team||eurocup
0,0,Team,0,0,0,0,0.0,0,0,0.0,0,0,0.0,4,3,1,0,0,0,0,0,0,0,0,0,0,4,2017-18,Regular Season,Round 4,2017-11-01,herbalife gran canaria-dolomiti energia trento,85-76,0,48,http://www.eurocupbasketball.com/eurocup/games/results/showgame?gamecode=48&seasoncode=U2017,,eurocup,0.0,2017-11-01||herbalife gran canaria-dolomiti energia trento,team,team||eurocup
0,0,Team,0,0,0,0,0.0,0,0,0.0,0,0,0.0,5,3,2,0,0,1,0,0,0,0,0,0,0,4,2017-18,Regular Season,Round 4,2017-11-01,herbalife gran canaria-dolomiti energia trento,85-76,Trento,48,http://www.eurocupbasketball.com/eurocup/games/results/showgame?gamecode=48&seasoncode=U2017,,eurocup,0.0,2017-11-01||herbalife gran canaria-dolomiti energia trento,team,team||eurocup
0,0,Team,0,0,0,0,0.0,0,0,0.0,0,0,0.0,4,3,1,0,0,0,0,0,0,0,0,0,0,4,2017-18,Regular Season,Round 5,2017-11-08,levallois metropolitans-cedevita zagreb,91-81,0,49,http://www.eurocupbasketball.com/eurocup/games/results/showgame?gamecode=49&seasoncode=U2017,,eurocup,0.0,2017-11-08||levallois metropolitans-cedevita zagreb,team,team||eurocup
0,0,Team,0,0,0,0,0.0,0,0,0.0,0,0,0.0,2,1,1,0,0,0,0,0,0,0,0,0,0,2,2017-18,Regular Season,Round 5,2017-11-08,levallois metropolitans-cedevita zagreb,91-81,Cedevita,49,http://www.eurocupbasketball.com/eurocup/games/results/showgame?gamecode=49&seasoncode=U2017,,eurocup,0.0,2017-11-08||levallois metropolitans-cedevita zagreb,team,team||eurocup
0,0,Team,0,0,0,0,0.0,0,0,0.0,0,0,0.0,2,2,0,0,0,1,0,0,0,0,0,0,0,1,2017-18,Regular Season,Round 5,2017-11-07,darussafaka istanbul-morabanc andorra,85-77,0,50,http://www.eurocupbasketball.com/eurocup/games/results/showgame?gamecode=50&seasoncode=U2017,,eurocup,0.0,2017-11-07||darussafaka istanbul-morabanc andorra,team,team||eurocup
0,0,Team,0,0,0,0,0.0,0,0,0.0,0,0,0.0,5,2,3,0,0,0,0,0,0,0,0,0,0,5,2017-18,Regular Season,Round 5,2017-11-07,darussafaka istanbul-morabanc andorra,85-77,Andorra,50,http://www.eurocupbasketball.com/eurocup/games/results/showgame?gamecode=50&seasoncode=U2017,,eurocup,0.0,2017-11-07||darussafaka istanbul-morabanc andorra,team,team||eurocup
0,0,Team,0,0,0,0,0.0,0,0,0.0,0,0,0.0,6,3,3,0,0,0,0,0,0,0,0,0,0,6,2017-18,Regular Season,Round 5,2017-11-08,unics kazan-fiat turin,101-93,0,51,http://www.eurocupbasketball.com/eurocup/games/results/showgame?gamecode=51&seasoncode=U2017,,eurocup,0.0,2017-11-08||unics kazan-fiat turin,team,team||eurocup
0,0,Team,0,0,0,0,0.0,0,0,0.0,0,0,0.0,5,4,1,0,0,0,0,0,0,0,0,0,0,5,2017-18,Regular Season,Round 5,2017-11-08,unics kazan-fiat turin,101-93,Turin,51,http://www.eurocupbasketball.com/eurocup/games/results/showgame?gamecode=51&seasoncode=U2017,,eurocup,0.0,2017-11-08||unics kazan-fiat turin,team,team||eurocup
0,0,Team,0,0,0,0,0.0,0,0,0.0,0,0,0.0,3,0,3,0,0,0,0,0,0,0,0,0,0,3,2017-18,Regular Season,Round 5,2017-11-07,lietkabelis panevezys-buducnost voli podgorica,86-79,0,52,http://www.eurocupbasketball.com/eurocup/games/results/showgame?gamecode=52&seasoncode=U2017,,eurocup,0.0,2017-11-07||lietkabelis panevezys-buducnost voli podgorica,team,team||eurocup
0,0,Team,0,0,0,0,0.0,0,0,0.0,0,0,0.0,6,1,5,0,0,0,0,0,0,0,0,0,0,6,2017-18,Regular Season,Round 5,2017-11-07,lietkabelis panevezys-buducnost voli podgorica,86-79,Buducnost,52,http://www.eurocupbasketball.com/eurocup/games/results/showgame?gamecode=52&seasoncode=U2017,,eurocup,0.0,2017-11-07||lietkabelis panevezys-buducnost voli podgorica,team,team||eurocup
0,0,Team,0,0,0,0,0.0,0,0,0.0,0,0,0.0,2,2,0,0,0,1,0,0,0,0,0,0,0,1,2017-18,Regular Season,Round 5,2017-11-08,hapoel bank yahav jerusalem-galatasaray odeabank istanbul,81-91,0,53,http://www.eurocupbasketball.com/eurocup/games/results/showgame?gamecode=53&seasoncode=U2017,,eurocup,0.0,2017-11-08||hapoel bank yahav jerusalem-galatasaray odeabank istanbul,team,team||eurocup
0,0,Team,0,0,0,0,0.0,0,0,0.0,0,0,0.0,3,2,1,0,0,0,0,0,0,0,0,0,0,3,2017-18,Regular Season,Round 5,2017-11-08,hapoel bank yahav jerusalem-galatasaray odeabank istanbul,81-91,Galatasaray,53,http://www.eurocupbasketball.com/eurocup/games/results/showgame?gamecode=53&seasoncode=U2017,,eurocup,0.0,2017-11-08||hapoel bank yahav jerusalem-galatasaray odeabank istanbul,team,team||eurocup
0,0,Team,0,0,0,0,0.0,0,0,0.0,0,0,0.0,4,3,1,0,0,1,0,0,0,0,0,0,0,3,2017-18,Regular Season,Round 5,2017-11-08,fc bayern munich-grissin bon reggio emilia,83-58,0,54,http://www.eurocupbasketball.com/eurocup/games/results/showgame?gamecode=54&seasoncode=U2017,,eurocup,0.0,2017-11-08||fc bayern munich-grissin bon reggio emilia,team,team||eurocup
0,0,Team,0,0,0,0,0.0,0,0,0.0,0,0,0.0,0,0,0,0,0,2,0,0,0,0,0,0,0,-2,2017-18,Regular Season,Round 5,2017-11-08,fc bayern munich-grissin bon reggio emilia,83-58,Reggio_Emilia,54,http://www.eurocupbasketball.com/eurocup/games/results/showgame?gamecode=54&seasoncode=U2017,,eurocup,0.0,2017-11-08||fc bayern munich-grissin bon reggio emilia,team,team||eurocup
0,0,Team,0,0,0,0,0.0,0,0,0.0,0,0,0.0,3,3,0,0,0,0,0,0,0,0,0,0,0,3,2017-18,Regular Season,Round 5,2017-11-07,lietuvos rytas vilnius-limoges csp,92-76,0,55,http://www.eurocupbasketball.com/eurocup/games/results/showgame?gamecode=55&seasoncode=U2017,,eurocup,0.0,2017-11-07||lietuvos rytas vilnius-limoges csp,team,team||eurocup
0,0,Team,0,0,0,0,0.0,0,0,0.0,0,0,0.0,0,0,0,0,0,0,0,0,0,0,0,0,0,0,2017-18,Regular Season,Round 5,2017-11-07,lietuvos rytas vilnius-limoges csp,92-76,Limoges,55,http://www.eurocupbasketball.com/eurocup/games/results/showgame?gamecode=55&seasoncode=U2017,,eurocup,0.0,2017-11-07||lietuvos rytas vilnius-limoges csp,team,team||eurocup
0,0,Team,0,0,0,0,0.0,0,0,0.0,0,0,0.0,3,3,0,0,0,0,0,0,0,0,0,0,0,3,2017-18,Regular Season,Round 5,2017-11-08,retabet bilbao basket-alba berlin,86-94,0,56,http://www.eurocupbasketball.com/eurocup/games/results/showgame?gamecode=56&seasoncode=U2017,,eurocup,0.0,2017-11-08||retabet bilbao basket-alba berlin,team,team||eurocup
0,0,Team,0,0,0,0,0.0,0,0,0.0,0,0,0.0,0,0,0,0,0,0,0,0,0,0,0,0,0,0,2017-18,Regular Season,Round 5,2017-11-08,retabet bilbao basket-alba berlin,86-94,Alba_Berlin,56,http://www.eurocupbasketball.com/eurocup/games/results/showgame?gamecode=56&seasoncode=U2017,,eurocup,0.0,2017-11-08||retabet bilbao basket-alba berlin,team,team||eurocup
0,0,Team,0,0,0,0,0.0,0,0,0.0,0,0,0.0,5,3,2,0,0,1,0,0,0,0,0,0,0,4,2017-18,Regular Season,Round 5,2017-11-08,partizan nis belgrade-lokomotiv kuban krasnodar,83-93,0,57,http://www.eurocupbasketball.com/eurocup/games/results/showgame?gamecode=57&seasoncode=U2017,,eurocup,0.0,2017-11-08||partizan nis belgrade-lokomotiv kuban krasnodar,team,team||eurocup
0,0,Team,0,0,0,0,0.0,0,0,0.0,0,0,0.0,4,3,1,0,0,0,0,0,0,0,0,0,0,4,2017-18,Regular Season,Round 5,2017-11-08,partizan nis belgrade-lokomotiv kuban krasnodar,83-93,Kuban,57,http://www.eurocupbasketball.com/eurocup/games/results/showgame?gamecode=57&seasoncode=U2017,,eurocup,0.0,2017-11-08||partizan nis belgrade-lokomotiv kuban krasnodar,team,team||eurocup
0,0,Team,0,0,0,0,0.0,0,0,0.0,0,0,0.0,0,0,0,0,0,2,0,0,0,0,0,0,0,-2,2017-18,Regular Season,Round 5,2017-11-08,dolomiti energia trento-ratiopharm ulm,77-66,0,58,http://www.eurocupbasketball.com/eurocup/games/results/showgame?gamecode=58&seasoncode=U2017,,eurocup,0.0,2017-11-08||dolomiti energia trento-ratiopharm ulm,team,team||eurocup
0,0,Team,0,0,0,0,0.0,0,0,0.0,0,0,0.0,1,0,1,0,0,2,0,0,0,0,0,0,0,-1,2017-18,Regular Season,Round 5,2017-11-08,dolomiti energia trento-ratiopharm ulm,77-66,Ulm,58,http://www.eurocupbasketball.com/eurocup/games/results/showgame?gamecode=58&seasoncode=U2017,,eurocup,0.0,2017-11-08||dolomiti energia trento-ratiopharm ulm,team,team||eurocup
0,0,Team,0,0,0,0,0.0,0,0,0.0,0,0,0.0,2,1,1,0,0,2,0,0,0,0,0,0,0,0,2017-18,Regular Season,Round 5,2017-11-08,asvel villeurbanne-herbalife gran canaria,68-84,0,59,http://www.eurocupbasketball.com/eurocup/games/results/showgame?gamecode=59&seasoncode=U2017,,eurocup,0.0,2017-11-08||asvel villeurbanne-herbalife gran canaria,team,team||eurocup
0,0,Team,0,0,0,0,0.0,0,0,0.0,0,0,0.0,3,1,2,0,0,1,0,0,0,0,0,0,0,2,2017-18,Regular Season,Round 5,2017-11-08,asvel villeurbanne-herbalife gran canaria,68-84,Gran_Canaria,59,http://www.eurocupbasketball.com/eurocup/games/results/showgame?gamecode=59&seasoncode=U2017,,eurocup,0.0,2017-11-08||asvel villeurbanne-herbalife gran canaria,team,team||eurocup
0,0,Team,0,0,0,0,0.0,0,0,0.0,0,0,0.0,7,2,5,0,0,0,0,0,0,0,0,0,0,7,2017-18,Regular Season,Round 5,2017-11-08,zenit st petersburg-tofas bursa,84-82,0,60,http://www.eurocupbasketball.com/eurocup/games/results/showgame?gamecode=60&seasoncode=U2017,,eurocup,0.0,2017-11-08||zenit st petersburg-tofas bursa,team,team||eurocup
0,0,Team,0,0,0,0,0.0,0,0,0.0,0,0,0.0,4,3,1,0,0,0,0,0,0,0,0,0,0,4,2017-18,Regular Season,Round 5,2017-11-08,zenit st petersburg-tofas bursa,84-82,Bursa,60,http://www.eurocupbasketball.com/eurocup/games/results/showgame?gamecode=60&seasoncode=U2017,,eurocup,0.0,2017-11-08||zenit st petersburg-tofas bursa,team,team||eurocup
0,0,Team,0,0,0,0,0.0,0,0,0.0,0,0,0.0,5,2,3,0,0,0,0,0,0,0,0,0,0,5,2017-18,Regular Season,Round 6,2017-11-15,darussafaka istanbul-levallois metropolitans,100-67,0,61,http://www.eurocupbasketball.com/eurocup/games/results/showgame?gamecode=61&seasoncode=U2017,,eurocup,0.0,2017-11-15||darussafaka istanbul-levallois metropolitans,team,team||eurocup
0,0,Team,0,0,0,0,0.0,0,0,0.0,0,0,0.0,1,1,0,0,0,2,0,0,0,0,0,0,0,-1,2017-18,Regular Season,Round 6,2017-11-15,darussafaka istanbul-levallois metropolitans,100-67,Paris,61,http://www.eurocupbasketball.com/eurocup/games/results/showgame?gamecode=61&seasoncode=U2017,,eurocup,0.0,2017-11-15||darussafaka istanbul-levallois metropolitans,team,team||eurocup
0,0,Team,0,0,0,0,0.0,0,0,0.0,0,0,0.0,0,0,0,0,0,1,0,0,0,0,0,0,0,-1,2017-18,Regular Season,Round 6,2017-11-15,unics kazan-morabanc andorra,89-80,0,62,http://www.eurocupbasketball.com/eurocup/games/results/showgame?gamecode=62&seasoncode=U2017,,eurocup,0.0,2017-11-15||unics kazan-morabanc andorra,team,team||eurocup
0,0,Team,0,0,0,0,0.0,0,0,0.0,0,0,0.0,5,3,2,0,0,1,0,0,0,0,0,0,0,4,2017-18,Regular Season,Round 6,2017-11-15,unics kazan-morabanc andorra,89-80,Andorra,62,http://www.eurocupbasketball.com/eurocup/games/results/showgame?gamecode=62&seasoncode=U2017,,eurocup,0.0,2017-11-15||unics kazan-morabanc andorra,team,team||eurocup
0,0,Team,0,0,0,0,0.0,0,0,0.0,0,0,0.0,0,0,0,0,0,0,0,0,0,0,0,0,0,0,2017-18,Regular Season,Round 6,2017-11-15,fiat turin-cedevita zagreb,65-87,0,63,http://www.eurocupbasketball.com/eurocup/games/results/showgame?gamecode=63&seasoncode=U2017,,eurocup,0.0,2017-11-15||fiat turin-cedevita zagreb,team,team||eurocup
0,0,Team,0,0,0,0,0.0,0,0,0.0,0,0,0.0,2,2,0,0,0,1,0,0,0,0,0,0,0,1,2017-18,Regular Season,Round 6,2017-11-15,fiat turin-cedevita zagreb,65-87,Cedevita,63,http://www.eurocupbasketball.com/eurocup/games/results/showgame?gamecode=63&seasoncode=U2017,,eurocup,0.0,2017-11-15||fiat turin-cedevita zagreb,team,team||eurocup
0,0,Team,0,0,0,0,0.0,0,0,0.0,0,0,0.0,2,2,0,0,0,1,0,0,0,0,0,0,0,1,2017-18,Regular Season,Round 6,2017-11-15,hapoel bank yahav jerusalem-lietkabelis panevezys,93-81,0,64,http://www.eurocupbasketball.com/eurocup/games/results/showgame?gamecode=64&seasoncode=U2017,,eurocup,0.0,2017-11-15||hapoel bank yahav jerusalem-lietkabelis panevezys,team,team||eurocup
0,0,Team,0,0,0,0,0.0,0,0,0.0,0,0,0.0,4,2,2,0,0,0,0,0,0,0,0,0,0,4,2017-18,Regular Season,Round 6,2017-11-15,hapoel bank yahav jerusalem-lietkabelis panevezys,93-81,Panevezys,64,http://www.eurocupbasketball.com/eurocup/games/results/showgame?gamecode=64&seasoncode=U2017,,eurocup,0.0,2017-11-15||hapoel bank yahav jerusalem-lietkabelis panevezys,team,team||eurocup
0,0,Team,0,0,0,0,0.0,0,0,0.0,0,0,0.0,4,2,2,0,0,2,0,0,0,0,0,0,0,2,2017-18,Regular Season,Round 6,2017-11-15,fc bayern munich-galatasaray odeabank istanbul,86-78,0,65,http://www.eurocupbasketball.com/eurocup/games/results/showgame?gamecode=65&seasoncode=U2017,,eurocup,0.0,2017-11-15||fc bayern munich-galatasaray odeabank istanbul,team,team||eurocup
0,0,Team,0,0,0,0,0.0,0,0,0.0,0,0,0.0,2,1,1,0,0,0,0,0,0,0,0,0,0,2,2017-18,Regular Season,Round 6,2017-11-15,fc bayern munich-galatasaray odeabank istanbul,86-78,Galatasaray,65,http://www.eurocupbasketball.com/eurocup/games/results/showgame?gamecode=65&seasoncode=U2017,,eurocup,0.0,2017-11-15||fc bayern munich-galatasaray odeabank istanbul,team,team||eurocup
0,0,Team,0,0,0,0,0.0,0,0,0.0,0,0,0.0,6,4,2,0,0,0,0,0,0,0,0,0,0,6,2017-18,Regular Season,Round 6,2017-11-15,grissin bon reggio emilia-buducnost voli podgorica,77-71,0,66,http://www.eurocupbasketball.com/eurocup/games/results/showgame?gamecode=66&seasoncode=U2017,,eurocup,0.0,2017-11-15||grissin bon reggio emilia-buducnost voli podgorica,team,team||eurocup
0,0,Team,0,0,0,0,0.0,0,0,0.0,0,0,0.0,3,2,1,0,0,1,0,0,0,0,0,0,0,2,2017-18,Regular Season,Round 6,2017-11-15,grissin bon reggio emilia-buducnost voli podgorica,77-71,Buducnost,66,http://www.eurocupbasketball.com/eurocup/games/results/showgame?gamecode=66&seasoncode=U2017,,eurocup,0.0,2017-11-15||grissin bon reggio emilia-buducnost voli podgorica,team,team||eurocup
0,0,Team,0,0,0,0,0.0,0,0,0.0,0,0,0.0,3,1,2,0,0,0,0,0,0,0,0,0,0,3,2017-18,Regular Season,Round 6,2017-11-15,retabet bilbao basket-lietuvos rytas vilnius,79-96,0,67,http://www.eurocupbasketball.com/eurocup/games/results/showgame?gamecode=67&seasoncode=U2017,,eurocup,0.0,2017-11-15||retabet bilbao basket-lietuvos rytas vilnius,team,team||eurocup
0,0,Team,0,0,0,0,0.0,0,0,0.0,0,0,0.0,2,1,1,0,0,1,0,0,0,0,0,0,0,1,2017-18,Regular Season,Round 6,2017-11-15,retabet bilbao basket-lietuvos rytas vilnius,79-96,Lietuvos_Rytas,67,http://www.eurocupbasketball.com/eurocup/games/results/showgame?gamecode=67&seasoncode=U2017,,eurocup,0.0,2017-11-15||retabet bilbao basket-lietuvos rytas vilnius,team,team||eurocup
0,0,Team,0,0,0,0,0.0,0,0,0.0,0,0,0.0,4,2,2,0,0,0,0,0,0,0,0,0,0,4,2017-18,Regular Season,Round 6,2017-11-14,partizan nis belgrade-alba berlin,80-96,0,68,http://www.eurocupbasketball.com/eurocup/games/results/showgame?gamecode=68&seasoncode=U2017,,eurocup,0.0,2017-11-14||partizan nis belgrade-alba berlin,team,team||eurocup
0,0,Team,0,0,0,0,0.0,0,0,0.0,0,0,0.0,4,2,2,0,0,2,0,0,0,0,0,0,0,2,2017-18,Regular Season,Round 6,2017-11-14,partizan nis belgrade-alba berlin,80-96,Alba_Berlin,68,http://www.eurocupbasketball.com/eurocup/games/results/showgame?gamecode=68&seasoncode=U2017,,eurocup,0.0,2017-11-14||partizan nis belgrade-alba berlin,team,team||eurocup
0,0,Team,0,0,0,0,0.0,0,0,0.0,0,0,0.0,4,3,1,0,0,0,0,0,0,0,0,0,0,4,2017-18,Regular Season,Round 6,2017-11-15,lokomotiv kuban krasnodar-limoges csp,81-55,0,69,http://www.eurocupbasketball.com/eurocup/games/results/showgame?gamecode=69&seasoncode=U2017,,eurocup,0.0,2017-11-15||lokomotiv kuban krasnodar-limoges csp,team,team||eurocup
0,0,Team,0,0,0,0,0.0,0,0,0.0,0,0,0.0,3,1,2,0,0,1,0,0,0,0,0,0,0,2,2017-18,Regular Season,Round 6,2017-11-15,lokomotiv kuban krasnodar-limoges csp,81-55,Limoges,69,http://www.eurocupbasketball.com/eurocup/games/results/showgame?gamecode=69&seasoncode=U2017,,eurocup,0.0,2017-11-15||lokomotiv kuban krasnodar-limoges csp,team,team||eurocup
0,0,Team,0,0,0,0,0.0,0,0,0.0,0,0,0.0,2,2,0,0,0,1,0,0,0,0,0,0,0,1,2017-18,Regular Season,Round 6,2017-11-14,asvel villeurbanne-dolomiti energia trento,79-67,0,70,http://www.eurocupbasketball.com/eurocup/games/results/showgame?gamecode=70&seasoncode=U2017,,eurocup,0.0,2017-11-14||asvel villeurbanne-dolomiti energia trento,team,team||eurocup
0,0,Team,0,0,0,0,0.0,0,0,0.0,0,0,0.0,2,1,1,0,0,1,0,0,0,0,0,0,0,1,2017-18,Regular Season,Round 6,2017-11-14,asvel villeurbanne-dolomiti energia trento,79-67,Trento,70,http://www.eurocupbasketball.com/eurocup/games/results/showgame?gamecode=70&seasoncode=U2017,,eurocup,0.0,2017-11-14||asvel villeurbanne-dolomiti energia trento,team,team||eurocup
0,0,Team,0,0,0,0,0.0,0,0,0.0,0,0,0.0,6,3,3,0,0,1,0,0,0,0,0,0,0,5,2017-18,Regular Season,Round 6,2017-11-14,zenit st petersburg-herbalife gran canaria,90-85,0,71,http://www.eurocupbasketball.com/eurocup/games/results/showgame?gamecode=71&seasoncode=U2017,,eurocup,0.0,2017-11-14||zenit st petersburg-herbalife gran canaria,team,team||eurocup
0,0,Team,0,0,0,0,0.0,0,0,0.0,0,0,0.0,4,1,3,0,0,1,0,0,0,0,0,0,0,3,2017-18,Regular Season,Round 6,2017-11-14,zenit st petersburg-herbalife gran canaria,90-85,Gran_Canaria,71,http://www.eurocupbasketball.com/eurocup/games/results/showgame?gamecode=71&seasoncode=U2017,,eurocup,0.0,2017-11-14||zenit st petersburg-herbalife gran canaria,team,team||eurocup
0,0,Team,0,0,0,0,0.0,0,0,0.0,0,0,0.0,2,1,1,0,0,0,0,0,0,0,0,0,0,2,2017-18,Regular Season,Round 6,2017-11-15,tofas bursa-ratiopharm ulm,100-84,0,72,http://www.eurocupbasketball.com/eurocup/games/results/showgame?gamecode=72&seasoncode=U2017,,eurocup,0.0,2017-11-15||tofas bursa-ratiopharm ulm,team,team||eurocup
0,0,Team,0,0,0,0,0.0,0,0,0.0,0,0,0.0,5,2,3,0,0,1,0,0,0,0,0,0,0,4,2017-18,Regular Season,Round 6,2017-11-15,tofas bursa-ratiopharm ulm,100-84,Ulm,72,http://www.eurocupbasketball.com/eurocup/games/results/showgame?gamecode=72&seasoncode=U2017,,eurocup,0.0,2017-11-15||tofas bursa-ratiopharm ulm,team,team||eurocup
0,0,Team,0,0,0,0,0.0,0,0,0.0,0,0,0.0,4,2,2,0,0,0,0,0,0,0,0,0,0,4,2017-18,Regular Season,Round 7,2017-12-06,morabanc andorra-fiat turin,83-77,0,73,http://www.eurocupbasketball.com/eurocup/games/results/showgame?gamecode=73&seasoncode=U2017,,eurocup,0.0,2017-12-06||morabanc andorra-fiat turin,team,team||eurocup
0,0,Team,0,0,0,0,0.0,0,0,0.0,0,0,0.0,2,1,1,0,0,0,0,0,0,0,0,0,0,2,2017-18,Regular Season,Round 7,2017-12-06,morabanc andorra-fiat turin,83-77,Turin,73,http://www.eurocupbasketball.com/eurocup/games/results/showgame?gamecode=73&seasoncode=U2017,,eurocup,0.0,2017-12-06||morabanc andorra-fiat turin,team,team||eurocup
0,0,Team,0,0,0,0,0.0,0,0,0.0,0,0,0.0,3,2,1,0,0,0,0,0,0,0,0,0,0,3,2017-18,Regular Season,Round 7,2017-12-06,levallois metropolitans-unics kazan,67-77,0,74,http://www.eurocupbasketball.com/eurocup/games/results/showgame?gamecode=74&seasoncode=U2017,,eurocup,0.0,2017-12-06||levallois metropolitans-unics kazan,team,team||eurocup
0,0,Team,0,0,0,0,0.0,0,0,0.0,0,0,0.0,6,2,4,0,0,0,0,0,0,0,0,0,0,6,2017-18,Regular Season,Round 7,2017-12-06,levallois metropolitans-unics kazan,67-77,Unics_Kazan,74,http://www.eurocupbasketball.com/eurocup/games/results/showgame?gamecode=74&seasoncode=U2017,,eurocup,0.0,2017-12-06||levallois metropolitans-unics kazan,team,team||eurocup
0,0,Team,0,0,0,0,0.0,0,0,0.0,0,0,0.0,6,5,1,0,0,0,0,0,0,0,0,0,0,6,2017-18,Regular Season,Round 7,2017-12-06,cedevita zagreb-darussafaka istanbul,89-83,0,75,http://www.eurocupbasketball.com/eurocup/games/results/showgame?gamecode=75&seasoncode=U2017,,eurocup,0.0,2017-12-06||cedevita zagreb-darussafaka istanbul,team,team||eurocup
0,0,Team,0,0,0,0,0.0,0,0,0.0,0,0,0.0,3,2,1,0,0,0,0,0,0,0,0,0,0,3,2017-18,Regular Season,Round 7,2017-12-06,cedevita zagreb-darussafaka istanbul,89-83,Darussafaka,75,http://www.eurocupbasketball.com/eurocup/games/results/showgame?gamecode=75&seasoncode=U2017,,eurocup,0.0,2017-12-06||cedevita zagreb-darussafaka istanbul,team,team||eurocup
0,0,Team,0,0,0,0,0.0,0,0,0.0,0,0,0.0,3,2,1,0,0,0,0,0,0,0,0,0,0,3,2017-18,Regular Season,Round 7,2017-12-06,galatasaray odeabank istanbul-grissin bon reggio emilia,82-72,0,76,http://www.eurocupbasketball.com/eurocup/games/results/showgame?gamecode=76&seasoncode=U2017,,eurocup,0.0,2017-12-06||galatasaray odeabank istanbul-grissin bon reggio emilia,team,team||eurocup
0,0,Team,0,0,0,0,0.0,0,0,0.0,0,0,0.0,3,3,0,0,0,2,0,0,0,0,0,0,0,1,2017-18,Regular Season,Round 7,2017-12-06,galatasaray odeabank istanbul-grissin bon reggio emilia,82-72,Reggio_Emilia,76,http://www.eurocupbasketball.com/eurocup/games/results/showgame?gamecode=76&seasoncode=U2017,,eurocup,0.0,2017-12-06||galatasaray odeabank istanbul-grissin bon reggio emilia,team,team||eurocup
0,0,Team,0,0,0,0,0.0,0,0,0.0,0,0,0.0,5,4,1,0,0,0,0,0,0,0,0,0,0,5,2017-18,Regular Season,Round 7,2017-12-06,lietkabelis panevezys-fc bayern munich,87-88,0,77,http://www.eurocupbasketball.com/eurocup/games/results/showgame?gamecode=77&seasoncode=U2017,,eurocup,0.0,2017-12-06||lietkabelis panevezys-fc bayern munich,team,team||eurocup
0,0,Team,0,0,0,0,0.0,0,0,0.0,0,0,0.0,3,2,1,0,0,0,0,0,0,0,0,0,0,3,2017-18,Regular Season,Round 7,2017-12-06,lietkabelis panevezys-fc bayern munich,87-88,Bayern_Munich,77,http://www.eurocupbasketball.com/eurocup/games/results/showgame?gamecode=77&seasoncode=U2017,,eurocup,0.0,2017-12-06||lietkabelis panevezys-fc bayern munich,team,team||eurocup
0,0,Team,0,0,0,0,0.0,0,0,0.0,0,0,0.0,5,2,3,0,0,0,0,0,0,0,0,0,0,5,2017-18,Regular Season,Round 7,2017-12-06,buducnost voli podgorica-hapoel bank yahav jerusalem,92-75,0,78,http://www.eurocupbasketball.com/eurocup/games/results/showgame?gamecode=78&seasoncode=U2017,,eurocup,0.0,2017-12-06||buducnost voli podgorica-hapoel bank yahav jerusalem,team,team||eurocup
0,0,Team,0,0,0,0,0.0,0,0,0.0,0,0,0.0,2,2,0,0,0,0,0,0,0,0,0,0,0,2,2017-18,Regular Season,Round 7,2017-12-06,buducnost voli podgorica-hapoel bank yahav jerusalem,92-75,Hapoel_Jerusalem,78,http://www.eurocupbasketball.com/eurocup/games/results/showgame?gamecode=78&seasoncode=U2017,,eurocup,0.0,2017-12-06||buducnost voli podgorica-hapoel bank yahav jerusalem,team,team||eurocup
0,0,Team,0,0,0,0,0.0,0,0,0.0,0,0,0.0,6,4,2,0,0,2,0,0,0,0,0,0,0,4,2017-18,Regular Season,Round 7,2017-12-05,alba berlin-lokomotiv kuban krasnodar,84-89,0,79,http://www.eurocupbasketball.com/eurocup/games/results/showgame?gamecode=79&seasoncode=U2017,,eurocup,0.0,2017-12-05||alba berlin-lokomotiv kuban krasnodar,team,team||eurocup
0,0,Team,0,0,0,0,0.0,0,0,0.0,0,0,0.0,3,2,1,0,0,0,0,0,0,0,0,0,0,3,2017-18,Regular Season,Round 7,2017-12-05,alba berlin-lokomotiv kuban krasnodar,84-89,Kuban,79,http://www.eurocupbasketball.com/eurocup/games/results/showgame?gamecode=79&seasoncode=U2017,,eurocup,0.0,2017-12-05||alba berlin-lokomotiv kuban krasnodar,team,team||eurocup
0,0,Team,0,0,0,0,0.0,0,0,0.0,0,0,0.0,3,0,3,0,0,0,0,0,0,0,0,0,0,3,2017-18,Regular Season,Round 7,2017-12-05,lietuvos rytas vilnius-partizan nis belgrade,93-75,0,80,http://www.eurocupbasketball.com/eurocup/games/results/showgame?gamecode=80&seasoncode=U2017,,eurocup,0.0,2017-12-05||lietuvos rytas vilnius-partizan nis belgrade,team,team||eurocup
0,0,Team,0,0,0,0,0.0,0,0,0.0,0,0,0.0,2,0,2,0,0,1,0,0,0,0,0,0,0,1,2017-18,Regular Season,Round 7,2017-12-05,lietuvos rytas vilnius-partizan nis belgrade,93-75,Partizan,80,http://www.eurocupbasketball.com/eurocup/games/results/showgame?gamecode=80&seasoncode=U2017,,eurocup,0.0,2017-12-05||lietuvos rytas vilnius-partizan nis belgrade,team,team||eurocup
0,0,Team,0,0,0,0,0.0,0,0,0.0,0,0,0.0,2,2,0,0,0,1,0,0,0,0,0,0,0,1,2017-18,Regular Season,Round 7,2017-12-05,limoges csp-retabet bilbao basket,86-74,0,81,http://www.eurocupbasketball.com/eurocup/games/results/showgame?gamecode=81&seasoncode=U2017,,eurocup,0.0,2017-12-05||limoges csp-retabet bilbao basket,team,team||eurocup
0,0,Team,0,0,0,0,0.0,0,0,0.0,0,0,0.0,2,2,0,0,0,0,0,0,0,0,0,0,0,2,2017-18,Regular Season,Round 7,2017-12-05,limoges csp-retabet bilbao basket,86-74,Bilbao,81,http://www.eurocupbasketball.com/eurocup/games/results/showgame?gamecode=81&seasoncode=U2017,,eurocup,0.0,2017-12-05||limoges csp-retabet bilbao basket,team,team||eurocup
0,0,Team,0,0,0,0,0.0,0,0,0.0,0,0,0.0,0,0,0,0,0,0,0,0,0,0,0,0,0,0,2017-18,Regular Season,Round 7,2017-12-06,herbalife gran canaria-tofas bursa,92-71,0,82,http://www.eurocupbasketball.com/eurocup/games/results/showgame?gamecode=82&seasoncode=U2017,,eurocup,0.0,2017-12-06||herbalife gran canaria-tofas bursa,team,team||eurocup
0,0,Team,0,0,0,0,0.0,0,0,0.0,0,0,0.0,0,0,0,0,0,0,0,0,0,0,0,0,0,0,2017-18,Regular Season,Round 7,2017-12-06,herbalife gran canaria-tofas bursa,92-71,Bursa,82,http://www.eurocupbasketball.com/eurocup/games/results/showgame?gamecode=82&seasoncode=U2017,,eurocup,0.0,2017-12-06||herbalife gran canaria-tofas bursa,team,team||eurocup
0,0,Team,0,0,0,0,0.0,0,0,0.0,0,0,0.0,3,2,1,0,0,1,0,0,0,0,0,0,0,2,2017-18,Regular Season,Round 7,2017-12-05,dolomiti energia trento-zenit st petersburg,103-81,0,83,http://www.eurocupbasketball.com/eurocup/games/results/showgame?gamecode=83&seasoncode=U2017,,eurocup,0.0,2017-12-05||dolomiti energia trento-zenit st petersburg,team,team||eurocup
0,0,Team,0,0,0,0,0.0,0,0,0.0,0,0,0.0,4,2,2,0,0,0,0,0,0,0,0,0,0,4,2017-18,Regular Season,Round 7,2017-12-05,dolomiti energia trento-zenit st petersburg,103-81,Zenit,83,http://www.eurocupbasketball.com/eurocup/games/results/showgame?gamecode=83&seasoncode=U2017,,eurocup,0.0,2017-12-05||dolomiti energia trento-zenit st petersburg,team,team||eurocup
0,0,Team,0,0,0,0,0.0,0,0,0.0,0,0,0.0,3,2,1,0,0,0,0,0,0,0,0,0,0,3,2017-18,Regular Season,Round 7,2017-12-06,ratiopharm ulm-asvel villeurbanne,84-94,0,84,http://www.eurocupbasketball.com/eurocup/games/results/showgame?gamecode=84&seasoncode=U2017,,eurocup,0.0,2017-12-06||ratiopharm ulm-asvel villeurbanne,team,team||eurocup
0,0,Team,0,0,0,0,0.0,0,0,0.0,0,0,0.0,4,3,1,0,0,0,0,0,0,0,0,0,0,4,2017-18,Regular Season,Round 7,2017-12-06,ratiopharm ulm-asvel villeurbanne,84-94,Asvel,84,http://www.eurocupbasketball.com/eurocup/games/results/showgame?gamecode=84&seasoncode=U2017,,eurocup,0.0,2017-12-06||ratiopharm ulm-asvel villeurbanne,team,team||eurocup
0,0,Team,0,0,0,0,0.0,0,0,0.0,0,0,0.0,2,1,1,0,0,0,0,0,0,0,0,0,0,2,2017-18,Regular Season,Round 8,2017-12-13,unics kazan-darussafaka istanbul,75-79,0,85,http://www.eurocupbasketball.com/eurocup/games/results/showgame?gamecode=85&seasoncode=U2017,,eurocup,0.0,2017-12-13||unics kazan-darussafaka istanbul,team,team||eurocup
0,0,Team,0,0,0,0,0.0,0,0,0.0,0,0,0.0,7,5,2,0,0,0,0,0,0,0,0,0,0,7,2017-18,Regular Season,Round 8,2017-12-13,unics kazan-darussafaka istanbul,75-79,Darussafaka,85,http://www.eurocupbasketball.com/eurocup/games/results/showgame?gamecode=85&seasoncode=U2017,,eurocup,0.0,2017-12-13||unics kazan-darussafaka istanbul,team,team||eurocup
0,0,Team,0,0,0,0,0.0,0,0,0.0,0,0,0.0,3,1,2,0,0,0,0,0,0,0,0,0,0,3,2017-18,Regular Season,Round 8,2017-12-13,fiat turin-levallois metropolitans,92-86,0,86,http://www.eurocupbasketball.com/eurocup/games/results/showgame?gamecode=86&seasoncode=U2017,,eurocup,0.0,2017-12-13||fiat turin-levallois metropolitans,team,team||eurocup
0,0,Team,0,0,0,0,0.0,0,0,0.0,0,0,0.0,1,0,1,0,0,0,0,0,0,0,0,0,0,1,2017-18,Regular Season,Round 8,2017-12-13,fiat turin-levallois metropolitans,92-86,Paris,86,http://www.eurocupbasketball.com/eurocup/games/results/showgame?gamecode=86&seasoncode=U2017,,eurocup,0.0,2017-12-13||fiat turin-levallois metropolitans,team,team||eurocup
0,0,Team,0,0,0,0,0.0,0,0,0.0,0,0,0.0,3,0,3,0,0,0,0,0,0,0,0,0,0,3,2017-18,Regular Season,Round 8,2017-12-13,morabanc andorra-cedevita zagreb,78-71,0,87,http://www.eurocupbasketball.com/eurocup/games/results/showgame?gamecode=87&seasoncode=U2017,,eurocup,0.0,2017-12-13||morabanc andorra-cedevita zagreb,team,team||eurocup
0,0,Team,0,0,0,0,0.0,0,0,0.0,0,0,0.0,0,0,0,0,0,0,0,0,0,0,0,0,0,0,2017-18,Regular Season,Round 8,2017-12-13,morabanc andorra-cedevita zagreb,78-71,Cedevita,87,http://www.eurocupbasketball.com/eurocup/games/results/showgame?gamecode=87&seasoncode=U2017,,eurocup,0.0,2017-12-13||morabanc andorra-cedevita zagreb,team,team||eurocup
0,0,Team,0,0,0,0,0.0,0,0,0.0,0,0,0.0,3,1,2,0,0,0,0,0,0,0,0,0,0,3,2017-18,Regular Season,Round 8,2017-12-13,fc bayern munich-hapoel bank yahav jerusalem,111-85,0,88,http://www.eurocupbasketball.com/eurocup/games/results/showgame?gamecode=88&seasoncode=U2017,,eurocup,0.0,2017-12-13||fc bayern munich-hapoel bank yahav jerusalem,team,team||eurocup
0,0,Team,0,0,0,0,0.0,0,0,0.0,0,0,0.0,5,1,4,0,0,1,0,0,0,0,0,0,0,4,2017-18,Regular Season,Round 8,2017-12-13,fc bayern munich-hapoel bank yahav jerusalem,111-85,Hapoel_Jerusalem,88,http://www.eurocupbasketball.com/eurocup/games/results/showgame?gamecode=88&seasoncode=U2017,,eurocup,0.0,2017-12-13||fc bayern munich-hapoel bank yahav jerusalem,team,team||eurocup
0,0,Team,0,0,0,0,0.0,0,0,0.0,0,0,0.0,5,2,3,0,0,0,0,0,0,0,0,0,0,5,2017-18,Regular Season,Round 8,2017-12-13,grissin bon reggio emilia-lietkabelis panevezys,82-85,0,89,http://www.eurocupbasketball.com/eurocup/games/results/showgame?gamecode=89&seasoncode=U2017,,eurocup,0.0,2017-12-13||grissin bon reggio emilia-lietkabelis panevezys,team,team||eurocup
0,0,Team,0,0,0,0,0.0,0,0,0.0,0,0,0.0,1,1,0,0,0,1,0,0,0,0,0,0,0,0,2017-18,Regular Season,Round 8,2017-12-13,grissin bon reggio emilia-lietkabelis panevezys,82-85,Panevezys,89,http://www.eurocupbasketball.com/eurocup/games/results/showgame?gamecode=89&seasoncode=U2017,,eurocup,0.0,2017-12-13||grissin bon reggio emilia-lietkabelis panevezys,team,team||eurocup
0,0,Team,0,0,0,0,0.0,0,0,0.0,0,0,0.0,3,1,2,0,0,1,0,0,0,0,0,0,0,2,2017-18,Regular Season,Round 8,2017-12-12,galatasaray odeabank istanbul-buducnost voli podgorica,82-61,0,90,http://www.eurocupbasketball.com/eurocup/games/results/showgame?gamecode=90&seasoncode=U2017,,eurocup,0.0,2017-12-12||galatasaray odeabank istanbul-buducnost voli podgorica,team,team||eurocup
0,0,Team,0,0,0,0,0.0,0,0,0.0,0,0,0.0,4,1,3,0,0,0,0,0,0,0,0,0,0,4,2017-18,Regular Season,Round 8,2017-12-12,galatasaray odeabank istanbul-buducnost voli podgorica,82-61,Buducnost,90,http://www.eurocupbasketball.com/eurocup/games/results/showgame?gamecode=90&seasoncode=U2017,,eurocup,0.0,2017-12-12||galatasaray odeabank istanbul-buducnost voli podgorica,team,team||eurocup
0,0,Team,0,0,0,0,0.0,0,0,0.0,0,0,0.0,3,1,2,0,0,0,0,0,0,0,0,0,0,3,2017-18,Regular Season,Round 8,2017-12-13,partizan nis belgrade-retabet bilbao basket,67-83,0,91,http://www.eurocupbasketball.com/eurocup/games/results/showgame?gamecode=91&seasoncode=U2017,,eurocup,0.0,2017-12-13||partizan nis belgrade-retabet bilbao basket,team,team||eurocup
0,0,Team,0,0,0,0,0.0,0,0,0.0,0,0,0.0,3,3,0,0,0,0,0,0,0,0,0,0,0,3,2017-18,Regular Season,Round 8,2017-12-13,partizan nis belgrade-retabet bilbao basket,67-83,Bilbao,91,http://www.eurocupbasketball.com/eurocup/games/results/showgame?gamecode=91&seasoncode=U2017,,eurocup,0.0,2017-12-13||partizan nis belgrade-retabet bilbao basket,team,team||eurocup
0,0,Team,0,0,0,0,0.0,0,0,0.0,0,0,0.0,6,6,0,0,0,0,0,0,0,0,0,0,0,6,2017-18,Regular Season,Round 8,2017-12-13,lokomotiv kuban krasnodar-lietuvos rytas vilnius,77-68,0,92,http://www.eurocupbasketball.com/eurocup/games/results/showgame?gamecode=92&seasoncode=U2017,,eurocup,0.0,2017-12-13||lokomotiv kuban krasnodar-lietuvos rytas vilnius,team,team||eurocup
0,0,Team,0,0,0,0,0.0,0,0,0.0,0,0,0.0,3,1,2,0,0,0,0,0,0,0,0,0,0,3,2017-18,Regular Season,Round 8,2017-12-13,lokomotiv kuban krasnodar-lietuvos rytas vilnius,77-68,Lietuvos_Rytas,92,http://www.eurocupbasketball.com/eurocup/games/results/showgame?gamecode=92&seasoncode=U2017,,eurocup,0.0,2017-12-13||lokomotiv kuban krasnodar-lietuvos rytas vilnius,team,team||eurocup
0,0,Team,0,0,0,0,0.0,0,0,0.0,0,0,0.0,5,3,2,0,0,0,0,0,0,0,0,0,0,5,2017-18,Regular Season,Round 8,2017-12-12,alba berlin-limoges csp,78-84,0,93,http://www.eurocupbasketball.com/eurocup/games/results/showgame?gamecode=93&seasoncode=U2017,,eurocup,0.0,2017-12-12||alba berlin-limoges csp,team,team||eurocup
0,0,Team,0,0,0,0,0.0,0,0,0.0,0,0,0.0,4,3,1,0,0,0,0,0,0,0,0,0,0,4,2017-18,Regular Season,Round 8,2017-12-12,alba berlin-limoges csp,78-84,Limoges,93,http://www.eurocupbasketball.com/eurocup/games/results/showgame?gamecode=93&seasoncode=U2017,,eurocup,0.0,2017-12-12||alba berlin-limoges csp,team,team||eurocup
0,0,Team,0,0,0,0,0.0,0,0,0.0,0,0,0.0,2,1,1,0,0,0,0,0,0,0,0,0,0,2,2017-18,Regular Season,Round 8,2017-12-12,zenit st petersburg-asvel villeurbanne,89-92,0,94,http://www.eurocupbasketball.com/eurocup/games/results/showgame?gamecode=94&seasoncode=U2017,,eurocup,0.0,2017-12-12||zenit st petersburg-asvel villeurbanne,team,team||eurocup
0,0,Team,0,0,0,0,0.0,0,0,0.0,0,0,0.0,4,2,2,0,0,1,0,0,0,0,0,0,0,3,2017-18,Regular Season,Round 8,2017-12-12,zenit st petersburg-asvel villeurbanne,89-92,Asvel,94,http://www.eurocupbasketball.com/eurocup/games/results/showgame?gamecode=94&seasoncode=U2017,,eurocup,0.0,2017-12-12||zenit st petersburg-asvel villeurbanne,team,team||eurocup
0,0,Team,0,0,0,0,0.0,0,0,0.0,0,0,0.0,5,3,2,0,0,0,0,0,0,0,0,0,0,5,2017-18,Regular Season,Round 8,2017-12-13,tofas bursa-dolomiti energia trento,79-91,0,95,http://www.eurocupbasketball.com/eurocup/games/results/showgame?gamecode=95&seasoncode=U2017,,eurocup,0.0,2017-12-13||tofas bursa-dolomiti energia trento,team,team||eurocup
0,0,Team,0,0,0,0,0.0,0,0,0.0,0,0,0.0,2,1,1,0,0,0,0,0,0,0,0,0,0,2,2017-18,Regular Season,Round 8,2017-12-13,tofas bursa-dolomiti energia trento,79-91,Trento,95,http://www.eurocupbasketball.com/eurocup/games/results/showgame?gamecode=95&seasoncode=U2017,,eurocup,0.0,2017-12-13||tofas bursa-dolomiti energia trento,team,team||eurocup
0,0,Team,0,0,0,0,0.0,0,0,0.0,0,0,0.0,1,0,1,0,0,0,0,0,0,0,0,0,0,1,2017-18,Regular Season,Round 8,2017-12-13,herbalife gran canaria-ratiopharm ulm,97-84,0,96,http://www.eurocupbasketball.com/eurocup/games/results/showgame?gamecode=96&seasoncode=U2017,,eurocup,0.0,2017-12-13||herbalife gran canaria-ratiopharm ulm,team,team||eurocup
0,0,Team,0,0,0,0,0.0,0,0,0.0,0,0,0.0,2,1,1,0,0,0,0,0,0,0,0,0,0,2,2017-18,Regular Season,Round 8,2017-12-13,herbalife gran canaria-ratiopharm ulm,97-84,Ulm,96,http://www.eurocupbasketball.com/eurocup/games/results/showgame?gamecode=96&seasoncode=U2017,,eurocup,0.0,2017-12-13||herbalife gran canaria-ratiopharm ulm,team,team||eurocup
0,0,Team,0,0,0,0,0.0,0,0,0.0,0,0,0.0,2,2,0,0,0,1,0,0,0,0,0,0,0,1,2017-18,Regular Season,Round 9,2017-12-20,levallois metropolitans-morabanc andorra,99-92,0,97,http://www.eurocupbasketball.com/eurocup/games/results/showgame?gamecode=97&seasoncode=U2017,,eurocup,0.0,2017-12-20||levallois metropolitans-morabanc andorra,team,team||eurocup
0,0,Team,0,0,0,0,0.0,0,0,0.0,0,0,0.0,7,1,6,0,0,0,0,0,0,0,0,0,0,7,2017-18,Regular Season,Round 9,2017-12-20,levallois metropolitans-morabanc andorra,99-92,Andorra,97,http://www.eurocupbasketball.com/eurocup/games/results/showgame?gamecode=97&seasoncode=U2017,,eurocup,0.0,2017-12-20||levallois metropolitans-morabanc andorra,team,team||eurocup
0,0,Team,0,0,0,0,0.0,0,0,0.0,0,0,0.0,3,2,1,0,0,0,0,0,0,0,0,0,0,3,2017-18,Regular Season,Round 9,2017-12-20,darussafaka istanbul-fiat turin,75-77,0,98,http://www.eurocupbasketball.com/eurocup/games/results/showgame?gamecode=98&seasoncode=U2017,,eurocup,0.0,2017-12-20||darussafaka istanbul-fiat turin,team,team||eurocup
0,0,Team,0,0,0,0,0.0,0,0,0.0,0,0,0.0,7,4,3,0,0,1,0,0,0,0,0,0,0,6,2017-18,Regular Season,Round 9,2017-12-20,darussafaka istanbul-fiat turin,75-77,Turin,98,http://www.eurocupbasketball.com/eurocup/games/results/showgame?gamecode=98&seasoncode=U2017,,eurocup,0.0,2017-12-20||darussafaka istanbul-fiat turin,team,team||eurocup
0,0,Team,0,0,0,0,0.0,0,0,0.0,0,0,0.0,4,1,3,0,0,0,0,0,0,0,0,0,0,4,2017-18,Regular Season,Round 9,2017-12-20,unics kazan-cedevita zagreb,78-61,0,99,http://www.eurocupbasketball.com/eurocup/games/results/showgame?gamecode=99&seasoncode=U2017,,eurocup,0.0,2017-12-20||unics kazan-cedevita zagreb,team,team||eurocup
0,0,Team,0,0,0,0,0.0,0,0,0.0,0,0,0.0,5,1,4,0,0,0,0,0,0,0,0,0,0,5,2017-18,Regular Season,Round 9,2017-12-20,unics kazan-cedevita zagreb,78-61,Cedevita,99,http://www.eurocupbasketball.com/eurocup/games/results/showgame?gamecode=99&seasoncode=U2017,,eurocup,0.0,2017-12-20||unics kazan-cedevita zagreb,team,team||eurocup
0,0,Team,0,0,0,0,0.0,0,0,0.0,0,0,0.0,6,2,4,0,0,1,0,0,0,0,0,0,0,5,2017-18,Regular Season,Round 9,2017-12-19,lietkabelis panevezys-galatasaray odeabank istanbul,77-84,0,100,http://www.eurocupbasketball.com/eurocup/games/results/showgame?gamecode=100&seasoncode=U2017,,eurocup,0.0,2017-12-19||lietkabelis panevezys-galatasaray odeabank istanbul,team,team||eurocup
0,0,Team,0,0,0,0,0.0,0,0,0.0,0,0,0.0,2,1,1,0,0,1,0,0,0,0,0,0,0,1,2017-18,Regular Season,Round 9,2017-12-19,lietkabelis panevezys-galatasaray odeabank istanbul,77-84,Galatasaray,100,http://www.eurocupbasketball.com/eurocup/games/results/showgame?gamecode=100&seasoncode=U2017,,eurocup,0.0,2017-12-19||lietkabelis panevezys-galatasaray odeabank istanbul,team,team||eurocup
0,0,Team,0,0,0,0,0.0,0,0,0.0,0,0,0.0,1,0,1,0,0,0,0,0,0,0,0,0,0,1,2017-18,Regular Season,Round 9,2017-12-20,hapoel bank yahav jerusalem-grissin bon reggio emilia,66-79,0,101,http://www.eurocupbasketball.com/eurocup/games/results/showgame?gamecode=101&seasoncode=U2017,,eurocup,0.0,2017-12-20||hapoel bank yahav jerusalem-grissin bon reggio emilia,team,team||eurocup
0,0,Team,0,0,0,0,0.0,0,0,0.0,0,0,0.0,4,4,0,0,0,0,0,0,0,0,0,0,0,4,2017-18,Regular Season,Round 9,2017-12-20,hapoel bank yahav jerusalem-grissin bon reggio emilia,66-79,Reggio_Emilia,101,http://www.eurocupbasketball.com/eurocup/games/results/showgame?gamecode=101&seasoncode=U2017,,eurocup,0.0,2017-12-20||hapoel bank yahav jerusalem-grissin bon reggio emilia,team,team||eurocup
0,0,Team,0,0,0,0,0.0,0,0,0.0,0,0,0.0,4,2,2,0,0,1,0,0,0,0,0,0,0,3,2017-18,Regular Season,Round 9,2017-12-19,fc bayern munich-buducnost voli podgorica,85-82,0,102,http://www.eurocupbasketball.com/eurocup/games/results/showgame?gamecode=102&seasoncode=U2017,,eurocup,0.0,2017-12-19||fc bayern munich-buducnost voli podgorica,team,team||eurocup
0,0,Team,0,0,0,0,0.0,0,0,0.0,0,0,0.0,3,1,2,0,0,2,0,0,0,0,0,0,0,1,2017-18,Regular Season,Round 9,2017-12-19,fc bayern munich-buducnost voli podgorica,85-82,Buducnost,102,http://www.eurocupbasketball.com/eurocup/games/results/showgame?gamecode=102&seasoncode=U2017,,eurocup,0.0,2017-12-19||fc bayern munich-buducnost voli podgorica,team,team||eurocup
0,0,Team,0,0,0,0,0.0,0,0,0.0,0,0,0.0,4,1,3,0,0,0,0,0,0,0,0,0,0,4,2017-18,Regular Season,Round 9,2017-12-20,lietuvos rytas vilnius-alba berlin,94-73,0,103,http://www.eurocupbasketball.com/eurocup/games/results/showgame?gamecode=103&seasoncode=U2017,,eurocup,0.0,2017-12-20||lietuvos rytas vilnius-alba berlin,team,team||eurocup
0,0,Team,0,0,0,0,0.0,0,0,0.0,0,0,0.0,3,0,3,0,0,1,0,0,0,0,0,0,0,2,2017-18,Regular Season,Round 9,2017-12-20,lietuvos rytas vilnius-alba berlin,94-73,Alba_Berlin,103,http://www.eurocupbasketball.com/eurocup/games/results/showgame?gamecode=103&seasoncode=U2017,,eurocup,0.0,2017-12-20||lietuvos rytas vilnius-alba berlin,team,team||eurocup
0,0,Team,0,0,0,0,0.0,0,0,0.0,0,0,0.0,3,2,1,0,0,0,0,0,0,0,0,0,0,3,2017-18,Regular Season,Round 9,2017-12-20,retabet bilbao basket-lokomotiv kuban krasnodar,69-91,0,104,http://www.eurocupbasketball.com/eurocup/games/results/showgame?gamecode=104&seasoncode=U2017,,eurocup,0.0,2017-12-20||retabet bilbao basket-lokomotiv kuban krasnodar,team,team||eurocup
0,0,Team,0,0,0,0,0.0,0,0,0.0,0,0,0.0,1,1,0,0,0,0,0,0,0,0,0,0,0,1,2017-18,Regular Season,Round 9,2017-12-20,retabet bilbao basket-lokomotiv kuban krasnodar,69-91,Kuban,104,http://www.eurocupbasketball.com/eurocup/games/results/showgame?gamecode=104&seasoncode=U2017,,eurocup,0.0,2017-12-20||retabet bilbao basket-lokomotiv kuban krasnodar,team,team||eurocup
0,0,Team,0,0,0,0,0.0,0,0,0.0,0,0,0.0,3,0,3,0,0,1,0,0,0,0,0,0,0,2,2017-18,Regular Season,Round 9,2017-12-19,partizan nis belgrade-limoges csp,98-101,0,105,http://www.eurocupbasketball.com/eurocup/games/results/showgame?gamecode=105&seasoncode=U2017,,eurocup,0.0,2017-12-19||partizan nis belgrade-limoges csp,team,team||eurocup
0,0,Team,0,0,0,0,0.0,0,0,0.0,0,0,0.0,8,3,5,0,0,1,0,0,0,0,0,0,0,7,2017-18,Regular Season,Round 9,2017-12-19,partizan nis belgrade-limoges csp,98-101,Limoges,105,http://www.eurocupbasketball.com/eurocup/games/results/showgame?gamecode=105&seasoncode=U2017,,eurocup,0.0,2017-12-19||partizan nis belgrade-limoges csp,team,team||eurocup
0,0,Team,0,0,0,0,0.0,0,0,0.0,0,0,0.0,3,3,0,0,0,0,0,0,0,0,0,0,0,3,2017-18,Regular Season,Round 9,2017-12-20,dolomiti energia trento-herbalife gran canaria,79-76,0,106,http://www.eurocupbasketball.com/eurocup/games/results/showgame?gamecode=106&seasoncode=U2017,,eurocup,0.0,2017-12-20||dolomiti energia trento-herbalife gran canaria,team,team||eurocup
0,0,Team,0,0,0,0,0.0,0,0,0.0,0,0,0.0,5,2,3,0,0,0,0,0,0,0,0,0,0,5,2017-18,Regular Season,Round 9,2017-12-20,dolomiti energia trento-herbalife gran canaria,79-76,Gran_Canaria,106,http://www.eurocupbasketball.com/eurocup/games/results/showgame?gamecode=106&seasoncode=U2017,,eurocup,0.0,2017-12-20||dolomiti energia trento-herbalife gran canaria,team,team||eurocup
0,0,Team,0,0,0,0,0.0,0,0,0.0,0,0,0.0,2,1,1,0,0,0,0,0,0,0,0,0,0,2,2017-18,Regular Season,Round 9,2017-12-20,asvel villeurbanne-tofas bursa,84-74,0,107,http://www.eurocupbasketball.com/eurocup/games/results/showgame?gamecode=107&seasoncode=U2017,,eurocup,0.0,2017-12-20||asvel villeurbanne-tofas bursa,team,team||eurocup
0,0,Team,0,0,0,0,0.0,0,0,0.0,0,0,0.0,5,3,2,0,0,0,0,0,0,0,0,0,0,5,2017-18,Regular Season,Round 9,2017-12-20,asvel villeurbanne-tofas bursa,84-74,Bursa,107,http://www.eurocupbasketball.com/eurocup/games/results/showgame?gamecode=107&seasoncode=U2017,,eurocup,0.0,2017-12-20||asvel villeurbanne-tofas bursa,team,team||eurocup
0,0,Team,0,0,0,0,0.0,0,0,0.0,0,0,0.0,7,3,4,0,0,0,0,0,0,0,0,0,0,7,2017-18,Regular Season,Round 9,2017-12-19,zenit st petersburg-ratiopharm ulm,90-78,0,108,http://www.eurocupbasketball.com/eurocup/games/results/showgame?gamecode=108&seasoncode=U2017,,eurocup,0.0,2017-12-19||zenit st petersburg-ratiopharm ulm,team,team||eurocup
0,0,Team,0,0,0,0,0.0,0,0,0.0,0,0,0.0,5,3,2,0,0,0,0,0,0,0,0,0,0,5,2017-18,Regular Season,Round 9,2017-12-19,zenit st petersburg-ratiopharm ulm,90-78,Ulm,108,http://www.eurocupbasketball.com/eurocup/games/results/showgame?gamecode=108&seasoncode=U2017,,eurocup,0.0,2017-12-19||zenit st petersburg-ratiopharm ulm,team,team||eurocup
0,0,Team,0,0,0,0,0.0,0,0,0.0,0,0,0.0,2,0,2,0,0,0,0,0,0,0,0,0,0,2,2017-18,Regular Season,Round 10,2017-12-26,fiat turin-unics kazan,72-79,0,109,http://www.eurocupbasketball.com/eurocup/games/results/showgame?gamecode=109&seasoncode=U2017,,eurocup,0.0,2017-12-26||fiat turin-unics kazan,team,team||eurocup
0,0,Team,0,0,0,0,0.0,0,0,0.0,0,0,0.0,1,1,0,0,0,0,0,0,0,0,0,0,0,1,2017-18,Regular Season,Round 10,2017-12-26,fiat turin-unics kazan,72-79,Unics_Kazan,109,http://www.eurocupbasketball.com/eurocup/games/results/showgame?gamecode=109&seasoncode=U2017,,eurocup,0.0,2017-12-26||fiat turin-unics kazan,team,team||eurocup
0,0,Team,0,0,0,0,0.0,0,0,0.0,0,0,0.0,5,2,3,0,0,2,0,0,0,0,0,0,0,3,2017-18,Regular Season,Round 10,2017-12-27,morabanc andorra-darussafaka istanbul,68-69,0,110,http://www.eurocupbasketball.com/eurocup/games/results/showgame?gamecode=110&seasoncode=U2017,,eurocup,0.0,2017-12-27||morabanc andorra-darussafaka istanbul,team,team||eurocup
0,0,Team,0,0,0,0,0.0,0,0,0.0,0,0,0.0,6,1,5,0,0,2,0,0,0,0,0,0,0,4,2017-18,Regular Season,Round 10,2017-12-27,morabanc andorra-darussafaka istanbul,68-69,Darussafaka,110,http://www.eurocupbasketball.com/eurocup/games/results/showgame?gamecode=110&seasoncode=U2017,,eurocup,0.0,2017-12-27||morabanc andorra-darussafaka istanbul,team,team||eurocup
0,0,Team,0,0,0,0,0.0,0,0,0.0,0,0,0.0,3,1,2,0,0,1,0,0,0,0,0,0,0,2,2017-18,Regular Season,Round 10,2017-12-27,cedevita zagreb-levallois metropolitans,94-79,0,111,http://www.eurocupbasketball.com/eurocup/games/results/showgame?gamecode=111&seasoncode=U2017,,eurocup,0.0,2017-12-27||cedevita zagreb-levallois metropolitans,team,team||eurocup
0,0,Team,0,0,0,0,0.0,0,0,0.0,0,0,0.0,2,1,1,0,0,0,0,0,0,0,0,0,0,2,2017-18,Regular Season,Round 10,2017-12-27,cedevita zagreb-levallois metropolitans,94-79,Paris,111,http://www.eurocupbasketball.com/eurocup/games/results/showgame?gamecode=111&seasoncode=U2017,,eurocup,0.0,2017-12-27||cedevita zagreb-levallois metropolitans,team,team||eurocup
0,0,Team,0,0,0,0,0.0,0,0,0.0,0,0,0.0,3,2,1,0,0,0,0,0,0,0,0,0,0,3,2017-18,Regular Season,Round 10,2017-12-27,grissin bon reggio emilia-fc bayern munich,90-82,0,112,http://www.eurocupbasketball.com/eurocup/games/results/showgame?gamecode=112&seasoncode=U2017,,eurocup,0.0,2017-12-27||grissin bon reggio emilia-fc bayern munich,team,team||eurocup
0,0,Team,0,0,0,0,0.0,0,0,0.0,0,0,0.0,4,0,4,0,0,0,0,0,0,0,0,0,0,4,2017-18,Regular Season,Round 10,2017-12-27,grissin bon reggio emilia-fc bayern munich,90-82,Bayern_Munich,112,http://www.eurocupbasketball.com/eurocup/games/results/showgame?gamecode=112&seasoncode=U2017,,eurocup,0.0,2017-12-27||grissin bon reggio emilia-fc bayern munich,team,team||eurocup
0,0,Team,0,0,0,0,0.0,0,0,0.0,0,0,0.0,0,0,0,0,0,0,0,0,0,0,0,0,0,0,2017-18,Regular Season,Round 10,2017-12-27,galatasaray odeabank istanbul-hapoel bank yahav jerusalem,87-68,0,113,http://www.eurocupbasketball.com/eurocup/games/results/showgame?gamecode=113&seasoncode=U2017,,eurocup,0.0,2017-12-27||galatasaray odeabank istanbul-hapoel bank yahav jerusalem,team,team||eurocup
0,0,Team,0,0,0,0,0.0,0,0,0.0,0,0,0.0,2,1,1,0,0,1,0,0,0,0,0,0,0,1,2017-18,Regular Season,Round 10,2017-12-27,galatasaray odeabank istanbul-hapoel bank yahav jerusalem,87-68,Hapoel_Jerusalem,113,http://www.eurocupbasketball.com/eurocup/games/results/showgame?gamecode=113&seasoncode=U2017,,eurocup,0.0,2017-12-27||galatasaray odeabank istanbul-hapoel bank yahav jerusalem,team,team||eurocup
0,0,Team,0,0,0,0,0.0,0,0,0.0,0,0,0.0,6,4,2,0,0,0,0,0,0,0,0,0,0,6,2017-18,Regular Season,Round 10,2017-12-27,buducnost voli podgorica-lietkabelis panevezys,76-62,0,114,http://www.eurocupbasketball.com/eurocup/games/results/showgame?gamecode=114&seasoncode=U2017,,eurocup,0.0,2017-12-27||buducnost voli podgorica-lietkabelis panevezys,team,team||eurocup
0,0,Team,0,0,0,0,0.0,0,0,0.0,0,0,0.0,3,1,2,0,0,0,0,0,0,0,0,0,0,3,2017-18,Regular Season,Round 10,2017-12-27,buducnost voli podgorica-lietkabelis panevezys,76-62,Panevezys,114,http://www.eurocupbasketball.com/eurocup/games/results/showgame?gamecode=114&seasoncode=U2017,,eurocup,0.0,2017-12-27||buducnost voli podgorica-lietkabelis panevezys,team,team||eurocup
0,0,Team,0,0,0,0,0.0,0,0,0.0,0,0,0.0,3,2,1,0,0,0,0,0,0,0,0,0,0,3,2017-18,Regular Season,Round 10,2017-12-27,lokomotiv kuban krasnodar-partizan nis belgrade,99-64,0,115,http://www.eurocupbasketball.com/eurocup/games/results/showgame?gamecode=115&seasoncode=U2017,,eurocup,0.0,2017-12-27||lokomotiv kuban krasnodar-partizan nis belgrade,team,team||eurocup
0,0,Team,0,0,0,0,0.0,0,0,0.0,0,0,0.0,5,2,3,0,0,1,0,0,0,0,0,0,0,4,2017-18,Regular Season,Round 10,2017-12-27,lokomotiv kuban krasnodar-partizan nis belgrade,99-64,Partizan,115,http://www.eurocupbasketball.com/eurocup/games/results/showgame?gamecode=115&seasoncode=U2017,,eurocup,0.0,2017-12-27||lokomotiv kuban krasnodar-partizan nis belgrade,team,team||eurocup
0,0,Team,0,0,0,0,0.0,0,0,0.0,0,0,0.0,2,0,2,0,0,0,0,0,0,0,0,0,0,2,2017-18,Regular Season,Round 10,2017-12-27,alba berlin-retabet bilbao basket,86-68,0,116,http://www.eurocupbasketball.com/eurocup/games/results/showgame?gamecode=116&seasoncode=U2017,,eurocup,0.0,2017-12-27||alba berlin-retabet bilbao basket,team,team||eurocup
0,0,Team,0,0,0,0,0.0,0,0,0.0,0,0,0.0,3,1,2,0,0,4,0,0,0,0,0,0,0,-1,2017-18,Regular Season,Round 10,2017-12-27,alba berlin-retabet bilbao basket,86-68,Bilbao,116,http://www.eurocupbasketball.com/eurocup/games/results/showgame?gamecode=116&seasoncode=U2017,,eurocup,0.0,2017-12-27||alba berlin-retabet bilbao basket,team,team||eurocup
0,0,Team,0,0,0,0,0.0,0,0,0.0,0,0,0.0,6,2,4,0,0,0,0,0,0,0,0,0,0,6,2017-18,Regular Season,Round 10,2017-12-26,limoges csp-lietuvos rytas vilnius,69-71,0,117,http://www.eurocupbasketball.com/eurocup/games/results/showgame?gamecode=117&seasoncode=U2017,,eurocup,0.0,2017-12-26||limoges csp-lietuvos rytas vilnius,team,team||eurocup
0,0,Team,0,0,0,0,0.0,0,0,0.0,0,0,0.0,3,1,2,0,0,2,0,0,0,0,0,0,0,1,2017-18,Regular Season,Round 10,2017-12-26,limoges csp-lietuvos rytas vilnius,69-71,Lietuvos_Rytas,117,http://www.eurocupbasketball.com/eurocup/games/results/showgame?gamecode=117&seasoncode=U2017,,eurocup,0.0,2017-12-26||limoges csp-lietuvos rytas vilnius,team,team||eurocup
0,0,Team,0,0,0,0,0.0,0,0,0.0,0,0,0.0,6,1,5,0,0,0,0,0,0,0,0,0,0,6,2017-18,Regular Season,Round 10,2017-12-26,tofas bursa-zenit st petersburg,76-80,0,118,http://www.eurocupbasketball.com/eurocup/games/results/showgame?gamecode=118&seasoncode=U2017,,eurocup,0.0,2017-12-26||tofas bursa-zenit st petersburg,team,team||eurocup
0,0,Team,0,0,0,0,0.0,0,0,0.0,0,0,0.0,1,1,0,0,0,1,0,0,0,0,0,0,0,0,2017-18,Regular Season,Round 10,2017-12-26,tofas bursa-zenit st petersburg,76-80,Zenit,118,http://www.eurocupbasketball.com/eurocup/games/results/showgame?gamecode=118&seasoncode=U2017,,eurocup,0.0,2017-12-26||tofas bursa-zenit st petersburg,team,team||eurocup
0,0,Team,0,0,0,0,0.0,0,0,0.0,0,0,0.0,5,2,3,0,0,0,0,0,0,0,0,0,0,5,2017-18,Regular Season,Round 10,2017-12-27,herbalife gran canaria-asvel villeurbanne,128-129,0,119,http://www.eurocupbasketball.com/eurocup/games/results/showgame?gamecode=119&seasoncode=U2017,,eurocup,0.0,2017-12-27||herbalife gran canaria-asvel villeurbanne,team,team||eurocup
0,0,Team,0,0,0,0,0.0,0,0,0.0,0,0,0.0,5,1,4,0,0,0,0,0,0,0,0,0,0,5,2017-18,Regular Season,Round 10,2017-12-27,herbalife gran canaria-asvel villeurbanne,128-129,Asvel,119,http://www.eurocupbasketball.com/eurocup/games/results/showgame?gamecode=119&seasoncode=U2017,,eurocup,0.0,2017-12-27||herbalife gran canaria-asvel villeurbanne,team,team||eurocup
0,0,Team,0,0,0,0,0.0,0,0,0.0,0,0,0.0,8,4,4,0,0,0,0,0,0,0,0,0,0,8,2017-18,Regular Season,Round 10,2017-12-27,ratiopharm ulm-dolomiti energia trento,84-94,0,120,http://www.eurocupbasketball.com/eurocup/games/results/showgame?gamecode=120&seasoncode=U2017,,eurocup,0.0,2017-12-27||ratiopharm ulm-dolomiti energia trento,team,team||eurocup
0,0,Team,0,0,0,0,0.0,0,0,0.0,0,0,0.0,0,0,0,0,0,2,0,0,0,0,0,0,0,-2,2017-18,Regular Season,Round 10,2017-12-27,ratiopharm ulm-dolomiti energia trento,84-94,Trento,120,http://www.eurocupbasketball.com/eurocup/games/results/showgame?gamecode=120&seasoncode=U2017,,eurocup,0.0,2017-12-27||ratiopharm ulm-dolomiti energia trento,team,team||eurocup
0,0,Team,0,0,0,0,0.0,0,0,0.0,0,0,0.0,4,1,3,0,0,1,0,0,0,0,0,0,0,3,2017-18,Top 16,Round 1,2018-01-03,galatasaray odeabank istanbul-darussafaka istanbul,65-84,0,121,http://www.eurocupbasketball.com/eurocup/games/results/showgame?gamecode=121&seasoncode=U2017,,eurocup,0.0,2018-01-03||galatasaray odeabank istanbul-darussafaka istanbul,team,team||eurocup
0,0,Team,0,0,0,0,0.0,0,0,0.0,0,0,0.0,1,0,1,0,0,0,0,0,0,0,0,0,0,1,2017-18,Top 16,Round 1,2018-01-03,galatasaray odeabank istanbul-darussafaka istanbul,65-84,Darussafaka,121,http://www.eurocupbasketball.com/eurocup/games/results/showgame?gamecode=121&seasoncode=U2017,,eurocup,0.0,2018-01-03||galatasaray odeabank istanbul-darussafaka istanbul,team,team||eurocup
0,0,Team,0,0,0,0,0.0,0,0,0.0,0,0,0.0,2,2,0,0,0,0,0,0,0,0,0,0,0,2,2017-18,Top 16,Round 1,2018-01-02,herbalife gran canaria-alba berlin,100-81,0,122,http://www.eurocupbasketball.com/eurocup/games/results/showgame?gamecode=122&seasoncode=U2017,,eurocup,0.0,2018-01-02||herbalife gran canaria-alba berlin,team,team||eurocup
0,0,Team,0,0,0,0,0.0,0,0,0.0,0,0,0.0,1,0,1,0,0,0,0,0,0,0,0,0,0,1,2017-18,Top 16,Round 1,2018-01-02,herbalife gran canaria-alba berlin,100-81,Alba_Berlin,122,http://www.eurocupbasketball.com/eurocup/games/results/showgame?gamecode=122&seasoncode=U2017,,eurocup,0.0,2018-01-02||herbalife gran canaria-alba berlin,team,team||eurocup
0,0,Team,0,0,0,0,0.0,0,0,0.0,0,0,0.0,0,0,0,0,0,0,0,0,0,0,0,0,0,0,2017-18,Top 16,Round 1,2018-01-02,fiat turin-fc bayern munich,90-76,0,123,http://www.eurocupbasketball.com/eurocup/games/results/showgame?gamecode=123&seasoncode=U2017,,eurocup,0.0,2018-01-02||fiat turin-fc bayern munich,team,team||eurocup
0,0,Team,0,0,0,0,0.0,0,0,0.0,0,0,0.0,0,0,0,0,0,1,0,0,0,0,0,0,0,-1,2017-18,Top 16,Round 1,2018-01-02,fiat turin-fc bayern munich,90-76,Bayern_Munich,123,http://www.eurocupbasketball.com/eurocup/games/results/showgame?gamecode=123&seasoncode=U2017,,eurocup,0.0,2018-01-02||fiat turin-fc bayern munich,team,team||eurocup
0,0,Team,0,0,0,0,0.0,0,0,0.0,0,0,0.0,7,2,5,0,0,1,0,0,0,0,0,0,0,6,2017-18,Top 16,Round 1,2018-01-03,lietuvos rytas vilnius-zenit st petersburg,96-98,0,124,http://www.eurocupbasketball.com/eurocup/games/results/showgame?gamecode=124&seasoncode=U2017,,eurocup,0.0,2018-01-03||lietuvos rytas vilnius-zenit st petersburg,team,team||eurocup
0,0,Team,0,0,0,0,0.0,0,0,0.0,0,0,0.0,9,4,5,0,0,0,0,0,0,0,0,0,0,9,2017-18,Top 16,Round 1,2018-01-03,lietuvos rytas vilnius-zenit st petersburg,96-98,Zenit,124,http://www.eurocupbasketball.com/eurocup/games/results/showgame?gamecode=124&seasoncode=U2017,,eurocup,0.0,2018-01-03||lietuvos rytas vilnius-zenit st petersburg,team,team||eurocup
0,0,Team,0,0,0,0,0.0,0,0,0.0,0,0,0.0,5,1,4,0,0,0,0,0,0,0,0,0,0,5,2017-18,Top 16,Round 1,2018-01-03,buducnost voli podgorica-lokomotiv kuban krasnodar,62-68,0,125,http://www.eurocupbasketball.com/eurocup/games/results/showgame?gamecode=125&seasoncode=U2017,,eurocup,0.0,2018-01-03||buducnost voli podgorica-lokomotiv kuban krasnodar,team,team||eurocup
0,0,Team,0,0,0,0,0.0,0,0,0.0,0,0,0.0,5,4,1,0,0,0,0,0,0,0,0,0,0,5,2017-18,Top 16,Round 1,2018-01-03,buducnost voli podgorica-lokomotiv kuban krasnodar,62-68,Kuban,125,http://www.eurocupbasketball.com/eurocup/games/results/showgame?gamecode=125&seasoncode=U2017,,eurocup,0.0,2018-01-03||buducnost voli podgorica-lokomotiv kuban krasnodar,team,team||eurocup
0,0,Team,0,0,0,0,0.0,0,0,0.0,0,0,0.0,1,0,1,0,0,0,0,0,0,0,0,0,0,1,2017-18,Top 16,Round 1,2018-01-03,dolomiti energia trento-cedevita zagreb,83-72,0,126,http://www.eurocupbasketball.com/eurocup/games/results/showgame?gamecode=126&seasoncode=U2017,,eurocup,0.0,2018-01-03||dolomiti energia trento-cedevita zagreb,team,team||eurocup
0,0,Team,0,0,0,0,0.0,0,0,0.0,0,0,0.0,3,3,0,0,0,0,0,0,0,0,0,0,0,3,2017-18,Top 16,Round 1,2018-01-03,dolomiti energia trento-cedevita zagreb,83-72,Cedevita,126,http://www.eurocupbasketball.com/eurocup/games/results/showgame?gamecode=126&seasoncode=U2017,,eurocup,0.0,2018-01-03||dolomiti energia trento-cedevita zagreb,team,team||eurocup
0,0,Team,0,0,0,0,0.0,0,0,0.0,0,0,0.0,2,1,1,0,0,1,0,0,0,0,0,0,0,1,2017-18,Top 16,Round 1,2018-01-03,unics kazan-asvel villeurbanne,88-84,0,127,http://www.eurocupbasketball.com/eurocup/games/results/showgame?gamecode=127&seasoncode=U2017,,eurocup,0.0,2018-01-03||unics kazan-asvel villeurbanne,team,team||eurocup
0,0,Team,0,0,0,0,0.0,0,0,0.0,0,0,0.0,3,2,1,0,0,2,0,0,0,0,0,0,0,1,2017-18,Top 16,Round 1,2018-01-03,unics kazan-asvel villeurbanne,88-84,Asvel,127,http://www.eurocupbasketball.com/eurocup/games/results/showgame?gamecode=127&seasoncode=U2017,,eurocup,0.0,2018-01-03||unics kazan-asvel villeurbanne,team,team||eurocup
0,0,Team,0,0,0,0,0.0,0,0,0.0,0,0,0.0,2,0,2,0,0,0,0,0,0,0,0,0,0,2,2017-18,Top 16,Round 1,2018-01-02,grissin bon reggio emilia-limoges csp,87-54,0,128,http://www.eurocupbasketball.com/eurocup/games/results/showgame?gamecode=128&seasoncode=U2017,,eurocup,0.0,2018-01-02||grissin bon reggio emilia-limoges csp,team,team||eurocup
0,0,Team,0,0,0,0,0.0,0,0,0.0,0,0,0.0,8,5,3,0,0,2,0,0,0,0,0,0,0,6,2017-18,Top 16,Round 1,2018-01-02,grissin bon reggio emilia-limoges csp,87-54,Limoges,128,http://www.eurocupbasketball.com/eurocup/games/results/showgame?gamecode=128&seasoncode=U2017,,eurocup,0.0,2018-01-02||grissin bon reggio emilia-limoges csp,team,team||eurocup
0,0,Team,0,0,0,0,0.0,0,0,0.0,0,0,0.0,3,2,1,0,0,1,0,0,0,0,0,0,0,2,2017-18,Top 16,Round 2,2018-01-10,alba berlin-galatasaray odeabank istanbul,95-62,0,1,http://www.eurocupbasketball.com/eurocup/games/results/showgame?gamecode=129&seasoncode=U2017,,eurocup,0.0,2018-01-10||alba berlin-galatasaray odeabank istanbul,team,team||eurocup
0,0,Team,0,0,0,0,0.0,0,0,0.0,0,0,0.0,2,2,0,0,0,2,0,0,0,0,0,0,0,0,2017-18,Top 16,Round 2,2018-01-10,alba berlin-galatasaray odeabank istanbul,95-62,Galatasaray,1,http://www.eurocupbasketball.com/eurocup/games/results/showgame?gamecode=129&seasoncode=U2017,,eurocup,0.0,2018-01-10||alba berlin-galatasaray odeabank istanbul,team,team||eurocup
0,0,Team,0,0,0,0,0.0,0,0,0.0,0,0,0.0,3,1,2,0,0,0,0,0,0,0,0,0,0,3,2017-18,Top 16,Round 2,2018-01-10,darussafaka istanbul-herbalife gran canaria,88-70,0,2,http://www.eurocupbasketball.com/eurocup/games/results/showgame?gamecode=130&seasoncode=U2017,,eurocup,0.0,2018-01-10||darussafaka istanbul-herbalife gran canaria,team,team||eurocup
0,0,Team,0,0,0,0,0.0,0,0,0.0,0,0,0.0,1,0,1,0,0,1,0,0,0,0,0,0,0,0,2017-18,Top 16,Round 2,2018-01-10,darussafaka istanbul-herbalife gran canaria,88-70,Gran_Canaria,2,http://www.eurocupbasketball.com/eurocup/games/results/showgame?gamecode=130&seasoncode=U2017,,eurocup,0.0,2018-01-10||darussafaka istanbul-herbalife gran canaria,team,team||eurocup
0,0,Team,0,0,0,0,0.0,0,0,0.0,0,0,0.0,3,2,1,0,0,1,0,0,0,0,0,0,0,2,2017-18,Top 16,Round 2,2018-01-10,zenit st petersburg-fiat turin,95-84,0,3,http://www.eurocupbasketball.com/eurocup/games/results/showgame?gamecode=131&seasoncode=U2017,,eurocup,0.0,2018-01-10||zenit st petersburg-fiat turin,team,team||eurocup
0,0,Team,0,0,0,0,0.0,0,0,0.0,0,0,0.0,0,0,0,0,0,0,0,0,0,0,0,0,0,0,2017-18,Top 16,Round 2,2018-01-10,zenit st petersburg-fiat turin,95-84,Turin,3,http://www.eurocupbasketball.com/eurocup/games/results/showgame?gamecode=131&seasoncode=U2017,,eurocup,0.0,2018-01-10||zenit st petersburg-fiat turin,team,team||eurocup
0,0,Team,0,0,0,0,0.0,0,0,0.0,0,0,0.0,3,2,1,0,0,0,0,0,0,0,0,0,0,3,2017-18,Top 16,Round 2,2018-01-10,fc bayern munich-lietuvos rytas vilnius,81-68,0,4,http://www.eurocupbasketball.com/eurocup/games/results/showgame?gamecode=132&seasoncode=U2017,,eurocup,0.0,2018-01-10||fc bayern munich-lietuvos rytas vilnius,team,team||eurocup
0,0,Team,0,0,0,0,0.0,0,0,0.0,0,0,0.0,4,1,3,0,0,0,0,0,0,0,0,0,0,4,2017-18,Top 16,Round 2,2018-01-10,fc bayern munich-lietuvos rytas vilnius,81-68,Lietuvos_Rytas,4,http://www.eurocupbasketball.com/eurocup/games/results/showgame?gamecode=132&seasoncode=U2017,,eurocup,0.0,2018-01-10||fc bayern munich-lietuvos rytas vilnius,team,team||eurocup
0,0,Team,0,0,0,0,0.0,0,0,0.0,0,0,0.0,2,2,0,0,0,1,0,0,0,0,0,0,0,1,2017-18,Top 16,Round 2,2018-01-10,cedevita zagreb-buducnost voli podgorica,75-78,0,5,http://www.eurocupbasketball.com/eurocup/games/results/showgame?gamecode=133&seasoncode=U2017,,eurocup,0.0,2018-01-10||cedevita zagreb-buducnost voli podgorica,team,team||eurocup
0,0,Team,0,0,0,0,0.0,0,0,0.0,0,0,0.0,6,3,3,0,0,0,0,0,0,0,0,0,0,6,2017-18,Top 16,Round 2,2018-01-10,cedevita zagreb-buducnost voli podgorica,75-78,Buducnost,5,http://www.eurocupbasketball.com/eurocup/games/results/showgame?gamecode=133&seasoncode=U2017,,eurocup,0.0,2018-01-10||cedevita zagreb-buducnost voli podgorica,team,team||eurocup
0,0,Team,0,0,0,0,0.0,0,0,0.0,0,0,0.0,4,3,1,0,0,2,0,0,0,0,0,0,0,2,2017-18,Top 16,Round 2,2018-01-10,lokomotiv kuban krasnodar-dolomiti energia trento,97-69,0,6,http://www.eurocupbasketball.com/eurocup/games/results/showgame?gamecode=134&seasoncode=U2017,,eurocup,0.0,2018-01-10||lokomotiv kuban krasnodar-dolomiti energia trento,team,team||eurocup
0,0,Team,0,0,0,0,0.0,0,0,0.0,0,0,0.0,3,2,1,0,0,0,0,0,0,0,0,0,0,3,2017-18,Top 16,Round 2,2018-01-10,lokomotiv kuban krasnodar-dolomiti energia trento,97-69,Trento,6,http://www.eurocupbasketball.com/eurocup/games/results/showgame?gamecode=134&seasoncode=U2017,,eurocup,0.0,2018-01-10||lokomotiv kuban krasnodar-dolomiti energia trento,team,team||eurocup
0,0,Team,0,0,0,0,0.0,0,0,0.0,0,0,0.0,3,2,1,0,0,1,0,0,0,0,0,0,0,2,2017-18,Top 16,Round 2,2018-01-09,limoges csp-unics kazan,66-69,0,7,http://www.eurocupbasketball.com/eurocup/games/results/showgame?gamecode=135&seasoncode=U2017,,eurocup,0.0,2018-01-09||limoges csp-unics kazan,team,team||eurocup
0,0,Team,0,0,0,0,0.0,0,0,0.0,0,0,0.0,4,3,1,0,0,1,0,0,0,0,0,0,0,3,2017-18,Top 16,Round 2,2018-01-09,limoges csp-unics kazan,66-69,Unics_Kazan,7,http://www.eurocupbasketball.com/eurocup/games/results/showgame?gamecode=135&seasoncode=U2017,,eurocup,0.0,2018-01-09||limoges csp-unics kazan,team,team||eurocup
0,0,Team,0,0,0,0,0.0,0,0,0.0,0,0,0.0,3,2,1,0,0,0,0,0,0,0,0,0,0,3,2017-18,Top 16,Round 2,2018-01-10,asvel villeurbanne-grissin bon reggio emilia,68-64,0,8,http://www.eurocupbasketball.com/eurocup/games/results/showgame?gamecode=136&seasoncode=U2017,,eurocup,0.0,2018-01-10||asvel villeurbanne-grissin bon reggio emilia,team,team||eurocup
0,0,Team,0,0,0,0,0.0,0,0,0.0,0,0,0.0,6,4,2,0,0,0,0,0,0,0,0,0,0,6,2017-18,Top 16,Round 2,2018-01-10,asvel villeurbanne-grissin bon reggio emilia,68-64,Reggio_Emilia,8,http://www.eurocupbasketball.com/eurocup/games/results/showgame?gamecode=136&seasoncode=U2017,,eurocup,0.0,2018-01-10||asvel villeurbanne-grissin bon reggio emilia,team,team||eurocup
0,0,Team,0,0,0,0,0.0,0,0,0.0,0,0,0.0,2,1,1,0,0,0,0,0,0,0,0,0,0,2,2017-18,Top 16,Round 3,2018-01-17,darussafaka istanbul-alba berlin,82-70,0,9,http://www.eurocupbasketball.com/eurocup/games/results/showgame?gamecode=137&seasoncode=U2017,,eurocup,0.0,2018-01-17||darussafaka istanbul-alba berlin,team,team||eurocup
0,0,Team,0,0,0,0,0.0,0,0,0.0,0,0,0.0,3,0,3,0,0,1,0,0,0,0,0,0,0,2,2017-18,Top 16,Round 3,2018-01-17,darussafaka istanbul-alba berlin,82-70,Alba_Berlin,9,http://www.eurocupbasketball.com/eurocup/games/results/showgame?gamecode=137&seasoncode=U2017,,eurocup,0.0,2018-01-17||darussafaka istanbul-alba berlin,team,team||eurocup
0,0,Team,0,0,0,0,0.0,0,0,0.0,0,0,0.0,7,4,3,0,0,0,0,0,0,0,0,0,0,7,2017-18,Top 16,Round 3,2018-01-16,galatasaray odeabank istanbul-herbalife gran canaria,86-108,0,10,http://www.eurocupbasketball.com/eurocup/games/results/showgame?gamecode=138&seasoncode=U2017,,eurocup,0.0,2018-01-16||galatasaray odeabank istanbul-herbalife gran canaria,team,team||eurocup
0,0,Team,0,0,0,0,0.0,0,0,0.0,0,0,0.0,1,0,1,0,0,0,0,0,0,0,0,0,0,1,2017-18,Top 16,Round 3,2018-01-16,galatasaray odeabank istanbul-herbalife gran canaria,86-108,Gran_Canaria,10,http://www.eurocupbasketball.com/eurocup/games/results/showgame?gamecode=138&seasoncode=U2017,,eurocup,0.0,2018-01-16||galatasaray odeabank istanbul-herbalife gran canaria,team,team||eurocup
0,0,Team,0,0,0,0,0.0,0,0,0.0,0,0,0.0,3,2,1,0,0,0,0,0,0,0,0,0,0,3,2017-18,Top 16,Round 3,2018-01-17,fc bayern munich-zenit st petersburg,95-78,0,11,http://www.eurocupbasketball.com/eurocup/games/results/showgame?gamecode=139&seasoncode=U2017,,eurocup,0.0,2018-01-17||fc bayern munich-zenit st petersburg,team,team||eurocup
0,0,Team,0,0,0,0,0.0,0,0,0.0,0,0,0.0,5,2,3,0,0,1,0,0,0,0,0,0,0,4,2017-18,Top 16,Round 3,2018-01-17,fc bayern munich-zenit st petersburg,95-78,Zenit,11,http://www.eurocupbasketball.com/eurocup/games/results/showgame?gamecode=139&seasoncode=U2017,,eurocup,0.0,2018-01-17||fc bayern munich-zenit st petersburg,team,team||eurocup
0,0,Team,0,0,0,0,0.0,0,0,0.0,0,0,0.0,0,0,0,0,0,0,0,0,0,0,0,0,0,0,2017-18,Top 16,Round 3,2018-01-17,fiat turin-lietuvos rytas vilnius,83-77,0,12,http://www.eurocupbasketball.com/eurocup/games/results/showgame?gamecode=140&seasoncode=U2017,,eurocup,0.0,2018-01-17||fiat turin-lietuvos rytas vilnius,team,team||eurocup
0,0,Team,0,0,0,0,0.0,0,0,0.0,0,0,0.0,0,0,0,0,0,1,0,0,0,0,0,0,0,-1,2017-18,Top 16,Round 3,2018-01-17,fiat turin-lietuvos rytas vilnius,83-77,Lietuvos_Rytas,12,http://www.eurocupbasketball.com/eurocup/games/results/showgame?gamecode=140&seasoncode=U2017,,eurocup,0.0,2018-01-17||fiat turin-lietuvos rytas vilnius,team,team||eurocup
0,0,Team,0,0,0,0,0.0,0,0,0.0,0,0,0.0,6,3,3,0,0,0,0,0,0,0,0,0,0,6,2017-18,Top 16,Round 3,2018-01-16,lokomotiv kuban krasnodar-cedevita zagreb,69-64,0,13,http://www.eurocupbasketball.com/eurocup/games/results/showgame?gamecode=141&seasoncode=U2017,,eurocup,0.0,2018-01-16||lokomotiv kuban krasnodar-cedevita zagreb,team,team||eurocup
0,0,Team,0,0,0,0,0.0,0,0,0.0,0,0,0.0,6,4,2,0,0,2,0,0,0,0,0,0,0,4,2017-18,Top 16,Round 3,2018-01-16,lokomotiv kuban krasnodar-cedevita zagreb,69-64,Cedevita,13,http://www.eurocupbasketball.com/eurocup/games/results/showgame?gamecode=141&seasoncode=U2017,,eurocup,0.0,2018-01-16||lokomotiv kuban krasnodar-cedevita zagreb,team,team||eurocup
0,0,Team,0,0,0,0,0.0,0,0,0.0,0,0,0.0,1,1,0,0,0,0,0,0,0,0,0,0,0,1,2017-18,Top 16,Round 3,2018-01-17,buducnost voli podgorica-dolomiti energia trento,79-66,0,14,http://www.eurocupbasketball.com/eurocup/games/results/showgame?gamecode=142&seasoncode=U2017,,eurocup,0.0,2018-01-17||buducnost voli podgorica-dolomiti energia trento,team,team||eurocup
0,0,Team,0,0,0,0,0.0,0,0,0.0,0,0,0.0,2,0,2,0,0,0,0,0,0,0,0,0,0,2,2017-18,Top 16,Round 3,2018-01-17,buducnost voli podgorica-dolomiti energia trento,79-66,Trento,14,http://www.eurocupbasketball.com/eurocup/games/results/showgame?gamecode=142&seasoncode=U2017,,eurocup,0.0,2018-01-17||buducnost voli podgorica-dolomiti energia trento,team,team||eurocup
0,0,Team,0,0,0,0,0.0,0,0,0.0,0,0,0.0,3,3,0,0,0,0,0,0,0,0,0,0,0,3,2017-18,Top 16,Round 3,2018-01-17,asvel villeurbanne-limoges csp,92-78,0,15,http://www.eurocupbasketball.com/eurocup/games/results/showgame?gamecode=143&seasoncode=U2017,,eurocup,0.0,2018-01-17||asvel villeurbanne-limoges csp,team,team||eurocup
0,0,Team,0,0,0,0,0.0,0,0,0.0,0,0,0.0,2,1,1,0,0,0,0,0,0,0,0,0,0,2,2017-18,Top 16,Round 3,2018-01-17,asvel villeurbanne-limoges csp,92-78,Limoges,15,http://www.eurocupbasketball.com/eurocup/games/results/showgame?gamecode=143&seasoncode=U2017,,eurocup,0.0,2018-01-17||asvel villeurbanne-limoges csp,team,team||eurocup
0,0,Team,0,0,0,0,0.0,0,0,0.0,0,0,0.0,1,0,1,0,0,1,0,0,0,0,0,0,0,0,2017-18,Top 16,Round 3,2018-01-16,unics kazan-grissin bon reggio emilia,69-71,0,16,http://www.eurocupbasketball.com/eurocup/games/results/showgame?gamecode=144&seasoncode=U2017,,eurocup,0.0,2018-01-16||unics kazan-grissin bon reggio emilia,team,team||eurocup
0,0,Team,0,0,0,0,0.0,0,0,0.0,0,0,0.0,7,3,4,0,0,0,0,0,0,0,0,0,0,7,2017-18,Top 16,Round 3,2018-01-16,unics kazan-grissin bon reggio emilia,69-71,Reggio_Emilia,16,http://www.eurocupbasketball.com/eurocup/games/results/showgame?gamecode=144&seasoncode=U2017,,eurocup,0.0,2018-01-16||unics kazan-grissin bon reggio emilia,team,team||eurocup
