Number,GS,Player,MP,PTS,TwoP,TwoPA,TwoPPerc,ThreeP,ThreePA,ThreePPerc,FT,FTA,FTPerc,TRB,DRB,ORB,AST,STL,TOV,Counteratt,BLKfv,BLKag,Dunks,PF,PFrv,PlusMinus,PIR,Season,Type_season,Day,Date,Game,GameRes,Team,GameID,Website,CombinID
1,1,"Causeur, Fabien",25:2,19,5,5,100,2,3,67,3,3,100,6,5,1,3,1,2,1,0,0,0,1,3,-3,28,2017-2018,Regular Season,1,01/10/2017,real madrid - morabanc andorra,94 - 88,Real_Madrid,1,http://www.acb.com/fichas/LACB62001.php,218
3,0,"Randolph, A.",17:6,10,3,4,75,1,2,50,1,2,50,7,5,2,0,0,3,1,1,0,1,2,2,1,12,2017-2018,Regular Season,1,01/10/2017,real madrid - morabanc andorra,94 - 88,Real_Madrid,1,http://www.acb.com/fichas/LACB62001.php,507
0,0,"Radoncic, Dino",0,0,0,0,0,0,0,0,0,0,0,0,0,0,0,0,0,0,0,0,0,0,0,0,0,2017-2018,Regular Season,1,01/10/2017,real madrid - morabanc andorra,94 - 88,Real_Madrid,1,http://www.acb.com/fichas/LACB62001.php,0
7,1,"Doncic, Luka",23:34,8,2,2,100,1,4,25,1,2,50,6,6,0,4,2,5,2,0,0,0,2,2,-11,11,2017-2018,Regular Season,1,01/10/2017,real madrid - morabanc andorra,94 - 88,Real_Madrid,1,http://www.acb.com/fichas/LACB62001.php,460
0,0,"Reyes, Felipe",0,0,0,0,0,0,0,0,0,0,0,0,0,0,0,0,0,0,0,0,0,0,0,0,0,2017-2018,Regular Season,1,01/10/2017,real madrid - morabanc andorra,94 - 88,Real_Madrid,1,http://www.acb.com/fichas/LACB62001.php,0
11,1,"Campazzo, Facu",27:59,15,4,7,57,2,3,67,1,2,50,2,2,0,4,1,3,0,0,0,0,3,5,10,16,2017-2018,Regular Season,1,01/10/2017,real madrid - morabanc andorra,94 - 88,Real_Madrid,1,http://www.acb.com/fichas/LACB62001.php,1LU
14,1,"Ayon, Gustavo",23:17,10,4,8,50,0,0,0,2,4,50,9,6,3,2,1,2,0,3,0,1,2,2,-2,17,2017-2018,Regular Season,1,01/10/2017,real madrid - morabanc andorra,94 - 88,Real_Madrid,1,http://www.acb.com/fichas/LACB62001.php,113
16,0,"Yusta, Santiago",9:57,2,1,3,33,0,1,0,0,0,0,0,0,0,0,0,0,0,0,0,0,3,1,-1,-3,2017-2018,Regular Season,1,01/10/2017,real madrid - morabanc andorra,94 - 88,Real_Madrid,1,http://www.acb.com/fichas/LACB62001.php,1E4
20,0,"Carroll, Jaycee",14:46,7,1,2,50,1,3,33,2,2,100,5,3,2,0,0,2,0,0,0,0,1,2,9,8,2017-2018,Regular Season,1,01/10/2017,real madrid - morabanc andorra,94 - 88,Real_Madrid,1,http://www.acb.com/fichas/LACB62001.php,BGZ
32,0,"Kuzmic, Ognjen",16:43,6,3,5,60,0,0,0,0,1,0,3,2,1,0,0,1,1,1,0,1,4,3,8,5,2017-2018,Regular Season,1,01/10/2017,real madrid - morabanc andorra,94 - 88,Real_Madrid,1,http://www.acb.com/fichas/LACB62001.php,778
33,1,"Thompkins, Trey",22:54,12,3,3,100,2,4,50,0,0,0,0,0,0,1,0,0,0,0,0,1,3,1,5,9,2017-2018,Regular Season,1,01/10/2017,real madrid - morabanc andorra,94 - 88,Real_Madrid,1,http://www.acb.com/fichas/LACB62001.php,FQ1
44,0,"Taylor, Jeffery",18:42,5,1,2,50,1,1,100,0,0,0,2,1,1,2,1,0,1,0,0,0,3,0,14,6,2017-2018,Regular Season,1,01/10/2017,real madrid - morabanc andorra,94 - 88,Real_Madrid,1,http://www.acb.com/fichas/LACB62001.php,FQ3
0,0,Equipo,0,0,0,0,0,0,0,0,0,0,0,1,0,1,0,0,0,0,0,0,0,0,0,0,1,2017-2018,Regular Season,1,01/10/2017,real madrid - morabanc andorra,94 - 88,0,1,http://www.acb.com/fichas/LACB62001.php,
3,0,"Fernandez, Jaime",17:17,6,2,6,33,0,1,0,2,2,100,1,1,0,6,2,1,0,0,1,0,3,3,3,8,2017-2018,Regular Season,1,01/10/2017,real madrid - morabanc andorra,94 - 88,Andorra,1,http://www.acb.com/fichas/LACB62001.php,117
11,1,"Blazic, Jaka",23:52,20,4,8,50,4,7,57,0,0,0,0,0,0,1,2,1,1,0,1,1,2,0,5,12,2017-2018,Regular Season,1,01/10/2017,real madrid - morabanc andorra,94 - 88,Andorra,1,http://www.acb.com/fichas/LACB62001.php,FQF
12,0,"Jankovic, Vladimir",23:32,7,1,3,33,1,3,33,2,2,100,5,4,1,3,2,3,0,0,1,0,1,1,4,9,2017-2018,Regular Season,1,01/10/2017,real madrid - morabanc andorra,94 - 88,Andorra,1,http://www.acb.com/fichas/LACB62001.php,50M
14,0,"Stevic, Oliver",22:12,12,2,6,33,0,0,0,8,11,73,3,1,2,1,1,1,0,0,1,0,2,7,8,13,2017-2018,Regular Season,1,01/10/2017,real madrid - morabanc andorra,94 - 88,Andorra,1,http://www.acb.com/fichas/LACB62001.php,170
15,0,"Karnowski, Przemek",6:5,2,1,3,33,0,0,0,0,0,0,0,0,0,0,0,0,0,0,1,0,1,1,-10,-1,2017-2018,Regular Season,1,01/10/2017,real madrid - morabanc andorra,94 - 88,Andorra,1,http://www.acb.com/fichas/LACB62001.php,53Y
16,1,"Albicy, Andrew",24:59,3,1,5,20,0,1,0,1,2,50,3,3,0,5,1,1,0,0,0,0,2,4,-6,7,2017-2018,Regular Season,1,01/10/2017,real madrid - morabanc andorra,94 - 88,Andorra,1,http://www.acb.com/fichas/LACB62001.php,502
21,1,"Diagne, Moussa",20:38,10,3,3,100,0,0,0,4,4,100,2,1,1,0,0,0,0,0,0,2,3,3,-12,12,2017-2018,Regular Season,1,01/10/2017,real madrid - morabanc andorra,94 - 88,Andorra,1,http://www.acb.com/fichas/LACB62001.php,17T
22,1,"Shurna, John",28:49,10,1,3,33,2,4,50,2,2,100,2,1,1,1,2,0,0,0,0,0,4,2,-1,9,2017-2018,Regular Season,1,01/10/2017,real madrid - morabanc andorra,94 - 88,Andorra,1,http://www.acb.com/fichas/LACB62001.php,H36
23,1,"Walker, David",20:36,13,1,2,50,3,5,60,2,2,100,2,2,0,2,1,0,0,0,0,0,1,2,-9,16,2017-2018,Regular Season,1,01/10/2017,real madrid - morabanc andorra,94 - 88,Andorra,1,http://www.acb.com/fichas/LACB62001.php,513
0,0,"Colom, Guillem",0,0,0,0,0,0,0,0,0,0,0,0,0,0,0,0,0,0,0,0,0,0,0,0,0,2017-2018,Regular Season,1,01/10/2017,real madrid - morabanc andorra,94 - 88,Andorra,1,http://www.acb.com/fichas/LACB62001.php,0
25,0,"Jelinek, David",12:0,5,1,3,33,1,3,33,0,0,0,1,1,0,1,0,1,0,0,0,0,2,1,-12,1,2017-2018,Regular Season,1,01/10/2017,real madrid - morabanc andorra,94 - 88,Andorra,1,http://www.acb.com/fichas/LACB62001.php,Y8C
0,0,Equipo,0,0,0,0,0,0,0,0,0,0,0,3,1,2,0,0,0,0,0,0,0,0,0,0,3,2017-2018,Regular Season,1,01/10/2017,real madrid - morabanc andorra,94 - 88,0,1,http://www.acb.com/fichas/LACB62001.php,
4,1,"Oliver, Albert",22:52,17,1,4,25,4,5,80,3,3,100,0,0,0,3,1,3,2,0,0,0,1,4,-3,17,2017-2018,Regular Season,1,01/10/2017,herbalife gran canaria - gipuzkoa basket,84 - 76,Gran_Canaria,2,http://www.acb.com/fichas/LACB62002.php,A56
8,1,"Eriksson, Marcus",23:33,10,2,4,50,1,5,20,3,3,100,5,5,0,0,0,1,0,0,0,0,2,5,5,11,2017-2018,Regular Season,1,01/10/2017,herbalife gran canaria - gipuzkoa basket,84 - 76,Gran_Canaria,2,http://www.acb.com/fichas/LACB62002.php,118
9,0,"Mekel, Gal",17:2,4,2,3,67,0,0,0,0,0,0,0,0,0,7,0,3,0,0,0,0,2,0,12,5,2017-2018,Regular Season,1,01/10/2017,herbalife gran canaria - gipuzkoa basket,84 - 76,Gran_Canaria,2,http://www.acb.com/fichas/LACB62002.php,53K
11,0,"Seeley, DJ",18:46,8,1,4,25,2,4,50,0,0,0,2,1,1,2,1,1,0,0,0,0,2,1,3,6,2017-2018,Regular Season,1,01/10/2017,herbalife gran canaria - gipuzkoa basket,84 - 76,Gran_Canaria,2,http://www.acb.com/fichas/LACB62002.php,2IW
12,1,"Balvin, Ondrej",12:29,6,2,3,67,0,0,0,2,2,100,4,3,1,2,0,1,0,2,0,0,1,2,0,13,2017-2018,Regular Season,1,01/10/2017,herbalife gran canaria - gipuzkoa basket,84 - 76,Gran_Canaria,2,http://www.acb.com/fichas/LACB62002.php,BLE
13,0,"Baez, Eulis",16:21,9,1,2,50,2,3,67,1,2,50,3,2,1,0,3,1,0,0,0,0,3,3,9,11,2017-2018,Regular Season,1,01/10/2017,herbalife gran canaria - gipuzkoa basket,84 - 76,Gran_Canaria,2,http://www.acb.com/fichas/LACB62002.php,BIH
14,0,"Pasecniks, Anzejs",18:29,7,3,5,60,0,0,0,1,1,100,6,4,2,0,1,0,0,0,0,0,2,3,3,13,2017-2018,Regular Season,1,01/10/2017,herbalife gran canaria - gipuzkoa basket,84 - 76,Gran_Canaria,2,http://www.acb.com/fichas/LACB62002.php,FQH
21,0,"Pauli, Oriol",12:43,2,1,1,100,0,0,0,0,0,0,3,3,0,1,0,1,0,0,0,1,0,1,9,6,2017-2018,Regular Season,1,01/10/2017,herbalife gran canaria - gipuzkoa basket,84 - 76,Gran_Canaria,2,http://www.acb.com/fichas/LACB62002.php,SCE
22,0,"Rabaseda, Xavi",12:10,5,1,1,100,1,3,33,0,0,0,1,1,0,3,0,1,0,0,0,0,0,0,5,6,2017-2018,Regular Season,1,01/10/2017,herbalife gran canaria - gipuzkoa basket,84 - 76,Gran_Canaria,2,http://www.acb.com/fichas/LACB62002.php,Y1F
27,1,"McKissic, S.",12:54,5,1,2,50,1,1,100,0,0,0,1,1,0,0,1,1,0,0,0,0,2,0,-7,3,2017-2018,Regular Season,1,01/10/2017,herbalife gran canaria - gipuzkoa basket,84 - 76,Gran_Canaria,2,http://www.acb.com/fichas/LACB62002.php,53D
34,1,"Aguilar, Pablo",22:9,7,3,4,75,0,4,0,1,1,100,4,4,0,1,0,1,0,0,0,1,3,2,1,5,2017-2018,Regular Season,1,01/10/2017,herbalife gran canaria - gipuzkoa basket,84 - 76,Gran_Canaria,2,http://www.acb.com/fichas/LACB62002.php,Y49
40,0,"Fischer, Luke",10:32,4,2,4,50,0,0,0,0,0,0,3,2,1,2,0,0,0,2,0,2,0,0,3,9,2017-2018,Regular Season,1,01/10/2017,herbalife gran canaria - gipuzkoa basket,84 - 76,Gran_Canaria,2,http://www.acb.com/fichas/LACB62002.php,53I
0,0,Equipo,0,0,0,0,0,0,0,0,0,0,0,2,2,0,0,0,0,0,0,0,0,0,0,0,2,2017-2018,Regular Season,1,01/10/2017,herbalife gran canaria - gipuzkoa basket,84 - 76,0,2,http://www.acb.com/fichas/LACB62002.php,
1,0,"Agbelese, Danny",13:6,3,1,4,25,0,0,0,1,1,100,3,3,0,0,0,2,0,0,2,1,2,1,-9,-2,2017-2018,Regular Season,1,01/10/2017,herbalife gran canaria - gipuzkoa basket,84 - 76,Guipuzcoa,2,http://www.acb.com/fichas/LACB62002.php,D03
0,0,"Chery, Kenny",0,0,0,0,0,0,0,0,0,0,0,0,0,0,0,0,0,0,0,0,0,0,0,0,0,2017-2018,Regular Season,1,01/10/2017,herbalife gran canaria - gipuzkoa basket,84 - 76,Guipuzcoa,2,http://www.acb.com/fichas/LACB62002.php,0
4,0,"Van Lacke, Fede",14:28,2,1,3,33,0,0,0,0,0,0,1,1,0,1,2,0,0,0,0,0,2,0,-14,2,2017-2018,Regular Season,1,01/10/2017,herbalife gran canaria - gipuzkoa basket,84 - 76,Guipuzcoa,2,http://www.acb.com/fichas/LACB62002.php,B3K
5,1,"Perez, Daniel",36:1,4,1,6,17,0,3,0,2,6,33,2,2,0,9,2,3,0,0,0,0,2,4,-4,4,2017-2018,Regular Season,1,01/10/2017,herbalife gran canaria - gipuzkoa basket,84 - 76,Guipuzcoa,2,http://www.acb.com/fichas/LACB62002.php,Y84
7,0,"Oroz, Xabi",4:23,0,0,0,0,0,0,0,0,0,0,0,0,0,2,0,1,0,0,0,0,0,0,-7,1,2017-2018,Regular Season,1,01/10/2017,herbalife gran canaria - gipuzkoa basket,84 - 76,Guipuzcoa,2,http://www.acb.com/fichas/LACB62002.php,XDP
10,1,"Salvo, Miquel",29:31,7,2,2,100,0,1,0,3,6,50,6,3,3,0,1,3,1,0,0,0,3,6,5,10,2017-2018,Regular Season,1,01/10/2017,herbalife gran canaria - gipuzkoa basket,84 - 76,Guipuzcoa,2,http://www.acb.com/fichas/LACB62002.php,545
11,0,"Pardina, Joan",2:55,0,0,0,0,0,1,0,0,0,0,0,0,0,0,0,0,0,0,0,0,0,0,-3,-1,2017-2018,Regular Season,1,01/10/2017,herbalife gran canaria - gipuzkoa basket,84 - 76,Guipuzcoa,2,http://www.acb.com/fichas/LACB62002.php,782
17,1,"Fakuade, Michael",16:37,8,3,6,50,0,0,0,2,2,100,4,2,2,2,2,1,0,0,1,0,4,2,3,9,2017-2018,Regular Season,1,01/10/2017,herbalife gran canaria - gipuzkoa basket,84 - 76,Guipuzcoa,2,http://www.acb.com/fichas/LACB62002.php,54P
44,1,"Swing, Jordan",35:32,17,4,9,44,3,7,43,0,0,0,5,4,1,4,2,1,0,0,0,0,3,1,3,16,2017-2018,Regular Season,1,01/10/2017,herbalife gran canaria - gipuzkoa basket,84 - 76,Guipuzcoa,2,http://www.acb.com/fichas/LACB62002.php,D07
64,1,"Norel, Henk",23:44,24,11,17,65,0,0,0,2,2,100,11,7,4,1,0,0,0,0,0,1,3,3,5,30,2017-2018,Regular Season,1,01/10/2017,herbalife gran canaria - gipuzkoa basket,84 - 76,Guipuzcoa,2,http://www.acb.com/fichas/LACB62002.php,BA0
88,0,"Clark, Daniel",23:43,11,4,8,50,1,5,20,0,0,0,2,1,1,1,2,1,0,0,1,0,2,1,-19,5,2017-2018,Regular Season,1,01/10/2017,herbalife gran canaria - gipuzkoa basket,84 - 76,Guipuzcoa,2,http://www.acb.com/fichas/LACB62002.php,BB8
0,0,Equipo,0,0,0,0,0,0,0,0,0,0,0,6,2,4,0,0,0,0,0,0,0,0,0,0,6,2017-2018,Regular Season,1,01/10/2017,herbalife gran canaria - gipuzkoa basket,84 - 76,0,2,http://www.acb.com/fichas/LACB62002.php,
3,1,"Sabat, Albert",20:21,4,0,0,0,0,2,0,4,4,100,2,2,0,6,0,1,0,0,0,0,1,3,-2,11,2017-2018,Regular Season,1,30/09/2017,monbus obradoiro - tecnyconta zaragoza,80 - 74,Obradoiro,3,http://www.acb.com/fichas/LACB62003.php,B2J
7,0,"Simons, Benjamin",8:19,2,1,2,50,0,1,0,0,0,0,0,0,0,0,0,0,0,0,0,0,0,0,-2,0,2017-2018,Regular Season,1,30/09/2017,monbus obradoiro - tecnyconta zaragoza,80 - 74,Obradoiro,3,http://www.acb.com/fichas/LACB62003.php,548
9,0,"Llovet, Nacho",19:17,1,0,1,0,0,2,0,1,2,50,7,5,2,1,0,1,0,0,0,0,3,3,8,4,2017-2018,Regular Season,1,30/09/2017,monbus obradoiro - tecnyconta zaragoza,80 - 74,Obradoiro,3,http://www.acb.com/fichas/LACB62003.php,Y7O
11,1,"Radovic, Nemanja",22:2,10,5,8,63,0,0,0,0,0,0,6,4,2,1,1,2,0,1,2,0,2,1,-3,11,2017-2018,Regular Season,1,30/09/2017,monbus obradoiro - tecnyconta zaragoza,80 - 74,Obradoiro,3,http://www.acb.com/fichas/LACB62003.php,H52
13,1,"Pustovyi, Artem",27:8,15,6,7,86,0,0,0,3,4,75,8,7,1,0,1,3,0,2,0,1,3,2,9,20,2017-2018,Regular Season,1,30/09/2017,monbus obradoiro - tecnyconta zaragoza,80 - 74,Obradoiro,3,http://www.acb.com/fichas/LACB62003.php,FO1
20,0,"Navarro, David",15:43,2,1,2,50,0,0,0,0,0,0,2,1,1,2,3,3,0,0,0,0,2,2,3,5,2017-2018,Regular Season,1,30/09/2017,monbus obradoiro - tecnyconta zaragoza,80 - 74,Obradoiro,3,http://www.acb.com/fichas/LACB62003.php,B8L
21,1,"Thomas, Matt",29:15,21,2,6,33,4,5,80,5,6,83,3,2,1,2,1,1,0,0,1,0,0,6,-2,25,2017-2018,Regular Season,1,30/09/2017,monbus obradoiro - tecnyconta zaragoza,80 - 74,Obradoiro,3,http://www.acb.com/fichas/LACB62003.php,53S
22,1,"Bendzius, Eimantas",14:55,8,3,4,75,0,3,0,2,5,40,1,1,0,0,1,0,0,0,0,0,0,3,2,6,2017-2018,Regular Season,1,30/09/2017,monbus obradoiro - tecnyconta zaragoza,80 - 74,Obradoiro,3,http://www.acb.com/fichas/LACB62003.php,FO0
23,0,"Pechacek, Adam",3:14,2,1,2,50,0,0,0,0,0,0,0,0,0,0,0,1,0,0,0,0,2,0,0,-2,2017-2018,Regular Season,1,30/09/2017,monbus obradoiro - tecnyconta zaragoza,80 - 74,Obradoiro,3,http://www.acb.com/fichas/LACB62003.php,50L
33,0,"Corbacho, A.",10:20,3,0,0,0,1,5,20,0,0,0,1,1,0,1,0,0,0,0,0,0,0,0,3,1,2017-2018,Regular Season,1,30/09/2017,monbus obradoiro - tecnyconta zaragoza,80 - 74,Obradoiro,3,http://www.acb.com/fichas/LACB62003.php,B5E
44,0,"Pozas, Pepe",19:39,5,0,0,0,1,3,33,2,2,100,4,3,1,6,1,0,0,0,0,0,2,2,8,14,2017-2018,Regular Season,1,30/09/2017,monbus obradoiro - tecnyconta zaragoza,80 - 74,Obradoiro,3,http://www.acb.com/fichas/LACB62003.php,750
54,0,"Laksa, Martins",9:47,7,2,3,67,1,4,25,0,0,0,1,1,0,1,0,0,0,1,0,0,2,0,6,4,2017-2018,Regular Season,1,30/09/2017,monbus obradoiro - tecnyconta zaragoza,80 - 74,Obradoiro,3,http://www.acb.com/fichas/LACB62003.php,53A
0,0,Equipo,0,0,0,0,0,0,0,0,0,0,0,1,1,0,0,0,0,0,0,0,0,0,0,0,1,2017-2018,Regular Season,1,30/09/2017,monbus obradoiro - tecnyconta zaragoza,80 - 74,0,3,http://www.acb.com/fichas/LACB62003.php,
5,0,"Triguero, J.",4:37,2,0,0,0,0,0,0,2,2,100,0,0,0,0,0,0,0,0,0,0,0,1,3,3,2017-2018,Regular Season,1,30/09/2017,monbus obradoiro - tecnyconta zaragoza,80 - 74,Zaragoza,3,http://www.acb.com/fichas/LACB62003.php,BCC
7,1,"Barreiro, J.",14:3,6,0,0,0,2,3,67,0,0,0,3,3,0,0,0,0,0,0,0,0,1,0,1,7,2017-2018,Regular Season,1,30/09/2017,monbus obradoiro - tecnyconta zaragoza,80 - 74,Zaragoza,3,http://www.acb.com/fichas/LACB62003.php,XEU
9,1,"Dragovic, Nikola",24:3,16,1,2,50,3,6,50,5,5,100,5,4,1,0,0,0,0,1,0,0,1,4,-2,21,2017-2018,Regular Season,1,30/09/2017,monbus obradoiro - tecnyconta zaragoza,80 - 74,Zaragoza,3,http://www.acb.com/fichas/LACB62003.php,542
10,0,"Garcia, Sergi",12:43,2,0,1,0,0,1,0,2,2,100,1,1,0,0,0,3,0,1,0,0,1,2,-6,0,2017-2018,Regular Season,1,30/09/2017,monbus obradoiro - tecnyconta zaragoza,80 - 74,Zaragoza,3,http://www.acb.com/fichas/LACB62003.php,276
11,1,"Bellas, Tomas",27:17,2,0,4,0,0,1,0,2,2,100,2,1,1,6,0,1,0,0,1,0,3,3,0,3,2017-2018,Regular Season,1,30/09/2017,monbus obradoiro - tecnyconta zaragoza,80 - 74,Zaragoza,3,http://www.acb.com/fichas/LACB62003.php,YEF
13,0,"Neal, Gary",25:52,16,5,9,56,2,7,29,0,0,0,1,1,0,2,1,1,0,0,0,0,5,2,1,7,2017-2018,Regular Season,1,30/09/2017,monbus obradoiro - tecnyconta zaragoza,80 - 74,Zaragoza,3,http://www.acb.com/fichas/LACB62003.php,BFB
0,0,"Mazalin, Lovro",0,0,0,0,0,0,0,0,0,0,0,0,0,0,0,0,0,0,0,0,0,0,0,0,0,2017-2018,Regular Season,1,30/09/2017,monbus obradoiro - tecnyconta zaragoza,80 - 74,Zaragoza,3,http://www.acb.com/fichas/LACB62003.php,0
24,0,"Michalak, Michal",15:57,0,0,2,0,0,4,0,0,0,0,2,2,0,0,0,1,0,0,1,0,2,1,-6,-7,2017-2018,Regular Season,1,30/09/2017,monbus obradoiro - tecnyconta zaragoza,80 - 74,Zaragoza,3,http://www.acb.com/fichas/LACB62003.php,53M
27,0,"De Jong, Nicolas",18:25,6,3,5,60,0,0,0,0,0,0,4,2,2,0,1,3,0,0,1,0,1,0,-3,4,2017-2018,Regular Season,1,30/09/2017,monbus obradoiro - tecnyconta zaragoza,80 - 74,Zaragoza,3,http://www.acb.com/fichas/LACB62003.php,54I
32,1,"Varnado, Jarvis",16:35,4,2,4,50,0,0,0,0,0,0,3,3,0,0,1,0,0,1,1,1,3,0,-4,3,2017-2018,Regular Season,1,30/09/2017,monbus obradoiro - tecnyconta zaragoza,80 - 74,Zaragoza,3,http://www.acb.com/fichas/LACB62003.php,544
33,0,"Suarez, Alex",16:20,3,0,0,0,1,3,33,0,0,0,5,4,1,1,1,0,0,0,0,0,1,0,-6,7,2017-2018,Regular Season,1,30/09/2017,monbus obradoiro - tecnyconta zaragoza,80 - 74,Zaragoza,3,http://www.acb.com/fichas/LACB62003.php,BLI
45,1,"Blums, Janis",24:8,17,2,3,67,4,7,57,1,2,50,4,4,0,0,2,5,0,0,0,0,4,4,-8,13,2017-2018,Regular Season,1,30/09/2017,monbus obradoiro - tecnyconta zaragoza,80 - 74,Zaragoza,3,http://www.acb.com/fichas/LACB62003.php,BG3
0,0,Equipo,0,0,0,0,0,0,0,0,0,0,0,4,2,2,0,0,0,0,0,0,0,0,0,0,4,2017-2018,Regular Season,1,30/09/2017,monbus obradoiro - tecnyconta zaragoza,80 - 74,0,3,http://www.acb.com/fichas/LACB62003.php,
1,1,"Anosike, Oderah",32:6,19,9,13,69,0,0,0,1,2,50,8,5,3,0,0,3,0,0,0,1,4,5,1,20,2017-2018,Regular Season,1,01/10/2017,real betis energia plus - valencia basket,80 - 90,Sevilla,4,http://www.acb.com/fichas/LACB62004.php,FPY
5,0,"Sanchez, A.",6:9,0,0,2,0,0,0,0,0,0,0,0,0,0,1,0,0,0,0,0,0,3,0,-9,-4,2017-2018,Regular Season,1,01/10/2017,real betis energia plus - valencia basket,80 - 90,Sevilla,4,http://www.acb.com/fichas/LACB62004.php,B44
6,1,"Nelson, Luke",29:54,7,2,3,67,1,2,50,0,0,0,1,1,0,2,0,2,0,0,0,0,2,1,1,5,2017-2018,Regular Season,1,01/10/2017,real betis energia plus - valencia basket,80 - 90,Sevilla,4,http://www.acb.com/fichas/LACB62004.php,547
7,1,"McGrath, Donnie",27:13,10,2,5,40,2,5,40,0,0,0,1,1,0,5,1,1,0,0,1,0,1,2,1,10,2017-2018,Regular Season,1,01/10/2017,real betis energia plus - valencia basket,80 - 90,Sevilla,4,http://www.acb.com/fichas/LACB62004.php,FPO
8,0,"Cruz, Ivan",10:44,0,0,1,0,0,1,0,0,0,0,1,0,1,0,0,0,0,0,0,0,1,0,-12,-2,2017-2018,Regular Season,1,01/10/2017,real betis energia plus - valencia basket,80 - 90,Sevilla,4,http://www.acb.com/fichas/LACB62004.php,BLL
11,0,"Uriz, Mikel",0:58,0,0,0,0,0,0,0,0,0,0,0,0,0,0,0,0,0,0,0,0,0,0,-6,0,2017-2018,Regular Season,1,01/10/2017,real betis energia plus - valencia basket,80 - 90,Sevilla,4,http://www.acb.com/fichas/LACB62004.php,742
16,1,"Boungou-Colo, N.",35:28,20,3,4,75,3,9,33,5,5,100,6,3,3,0,0,3,0,0,0,1,2,4,0,18,2017-2018,Regular Season,1,01/10/2017,real betis energia plus - valencia basket,80 - 90,Sevilla,4,http://www.acb.com/fichas/LACB62004.php,54E
0,0,"Pluta, Andrzej",0,0,0,0,0,0,0,0,0,0,0,0,0,0,0,0,0,0,0,0,0,0,0,0,0,2017-2018,Regular Season,1,01/10/2017,real betis energia plus - valencia basket,80 - 90,Sevilla,4,http://www.acb.com/fichas/LACB62004.php,0
21,0,"Blanco, Saul",8:29,2,1,1,100,0,0,0,0,0,0,1,1,0,1,1,0,0,0,0,0,0,1,-12,6,2017-2018,Regular Season,1,01/10/2017,real betis energia plus - valencia basket,80 - 90,Sevilla,4,http://www.acb.com/fichas/LACB62004.php,B8T
30,0,"Franch, Josep",12:47,6,3,5,60,0,1,0,0,0,0,2,1,1,0,0,0,0,0,0,0,0,1,-11,6,2017-2018,Regular Season,1,01/10/2017,real betis energia plus - valencia basket,80 - 90,Sevilla,4,http://www.acb.com/fichas/LACB62004.php,Y79
32,0,"Golubovic, V.",10:42,4,2,2,100,0,0,0,0,0,0,1,0,1,0,1,0,0,0,0,0,1,0,1,5,2017-2018,Regular Season,1,01/10/2017,real betis energia plus - valencia basket,80 - 90,Sevilla,4,http://www.acb.com/fichas/LACB62004.php,004
34,1,"Kelly, Ryan",25:30,12,3,7,43,1,3,33,3,4,75,4,3,1,2,0,1,0,0,0,0,5,4,-4,9,2017-2018,Regular Season,1,01/10/2017,real betis energia plus - valencia basket,80 - 90,Sevilla,4,http://www.acb.com/fichas/LACB62004.php,54V
0,0,Equipo,0,0,0,0,0,0,0,0,0,0,0,3,3,0,0,0,0,0,0,0,0,0,0,0,3,2017-2018,Regular Season,1,01/10/2017,real betis energia plus - valencia basket,80 - 90,0,4,http://www.acb.com/fichas/LACB62004.php,
0,1,"Thomas, Will",28:56,6,1,2,50,1,2,50,1,2,50,5,3,2,1,0,1,0,0,0,0,2,5,-3,11,2017-2018,Regular Season,1,01/10/2017,real betis energia plus - valencia basket,80 - 90,Valencia,4,http://www.acb.com/fichas/LACB62004.php,1L5
0,0,"Puerto, Josep",0,0,0,0,0,0,0,0,0,0,0,0,0,0,0,0,0,0,0,0,0,0,0,0,0,2017-2018,Regular Season,1,01/10/2017,real betis energia plus - valencia basket,80 - 90,Valencia,4,http://www.acb.com/fichas/LACB62004.php,0
9,0,"Van Rossom, Sam",20:19,12,0,1,0,4,4,100,0,0,0,0,0,0,1,1,0,0,0,0,0,1,1,0,13,2017-2018,Regular Season,1,01/10/2017,real betis energia plus - valencia basket,80 - 90,Valencia,4,http://www.acb.com/fichas/LACB62004.php,BK4
0,0,"Llompart, Pedro",0,0,0,0,0,0,0,0,0,0,0,0,0,0,0,0,0,0,0,0,0,0,0,0,0,2017-2018,Regular Season,1,01/10/2017,real betis energia plus - valencia basket,80 - 90,Valencia,4,http://www.acb.com/fichas/LACB62004.php,0
14,1,"Dubljevic, Bojan",22:20,11,2,6,33,1,3,33,4,4,100,6,6,0,0,0,2,0,0,0,0,5,3,6,7,2017-2018,Regular Season,1,01/10/2017,real betis energia plus - valencia basket,80 - 90,Valencia,4,http://www.acb.com/fichas/LACB62004.php,217
16,1,"Vives, Guillem",19:41,7,2,3,67,1,3,33,0,0,0,3,2,1,3,0,0,0,0,0,0,2,0,10,8,2017-2018,Regular Season,1,01/10/2017,real betis energia plus - valencia basket,80 - 90,Valencia,4,http://www.acb.com/fichas/LACB62004.php,BLP
17,0,"Martinez, Rafa",13:39,3,0,0,0,1,3,33,0,0,0,0,0,0,4,0,1,0,0,0,0,0,0,4,4,2017-2018,Regular Season,1,01/10/2017,real betis energia plus - valencia basket,80 - 90,Valencia,4,http://www.acb.com/fichas/LACB62004.php,A3W
21,0,"Pleiss, Tibor",16:28,8,3,5,60,0,0,0,2,2,100,3,3,0,0,0,3,0,1,0,1,2,3,2,8,2017-2018,Regular Season,1,01/10/2017,real betis energia plus - valencia basket,80 - 90,Valencia,4,http://www.acb.com/fichas/LACB62004.php,219
30,1,"Sastre, Joan",32:33,13,5,6,83,1,2,50,0,0,0,1,1,0,3,3,0,2,0,0,2,2,1,5,17,2017-2018,Regular Season,1,01/10/2017,real betis energia plus - valencia basket,80 - 90,Valencia,4,http://www.acb.com/fichas/LACB62004.php,Y9O
32,1,"Green, Erick",29:37,27,9,11,82,1,2,50,6,6,100,0,0,0,1,0,1,0,0,0,0,0,5,11,29,2017-2018,Regular Season,1,01/10/2017,real betis energia plus - valencia basket,80 - 90,Valencia,4,http://www.acb.com/fichas/LACB62004.php,53P
42,0,"Doornekamp, A.",16:27,3,0,0,0,1,2,50,0,0,0,4,4,0,0,2,0,0,0,0,0,4,1,15,5,2017-2018,Regular Season,1,01/10/2017,real betis energia plus - valencia basket,80 - 90,Valencia,4,http://www.acb.com/fichas/LACB62004.php,501
0,0,"Hlinason, T.",0,0,0,0,0,0,0,0,0,0,0,0,0,0,0,0,0,0,0,0,0,0,0,0,0,2017-2018,Regular Season,1,01/10/2017,real betis energia plus - valencia basket,80 - 90,Valencia,4,http://www.acb.com/fichas/LACB62004.php,0
0,0,Equipo,0,0,0,0,0,0,0,0,0,0,0,5,4,1,0,0,0,0,0,0,0,0,0,0,5,2017-2018,Regular Season,1,01/10/2017,real betis energia plus - valencia basket,80 - 90,0,4,http://www.acb.com/fichas/LACB62004.php,
1,1,"Seraphin, Kevin",24:6,9,4,11,36,0,0,0,1,2,50,6,2,4,1,0,3,0,1,2,0,4,3,-13,3,2017-2018,Regular Season,1,29/09/2017,fc barcelona lassa - baskonia,87 - 82,FC_Barcelona,5,http://www.acb.com/fichas/LACB62005.php,164
5,0,"Ribas, Pau",19:30,11,0,2,0,3,5,60,2,2,100,4,4,0,3,1,0,0,0,0,0,2,2,20,15,2017-2018,Regular Season,1,29/09/2017,fc barcelona lassa - baskonia,87 - 82,FC_Barcelona,5,http://www.acb.com/fichas/LACB62005.php,AF1
0,0,"Garcia, Marc",0,0,0,0,0,0,0,0,0,0,0,0,0,0,0,0,0,0,0,0,0,0,0,0,0,2017-2018,Regular Season,1,29/09/2017,fc barcelona lassa - baskonia,87 - 82,FC_Barcelona,5,http://www.acb.com/fichas/LACB62005.php,0
8,1,"Pressey, Phil",11:52,1,0,5,0,0,2,0,1,2,50,0,0,0,2,1,0,0,0,0,0,1,1,-12,-4,2017-2018,Regular Season,1,29/09/2017,fc barcelona lassa - baskonia,87 - 82,FC_Barcelona,5,http://www.acb.com/fichas/LACB62005.php,53X
9,0,"Hanga, Adam",28:20,11,3,4,75,1,3,33,2,3,67,6,5,1,2,3,0,1,1,0,0,3,3,10,19,2017-2018,Regular Season,1,29/09/2017,fc barcelona lassa - baskonia,87 - 82,FC_Barcelona,5,http://www.acb.com/fichas/LACB62005.php,125
11,0,"Navarro, J.C.",5:38,0,0,0,0,0,0,0,0,0,0,1,1,0,0,0,1,0,0,0,0,1,0,1,-1,2017-2018,Regular Season,1,29/09/2017,fc barcelona lassa - baskonia,87 - 82,FC_Barcelona,5,http://www.acb.com/fichas/LACB62005.php,A62
13,0,"Heurtel, Thomas",28:8,23,7,10,70,2,2,100,3,5,60,1,1,0,9,2,3,2,0,0,0,1,3,17,29,2017-2018,Regular Season,1,29/09/2017,fc barcelona lassa - baskonia,87 - 82,FC_Barcelona,5,http://www.acb.com/fichas/LACB62005.php,BJP
14,1,"Vezenkov, A.",28:9,19,5,6,83,3,7,43,0,0,0,7,6,1,0,0,1,5,1,0,0,3,2,7,20,2017-2018,Regular Season,1,29/09/2017,fc barcelona lassa - baskonia,87 - 82,FC_Barcelona,5,http://www.acb.com/fichas/LACB62005.php,FOS
21,1,"Sanders, Rakim",16:19,3,1,2,50,0,2,0,1,2,50,4,4,0,0,1,2,1,0,1,0,2,1,-9,0,2017-2018,Regular Season,1,29/09/2017,fc barcelona lassa - baskonia,87 - 82,FC_Barcelona,5,http://www.acb.com/fichas/LACB62005.php,53Z
25,1,"Koponen, Petteri",10:13,0,0,1,0,0,2,0,0,0,0,1,1,0,1,0,0,0,0,0,0,1,0,-12,-2,2017-2018,Regular Season,1,29/09/2017,fc barcelona lassa - baskonia,87 - 82,FC_Barcelona,5,http://www.acb.com/fichas/LACB62005.php,517
32,0,"Diagne, Atoumane",3:12,0,0,0,0,0,0,0,0,2,0,0,0,0,0,0,0,0,0,0,0,0,1,0,-1,2017-2018,Regular Season,1,29/09/2017,fc barcelona lassa - baskonia,87 - 82,FC_Barcelona,5,http://www.acb.com/fichas/LACB62005.php,2CG
45,0,"Moerman, Adrien",24:33,10,2,3,67,2,4,50,0,0,0,4,1,3,2,2,1,1,0,0,0,1,2,16,15,2017-2018,Regular Season,1,29/09/2017,fc barcelona lassa - baskonia,87 - 82,FC_Barcelona,5,http://www.acb.com/fichas/LACB62005.php,216
0,0,Equipo,0,0,0,0,0,0,0,0,0,0,0,1,0,1,0,0,0,0,0,0,0,0,0,0,1,2017-2018,Regular Season,1,29/09/2017,fc barcelona lassa - baskonia,87 - 82,0,5,http://www.acb.com/fichas/LACB62005.php,
0,0,"Vildoza, Luca",0,0,0,0,0,0,0,0,0,0,0,0,0,0,0,0,0,0,0,0,0,0,0,0,0,2017-2018,Regular Season,1,29/09/2017,fc barcelona lassa - baskonia,87 - 82,Baskonia,5,http://www.acb.com/fichas/LACB62005.php,0
6,1,"Timma, Janis",30:44,15,2,3,67,2,6,33,5,6,83,1,0,1,0,2,2,2,0,1,0,3,3,-1,9,2017-2018,Regular Season,1,29/09/2017,fc barcelona lassa - baskonia,87 - 82,Baskonia,5,http://www.acb.com/fichas/LACB62005.php,536
7,0,"Voigtmann, J.",25:8,3,0,1,0,1,1,100,0,0,0,8,6,2,0,0,0,0,0,0,0,0,2,-13,12,2017-2018,Regular Season,1,29/09/2017,fc barcelona lassa - baskonia,87 - 82,Baskonia,5,http://www.acb.com/fichas/LACB62005.php,500
8,1,"Malmanis, Rinalds",16:30,3,0,0,0,1,2,50,0,0,0,1,0,1,0,0,0,0,0,0,0,1,1,4,3,2017-2018,Regular Season,1,29/09/2017,fc barcelona lassa - baskonia,87 - 82,Baskonia,5,http://www.acb.com/fichas/LACB62005.php,802
9,1,"Huertas, M.",26:55,19,3,7,43,2,6,33,7,7,100,5,5,0,6,3,3,0,0,0,0,4,4,-10,22,2017-2018,Regular Season,1,29/09/2017,fc barcelona lassa - baskonia,87 - 82,Baskonia,5,http://www.acb.com/fichas/LACB62005.php,B72
11,0,"Janning, Matt",23:51,11,3,5,60,1,4,25,2,2,100,1,1,0,2,0,3,0,0,0,0,1,2,-5,7,2017-2018,Regular Season,1,29/09/2017,fc barcelona lassa - baskonia,87 - 82,Baskonia,5,http://www.acb.com/fichas/LACB62005.php,55A
12,1,"Diop, Ilimane",19:1,11,2,3,67,2,3,67,1,2,50,8,5,3,1,0,1,0,2,0,1,2,2,4,18,2017-2018,Regular Season,1,29/09/2017,fc barcelona lassa - baskonia,87 - 82,Baskonia,5,http://www.acb.com/fichas/LACB62005.php,800
15,1,"Granger, Jayson",32:16,13,5,11,45,1,2,50,0,2,0,4,4,0,7,0,3,0,0,1,0,1,3,0,13,2017-2018,Regular Season,1,29/09/2017,fc barcelona lassa - baskonia,87 - 82,Baskonia,5,http://www.acb.com/fichas/LACB62005.php,Y6K
17,0,"Poirier, Vincent",10:25,4,1,1,100,0,0,0,2,2,100,1,1,0,0,0,3,0,1,0,1,4,1,9,0,2017-2018,Regular Season,1,29/09/2017,fc barcelona lassa - baskonia,87 - 82,Baskonia,5,http://www.acb.com/fichas/LACB62005.php,539
0,0,"Martinez, Ivan",0,0,0,0,0,0,0,0,0,0,0,0,0,0,0,0,0,0,0,0,0,0,0,0,0,2017-2018,Regular Season,1,29/09/2017,fc barcelona lassa - baskonia,87 - 82,Baskonia,5,http://www.acb.com/fichas/LACB62005.php,0
91,0,"Delfino, Carlos",15:10,3,0,3,0,1,4,25,0,0,0,2,1,1,0,0,3,0,0,1,0,3,1,-13,-7,2017-2018,Regular Season,1,29/09/2017,fc barcelona lassa - baskonia,87 - 82,Baskonia,5,http://www.acb.com/fichas/LACB62005.php,55T
0,0,Equipo,0,0,0,0,0,0,0,0,0,0,0,8,6,2,0,0,0,0,0,0,0,0,0,0,8,2017-2018,Regular Season,1,29/09/2017,fc barcelona lassa - baskonia,87 - 82,0,5,http://www.acb.com/fichas/LACB62005.php,
0,1,"Soko, Ovie",29:28,9,2,2,100,1,5,20,2,2,100,3,2,1,3,2,1,0,1,1,2,0,2,1,14,2017-2018,Regular Season,1,01/10/2017,ucam murcia - unicaja,64 - 74,Murcia,6,http://www.acb.com/fichas/LACB62006.php,50S
3,0,"Urtasun, Alex",11:52,5,1,3,33,1,4,25,0,0,0,2,1,1,1,0,1,0,0,0,0,2,0,-1,0,2017-2018,Regular Season,1,01/10/2017,ucam murcia - unicaja,64 - 74,Murcia,6,http://www.acb.com/fichas/LACB62006.php,BA3
8,0,"Benite, Vitor",20:9,8,1,4,25,2,3,67,0,0,0,2,2,0,2,0,1,0,0,0,0,1,2,0,8,2017-2018,Regular Season,1,01/10/2017,ucam murcia - unicaja,64 - 74,Murcia,6,http://www.acb.com/fichas/LACB62006.php,FOX
9,1,"Kloof, Charlon",15:16,4,1,4,25,0,2,0,2,2,100,3,2,1,2,1,3,0,0,0,1,5,3,12,0,2017-2018,Regular Season,1,01/10/2017,ucam murcia - unicaja,64 - 74,Murcia,6,http://www.acb.com/fichas/LACB62006.php,53N
0,0,"Martinez, Emilio",0,0,0,0,0,0,0,0,0,0,0,0,0,0,0,0,0,0,0,0,0,0,0,0,0,2017-2018,Regular Season,1,01/10/2017,ucam murcia - unicaja,64 - 74,Murcia,6,http://www.acb.com/fichas/LACB62006.php,0
11,0,"Hannah, Clevin",24:44,5,0,3,0,1,4,25,2,2,100,4,3,1,5,1,1,0,0,0,0,0,3,-22,11,2017-2018,Regular Season,1,01/10/2017,ucam murcia - unicaja,64 - 74,Murcia,6,http://www.acb.com/fichas/LACB62006.php,1LQ
12,1,"Oleson, Brad",28:41,15,3,3,100,3,7,43,0,0,0,0,0,0,1,2,1,0,0,0,0,2,2,-8,13,2017-2018,Regular Season,1,01/10/2017,ucam murcia - unicaja,64 - 74,Murcia,6,http://www.acb.com/fichas/LACB62006.php,BGO
0,0,"Olaizola, Julen",0,0,0,0,0,0,0,0,0,0,0,0,0,0,0,0,0,0,0,0,0,0,0,0,0,2017-2018,Regular Season,1,01/10/2017,ucam murcia - unicaja,64 - 74,Murcia,6,http://www.acb.com/fichas/LACB62006.php,0
16,0,"Delia, Marcos",18:46,9,4,7,57,0,0,0,1,2,50,2,1,1,2,0,2,0,0,1,1,2,1,-10,5,2017-2018,Regular Season,1,01/10/2017,ucam murcia - unicaja,64 - 74,Murcia,6,http://www.acb.com/fichas/LACB62006.php,512
24,1,"Tumba, Kevin",20:41,2,1,1,100,0,0,0,0,0,0,4,3,1,0,3,2,0,1,0,0,3,0,-1,5,2017-2018,Regular Season,1,01/10/2017,ucam murcia - unicaja,64 - 74,Murcia,6,http://www.acb.com/fichas/LACB62006.php,52W
27,1,"Rojas, Sadiel",19:27,4,1,2,50,0,2,0,2,2,100,4,3,1,0,0,1,0,0,0,0,2,4,-10,6,2017-2018,Regular Season,1,01/10/2017,ucam murcia - unicaja,64 - 74,Murcia,6,http://www.acb.com/fichas/LACB62006.php,1L3
33,0,"Lukovic, Marko",10:56,3,0,1,0,1,2,50,0,0,0,3,2,1,0,0,1,0,0,0,0,2,0,-11,1,2017-2018,Regular Season,1,01/10/2017,ucam murcia - unicaja,64 - 74,Murcia,6,http://www.acb.com/fichas/LACB62006.php,53R
0,0,Equipo,0,0,0,0,0,0,0,0,0,0,0,0,0,0,0,0,0,0,0,0,0,0,0,0,0,2017-2018,Regular Season,1,01/10/2017,ucam murcia - unicaja,64 - 74,0,6,http://www.acb.com/fichas/LACB62006.php,
2,0,"Okouo, Viny",0:54,0,0,1,0,0,0,0,0,0,0,1,0,1,0,0,1,0,0,0,0,0,0,-6,-1,2017-2018,Regular Season,1,01/10/2017,ucam murcia - unicaja,64 - 74,Unicaja,6,http://www.acb.com/fichas/LACB62006.php,1ES
3,0,"McCallum, Ray",14:32,7,1,5,20,1,2,50,2,2,100,0,0,0,1,0,3,0,0,0,0,2,3,-2,1,2017-2018,Regular Season,1,01/10/2017,ucam murcia - unicaja,64 - 74,Unicaja,6,http://www.acb.com/fichas/LACB62006.php,540
6,0,"Soluade, Morayo",1:54,0,0,1,0,0,0,0,0,0,0,0,0,0,0,0,0,0,0,0,0,0,0,3,-1,2017-2018,Regular Season,1,01/10/2017,ucam murcia - unicaja,64 - 74,Unicaja,6,http://www.acb.com/fichas/LACB62006.php,XGT
9,1,"Diaz, Alberto",30:12,9,2,2,100,1,4,25,2,2,100,2,2,0,2,3,0,0,0,0,0,3,2,15,12,2017-2018,Regular Season,1,01/10/2017,ucam murcia - unicaja,64 - 74,Unicaja,6,http://www.acb.com/fichas/LACB62006.php,SHG
10,1,"Salin, Sasu",22:3,11,1,3,33,3,5,60,0,0,0,3,2,1,1,0,2,0,0,2,0,1,2,5,8,2017-2018,Regular Season,1,01/10/2017,ucam murcia - unicaja,64 - 74,Unicaja,6,http://www.acb.com/fichas/LACB62006.php,2IR
12,1,"Milosavljevic, D.",18:4,2,1,3,33,0,2,0,0,0,0,1,0,1,1,2,2,0,0,0,1,1,2,10,1,2017-2018,Regular Season,1,01/10/2017,ucam murcia - unicaja,64 - 74,Unicaja,6,http://www.acb.com/fichas/LACB62006.php,53F
16,0,"Nedovic, Nemanja",22:42,12,1,4,25,3,6,50,1,2,50,3,3,0,5,1,2,0,0,0,0,0,2,3,14,2017-2018,Regular Season,1,01/10/2017,ucam murcia - unicaja,64 - 74,Unicaja,6,http://www.acb.com/fichas/LACB62006.php,2FY
17,0,"Shermadini, Giorgi",12:38,2,1,3,33,0,0,0,0,0,0,6,6,0,0,1,2,0,1,0,0,4,2,6,4,2017-2018,Regular Season,1,01/10/2017,ucam murcia - unicaja,64 - 74,Unicaja,6,http://www.acb.com/fichas/LACB62006.php,H18
21,0,"Waczynski, Adam",10:33,2,1,1,100,0,0,0,0,0,0,1,0,1,0,1,1,0,0,0,0,2,0,-4,1,2017-2018,Regular Season,1,01/10/2017,ucam murcia - unicaja,64 - 74,Unicaja,6,http://www.acb.com/fichas/LACB62006.php,1KW
23,1,"Brooks, Jeff",24:1,15,5,8,63,1,2,50,2,2,100,9,6,3,0,0,1,0,1,0,2,1,1,6,20,2017-2018,Regular Season,1,01/10/2017,ucam murcia - unicaja,64 - 74,Unicaja,6,http://www.acb.com/fichas/LACB62006.php,505
40,1,"Augustine, James",20:37,7,3,4,75,0,0,0,1,2,50,6,4,2,4,2,0,0,0,0,0,2,1,13,16,2017-2018,Regular Season,1,01/10/2017,ucam murcia - unicaja,64 - 74,Unicaja,6,http://www.acb.com/fichas/LACB62006.php,BGJ
43,0,"Suarez, Carlos",21:50,7,1,2,50,1,3,33,2,2,100,2,1,1,2,0,0,0,0,0,1,1,4,1,11,2017-2018,Regular Season,1,01/10/2017,ucam murcia - unicaja,64 - 74,Unicaja,6,http://www.acb.com/fichas/LACB62006.php,B79
0,0,Equipo,0,0,0,0,0,0,0,0,0,0,0,1,0,1,0,0,1,0,0,0,0,0,0,0,0,2017-2018,Regular Season,1,01/10/2017,ucam murcia - unicaja,64 - 74,0,6,http://www.acb.com/fichas/LACB62006.php,
0,1,"Olaseni, Gabriel",18:55,4,2,6,33,0,0,0,0,0,0,10,4,6,1,0,0,0,2,0,1,1,1,3,13,2017-2018,Regular Season,1,30/09/2017,montakit fuenlabrada - retabet bilbao basket,82 - 68,Fuenlabrada,7,http://www.acb.com/fichas/LACB62007.php,54F
2,1,"Popovic, Marko",22:47,11,1,2,50,1,8,13,6,7,86,2,2,0,5,1,1,0,0,0,0,3,6,9,12,2017-2018,Regular Season,1,30/09/2017,montakit fuenlabrada - retabet bilbao basket,82 - 68,Fuenlabrada,7,http://www.acb.com/fichas/LACB62007.php,B4P
4,1,"O'Leary, Ian",22:9,11,5,7,71,0,1,0,1,2,50,5,4,1,1,0,1,0,1,0,1,2,2,17,13,2017-2018,Regular Season,1,30/09/2017,montakit fuenlabrada - retabet bilbao basket,82 - 68,Fuenlabrada,7,http://www.acb.com/fichas/LACB62007.php,258
5,0,"Rupnik, Luka",17:43,10,2,3,67,0,3,0,6,6,100,6,4,2,1,0,0,1,0,0,0,2,6,-1,17,2017-2018,Regular Season,1,30/09/2017,montakit fuenlabrada - retabet bilbao basket,82 - 68,Fuenlabrada,7,http://www.acb.com/fichas/LACB62007.php,52N
0,0,"Llorente, Sergio",0,0,0,0,0,0,0,0,0,0,0,0,0,0,0,0,0,0,0,0,0,0,0,0,0,2017-2018,Regular Season,1,30/09/2017,montakit fuenlabrada - retabet bilbao basket,82 - 68,Fuenlabrada,7,http://www.acb.com/fichas/LACB62007.php,0
8,0,"Llorca, Alex",4:16,2,1,2,50,0,1,0,0,0,0,0,0,0,0,0,0,0,0,0,0,0,0,-3,0,2017-2018,Regular Season,1,30/09/2017,montakit fuenlabrada - retabet bilbao basket,82 - 68,Fuenlabrada,7,http://www.acb.com/fichas/LACB62007.php,BFV
9,0,"Sekulic, Blagota",21:28,8,3,7,43,0,2,0,2,3,67,7,3,4,1,1,0,0,1,0,0,1,2,11,12,2017-2018,Regular Season,1,30/09/2017,montakit fuenlabrada - retabet bilbao basket,82 - 68,Fuenlabrada,7,http://www.acb.com/fichas/LACB62007.php,BD8
11,0,"Cruz, Francisco",19:46,8,4,4,100,0,1,0,0,0,0,3,2,1,1,0,1,1,0,0,0,3,0,13,7,2017-2018,Regular Season,1,30/09/2017,montakit fuenlabrada - retabet bilbao basket,82 - 68,Fuenlabrada,7,http://www.acb.com/fichas/LACB62007.php,516
13,0,"Smits, Rolands",23:17,9,3,3,100,1,1,100,0,0,0,3,3,0,1,1,1,1,0,0,1,3,0,7,10,2017-2018,Regular Season,1,30/09/2017,montakit fuenlabrada - retabet bilbao basket,82 - 68,Fuenlabrada,7,http://www.acb.com/fichas/LACB62007.php,862
15,0,"Gonzalez, Jose M.",2:19,0,0,0,0,0,0,0,0,0,0,1,1,0,0,0,1,0,0,0,0,1,0,-1,-1,2017-2018,Regular Season,1,30/09/2017,montakit fuenlabrada - retabet bilbao basket,82 - 68,Fuenlabrada,7,http://www.acb.com/fichas/LACB62007.php,764
16,1,"Vargas, Gregory",21:40,3,0,3,0,1,2,50,0,0,0,1,0,1,3,1,4,0,0,0,0,2,0,12,-2,2017-2018,Regular Season,1,30/09/2017,montakit fuenlabrada - retabet bilbao basket,82 - 68,Fuenlabrada,7,http://www.acb.com/fichas/LACB62007.php,53Q
31,1,"Eyenga, C.",25:40,16,3,8,38,2,4,50,4,6,67,5,4,1,1,1,2,0,2,1,1,3,5,3,15,2017-2018,Regular Season,1,30/09/2017,montakit fuenlabrada - retabet bilbao basket,82 - 68,Fuenlabrada,7,http://www.acb.com/fichas/LACB62007.php,Y8D
0,0,Equipo,0,0,0,0,0,0,0,0,0,0,0,2,2,0,0,0,1,0,0,0,0,0,0,0,1,2017-2018,Regular Season,1,30/09/2017,montakit fuenlabrada - retabet bilbao basket,82 - 68,0,7,http://www.acb.com/fichas/LACB62007.php,
5,0,"Fischer, Ricardo",12:25,8,1,3,33,2,2,100,0,0,0,2,0,2,2,1,1,0,0,0,0,3,0,-14,7,2017-2018,Regular Season,1,30/09/2017,montakit fuenlabrada - retabet bilbao basket,82 - 68,Bilbao,7,http://www.acb.com/fichas/LACB62007.php,53G
9,1,"Tabu, Jonathan",27:35,8,2,6,33,1,6,17,1,1,100,7,6,1,5,1,3,0,0,0,0,4,4,0,9,2017-2018,Regular Season,1,30/09/2017,montakit fuenlabrada - retabet bilbao basket,82 - 68,Bilbao,7,http://www.acb.com/fichas/LACB62007.php,H09
11,0,"Hammink, Shane",7:26,3,1,2,50,0,0,0,1,2,50,0,0,0,0,0,0,0,0,0,0,1,1,-5,1,2017-2018,Regular Season,1,30/09/2017,montakit fuenlabrada - retabet bilbao basket,82 - 68,Bilbao,7,http://www.acb.com/fichas/LACB62007.php,53H
12,0,"Redivo, Lucio",24:24,12,4,9,44,1,4,25,1,1,100,1,1,0,1,1,0,1,0,2,0,3,2,-12,4,2017-2018,Regular Season,1,30/09/2017,montakit fuenlabrada - retabet bilbao basket,82 - 68,Bilbao,7,http://www.acb.com/fichas/LACB62007.php,538
0,0,"Salgado, Javier",0,0,0,0,0,0,0,0,0,0,0,0,0,0,0,0,0,0,0,0,0,0,0,0,0,2017-2018,Regular Season,1,30/09/2017,montakit fuenlabrada - retabet bilbao basket,82 - 68,Bilbao,7,http://www.acb.com/fichas/LACB62007.php,0
15,1,"Mumbru, Alex",26:46,7,2,4,50,1,5,20,0,0,0,5,4,1,2,1,0,0,0,0,0,1,1,-17,9,2017-2018,Regular Season,1,30/09/2017,montakit fuenlabrada - retabet bilbao basket,82 - 68,Bilbao,7,http://www.acb.com/fichas/LACB62007.php,A46
17,0,"Hervelle, Axel",21:47,1,0,2,0,0,1,0,1,2,50,4,4,0,0,0,2,0,0,0,0,2,4,5,1,2017-2018,Regular Season,1,30/09/2017,montakit fuenlabrada - retabet bilbao basket,82 - 68,Bilbao,7,http://www.acb.com/fichas/LACB62007.php,B6Q
18,0,"Kempton, Tim",11:59,5,2,7,29,0,0,0,1,2,50,4,1,3,0,1,0,0,0,3,0,1,1,-6,1,2017-2018,Regular Season,1,30/09/2017,montakit fuenlabrada - retabet bilbao basket,82 - 68,Bilbao,7,http://www.acb.com/fichas/LACB62007.php,53B
19,1,"Tomas, Pere",20:27,5,1,3,33,1,2,50,0,1,0,2,0,2,1,0,0,0,0,1,0,1,1,-3,3,2017-2018,Regular Season,1,30/09/2017,montakit fuenlabrada - retabet bilbao basket,82 - 68,Bilbao,7,http://www.acb.com/fichas/LACB62007.php,Y3V
20,1,"Todorovic, Dejan",27:43,10,3,6,50,1,2,50,1,2,50,3,2,1,0,1,3,2,1,0,1,3,3,-8,7,2017-2018,Regular Season,1,30/09/2017,montakit fuenlabrada - retabet bilbao basket,82 - 68,Bilbao,7,http://www.acb.com/fichas/LACB62007.php,10D
22,1,"Vucetic, Vasilije",2:50,2,1,2,50,0,0,0,0,0,0,0,0,0,0,0,0,0,0,0,0,0,0,-6,1,2017-2018,Regular Season,1,30/09/2017,montakit fuenlabrada - retabet bilbao basket,82 - 68,Bilbao,7,http://www.acb.com/fichas/LACB62007.php,51G
32,0,"Gladness, Mickell",16:38,7,3,3,100,0,0,0,1,3,33,6,4,2,1,0,1,0,0,0,1,4,3,-4,10,2017-2018,Regular Season,1,30/09/2017,montakit fuenlabrada - retabet bilbao basket,82 - 68,Bilbao,7,http://www.acb.com/fichas/LACB62007.php,55D
0,0,Equipo,0,0,0,0,0,0,0,0,0,0,0,3,1,2,0,0,2,0,0,0,0,0,0,0,1,2017-2018,Regular Season,1,30/09/2017,montakit fuenlabrada - retabet bilbao basket,82 - 68,0,7,http://www.acb.com/fichas/LACB62007.php,
0,1,"Fisher, Corey",23:4,3,0,4,0,1,4,25,0,0,0,0,0,0,3,0,0,0,0,0,0,2,0,-6,-3,2017-2018,Regular Season,1,01/10/2017,san pablo burgos - iberostar tenerife,65 - 81,Burgos,8,http://www.acb.com/fichas/LACB62008.php,244
5,0,"Schreiner, Thomas",16:56,3,1,1,100,0,4,0,1,2,50,1,1,0,2,1,0,0,0,0,0,1,2,-10,3,2017-2018,Regular Season,1,01/10/2017,san pablo burgos - iberostar tenerife,65 - 81,Burgos,8,http://www.acb.com/fichas/LACB62008.php,2A3
8,0,"Sedekerskis, Tadas",6:14,0,0,2,0,0,1,0,0,0,0,4,2,2,0,0,0,0,0,0,0,0,0,-10,1,2017-2018,Regular Season,1,01/10/2017,san pablo burgos - iberostar tenerife,65 - 81,Burgos,8,http://www.acb.com/fichas/LACB62008.php,1BG
9,0,"Barrera, Alex",22:12,4,2,4,50,0,2,0,0,0,0,3,3,0,2,0,0,0,0,0,0,0,2,-18,7,2017-2018,Regular Season,1,01/10/2017,san pablo burgos - iberostar tenerife,65 - 81,Burgos,8,http://www.acb.com/fichas/LACB62008.php,717
10,1,"Vega, Javier",22:19,7,1,2,50,1,1,100,2,2,100,2,2,0,2,2,1,0,0,0,0,1,1,1,11,2017-2018,Regular Season,1,01/10/2017,san pablo burgos - iberostar tenerife,65 - 81,Burgos,8,http://www.acb.com/fichas/LACB62008.php,BA6
11,0,"Saiz, Sebas",17:4,9,3,5,60,0,2,0,3,4,75,7,2,5,0,0,0,1,0,0,0,1,3,-16,13,2017-2018,Regular Season,1,01/10/2017,san pablo burgos - iberostar tenerife,65 - 81,Burgos,8,http://www.acb.com/fichas/LACB62008.php,SDS
13,1,"Gailius, Deividas",24:25,10,3,12,25,1,2,50,1,2,50,2,1,1,3,0,0,0,1,1,0,3,3,1,4,2017-2018,Regular Season,1,01/10/2017,san pablo burgos - iberostar tenerife,65 - 81,Burgos,8,http://www.acb.com/fichas/LACB62008.php,549
15,0,"Martinez, Edu",7:11,0,0,1,0,0,1,0,0,0,0,0,0,0,0,0,0,0,0,0,0,3,0,-3,-5,2017-2018,Regular Season,1,01/10/2017,san pablo burgos - iberostar tenerife,65 - 81,Burgos,8,http://www.acb.com/fichas/LACB62008.php,Y7W
16,0,"Dos Anjos, Felipe",2:38,0,0,1,0,0,0,0,0,0,0,1,0,1,0,0,0,0,0,0,0,0,0,-1,0,2017-2018,Regular Season,1,01/10/2017,san pablo burgos - iberostar tenerife,65 - 81,Burgos,8,http://www.acb.com/fichas/LACB62008.php,461
21,1,"Thompson, Deon",25:37,13,5,7,71,0,1,0,3,3,100,7,4,3,1,2,1,0,1,0,0,0,4,0,24,2017-2018,Regular Season,1,01/10/2017,san pablo burgos - iberostar tenerife,65 - 81,Burgos,8,http://www.acb.com/fichas/LACB62008.php,54C
23,0,"Huskic, Goran",12:22,6,2,6,33,0,1,0,2,2,100,2,2,0,0,1,1,0,0,1,0,3,1,-16,0,2017-2018,Regular Season,1,01/10/2017,san pablo burgos - iberostar tenerife,65 - 81,Burgos,8,http://www.acb.com/fichas/LACB62008.php,H05
25,1,"Lopez, Alex",19:58,10,1,2,50,2,4,50,2,2,100,2,2,0,1,0,1,0,0,0,0,2,2,-2,9,2017-2018,Regular Season,1,01/10/2017,san pablo burgos - iberostar tenerife,65 - 81,Burgos,8,http://www.acb.com/fichas/LACB62008.php,YBF
0,0,Equipo,0,0,0,0,0,0,0,0,0,0,0,2,1,1,0,0,1,0,0,0,0,0,0,0,1,2017-2018,Regular Season,1,01/10/2017,san pablo burgos - iberostar tenerife,65 - 81,0,8,http://www.acb.com/fichas/LACB62008.php,
0,1,"San Miguel, R.",27:15,8,0,1,0,2,5,40,2,2,100,2,2,0,1,0,1,1,0,0,0,0,4,7,10,2017-2018,Regular Season,1,01/10/2017,san pablo burgos - iberostar tenerife,65 - 81,Tenerife,8,http://www.acb.com/fichas/LACB62008.php,B86
5,1,"Richotti, Nicolas",23:50,11,3,4,75,1,5,20,2,2,100,5,4,1,3,0,2,1,0,0,0,3,2,-2,11,2017-2018,Regular Season,1,01/10/2017,san pablo burgos - iberostar tenerife,65 - 81,Tenerife,8,http://www.acb.com/fichas/LACB62008.php,T78
7,0,"Niang, Mamadou",5:40,1,0,0,0,0,0,0,1,2,50,2,1,1,0,0,0,0,0,0,0,3,1,8,0,2017-2018,Regular Season,1,01/10/2017,san pablo burgos - iberostar tenerife,65 - 81,Tenerife,8,http://www.acb.com/fichas/LACB62008.php,SHU
10,0,"Bassas, Ferran",12:45,2,1,3,33,0,1,0,0,0,0,1,1,0,3,0,1,0,0,0,0,2,0,9,0,2017-2018,Regular Season,1,01/10/2017,san pablo burgos - iberostar tenerife,65 - 81,Tenerife,8,http://www.acb.com/fichas/LACB62008.php,714
13,1,"Tobey, Mike",20:35,15,7,10,70,0,0,0,1,2,50,10,5,5,0,0,1,1,1,0,1,1,1,-5,21,2017-2018,Regular Season,1,01/10/2017,san pablo burgos - iberostar tenerife,65 - 81,Tenerife,8,http://www.acb.com/fichas/LACB62008.php,530
17,0,"Vazquez, Fran",13:45,10,4,5,80,0,0,0,2,2,100,7,4,3,2,0,0,0,1,0,1,0,4,13,23,2017-2018,Regular Season,1,01/10/2017,san pablo burgos - iberostar tenerife,65 - 81,Tenerife,8,http://www.acb.com/fichas/LACB62008.php,A9S
20,1,"Ponitka, Mateusz",18:34,8,3,8,38,0,1,0,2,2,100,4,2,2,1,1,2,0,0,2,0,3,2,3,3,2017-2018,Regular Season,1,01/10/2017,san pablo burgos - iberostar tenerife,65 - 81,Tenerife,8,http://www.acb.com/fichas/LACB62008.php,53W
21,1,"Abromaitis, Tim",27:50,8,1,3,33,2,5,40,0,0,0,5,4,1,3,1,0,0,0,0,0,2,1,8,11,2017-2018,Regular Season,1,01/10/2017,san pablo burgos - iberostar tenerife,65 - 81,Tenerife,8,http://www.acb.com/fichas/LACB62008.php,FOI
24,0,"Vrabac, Adin",1:19,0,0,0,0,0,0,0,0,0,0,0,0,0,0,0,0,0,0,0,0,0,0,3,0,2017-2018,Regular Season,1,01/10/2017,san pablo burgos - iberostar tenerife,65 - 81,Tenerife,8,http://www.acb.com/fichas/LACB62008.php,546
25,0,"Allen, Rosco",12:10,0,0,0,0,0,2,0,0,0,0,4,3,1,1,0,2,0,0,0,0,3,0,8,-2,2017-2018,Regular Season,1,01/10/2017,san pablo burgos - iberostar tenerife,65 - 81,Tenerife,8,http://www.acb.com/fichas/LACB62008.php,50I
33,0,"Beiran, Javier",21:19,15,2,2,100,3,5,60,2,2,100,3,3,0,1,1,0,1,0,0,0,1,1,13,18,2017-2018,Regular Season,1,01/10/2017,san pablo burgos - iberostar tenerife,65 - 81,Tenerife,8,http://www.acb.com/fichas/LACB62008.php,BB2
34,0,"White, Davin",14:58,3,0,1,0,1,3,33,0,0,0,2,2,0,4,0,1,0,0,0,0,0,0,15,5,2017-2018,Regular Season,1,01/10/2017,san pablo burgos - iberostar tenerife,65 - 81,Tenerife,8,http://www.acb.com/fichas/LACB62008.php,2B8
0,0,Equipo,0,0,0,0,0,0,0,0,0,0,0,0,0,0,0,0,1,0,0,0,0,0,0,0,-1,2017-2018,Regular Season,1,01/10/2017,san pablo burgos - iberostar tenerife,65 - 81,0,8,http://www.acb.com/fichas/LACB62008.php,
4,1,"Cvetkovic, A.",31:58,7,0,1,0,1,1,100,4,4,100,1,1,0,1,1,0,0,0,0,0,3,3,8,9,2017-2018,Regular Season,1,04/01/2018,movistar estudiantes - divina seguros joventut,101 - 94,Estudiantes,9,http://www.acb.com/fichas/LACB62009.php,50G
6,0,"Hakanson, Ludde",13:54,2,1,4,25,0,0,0,0,0,0,1,1,0,3,0,2,0,0,0,0,1,0,2,0,2017-2018,Regular Season,1,04/01/2018,movistar estudiantes - divina seguros joventut,101 - 94,Estudiantes,9,http://www.acb.com/fichas/LACB62009.php,UAE
8,0,"Brizuela, Dario",16:29,10,0,4,0,3,4,75,1,2,50,2,1,1,0,0,1,0,1,1,0,1,1,-1,5,2017-2018,Regular Season,1,04/01/2018,movistar estudiantes - divina seguros joventut,101 - 94,Estudiantes,9,http://www.acb.com/fichas/LACB62009.php,81E
9,0,"Vicedo, Edgar",23:7,8,2,3,67,1,4,25,1,2,50,5,3,2,1,1,0,0,1,0,0,0,3,12,14,2017-2018,Regular Season,1,04/01/2018,movistar estudiantes - divina seguros joventut,101 - 94,Estudiantes,9,http://www.acb.com/fichas/LACB62009.php,SDT
10,1,"Cook, Omar",31:6,12,2,3,67,2,7,29,2,5,40,5,4,1,9,0,1,0,0,0,0,2,6,5,20,2017-2018,Regular Season,1,04/01/2018,movistar estudiantes - divina seguros joventut,101 - 94,Estudiantes,9,http://www.acb.com/fichas/LACB62009.php,BFP
0,0,"Pena, Dagoberto",0,0,0,0,0,0,0,0,0,0,0,0,0,0,0,0,0,0,0,0,0,0,0,0,0,2017-2018,Regular Season,1,04/01/2018,movistar estudiantes - divina seguros joventut,101 - 94,Estudiantes,9,http://www.acb.com/fichas/LACB62009.php,0
12,1,"Suton, Goran",21:41,11,4,7,57,1,2,50,0,1,0,9,7,2,1,0,0,0,1,0,0,4,2,27,15,2017-2018,Regular Season,1,04/01/2018,movistar estudiantes - divina seguros joventut,101 - 94,Estudiantes,9,http://www.acb.com/fichas/LACB62009.php,1LM
15,1,"Landesberg, Sylven",32:38,33,9,16,56,2,6,33,9,10,90,4,4,0,1,2,0,0,0,0,0,4,9,7,33,2017-2018,Regular Season,1,04/01/2018,movistar estudiantes - divina seguros joventut,101 - 94,Estudiantes,9,http://www.acb.com/fichas/LACB62009.php,541
17,0,"Savane, Sitapha",18:22,6,3,3,100,0,0,0,0,2,0,2,1,1,0,0,0,0,2,0,1,3,1,-14,6,2017-2018,Regular Season,1,04/01/2018,movistar estudiantes - divina seguros joventut,101 - 94,Estudiantes,9,http://www.acb.com/fichas/LACB62009.php,B3M
21,0,"Brown, Alec",21:32,9,3,4,75,1,3,33,0,0,0,1,0,1,0,0,1,0,0,0,0,5,1,-10,2,2017-2018,Regular Season,1,04/01/2018,movistar estudiantes - divina seguros joventut,101 - 94,Estudiantes,9,http://www.acb.com/fichas/LACB62009.php,FO4
22,0,"Caner-Medley,N.",4:27,0,0,4,0,0,0,0,0,0,0,1,1,0,0,0,0,0,1,0,0,0,1,-3,-1,2017-2018,Regular Season,1,04/01/2018,movistar estudiantes - divina seguros joventut,101 - 94,Estudiantes,9,http://www.acb.com/fichas/LACB62009.php,BF4
38,1,"Arteaga, Victor",9:46,3,1,2,50,0,0,0,1,2,50,2,2,0,0,0,1,0,1,0,0,0,2,2,5,2017-2018,Regular Season,1,04/01/2018,movistar estudiantes - divina seguros joventut,101 - 94,Estudiantes,9,http://www.acb.com/fichas/LACB62009.php,768
0,0,Equipo,0,0,0,0,0,0,0,0,0,0,0,5,3,2,0,0,0,0,0,0,0,0,0,0,5,2017-2018,Regular Season,1,04/01/2018,movistar estudiantes - divina seguros joventut,101 - 94,0,9,http://www.acb.com/fichas/LACB62009.php,
0,0,"Dimitrijevic, N.",4:27,0,0,1,0,0,0,0,0,0,0,1,1,0,1,0,1,0,0,0,0,0,0,-3,0,2017-2018,Regular Season,1,04/01/2018,movistar estudiantes - divina seguros joventut,101 - 94,Joventut,9,http://www.acb.com/fichas/LACB62009.php,2CP
2,0,"Birgander, Simon",28:57,6,2,5,40,0,0,0,2,6,33,6,4,2,1,0,1,0,0,2,0,4,3,-23,2,2017-2018,Regular Season,1,04/01/2018,movistar estudiantes - divina seguros joventut,101 - 94,Joventut,9,http://www.acb.com/fichas/LACB62009.php,53J
0,0,"Busquets, Pep",0,0,0,0,0,0,0,0,0,0,0,0,0,0,0,0,0,0,0,0,0,0,0,0,0,2017-2018,Regular Season,1,04/01/2018,movistar estudiantes - divina seguros joventut,101 - 94,Joventut,9,http://www.acb.com/fichas/LACB62009.php,0
6,1,"Lopez-Arostegui, X",23:44,8,2,3,67,1,3,33,1,2,50,7,6,1,0,0,1,0,0,0,0,2,2,-19,10,2017-2018,Regular Season,1,04/01/2018,movistar estudiantes - divina seguros joventut,101 - 94,Joventut,9,http://www.acb.com/fichas/LACB62009.php,1BA
9,1,"Vidal, Sergi",34:28,16,5,7,71,1,4,25,3,4,75,5,5,0,1,0,2,1,0,1,0,1,7,-6,19,2017-2018,Regular Season,1,04/01/2018,movistar estudiantes - divina seguros joventut,101 - 94,Joventut,9,http://www.acb.com/fichas/LACB62009.php,A4B
12,0,"Kulvietis, Saulius",25:4,15,2,4,50,3,7,43,2,2,100,2,2,0,4,0,1,0,0,1,0,0,2,8,15,2017-2018,Regular Season,1,04/01/2018,movistar estudiantes - divina seguros joventut,101 - 94,Joventut,9,http://www.acb.com/fichas/LACB62009.php,53V
13,1,"Nogues, Jose I.",8:52,0,0,1,0,0,1,0,0,0,0,3,2,1,0,0,0,0,0,0,0,3,0,-9,-2,2017-2018,Regular Season,1,04/01/2018,movistar estudiantes - divina seguros joventut,101 - 94,Joventut,9,http://www.acb.com/fichas/LACB62009.php,8C8
14,0,"Ventura, Albert",26:59,11,4,5,80,1,2,50,0,0,0,9,8,1,2,0,0,0,0,0,0,5,1,9,16,2017-2018,Regular Season,1,04/01/2018,movistar estudiantes - divina seguros joventut,101 - 94,Joventut,9,http://www.acb.com/fichas/LACB62009.php,718
18,0,"Wayns, Maalik",30:52,23,4,8,50,4,7,57,3,4,75,4,4,0,5,2,3,0,0,1,0,4,3,9,21,2017-2018,Regular Season,1,04/01/2018,movistar estudiantes - divina seguros joventut,101 - 94,Joventut,9,http://www.acb.com/fichas/LACB62009.php,56B
21,0,"Gielo, Tomasz",4:27,0,0,1,0,0,0,0,0,0,0,0,0,0,0,0,0,0,0,1,0,1,0,3,-3,2017-2018,Regular Season,1,04/01/2018,movistar estudiantes - divina seguros joventut,101 - 94,Joventut,9,http://www.acb.com/fichas/LACB62009.php,50Q
35,1,"Richard, Patrick",21:11,4,1,4,25,0,1,0,2,2,100,1,1,0,2,0,1,0,0,0,0,4,1,-20,-1,2017-2018,Regular Season,1,04/01/2018,movistar estudiantes - divina seguros joventut,101 - 94,Joventut,9,http://www.acb.com/fichas/LACB62009.php,53U
44,1,"Jordan, Jerome",15:59,11,5,7,71,0,0,0,1,2,50,5,2,3,0,0,1,1,1,1,3,5,4,16,11,2017-2018,Regular Season,1,04/01/2018,movistar estudiantes - divina seguros joventut,101 - 94,Joventut,9,http://www.acb.com/fichas/LACB62009.php,D10
0,0,Equipo,0,0,0,0,0,0,0,0,0,0,0,5,2,3,0,0,0,0,0,0,0,0,0,0,5,2017-2018,Regular Season,1,04/01/2018,movistar estudiantes - divina seguros joventut,101 - 94,0,9,http://www.acb.com/fichas/LACB62009.php,
0,1,"Thomas, Will",25:53,6,3,4,75,0,2,0,0,0,0,6,4,2,0,2,0,0,0,0,0,1,2,12,12,2017-2018,Regular Season,2,04/10/2017,valencia basket - monbus obradoiro,80 - 67,Valencia,10,http://www.acb.com/fichas/LACB62010.php,1L5
3,0,"Puerto, Josep",0:32,2,0,0,0,0,0,0,2,2,100,0,0,0,0,0,0,0,0,0,0,0,1,1,3,2017-2018,Regular Season,2,04/10/2017,valencia basket - monbus obradoiro,80 - 67,Valencia,10,http://www.acb.com/fichas/LACB62010.php,I64
9,0,"Van Rossom, Sam",22:49,13,2,2,100,3,4,75,0,0,0,0,0,0,4,0,0,1,0,0,0,2,1,14,15,2017-2018,Regular Season,2,04/10/2017,valencia basket - monbus obradoiro,80 - 67,Valencia,10,http://www.acb.com/fichas/LACB62010.php,BK4
12,0,"Llompart, Pedro",0:32,0,0,0,0,0,0,0,0,0,0,0,0,0,0,0,0,0,0,0,0,0,0,1,0,2017-2018,Regular Season,2,04/10/2017,valencia basket - monbus obradoiro,80 - 67,Valencia,10,http://www.acb.com/fichas/LACB62010.php,B4R
14,1,"Dubljevic, Bojan",26:46,11,5,11,45,0,2,0,1,2,50,9,7,2,2,0,0,0,0,1,0,1,2,6,13,2017-2018,Regular Season,2,04/10/2017,valencia basket - monbus obradoiro,80 - 67,Valencia,10,http://www.acb.com/fichas/LACB62010.php,217
16,1,"Vives, Guillem",17:11,0,0,1,0,0,3,0,0,2,0,1,0,1,0,1,1,0,0,0,0,3,3,-1,-5,2017-2018,Regular Season,2,04/10/2017,valencia basket - monbus obradoiro,80 - 67,Valencia,10,http://www.acb.com/fichas/LACB62010.php,BLP
17,0,"Martinez, Rafa",13:14,11,3,4,75,1,2,50,2,2,100,4,4,0,1,1,2,1,0,1,0,0,1,5,13,2017-2018,Regular Season,2,04/10/2017,valencia basket - monbus obradoiro,80 - 67,Valencia,10,http://www.acb.com/fichas/LACB62010.php,A3W
21,0,"Pleiss, Tibor",12:26,4,1,4,25,0,0,0,2,2,100,3,2,1,0,0,3,1,1,0,1,3,2,4,1,2017-2018,Regular Season,2,04/10/2017,valencia basket - monbus obradoiro,80 - 67,Valencia,10,http://www.acb.com/fichas/LACB62010.php,219
30,1,"Sastre, Joan",29:45,8,3,4,75,0,1,0,2,2,100,3,2,1,4,0,1,1,1,0,1,0,3,4,16,2017-2018,Regular Season,2,04/10/2017,valencia basket - monbus obradoiro,80 - 67,Valencia,10,http://www.acb.com/fichas/LACB62010.php,Y9O
32,1,"Green, Erick",27:58,19,5,10,50,1,4,25,6,7,86,3,3,0,4,1,0,1,2,0,0,0,5,10,25,2017-2018,Regular Season,2,04/10/2017,valencia basket - monbus obradoiro,80 - 67,Valencia,10,http://www.acb.com/fichas/LACB62010.php,53P
42,0,"Doornekamp, A.",22:22,6,0,2,0,2,3,67,0,0,0,6,2,4,0,2,1,0,0,1,0,5,1,8,5,2017-2018,Regular Season,2,04/10/2017,valencia basket - monbus obradoiro,80 - 67,Valencia,10,http://www.acb.com/fichas/LACB62010.php,501
51,0,"Hlinason, T.",0:32,0,0,0,0,0,0,0,0,0,0,0,0,0,0,0,0,0,0,0,0,0,0,1,0,2017-2018,Regular Season,2,04/10/2017,valencia basket - monbus obradoiro,80 - 67,Valencia,10,http://www.acb.com/fichas/LACB62010.php,55F
0,0,Equipo,0,0,0,0,0,0,0,0,0,0,0,1,1,0,0,0,0,0,0,0,0,0,0,0,1,2017-2018,Regular Season,2,04/10/2017,valencia basket - monbus obradoiro,80 - 67,0,10,http://www.acb.com/fichas/LACB62010.php,
3,1,"Sabat, Albert",26:38,6,1,2,50,1,4,25,1,2,50,2,1,1,6,0,0,0,0,0,0,2,3,2,10,2017-2018,Regular Season,2,04/10/2017,valencia basket - monbus obradoiro,80 - 67,Obradoiro,10,http://www.acb.com/fichas/LACB62010.php,B2J
7,0,"Simons, Benjamin",5:4,3,0,1,0,1,1,100,0,0,0,0,0,0,0,0,0,0,0,0,0,0,0,-1,2,2017-2018,Regular Season,2,04/10/2017,valencia basket - monbus obradoiro,80 - 67,Obradoiro,10,http://www.acb.com/fichas/LACB62010.php,548
9,1,"Llovet, Nacho",16:17,2,1,3,33,0,1,0,0,0,0,5,4,1,0,0,1,0,0,0,0,4,2,-9,1,2017-2018,Regular Season,2,04/10/2017,valencia basket - monbus obradoiro,80 - 67,Obradoiro,10,http://www.acb.com/fichas/LACB62010.php,Y7O
11,0,"Radovic, Nemanja",18:23,6,2,4,50,0,1,0,2,3,67,3,3,0,1,0,4,0,0,0,0,3,3,-1,2,2017-2018,Regular Season,2,04/10/2017,valencia basket - monbus obradoiro,80 - 67,Obradoiro,10,http://www.acb.com/fichas/LACB62010.php,H52
13,1,"Pustovyi, Artem",23:40,14,6,8,75,0,0,0,2,4,50,4,3,1,0,0,0,0,2,0,2,4,4,3,16,2017-2018,Regular Season,2,04/10/2017,valencia basket - monbus obradoiro,80 - 67,Obradoiro,10,http://www.acb.com/fichas/LACB62010.php,FO1
20,0,"Navarro, David",13:6,2,1,5,20,0,0,0,0,0,0,2,1,1,2,0,0,1,0,2,0,1,0,-9,-1,2017-2018,Regular Season,2,04/10/2017,valencia basket - monbus obradoiro,80 - 67,Obradoiro,10,http://www.acb.com/fichas/LACB62010.php,B8L
21,1,"Thomas, Matt",26:7,13,2,6,33,3,6,50,0,0,0,5,5,0,1,0,3,0,0,2,0,1,0,-6,6,2017-2018,Regular Season,2,04/10/2017,valencia basket - monbus obradoiro,80 - 67,Obradoiro,10,http://www.acb.com/fichas/LACB62010.php,53S
22,0,"Bendzius, Eimantas",12:42,4,2,3,67,0,2,0,0,0,0,4,2,2,0,0,0,1,1,0,0,1,2,-14,7,2017-2018,Regular Season,2,04/10/2017,valencia basket - monbus obradoiro,80 - 67,Obradoiro,10,http://www.acb.com/fichas/LACB62010.php,FO0
23,0,"Pechacek, Adam",16:20,3,0,1,0,1,1,100,0,0,0,0,0,0,0,0,1,0,0,0,0,1,0,-16,0,2017-2018,Regular Season,2,04/10/2017,valencia basket - monbus obradoiro,80 - 67,Obradoiro,10,http://www.acb.com/fichas/LACB62010.php,50L
33,0,"Corbacho, A.",4:57,6,0,0,0,2,3,67,0,0,0,0,0,0,0,0,1,0,0,0,0,0,0,-3,4,2017-2018,Regular Season,2,04/10/2017,valencia basket - monbus obradoiro,80 - 67,Obradoiro,10,http://www.acb.com/fichas/LACB62010.php,B5E
44,0,"Pozas, Pepe",13:22,0,0,0,0,0,1,0,0,0,0,0,0,0,4,0,0,0,0,0,0,3,0,-15,0,2017-2018,Regular Season,2,04/10/2017,valencia basket - monbus obradoiro,80 - 67,Obradoiro,10,http://www.acb.com/fichas/LACB62010.php,750
54,1,"Laksa, Martins",23:25,8,2,3,67,1,3,33,1,1,100,2,2,0,1,0,0,0,0,0,0,1,1,4,8,2017-2018,Regular Season,2,04/10/2017,valencia basket - monbus obradoiro,80 - 67,Obradoiro,10,http://www.acb.com/fichas/LACB62010.php,53A
0,0,Equipo,0,0,0,0,0,0,0,0,0,0,0,2,1,1,0,0,2,0,0,0,0,0,0,0,0,2017-2018,Regular Season,2,04/10/2017,valencia basket - monbus obradoiro,80 - 67,0,10,http://www.acb.com/fichas/LACB62010.php,
3,0,"Vildoza, Luca",4:33,2,1,1,100,0,0,0,0,0,0,0,0,0,0,0,0,0,0,0,0,0,0,1,2,2017-2018,Regular Season,2,05/10/2017,baskonia - movistar estudiantes,94 - 76,Baskonia,11,http://www.acb.com/fichas/LACB62011.php,53O
6,1,"Timma, Janis",25:33,12,2,3,67,2,5,40,2,2,100,6,5,1,0,1,1,0,0,1,0,2,3,8,14,2017-2018,Regular Season,2,05/10/2017,baskonia - movistar estudiantes,94 - 76,Baskonia,11,http://www.acb.com/fichas/LACB62011.php,536
7,0,"Voigtmann, J.",16:41,8,1,4,25,2,3,67,0,0,0,8,7,1,1,0,0,0,2,0,0,1,1,12,15,2017-2018,Regular Season,2,05/10/2017,baskonia - movistar estudiantes,94 - 76,Baskonia,11,http://www.acb.com/fichas/LACB62011.php,500
8,0,"Malmanis, Rinalds",2:58,3,1,1,100,0,0,0,1,1,100,0,0,0,0,0,0,0,0,0,0,0,1,-1,4,2017-2018,Regular Season,2,05/10/2017,baskonia - movistar estudiantes,94 - 76,Baskonia,11,http://www.acb.com/fichas/LACB62011.php,802
9,0,"Huertas, M.",23:22,6,3,5,60,0,1,0,0,0,0,2,2,0,3,1,2,0,0,1,0,2,0,20,4,2017-2018,Regular Season,2,05/10/2017,baskonia - movistar estudiantes,94 - 76,Baskonia,11,http://www.acb.com/fichas/LACB62011.php,B72
10,1,"Beaubois, Rodrigue",10:4,9,1,4,25,1,2,50,4,5,80,3,2,1,0,0,0,0,1,0,0,0,4,-1,12,2017-2018,Regular Season,2,05/10/2017,baskonia - movistar estudiantes,94 - 76,Baskonia,11,http://www.acb.com/fichas/LACB62011.php,50C
11,0,"Janning, Matt",15:25,10,1,4,25,2,4,50,2,2,100,2,2,0,1,0,0,0,0,0,0,1,2,-3,9,2017-2018,Regular Season,2,05/10/2017,baskonia - movistar estudiantes,94 - 76,Baskonia,11,http://www.acb.com/fichas/LACB62011.php,55A
12,1,"Diop, Ilimane",21:4,15,6,8,75,0,1,0,3,4,75,8,6,2,0,0,1,1,2,1,4,3,3,15,19,2017-2018,Regular Season,2,05/10/2017,baskonia - movistar estudiantes,94 - 76,Baskonia,11,http://www.acb.com/fichas/LACB62011.php,800
15,1,"Granger, Jayson",26:36,11,3,6,50,1,4,25,2,2,100,1,1,0,6,1,2,1,0,0,0,1,3,19,13,2017-2018,Regular Season,2,05/10/2017,baskonia - movistar estudiantes,94 - 76,Baskonia,11,http://www.acb.com/fichas/LACB62011.php,Y6K
17,0,"Poirier, Vincent",18:56,10,1,2,50,0,0,0,8,8,100,4,3,1,2,0,1,0,0,1,0,3,4,3,14,2017-2018,Regular Season,2,05/10/2017,baskonia - movistar estudiantes,94 - 76,Baskonia,11,http://www.acb.com/fichas/LACB62011.php,539
23,1,"Shengelia, T.",20:21,6,3,8,38,0,1,0,0,0,0,6,5,1,2,0,0,1,1,1,0,1,2,7,9,2017-2018,Regular Season,2,05/10/2017,baskonia - movistar estudiantes,94 - 76,Baskonia,11,http://www.acb.com/fichas/LACB62011.php,105
91,0,"Delfino, Carlos",14:27,2,0,1,0,0,2,0,2,2,100,3,3,0,1,0,1,0,0,0,0,1,2,10,3,2017-2018,Regular Season,2,05/10/2017,baskonia - movistar estudiantes,94 - 76,Baskonia,11,http://www.acb.com/fichas/LACB62011.php,55T
0,0,Equipo,0,0,0,0,0,0,0,0,0,0,0,6,1,5,0,0,0,0,0,0,0,0,0,0,6,2017-2018,Regular Season,2,05/10/2017,baskonia - movistar estudiantes,94 - 76,0,11,http://www.acb.com/fichas/LACB62011.php,
4,0,"Cvetkovic, A.",13:33,3,0,1,0,1,3,33,0,0,0,1,1,0,1,0,1,0,0,0,0,3,1,-1,-1,2017-2018,Regular Season,2,05/10/2017,baskonia - movistar estudiantes,94 - 76,Estudiantes,11,http://www.acb.com/fichas/LACB62011.php,50G
6,0,"Hakanson, Ludde",16:42,2,1,3,33,0,3,0,0,0,0,1,1,0,2,1,0,0,0,0,0,1,0,-5,0,2017-2018,Regular Season,2,05/10/2017,baskonia - movistar estudiantes,94 - 76,Estudiantes,11,http://www.acb.com/fichas/LACB62011.php,UAE
8,1,"Brizuela, Dario",18:20,5,2,2,100,0,3,0,1,2,50,3,2,1,1,0,0,2,0,1,0,3,2,-2,3,2017-2018,Regular Season,2,05/10/2017,baskonia - movistar estudiantes,94 - 76,Estudiantes,11,http://www.acb.com/fichas/LACB62011.php,81E
9,0,"Vicedo, Edgar",12:46,4,1,2,50,0,1,0,2,2,100,1,1,0,1,0,0,0,1,0,0,2,2,-11,5,2017-2018,Regular Season,2,05/10/2017,baskonia - movistar estudiantes,94 - 76,Estudiantes,11,http://www.acb.com/fichas/LACB62011.php,SDT
10,1,"Cook, Omar",23:18,6,0,0,0,2,6,33,0,0,0,3,2,1,8,1,0,0,0,0,0,1,2,-13,15,2017-2018,Regular Season,2,05/10/2017,baskonia - movistar estudiantes,94 - 76,Estudiantes,11,http://www.acb.com/fichas/LACB62011.php,BFP
11,0,"Pena, Dagoberto",7:23,0,0,0,0,0,1,0,0,0,0,2,2,0,1,0,2,0,0,0,0,1,0,-11,-1,2017-2018,Regular Season,2,05/10/2017,baskonia - movistar estudiantes,94 - 76,Estudiantes,11,http://www.acb.com/fichas/LACB62011.php,53E
12,1,"Suton, Goran",23:2,9,2,4,50,1,5,20,2,3,67,8,5,3,1,0,0,0,1,1,0,4,2,-13,9,2017-2018,Regular Season,2,05/10/2017,baskonia - movistar estudiantes,94 - 76,Estudiantes,11,http://www.acb.com/fichas/LACB62011.php,1LM
15,1,"Landesberg, Sylven",27:58,22,8,15,53,1,7,14,3,3,100,2,2,0,1,0,1,2,0,2,1,3,5,-11,11,2017-2018,Regular Season,2,05/10/2017,baskonia - movistar estudiantes,94 - 76,Estudiantes,11,http://www.acb.com/fichas/LACB62011.php,541
0,0,"Savane, Sitapha",0,0,0,0,0,0,0,0,0,0,0,0,0,0,0,0,0,0,0,0,0,0,0,0,0,2017-2018,Regular Season,2,05/10/2017,baskonia - movistar estudiantes,94 - 76,Estudiantes,11,http://www.acb.com/fichas/LACB62011.php,0
21,0,"Brown, Alec",18:33,8,1,5,20,2,2,100,0,0,0,4,2,2,1,1,2,0,3,1,0,4,0,-4,6,2017-2018,Regular Season,2,05/10/2017,baskonia - movistar estudiantes,94 - 76,Estudiantes,11,http://www.acb.com/fichas/LACB62011.php,FO4
22,0,"Caner-Medley,N.",22:36,9,3,4,75,1,2,50,0,0,0,5,5,0,1,2,0,0,0,1,0,2,0,-14,12,2017-2018,Regular Season,2,05/10/2017,baskonia - movistar estudiantes,94 - 76,Estudiantes,11,http://www.acb.com/fichas/LACB62011.php,BF4
38,1,"Arteaga, Victor",15:49,8,4,9,44,0,0,0,0,0,0,9,4,5,0,0,3,0,0,0,0,1,1,-5,9,2017-2018,Regular Season,2,05/10/2017,baskonia - movistar estudiantes,94 - 76,Estudiantes,11,http://www.acb.com/fichas/LACB62011.php,768
0,0,Equipo,0,0,0,0,0,0,0,0,0,0,0,1,0,1,0,0,0,0,0,0,0,0,0,0,1,2017-2018,Regular Season,2,05/10/2017,baskonia - movistar estudiantes,94 - 76,0,11,http://www.acb.com/fichas/LACB62011.php,
2,0,"Okouo, Viny",12:15,7,2,3,67,0,0,0,3,4,75,3,3,0,0,0,2,0,0,0,0,1,3,4,8,2017-2018,Regular Season,2,05/10/2017,unicaja - san pablo burgos,93 - 72,Unicaja,12,http://www.acb.com/fichas/LACB62012.php,1ES
3,1,"McCallum, Ray",13:55,8,2,5,40,0,1,0,4,5,80,0,0,0,4,1,2,1,0,0,1,1,2,11,7,2017-2018,Regular Season,2,05/10/2017,unicaja - san pablo burgos,93 - 72,Unicaja,12,http://www.acb.com/fichas/LACB62012.php,540
6,0,"Soluade, Morayo",14:17,8,1,3,33,2,4,50,0,0,0,3,2,1,3,0,1,1,0,0,0,4,1,-2,6,2017-2018,Regular Season,2,05/10/2017,unicaja - san pablo burgos,93 - 72,Unicaja,12,http://www.acb.com/fichas/LACB62012.php,XGT
9,0,"Diaz, Alberto",15:41,14,3,4,75,2,4,50,2,2,100,0,0,0,3,1,0,1,0,0,0,2,1,12,14,2017-2018,Regular Season,2,05/10/2017,unicaja - san pablo burgos,93 - 72,Unicaja,12,http://www.acb.com/fichas/LACB62012.php,SHG
10,0,"Salin, Sasu",20:38,4,0,0,0,1,5,20,1,2,50,1,1,0,2,2,1,0,0,0,0,2,1,4,2,2017-2018,Regular Season,2,05/10/2017,unicaja - san pablo burgos,93 - 72,Unicaja,12,http://www.acb.com/fichas/LACB62012.php,2IR
12,1,"Milosavljevic, D.",17:30,7,0,1,0,0,1,0,7,7,100,4,3,1,1,1,1,0,0,0,0,2,4,21,12,2017-2018,Regular Season,2,05/10/2017,unicaja - san pablo burgos,93 - 72,Unicaja,12,http://www.acb.com/fichas/LACB62012.php,53F
16,1,"Nedovic, Nemanja",16:53,10,2,4,50,1,6,17,3,3,100,1,1,0,6,0,3,0,0,0,0,0,4,15,11,2017-2018,Regular Season,2,05/10/2017,unicaja - san pablo burgos,93 - 72,Unicaja,12,http://www.acb.com/fichas/LACB62012.php,2FY
17,1,"Shermadini, Giorgi",13:3,6,3,5,60,0,0,0,0,0,0,3,1,2,2,0,0,1,0,0,0,5,2,-3,6,2017-2018,Regular Season,2,05/10/2017,unicaja - san pablo burgos,93 - 72,Unicaja,12,http://www.acb.com/fichas/LACB62012.php,H18
21,0,"Waczynski, Adam",21:6,12,1,2,50,3,6,50,1,2,50,2,2,0,2,1,1,1,0,0,0,0,2,2,13,2017-2018,Regular Season,2,05/10/2017,unicaja - san pablo burgos,93 - 72,Unicaja,12,http://www.acb.com/fichas/LACB62012.php,1KW
23,1,"Brooks, Jeff",18:50,13,4,4,100,1,1,100,2,2,100,5,3,2,0,2,0,0,0,0,2,0,1,16,21,2017-2018,Regular Season,2,05/10/2017,unicaja - san pablo burgos,93 - 72,Unicaja,12,http://www.acb.com/fichas/LACB62012.php,505
40,0,"Augustine, James",15:33,0,0,3,0,0,0,0,0,0,0,7,2,5,1,3,2,0,1,1,0,2,1,24,5,2017-2018,Regular Season,2,05/10/2017,unicaja - san pablo burgos,93 - 72,Unicaja,12,http://www.acb.com/fichas/LACB62012.php,BGJ
43,0,"Suarez, Carlos",20:19,4,2,2,100,0,1,0,0,1,0,5,4,1,2,1,1,0,1,0,0,3,2,1,9,2017-2018,Regular Season,2,05/10/2017,unicaja - san pablo burgos,93 - 72,Unicaja,12,http://www.acb.com/fichas/LACB62012.php,B79
0,0,Equipo,0,0,0,0,0,0,0,0,0,0,0,3,2,1,0,0,0,0,0,0,0,0,0,0,3,2017-2018,Regular Season,2,05/10/2017,unicaja - san pablo burgos,93 - 72,0,12,http://www.acb.com/fichas/LACB62012.php,
0,1,"Fisher, Corey",23:22,11,3,6,50,1,1,100,2,5,40,1,1,0,3,0,0,0,0,0,0,2,5,-18,12,2017-2018,Regular Season,2,05/10/2017,unicaja - san pablo burgos,93 - 72,Burgos,12,http://www.acb.com/fichas/LACB62012.php,244
5,0,"Schreiner, Thomas",19:49,7,1,2,50,1,4,25,2,2,100,0,0,0,5,2,0,1,0,1,0,1,3,-2,11,2017-2018,Regular Season,2,05/10/2017,unicaja - san pablo burgos,93 - 72,Burgos,12,http://www.acb.com/fichas/LACB62012.php,2A3
8,0,"Sedekerskis, Tadas",7:29,1,0,0,0,0,0,0,1,2,50,1,1,0,0,0,1,0,0,0,0,0,1,-23,1,2017-2018,Regular Season,2,05/10/2017,unicaja - san pablo burgos,93 - 72,Burgos,12,http://www.acb.com/fichas/LACB62012.php,1BG
9,0,"Barrera, Alex",16:16,7,1,1,100,1,4,25,2,2,100,1,1,0,2,2,3,0,0,0,0,2,2,-11,6,2017-2018,Regular Season,2,05/10/2017,unicaja - san pablo burgos,93 - 72,Burgos,12,http://www.acb.com/fichas/LACB62012.php,717
10,1,"Vega, Javier",21:3,5,1,1,100,1,3,33,0,0,0,3,2,1,2,0,2,1,1,0,0,1,0,-11,6,2017-2018,Regular Season,2,05/10/2017,unicaja - san pablo burgos,93 - 72,Burgos,12,http://www.acb.com/fichas/LACB62012.php,BA6
11,0,"Saiz, Sebas",14:4,2,1,2,50,0,0,0,0,2,0,3,2,1,0,0,1,0,0,0,0,2,3,-3,2,2017-2018,Regular Season,2,05/10/2017,unicaja - san pablo burgos,93 - 72,Burgos,12,http://www.acb.com/fichas/LACB62012.php,SDS
13,1,"Gailius, Deividas",19:52,9,3,4,75,1,4,25,0,0,0,10,7,3,0,0,3,0,0,0,0,2,1,-10,11,2017-2018,Regular Season,2,05/10/2017,unicaja - san pablo burgos,93 - 72,Burgos,12,http://www.acb.com/fichas/LACB62012.php,549
15,0,"Martinez, Edu",15:7,11,1,1,100,3,6,50,0,0,0,3,3,0,0,1,0,1,0,0,1,2,0,2,10,2017-2018,Regular Season,2,05/10/2017,unicaja - san pablo burgos,93 - 72,Burgos,12,http://www.acb.com/fichas/LACB62012.php,Y7W
16,0,"Dos Anjos, Felipe",4:53,2,1,1,100,0,0,0,0,0,0,2,1,1,0,0,1,0,0,0,0,3,0,-7,0,2017-2018,Regular Season,2,05/10/2017,unicaja - san pablo burgos,93 - 72,Burgos,12,http://www.acb.com/fichas/LACB62012.php,461
21,1,"Thompson, Deon",25:56,2,1,5,20,0,0,0,0,0,0,2,0,2,4,1,4,1,0,0,0,5,4,-22,0,2017-2018,Regular Season,2,05/10/2017,unicaja - san pablo burgos,93 - 72,Burgos,12,http://www.acb.com/fichas/LACB62012.php,54C
23,0,"Huskic, Goran",14:4,6,3,6,50,0,1,0,0,2,0,4,2,2,2,1,2,0,0,1,0,1,1,1,4,2017-2018,Regular Season,2,05/10/2017,unicaja - san pablo burgos,93 - 72,Burgos,12,http://www.acb.com/fichas/LACB62012.php,H05
25,1,"Lopez, Alex",18:5,9,2,4,50,1,4,25,2,2,100,1,1,0,0,1,3,1,0,0,0,3,2,-1,2,2017-2018,Regular Season,2,05/10/2017,unicaja - san pablo burgos,93 - 72,Burgos,12,http://www.acb.com/fichas/LACB62012.php,YBF
0,0,Equipo,0,0,0,0,0,0,0,0,0,0,0,4,2,2,0,0,1,0,0,0,0,0,0,0,3,2017-2018,Regular Season,2,05/10/2017,unicaja - san pablo burgos,93 - 72,0,12,http://www.acb.com/fichas/LACB62012.php,
3,0,"Fernandez, Jaime",22:7,7,3,9,33,0,3,0,1,2,50,3,3,0,6,1,0,0,0,2,0,2,4,6,7,2017-2018,Regular Season,2,04/10/2017,morabanc andorra - montakit fuenlabrada,94 - 95,Andorra,13,http://www.acb.com/fichas/LACB62013.php,117
11,0,"Blazic, Jaka",23:31,20,5,10,50,3,5,60,1,4,25,1,0,1,2,2,0,1,0,2,0,2,2,5,13,2017-2018,Regular Season,2,04/10/2017,morabanc andorra - montakit fuenlabrada,94 - 95,Andorra,13,http://www.acb.com/fichas/LACB62013.php,FQF
12,0,"Jankovic, Vladimir",18:38,17,2,6,33,2,2,100,7,7,100,5,4,1,1,0,2,1,1,0,0,5,4,10,17,2017-2018,Regular Season,2,04/10/2017,morabanc andorra - montakit fuenlabrada,94 - 95,Andorra,13,http://www.acb.com/fichas/LACB62013.php,50M
14,0,"Stevic, Oliver",27:35,8,2,3,67,0,0,0,4,5,80,1,1,0,0,2,0,0,1,1,1,1,3,9,11,2017-2018,Regular Season,2,04/10/2017,morabanc andorra - montakit fuenlabrada,94 - 95,Andorra,13,http://www.acb.com/fichas/LACB62013.php,170
15,1,"Karnowski, Przemek",13:54,15,6,9,67,0,0,0,3,4,75,1,1,0,1,0,0,0,0,0,1,3,2,2,12,2017-2018,Regular Season,2,04/10/2017,morabanc andorra - montakit fuenlabrada,94 - 95,Andorra,13,http://www.acb.com/fichas/LACB62013.php,53Y
16,1,"Albicy, Andrew",33:13,12,0,2,0,3,7,43,3,3,100,1,1,0,1,1,3,0,0,1,0,0,3,-5,8,2017-2018,Regular Season,2,04/10/2017,morabanc andorra - montakit fuenlabrada,94 - 95,Andorra,13,http://www.acb.com/fichas/LACB62013.php,502
21,0,"Diagne, Moussa",10:42,4,0,1,0,0,0,0,4,4,100,1,1,0,0,0,1,0,3,0,0,3,7,-8,10,2017-2018,Regular Season,2,04/10/2017,morabanc andorra - montakit fuenlabrada,94 - 95,Andorra,13,http://www.acb.com/fichas/LACB62013.php,17T
22,1,"Shurna, John",31:14,2,1,2,50,0,1,0,0,0,0,6,5,1,0,1,1,0,1,0,0,3,2,-9,6,2017-2018,Regular Season,2,04/10/2017,morabanc andorra - montakit fuenlabrada,94 - 95,Andorra,13,http://www.acb.com/fichas/LACB62013.php,H36
23,1,"Walker, David",26:45,3,0,1,0,1,2,50,0,2,0,2,2,0,1,1,2,0,0,0,0,3,2,-7,0,2017-2018,Regular Season,2,04/10/2017,morabanc andorra - montakit fuenlabrada,94 - 95,Andorra,13,http://www.acb.com/fichas/LACB62013.php,513
0,0,"Colom, Guillem",0,0,0,0,0,0,0,0,0,0,0,0,0,0,0,0,0,0,0,0,0,0,0,0,0,2017-2018,Regular Season,2,04/10/2017,morabanc andorra - montakit fuenlabrada,94 - 95,Andorra,13,http://www.acb.com/fichas/LACB62013.php,0
25,1,"Jelinek, David",17:21,6,3,3,100,0,1,0,0,0,0,0,0,0,2,1,1,1,0,0,0,3,0,-8,4,2017-2018,Regular Season,2,04/10/2017,morabanc andorra - montakit fuenlabrada,94 - 95,Andorra,13,http://www.acb.com/fichas/LACB62013.php,Y8C
0,0,"Maric, Nikola",0,0,0,0,0,0,0,0,0,0,0,0,0,0,0,0,0,0,0,0,0,0,0,0,0,2017-2018,Regular Season,2,04/10/2017,morabanc andorra - montakit fuenlabrada,94 - 95,Andorra,13,http://www.acb.com/fichas/LACB62013.php,0
0,0,Equipo,0,0,0,0,0,0,0,0,0,0,0,2,0,2,0,0,0,0,0,0,0,0,0,0,2,2017-2018,Regular Season,2,04/10/2017,morabanc andorra - montakit fuenlabrada,94 - 95,0,13,http://www.acb.com/fichas/LACB62013.php,
0,1,"Olaseni, Gabriel",16:59,2,0,3,0,0,0,0,2,2,100,2,2,0,1,1,0,0,1,0,0,3,1,7,2,2017-2018,Regular Season,2,04/10/2017,morabanc andorra - montakit fuenlabrada,94 - 95,Fuenlabrada,13,http://www.acb.com/fichas/LACB62013.php,54F
2,1,"Popovic, Marko",21:21,9,1,2,50,0,3,0,7,8,88,1,1,0,2,0,2,0,0,0,0,1,6,-7,10,2017-2018,Regular Season,2,04/10/2017,morabanc andorra - montakit fuenlabrada,94 - 95,Fuenlabrada,13,http://www.acb.com/fichas/LACB62013.php,B4P
4,1,"O'Leary, Ian",33:7,17,5,7,71,1,1,100,4,6,67,11,6,5,1,1,2,1,0,2,4,4,3,5,21,2017-2018,Regular Season,2,04/10/2017,morabanc andorra - montakit fuenlabrada,94 - 95,Fuenlabrada,13,http://www.acb.com/fichas/LACB62013.php,258
5,0,"Rupnik, Luka",20:22,11,5,7,71,0,1,0,1,1,100,3,2,1,4,1,1,2,0,0,0,2,1,10,14,2017-2018,Regular Season,2,04/10/2017,morabanc andorra - montakit fuenlabrada,94 - 95,Fuenlabrada,13,http://www.acb.com/fichas/LACB62013.php,52N
8,0,"Llorca, Alex",9:41,7,0,0,0,1,1,100,4,4,100,0,0,0,2,2,2,0,0,0,0,2,3,-7,10,2017-2018,Regular Season,2,04/10/2017,morabanc andorra - montakit fuenlabrada,94 - 95,Fuenlabrada,13,http://www.acb.com/fichas/LACB62013.php,BFV
9,0,"Sekulic, Blagota",20:24,6,3,6,50,0,0,0,0,0,0,6,3,3,1,1,3,0,0,0,0,3,3,4,8,2017-2018,Regular Season,2,04/10/2017,morabanc andorra - montakit fuenlabrada,94 - 95,Fuenlabrada,13,http://www.acb.com/fichas/LACB62013.php,BD8
11,0,"Cruz, Francisco",29:4,17,3,4,75,3,6,50,2,2,100,6,5,1,3,1,5,1,0,0,0,3,1,12,16,2017-2018,Regular Season,2,04/10/2017,morabanc andorra - montakit fuenlabrada,94 - 95,Fuenlabrada,13,http://www.acb.com/fichas/LACB62013.php,516
13,0,"Smits, Rolands",24:9,10,5,10,50,0,0,0,0,0,0,3,1,2,0,0,4,0,1,2,1,4,1,-6,0,2017-2018,Regular Season,2,04/10/2017,morabanc andorra - montakit fuenlabrada,94 - 95,Fuenlabrada,13,http://www.acb.com/fichas/LACB62013.php,862
15,0,"Gonzalez, Jose M.",4:58,0,0,0,0,0,0,0,0,0,0,0,0,0,0,0,0,0,0,0,0,1,0,-6,-1,2017-2018,Regular Season,2,04/10/2017,morabanc andorra - montakit fuenlabrada,94 - 95,Fuenlabrada,13,http://www.acb.com/fichas/LACB62013.php,764
16,1,"Vargas, Gregory",18:57,4,2,4,50,0,0,0,0,0,0,4,4,0,3,1,1,1,1,0,0,3,0,-8,7,2017-2018,Regular Season,2,04/10/2017,morabanc andorra - montakit fuenlabrada,94 - 95,Fuenlabrada,13,http://www.acb.com/fichas/LACB62013.php,53Q
0,0,"Llorente, Sergio",0,0,0,0,0,0,0,0,0,0,0,0,0,0,0,0,0,0,0,0,0,0,0,0,0,2017-2018,Regular Season,2,04/10/2017,morabanc andorra - montakit fuenlabrada,94 - 95,Fuenlabrada,13,http://www.acb.com/fichas/LACB62013.php,0
31,1,"Eyenga, C.",25:58,12,2,7,29,2,4,50,2,4,50,6,6,0,1,1,2,1,3,1,0,3,6,1,14,2017-2018,Regular Season,2,04/10/2017,morabanc andorra - montakit fuenlabrada,94 - 95,Fuenlabrada,13,http://www.acb.com/fichas/LACB62013.php,Y8D
0,0,Equipo,0,0,0,0,0,0,0,0,0,0,0,3,1,2,0,0,0,0,0,0,0,0,0,0,3,2017-2018,Regular Season,2,04/10/2017,morabanc andorra - montakit fuenlabrada,94 - 95,0,13,http://www.acb.com/fichas/LACB62013.php,
1,0,"Agbelese, Danny",10:23,7,2,5,40,0,0,0,3,4,75,0,0,0,0,0,1,0,0,0,0,4,3,-1,1,2017-2018,Regular Season,2,04/10/2017,gipuzkoa basket - real betis energia plus,94 - 60,Guipuzcoa,14,http://www.acb.com/fichas/LACB62014.php,D03
0,0,"Chery, Kenny",0,0,0,0,0,0,0,0,0,0,0,0,0,0,0,0,0,0,0,0,0,0,0,0,0,2017-2018,Regular Season,2,04/10/2017,gipuzkoa basket - real betis energia plus,94 - 60,Guipuzcoa,14,http://www.acb.com/fichas/LACB62014.php,0
4,1,"Van Lacke, Fede",27:46,17,4,5,80,3,8,38,0,0,0,4,3,1,0,3,2,1,0,0,0,2,1,24,15,2017-2018,Regular Season,2,04/10/2017,gipuzkoa basket - real betis energia plus,94 - 60,Guipuzcoa,14,http://www.acb.com/fichas/LACB62014.php,B3K
5,1,"Perez, Daniel",23:47,2,1,2,50,0,3,0,0,0,0,1,1,0,5,2,3,0,0,0,0,0,1,22,4,2017-2018,Regular Season,2,04/10/2017,gipuzkoa basket - real betis energia plus,94 - 60,Guipuzcoa,14,http://www.acb.com/fichas/LACB62014.php,Y84
7,0,"Oroz, Xabi",17:34,2,1,2,50,0,2,0,0,0,0,1,1,0,4,1,2,0,0,1,0,2,0,9,0,2017-2018,Regular Season,2,04/10/2017,gipuzkoa basket - real betis energia plus,94 - 60,Guipuzcoa,14,http://www.acb.com/fichas/LACB62014.php,XDP
10,1,"Salvo, Miquel",18:19,6,2,3,67,0,1,0,2,2,100,4,3,1,2,2,0,0,0,0,0,2,1,13,11,2017-2018,Regular Season,2,04/10/2017,gipuzkoa basket - real betis energia plus,94 - 60,Guipuzcoa,14,http://www.acb.com/fichas/LACB62014.php,545
11,0,"Pardina, Joan",11:21,4,1,1,100,0,1,0,2,3,67,4,4,0,0,1,1,2,0,0,0,1,2,17,7,2017-2018,Regular Season,2,04/10/2017,gipuzkoa basket - real betis energia plus,94 - 60,Guipuzcoa,14,http://www.acb.com/fichas/LACB62014.php,782
17,1,"Fakuade, Michael",20:57,7,3,4,75,0,3,0,1,1,100,3,3,0,2,0,0,0,2,0,0,2,1,19,9,2017-2018,Regular Season,2,04/10/2017,gipuzkoa basket - real betis energia plus,94 - 60,Guipuzcoa,14,http://www.acb.com/fichas/LACB62014.php,54P
21,0,"Azpeitia, Asier",1:19,0,0,0,0,0,0,0,0,0,0,0,0,0,1,0,0,0,0,0,0,0,0,3,1,2017-2018,Regular Season,2,04/10/2017,gipuzkoa basket - real betis energia plus,94 - 60,Guipuzcoa,14,http://www.acb.com/fichas/LACB62014.php,55U
44,0,"Swing, Jordan",20:18,9,3,6,50,1,2,50,0,0,0,5,4,1,2,1,3,1,1,0,0,3,2,14,10,2017-2018,Regular Season,2,04/10/2017,gipuzkoa basket - real betis energia plus,94 - 60,Guipuzcoa,14,http://www.acb.com/fichas/LACB62014.php,D07
64,1,"Norel, Henk",29:13,25,11,17,65,0,0,0,3,4,75,12,5,7,4,1,3,0,0,0,1,2,6,35,36,2017-2018,Regular Season,2,04/10/2017,gipuzkoa basket - real betis energia plus,94 - 60,Guipuzcoa,14,http://www.acb.com/fichas/LACB62014.php,BA0
88,0,"Clark, Daniel",19:3,15,6,7,86,1,2,50,0,0,0,7,4,3,2,0,0,0,0,0,1,4,1,15,19,2017-2018,Regular Season,2,04/10/2017,gipuzkoa basket - real betis energia plus,94 - 60,Guipuzcoa,14,http://www.acb.com/fichas/LACB62014.php,BB8
0,0,Equipo,0,0,0,0,0,0,0,0,0,0,0,3,2,1,0,0,1,0,0,0,0,0,0,0,2,2017-2018,Regular Season,2,04/10/2017,gipuzkoa basket - real betis energia plus,94 - 60,0,14,http://www.acb.com/fichas/LACB62014.php,
1,1,"Anosike, Oderah",28:57,9,3,5,60,0,0,0,3,3,100,6,5,1,0,1,2,0,0,0,0,3,3,-32,12,2017-2018,Regular Season,2,04/10/2017,gipuzkoa basket - real betis energia plus,94 - 60,Sevilla,14,http://www.acb.com/fichas/LACB62014.php,FPY
5,1,"Sanchez, A.",19:44,0,0,1,0,0,4,0,0,0,0,1,1,0,0,1,1,0,0,0,0,3,1,-21,-6,2017-2018,Regular Season,2,04/10/2017,gipuzkoa basket - real betis energia plus,94 - 60,Sevilla,14,http://www.acb.com/fichas/LACB62014.php,B44
6,0,"Nelson, Luke",24:2,4,2,3,67,0,4,0,0,0,0,2,2,0,0,3,3,1,0,1,0,1,0,-23,-1,2017-2018,Regular Season,2,04/10/2017,gipuzkoa basket - real betis energia plus,94 - 60,Sevilla,14,http://www.acb.com/fichas/LACB62014.php,547
7,1,"McGrath, Donnie",25:29,3,0,2,0,1,4,25,0,0,0,1,1,0,1,1,4,0,0,0,0,1,0,-27,-4,2017-2018,Regular Season,2,04/10/2017,gipuzkoa basket - real betis energia plus,94 - 60,Sevilla,14,http://www.acb.com/fichas/LACB62014.php,FPO
8,0,"Cruz, Ivan",3:43,0,0,0,0,0,1,0,0,0,0,0,0,0,0,0,0,0,0,0,0,0,0,-1,-1,2017-2018,Regular Season,2,04/10/2017,gipuzkoa basket - real betis energia plus,94 - 60,Sevilla,14,http://www.acb.com/fichas/LACB62014.php,BLL
0,0,"Uriz, Mikel",0,0,0,0,0,0,0,0,0,0,0,0,0,0,0,0,0,0,0,0,0,0,0,0,0,2017-2018,Regular Season,2,04/10/2017,gipuzkoa basket - real betis energia plus,94 - 60,Sevilla,14,http://www.acb.com/fichas/LACB62014.php,0
15,0,"Schilb, Blake",16:39,9,3,4,75,1,5,20,0,0,0,3,2,1,0,0,2,0,0,0,0,4,1,-7,2,2017-2018,Regular Season,2,04/10/2017,gipuzkoa basket - real betis energia plus,94 - 60,Sevilla,14,http://www.acb.com/fichas/LACB62014.php,565
16,1,"Boungou-Colo, N.",30:7,11,1,2,50,0,5,0,9,11,82,4,2,2,0,0,4,0,0,1,0,1,6,-23,7,2017-2018,Regular Season,2,04/10/2017,gipuzkoa basket - real betis energia plus,94 - 60,Sevilla,14,http://www.acb.com/fichas/LACB62014.php,54E
0,0,"Blanco, Saul",0,0,0,0,0,0,0,0,0,0,0,0,0,0,0,0,0,0,0,0,0,0,0,0,0,2017-2018,Regular Season,2,04/10/2017,gipuzkoa basket - real betis energia plus,94 - 60,Sevilla,14,http://www.acb.com/fichas/LACB62014.php,0
30,0,"Franch, Josep",14:31,6,0,1,0,0,1,0,6,6,100,2,1,1,1,3,1,0,1,0,0,1,5,-7,14,2017-2018,Regular Season,2,04/10/2017,gipuzkoa basket - real betis energia plus,94 - 60,Sevilla,14,http://www.acb.com/fichas/LACB62014.php,Y79
32,0,"Golubovic, V.",11:3,7,3,5,60,0,0,0,1,3,33,5,2,3,0,0,0,0,0,0,0,1,2,-2,9,2017-2018,Regular Season,2,04/10/2017,gipuzkoa basket - real betis energia plus,94 - 60,Sevilla,14,http://www.acb.com/fichas/LACB62014.php,004
34,1,"Kelly, Ryan",25:45,11,2,6,33,1,3,33,4,7,57,3,2,1,0,1,5,0,0,1,0,3,4,-27,1,2017-2018,Regular Season,2,04/10/2017,gipuzkoa basket - real betis energia plus,94 - 60,Sevilla,14,http://www.acb.com/fichas/LACB62014.php,54V
0,0,Equipo,0,0,0,0,0,0,0,0,0,0,0,3,3,0,0,0,1,0,0,0,0,0,0,0,2,2017-2018,Regular Season,2,04/10/2017,gipuzkoa basket - real betis energia plus,94 - 60,0,14,http://www.acb.com/fichas/LACB62014.php,
5,0,"Fischer, Ricardo",14:50,6,3,3,100,0,2,0,0,0,0,0,0,0,2,0,2,0,0,1,0,2,0,-4,1,2017-2018,Regular Season,2,05/10/2017,retabet bilbao basket - real madrid,80 - 87,Bilbao,15,http://www.acb.com/fichas/LACB62015.php,53G
9,1,"Tabu, Jonathan",25:20,8,1,7,14,1,3,33,3,4,75,0,0,0,11,0,2,0,0,2,0,0,4,-1,10,2017-2018,Regular Season,2,05/10/2017,retabet bilbao basket - real madrid,80 - 87,Bilbao,15,http://www.acb.com/fichas/LACB62015.php,H09
11,0,"Hammink, Shane",13:51,0,0,0,0,0,0,0,0,0,0,2,2,0,1,0,0,0,0,0,0,2,0,-10,1,2017-2018,Regular Season,2,05/10/2017,retabet bilbao basket - real madrid,80 - 87,Bilbao,15,http://www.acb.com/fichas/LACB62015.php,53H
12,0,"Redivo, Lucio",21:45,14,2,4,50,3,8,38,1,1,100,0,0,0,0,0,1,0,0,0,0,2,1,2,5,2017-2018,Regular Season,2,05/10/2017,retabet bilbao basket - real madrid,80 - 87,Bilbao,15,http://www.acb.com/fichas/LACB62015.php,538
0,0,"Salgado, Javier",0,0,0,0,0,0,0,0,0,0,0,0,0,0,0,0,0,0,0,0,0,0,0,0,0,2017-2018,Regular Season,2,05/10/2017,retabet bilbao basket - real madrid,80 - 87,Bilbao,15,http://www.acb.com/fichas/LACB62015.php,0
15,0,"Mumbru, Alex",22:19,4,0,3,0,1,6,17,1,4,25,5,5,0,2,0,0,0,0,1,0,3,3,-5,-1,2017-2018,Regular Season,2,05/10/2017,retabet bilbao basket - real madrid,80 - 87,Bilbao,15,http://www.acb.com/fichas/LACB62015.php,A46
17,1,"Hervelle, Axel",24:31,13,2,5,40,3,4,75,0,0,0,6,5,1,0,0,0,0,1,0,0,1,2,1,17,2017-2018,Regular Season,2,05/10/2017,retabet bilbao basket - real madrid,80 - 87,Bilbao,15,http://www.acb.com/fichas/LACB62015.php,B6Q
18,0,"Kempton, Tim",8:21,1,0,2,0,0,0,0,1,2,50,4,4,0,0,0,0,0,0,1,0,1,2,2,2,2017-2018,Regular Season,2,05/10/2017,retabet bilbao basket - real madrid,80 - 87,Bilbao,15,http://www.acb.com/fichas/LACB62015.php,53B
19,1,"Tomas, Pere",19:17,11,1,1,100,2,2,100,3,4,75,5,3,2,1,0,1,0,0,0,0,4,2,4,13,2017-2018,Regular Season,2,05/10/2017,retabet bilbao basket - real madrid,80 - 87,Bilbao,15,http://www.acb.com/fichas/LACB62015.php,Y3V
20,1,"Todorovic, Dejan",24:57,15,2,5,40,3,4,75,2,2,100,1,1,0,1,0,1,1,0,1,0,0,5,-12,16,2017-2018,Regular Season,2,05/10/2017,retabet bilbao basket - real madrid,80 - 87,Bilbao,15,http://www.acb.com/fichas/LACB62015.php,10D
0,0,"Vucetic, Vasilije",0,0,0,0,0,0,0,0,0,0,0,0,0,0,0,0,0,0,0,0,0,0,0,0,0,2017-2018,Regular Season,2,05/10/2017,retabet bilbao basket - real madrid,80 - 87,Bilbao,15,http://www.acb.com/fichas/LACB62015.php,0
32,1,"Gladness, Mickell",24:49,8,4,6,67,0,0,0,0,0,0,6,5,1,0,0,1,0,2,0,2,1,1,-12,13,2017-2018,Regular Season,2,05/10/2017,retabet bilbao basket - real madrid,80 - 87,Bilbao,15,http://www.acb.com/fichas/LACB62015.php,55D
0,0,Equipo,0,0,0,0,0,0,0,0,0,0,0,3,1,2,0,0,0,0,0,0,0,0,0,0,3,2017-2018,Regular Season,2,05/10/2017,retabet bilbao basket - real madrid,80 - 87,0,15,http://www.acb.com/fichas/LACB62015.php,
1,1,"Causeur, Fabien",17:13,6,0,0,0,1,4,25,3,4,75,3,3,0,3,1,0,0,1,0,0,1,2,-7,11,2017-2018,Regular Season,2,05/10/2017,retabet bilbao basket - real madrid,80 - 87,Real_Madrid,15,http://www.acb.com/fichas/LACB62015.php,218
3,0,"Randolph, A.",28:2,26,9,11,82,2,4,50,2,2,100,9,8,1,1,1,3,1,2,0,2,4,2,11,30,2017-2018,Regular Season,2,05/10/2017,retabet bilbao basket - real madrid,80 - 87,Real_Madrid,15,http://www.acb.com/fichas/LACB62015.php,507
5,0,"Fernandez, Rudy",13:2,4,2,2,100,0,3,0,0,0,0,1,1,0,1,1,0,0,0,0,0,1,0,8,3,2017-2018,Regular Season,2,05/10/2017,retabet bilbao basket - real madrid,80 - 87,Real_Madrid,15,http://www.acb.com/fichas/LACB62015.php,B0X
7,1,"Doncic, Luka",29:57,13,3,7,43,1,5,20,4,4,100,8,5,3,2,0,0,1,1,2,0,0,5,7,19,2017-2018,Regular Season,2,05/10/2017,retabet bilbao basket - real madrid,80 - 87,Real_Madrid,15,http://www.acb.com/fichas/LACB62015.php,460
9,0,"Reyes, Felipe",7:18,2,1,3,33,0,0,0,0,0,0,3,2,1,0,0,0,0,0,0,0,3,0,-2,0,2017-2018,Regular Season,2,05/10/2017,retabet bilbao basket - real madrid,80 - 87,Real_Madrid,15,http://www.acb.com/fichas/LACB62015.php,A1M
11,1,"Campazzo, Facu",32:35,11,4,6,67,1,6,17,0,0,0,3,3,0,5,3,0,2,0,1,1,1,2,2,15,2017-2018,Regular Season,2,05/10/2017,retabet bilbao basket - real madrid,80 - 87,Real_Madrid,15,http://www.acb.com/fichas/LACB62015.php,1LU
14,1,"Ayon, Gustavo",22:43,8,4,4,100,0,0,0,0,1,0,4,2,2,4,0,4,0,1,0,1,2,2,5,12,2017-2018,Regular Season,2,05/10/2017,retabet bilbao basket - real madrid,80 - 87,Real_Madrid,15,http://www.acb.com/fichas/LACB62015.php,113
16,0,"Yusta, Santiago",0:9,0,0,0,0,0,0,0,0,0,0,0,0,0,0,0,0,0,0,0,0,0,0,-3,0,2017-2018,Regular Season,2,05/10/2017,retabet bilbao basket - real madrid,80 - 87,Real_Madrid,15,http://www.acb.com/fichas/LACB62015.php,1E4
20,0,"Carroll, Jaycee",14:28,7,2,4,50,1,3,33,0,0,0,1,0,1,1,0,0,0,0,0,0,2,1,13,4,2017-2018,Regular Season,2,05/10/2017,retabet bilbao basket - real madrid,80 - 87,Real_Madrid,15,http://www.acb.com/fichas/LACB62015.php,BGZ
32,0,"Kuzmic, Ognjen",9:59,2,1,1,100,0,0,0,0,1,0,1,1,0,1,0,1,0,0,0,0,1,1,4,2,2017-2018,Regular Season,2,05/10/2017,retabet bilbao basket - real madrid,80 - 87,Real_Madrid,15,http://www.acb.com/fichas/LACB62015.php,778
33,1,"Thompkins, Trey",11:58,3,0,1,0,1,3,33,0,0,0,2,2,0,0,0,1,0,0,0,0,2,0,-4,-1,2017-2018,Regular Season,2,05/10/2017,retabet bilbao basket - real madrid,80 - 87,Real_Madrid,15,http://www.acb.com/fichas/LACB62015.php,FQ1
44,0,"Taylor, Jeffery",12:36,5,0,1,0,1,2,50,2,2,100,2,2,0,0,0,1,0,1,0,0,4,1,1,2,2017-2018,Regular Season,2,05/10/2017,retabet bilbao basket - real madrid,80 - 87,Real_Madrid,15,http://www.acb.com/fichas/LACB62015.php,FQ3
0,0,Equipo,0,0,0,0,0,0,0,0,0,0,0,5,3,2,0,0,0,0,0,0,0,0,0,0,5,2017-2018,Regular Season,2,05/10/2017,retabet bilbao basket - real madrid,80 - 87,0,15,http://www.acb.com/fichas/LACB62015.php,
0,0,"Dimitrijevic, N.",16:47,5,1,2,50,1,3,33,0,0,0,5,4,1,2,1,3,1,0,0,0,5,1,-1,3,2017-2018,Regular Season,2,05/10/2017,divina seguros joventut - fc barcelona lassa,72 - 74,Joventut,16,http://www.acb.com/fichas/LACB62016.php,2CP
2,0,"Birgander, Simon",15:59,2,0,0,0,0,0,0,2,2,100,6,4,2,0,0,2,0,2,0,0,3,1,1,6,2017-2018,Regular Season,2,05/10/2017,divina seguros joventut - fc barcelona lassa,72 - 74,Joventut,16,http://www.acb.com/fichas/LACB62016.php,53J
6,0,"Lopez-Arostegui, X",7:21,0,0,1,0,0,1,0,0,0,0,2,2,0,0,2,1,0,0,0,0,0,0,-7,1,2017-2018,Regular Season,2,05/10/2017,divina seguros joventut - fc barcelona lassa,72 - 74,Joventut,16,http://www.acb.com/fichas/LACB62016.php,1BA
9,1,"Vidal, Sergi",28:33,7,3,3,100,0,2,0,1,1,100,2,2,0,2,0,2,0,0,0,0,1,3,3,9,2017-2018,Regular Season,2,05/10/2017,divina seguros joventut - fc barcelona lassa,72 - 74,Joventut,16,http://www.acb.com/fichas/LACB62016.php,A4B
12,1,"Kulvietis, Saulius",31:10,16,3,4,75,3,7,43,1,1,100,3,2,1,4,0,1,1,0,0,0,2,1,5,16,2017-2018,Regular Season,2,05/10/2017,divina seguros joventut - fc barcelona lassa,72 - 74,Joventut,16,http://www.acb.com/fichas/LACB62016.php,53V
0,0,"Nogues, Jose I.",0,0,0,0,0,0,0,0,0,0,0,0,0,0,0,0,0,0,0,0,0,0,0,0,0,2017-2018,Regular Season,2,05/10/2017,divina seguros joventut - fc barcelona lassa,72 - 74,Joventut,16,http://www.acb.com/fichas/LACB62016.php,0
14,0,"Ventura, Albert",20:30,10,1,2,50,1,3,33,5,6,83,6,4,2,1,2,3,0,0,0,0,4,4,-5,12,2017-2018,Regular Season,2,05/10/2017,divina seguros joventut - fc barcelona lassa,72 - 74,Joventut,16,http://www.acb.com/fichas/LACB62016.php,718
21,1,"Gielo, Tomasz",22:23,10,2,3,67,2,4,50,0,0,0,2,1,1,0,0,0,1,0,0,0,1,0,1,8,2017-2018,Regular Season,2,05/10/2017,divina seguros joventut - fc barcelona lassa,72 - 74,Joventut,16,http://www.acb.com/fichas/LACB62016.php,50Q
23,0,"Gudul, Omari",5:17,0,0,0,0,0,0,0,0,0,0,0,0,0,0,0,1,0,0,0,0,1,0,-6,-2,2017-2018,Regular Season,2,05/10/2017,divina seguros joventut - fc barcelona lassa,72 - 74,Joventut,16,http://www.acb.com/fichas/LACB62016.php,54B
30,0,"Mavra, Dominik",2:49,2,0,0,0,0,1,0,2,2,100,1,1,0,0,0,0,0,0,0,0,0,1,5,3,2017-2018,Regular Season,2,05/10/2017,divina seguros joventut - fc barcelona lassa,72 - 74,Joventut,16,http://www.acb.com/fichas/LACB62016.php,53T
35,1,"Richard, Patrick",26:9,11,4,11,36,1,6,17,0,1,0,7,6,1,2,0,2,0,0,2,0,2,4,-1,5,2017-2018,Regular Season,2,05/10/2017,divina seguros joventut - fc barcelona lassa,72 - 74,Joventut,16,http://www.acb.com/fichas/LACB62016.php,53U
44,1,"Jordan, Jerome",23:2,9,3,8,38,0,0,0,3,3,100,5,2,3,2,0,3,0,1,0,1,2,3,-5,10,2017-2018,Regular Season,2,05/10/2017,divina seguros joventut - fc barcelona lassa,72 - 74,Joventut,16,http://www.acb.com/fichas/LACB62016.php,D10
0,0,Equipo,0,0,0,0,0,0,0,0,0,0,0,2,2,0,0,0,0,0,0,0,0,0,0,0,2,2017-2018,Regular Season,2,05/10/2017,divina seguros joventut - fc barcelona lassa,72 - 74,0,16,http://www.acb.com/fichas/LACB62016.php,
1,1,"Seraphin, Kevin",30:50,14,6,13,46,0,0,0,2,5,40,5,2,3,1,0,4,0,1,0,1,4,3,3,6,2017-2018,Regular Season,2,05/10/2017,divina seguros joventut - fc barcelona lassa,72 - 74,FC_Barcelona,16,http://www.acb.com/fichas/LACB62016.php,164
5,1,"Ribas, Pau",20:31,7,2,3,67,1,4,25,0,0,0,2,1,1,1,1,0,1,0,0,0,1,1,-3,7,2017-2018,Regular Season,2,05/10/2017,divina seguros joventut - fc barcelona lassa,72 - 74,FC_Barcelona,16,http://www.acb.com/fichas/LACB62016.php,AF1
0,0,"Garcia, Marc",0,0,0,0,0,0,0,0,0,0,0,0,0,0,0,0,0,0,0,0,0,0,0,0,0,2017-2018,Regular Season,2,05/10/2017,divina seguros joventut - fc barcelona lassa,72 - 74,FC_Barcelona,16,http://www.acb.com/fichas/LACB62016.php,0
8,0,"Pressey, Phil",17:37,6,3,5,60,0,2,0,0,2,0,2,2,0,0,4,2,2,0,0,0,0,4,-6,8,2017-2018,Regular Season,2,05/10/2017,divina seguros joventut - fc barcelona lassa,72 - 74,FC_Barcelona,16,http://www.acb.com/fichas/LACB62016.php,53X
9,1,"Hanga, Adam",15:12,9,2,5,40,1,1,100,2,2,100,4,3,1,1,1,1,1,0,0,0,1,3,3,13,2017-2018,Regular Season,2,05/10/2017,divina seguros joventut - fc barcelona lassa,72 - 74,FC_Barcelona,16,http://www.acb.com/fichas/LACB62016.php,125
11,0,"Navarro, J.C.",6:2,0,0,0,0,0,0,0,0,0,0,1,1,0,1,0,0,0,0,0,0,0,0,-1,2,2017-2018,Regular Season,2,05/10/2017,divina seguros joventut - fc barcelona lassa,72 - 74,FC_Barcelona,16,http://www.acb.com/fichas/LACB62016.php,A62
13,1,"Heurtel, Thomas",22:4,5,0,4,0,1,1,100,2,4,50,4,3,1,6,2,2,0,0,2,0,2,3,10,8,2017-2018,Regular Season,2,05/10/2017,divina seguros joventut - fc barcelona lassa,72 - 74,FC_Barcelona,16,http://www.acb.com/fichas/LACB62016.php,BJP
14,0,"Vezenkov, A.",19:32,0,0,1,0,0,3,0,0,0,0,5,5,0,4,1,0,0,1,0,0,3,0,7,4,2017-2018,Regular Season,2,05/10/2017,divina seguros joventut - fc barcelona lassa,72 - 74,FC_Barcelona,16,http://www.acb.com/fichas/LACB62016.php,FOS
21,0,"Sanders, Rakim",23:18,13,1,4,25,2,4,50,5,6,83,4,4,0,0,1,1,1,0,1,0,1,3,-2,12,2017-2018,Regular Season,2,05/10/2017,divina seguros joventut - fc barcelona lassa,72 - 74,FC_Barcelona,16,http://www.acb.com/fichas/LACB62016.php,53Z
25,0,"Koponen, Petteri",15:28,9,1,2,50,2,2,100,1,2,50,1,1,0,1,2,0,0,0,0,0,3,3,4,11,2017-2018,Regular Season,2,05/10/2017,divina seguros joventut - fc barcelona lassa,72 - 74,FC_Barcelona,16,http://www.acb.com/fichas/LACB62016.php,517
32,0,"Diagne, Atoumane",2:33,0,0,1,0,0,0,0,0,0,0,2,0,2,0,0,0,0,0,0,0,2,0,0,-1,2017-2018,Regular Season,2,05/10/2017,divina seguros joventut - fc barcelona lassa,72 - 74,FC_Barcelona,16,http://www.acb.com/fichas/LACB62016.php,2CG
45,1,"Moerman, Adrien",26:53,11,1,2,50,3,6,50,0,0,0,2,2,0,0,0,0,0,0,0,0,2,1,-5,8,2017-2018,Regular Season,2,05/10/2017,divina seguros joventut - fc barcelona lassa,72 - 74,FC_Barcelona,16,http://www.acb.com/fichas/LACB62016.php,216
0,0,Equipo,0,0,0,0,0,0,0,0,0,0,0,2,1,1,0,0,1,0,0,0,0,0,0,0,1,2017-2018,Regular Season,2,05/10/2017,divina seguros joventut - fc barcelona lassa,72 - 74,0,16,http://www.acb.com/fichas/LACB62016.php,
0,0,"Triguero, J.",0,0,0,0,0,0,0,0,0,0,0,0,0,0,0,0,0,0,0,0,0,0,0,0,0,2017-2018,Regular Season,2,04/10/2017,tecnyconta zaragoza - herbalife gran canaria,95 - 99,Zaragoza,17,http://www.acb.com/fichas/LACB62017.php,0
7,0,"Barreiro, J.",12:19,5,1,2,50,1,3,33,0,0,0,2,0,2,1,0,0,0,0,0,0,2,1,-13,4,2017-2018,Regular Season,2,04/10/2017,tecnyconta zaragoza - herbalife gran canaria,95 - 99,Zaragoza,17,http://www.acb.com/fichas/LACB62017.php,XEU
9,1,"Dragovic, Nikola",25:41,2,1,2,50,0,4,0,0,0,0,6,6,0,1,0,2,0,0,0,0,5,2,7,-1,2017-2018,Regular Season,2,04/10/2017,tecnyconta zaragoza - herbalife gran canaria,95 - 99,Zaragoza,17,http://www.acb.com/fichas/LACB62017.php,542
10,0,"Garcia, Sergi",22:33,6,0,0,0,1,4,25,3,4,75,2,1,1,6,4,0,0,0,0,0,3,3,7,14,2017-2018,Regular Season,2,04/10/2017,tecnyconta zaragoza - herbalife gran canaria,95 - 99,Zaragoza,17,http://www.acb.com/fichas/LACB62017.php,276
11,1,"Bellas, Tomas",21:59,18,6,10,60,2,5,40,0,2,0,1,1,0,1,1,2,2,0,0,0,2,4,-4,12,2017-2018,Regular Season,2,04/10/2017,tecnyconta zaragoza - herbalife gran canaria,95 - 99,Zaragoza,17,http://www.acb.com/fichas/LACB62017.php,YEF
13,1,"Neal, Gary",27:5,16,6,10,60,1,1,100,1,1,100,0,0,0,2,1,2,2,0,0,0,1,2,-10,14,2017-2018,Regular Season,2,04/10/2017,tecnyconta zaragoza - herbalife gran canaria,95 - 99,Zaragoza,17,http://www.acb.com/fichas/LACB62017.php,BFB
0,0,"Mazalin, Lovro",0,0,0,0,0,0,0,0,0,0,0,0,0,0,0,0,0,0,0,0,0,0,0,0,0,2017-2018,Regular Season,2,04/10/2017,tecnyconta zaragoza - herbalife gran canaria,95 - 99,Zaragoza,17,http://www.acb.com/fichas/LACB62017.php,0
24,1,"Michalak, Michal",11:15,1,0,2,0,0,2,0,1,2,50,0,0,0,0,0,0,0,0,0,0,3,1,-17,-6,2017-2018,Regular Season,2,04/10/2017,tecnyconta zaragoza - herbalife gran canaria,95 - 99,Zaragoza,17,http://www.acb.com/fichas/LACB62017.php,53M
27,0,"De Jong, Nicolas",20:10,9,4,6,67,0,0,0,1,1,100,4,2,2,1,0,2,1,0,2,0,3,3,-5,8,2017-2018,Regular Season,2,04/10/2017,tecnyconta zaragoza - herbalife gran canaria,95 - 99,Zaragoza,17,http://www.acb.com/fichas/LACB62017.php,54I
32,1,"Varnado, Jarvis",19:35,9,4,5,80,0,0,0,1,1,100,4,2,2,4,0,0,0,1,0,0,1,1,-2,17,2017-2018,Regular Season,2,04/10/2017,tecnyconta zaragoza - herbalife gran canaria,95 - 99,Zaragoza,17,http://www.acb.com/fichas/LACB62017.php,544
33,0,"Suarez, Alex",14:16,3,0,3,0,1,2,50,0,0,0,4,2,2,0,0,0,0,1,1,0,4,0,-11,-1,2017-2018,Regular Season,2,04/10/2017,tecnyconta zaragoza - herbalife gran canaria,95 - 99,Zaragoza,17,http://www.acb.com/fichas/LACB62017.php,BLI
45,0,"Blums, Janis",25:7,26,2,2,100,7,10,70,1,2,50,1,1,0,1,0,1,1,0,0,0,4,1,25,20,2017-2018,Regular Season,2,04/10/2017,tecnyconta zaragoza - herbalife gran canaria,95 - 99,Zaragoza,17,http://www.acb.com/fichas/LACB62017.php,BG3
0,0,Equipo,0,0,0,0,0,0,0,0,0,0,0,6,6,0,0,0,0,0,0,0,0,0,0,0,6,2017-2018,Regular Season,2,04/10/2017,tecnyconta zaragoza - herbalife gran canaria,95 - 99,0,17,http://www.acb.com/fichas/LACB62017.php,
4,0,"Oliver, Albert",25:16,13,2,3,67,1,5,20,6,6,100,2,1,1,1,0,1,0,0,0,0,1,3,1,12,2017-2018,Regular Season,2,04/10/2017,tecnyconta zaragoza - herbalife gran canaria,95 - 99,Gran_Canaria,17,http://www.acb.com/fichas/LACB62017.php,A56
8,0,"Eriksson, Marcus",14:4,10,1,1,100,2,2,100,2,2,100,2,1,1,2,0,1,0,0,0,0,1,3,2,15,2017-2018,Regular Season,2,04/10/2017,tecnyconta zaragoza - herbalife gran canaria,95 - 99,Gran_Canaria,17,http://www.acb.com/fichas/LACB62017.php,118
9,1,"Mekel, Gal",14:51,15,3,3,100,2,2,100,3,4,75,2,2,0,3,1,4,1,0,0,0,3,3,3,16,2017-2018,Regular Season,2,04/10/2017,tecnyconta zaragoza - herbalife gran canaria,95 - 99,Gran_Canaria,17,http://www.acb.com/fichas/LACB62017.php,53K
11,1,"Seeley, DJ",28:57,11,0,4,0,3,7,43,2,3,67,4,2,2,1,0,1,1,0,1,0,2,2,3,5,2017-2018,Regular Season,2,04/10/2017,tecnyconta zaragoza - herbalife gran canaria,95 - 99,Gran_Canaria,17,http://www.acb.com/fichas/LACB62017.php,2IW
12,0,"Balvin, Ondrej",20:47,8,3,5,60,0,0,0,2,5,40,4,2,2,0,1,2,0,3,0,1,1,3,-8,11,2017-2018,Regular Season,2,04/10/2017,tecnyconta zaragoza - herbalife gran canaria,95 - 99,Gran_Canaria,17,http://www.acb.com/fichas/LACB62017.php,BLE
13,0,"Baez, Eulis",18:1,10,2,5,40,0,0,0,6,6,100,5,3,2,2,0,2,0,0,0,0,2,4,13,14,2017-2018,Regular Season,2,04/10/2017,tecnyconta zaragoza - herbalife gran canaria,95 - 99,Gran_Canaria,17,http://www.acb.com/fichas/LACB62017.php,BIH
14,1,"Pasecniks, Anzejs",14:22,8,4,5,80,0,0,0,0,2,0,2,1,1,0,0,0,0,0,0,1,1,3,10,9,2017-2018,Regular Season,2,04/10/2017,tecnyconta zaragoza - herbalife gran canaria,95 - 99,Gran_Canaria,17,http://www.acb.com/fichas/LACB62017.php,FQH
21,0,"Pauli, Oriol",5:25,0,0,0,0,0,0,0,0,0,0,1,1,0,0,0,0,0,0,0,0,2,0,-5,-1,2017-2018,Regular Season,2,04/10/2017,tecnyconta zaragoza - herbalife gran canaria,95 - 99,Gran_Canaria,17,http://www.acb.com/fichas/LACB62017.php,SCE
22,0,"Rabaseda, Xavi",9:14,0,0,1,0,0,0,0,0,0,0,0,0,0,0,0,1,0,0,0,0,1,1,-8,-2,2017-2018,Regular Season,2,04/10/2017,tecnyconta zaragoza - herbalife gran canaria,95 - 99,Gran_Canaria,17,http://www.acb.com/fichas/LACB62017.php,Y1F
27,1,"McKissic, S.",22:28,13,5,6,83,0,1,0,3,5,60,3,2,1,3,1,0,0,0,0,0,1,5,16,20,2017-2018,Regular Season,2,04/10/2017,tecnyconta zaragoza - herbalife gran canaria,95 - 99,Gran_Canaria,17,http://www.acb.com/fichas/LACB62017.php,53D
34,1,"Aguilar, Pablo",21:59,11,4,6,67,1,4,25,0,1,0,7,5,2,0,1,1,2,0,1,0,1,1,-9,11,2017-2018,Regular Season,2,04/10/2017,tecnyconta zaragoza - herbalife gran canaria,95 - 99,Gran_Canaria,17,http://www.acb.com/fichas/LACB62017.php,Y49
40,0,"Fischer, Luke",4:36,0,0,0,0,0,0,0,0,0,0,0,0,0,1,0,0,0,0,0,0,1,0,2,0,2017-2018,Regular Season,2,04/10/2017,tecnyconta zaragoza - herbalife gran canaria,95 - 99,Gran_Canaria,17,http://www.acb.com/fichas/LACB62017.php,53I
0,0,Equipo,0,0,0,0,0,0,0,0,0,0,0,5,4,1,0,0,0,0,0,0,0,0,0,0,5,2017-2018,Regular Season,2,04/10/2017,tecnyconta zaragoza - herbalife gran canaria,95 - 99,0,17,http://www.acb.com/fichas/LACB62017.php,
0,1,"San Miguel, R.",25:59,6,2,2,100,0,2,0,2,2,100,5,5,0,4,0,3,0,1,0,0,1,3,9,13,2017-2018,Regular Season,2,04/10/2017,iberostar tenerife - ucam murcia,84 - 78,Tenerife,18,http://www.acb.com/fichas/LACB62018.php,B86
5,1,"Richotti, Nicolas",14:55,4,1,3,33,0,2,0,2,2,100,2,1,1,2,0,2,0,0,2,0,3,1,-6,-2,2017-2018,Regular Season,2,04/10/2017,iberostar tenerife - ucam murcia,84 - 78,Tenerife,18,http://www.acb.com/fichas/LACB62018.php,T78
7,0,"Niang, Mamadou",2:39,0,0,0,0,0,0,0,0,0,0,0,0,0,0,0,0,0,0,0,0,0,0,-4,0,2017-2018,Regular Season,2,04/10/2017,iberostar tenerife - ucam murcia,84 - 78,Tenerife,18,http://www.acb.com/fichas/LACB62018.php,SHU
10,0,"Bassas, Ferran",14:1,2,1,2,50,0,2,0,0,0,0,2,2,0,2,0,0,0,0,0,0,0,1,-3,4,2017-2018,Regular Season,2,04/10/2017,iberostar tenerife - ucam murcia,84 - 78,Tenerife,18,http://www.acb.com/fichas/LACB62018.php,714
13,1,"Tobey, Mike",26:20,16,6,8,75,0,0,0,4,5,80,8,4,4,1,1,1,0,1,0,2,4,3,13,22,2017-2018,Regular Season,2,04/10/2017,iberostar tenerife - ucam murcia,84 - 78,Tenerife,18,http://www.acb.com/fichas/LACB62018.php,530
17,0,"Vazquez, Fran",10:38,4,2,4,50,0,0,0,0,0,0,0,0,0,0,0,0,0,0,0,0,1,0,-5,1,2017-2018,Regular Season,2,04/10/2017,iberostar tenerife - ucam murcia,84 - 78,Tenerife,18,http://www.acb.com/fichas/LACB62018.php,A9S
20,0,"Ponitka, Mateusz",22:14,20,6,8,75,1,1,100,5,5,100,3,1,2,0,2,2,3,0,0,3,2,5,14,24,2017-2018,Regular Season,2,04/10/2017,iberostar tenerife - ucam murcia,84 - 78,Tenerife,18,http://www.acb.com/fichas/LACB62018.php,53W
21,1,"Abromaitis, Tim",20:1,10,1,4,25,2,3,67,2,2,100,1,1,0,2,0,0,0,2,0,0,2,3,2,12,2017-2018,Regular Season,2,04/10/2017,iberostar tenerife - ucam murcia,84 - 78,Tenerife,18,http://www.acb.com/fichas/LACB62018.php,FOI
24,0,"Vrabac, Adin",2:43,0,0,0,0,0,0,0,0,2,0,0,0,0,0,0,0,0,0,0,0,0,1,-9,-1,2017-2018,Regular Season,2,04/10/2017,iberostar tenerife - ucam murcia,84 - 78,Tenerife,18,http://www.acb.com/fichas/LACB62018.php,546
25,0,"Allen, Rosco",17:37,8,4,5,80,0,2,0,0,0,0,3,1,2,2,1,1,0,0,0,0,4,0,15,6,2017-2018,Regular Season,2,04/10/2017,iberostar tenerife - ucam murcia,84 - 78,Tenerife,18,http://www.acb.com/fichas/LACB62018.php,50I
33,1,"Beiran, Javier",17:46,5,0,2,0,1,2,50,2,2,100,5,4,1,0,0,0,0,0,1,0,2,2,-8,6,2017-2018,Regular Season,2,04/10/2017,iberostar tenerife - ucam murcia,84 - 78,Tenerife,18,http://www.acb.com/fichas/LACB62018.php,BB2
34,0,"White, Davin",25:7,9,2,3,67,1,5,20,2,3,67,2,2,0,4,1,2,0,0,0,0,2,5,12,11,2017-2018,Regular Season,2,04/10/2017,iberostar tenerife - ucam murcia,84 - 78,Tenerife,18,http://www.acb.com/fichas/LACB62018.php,2B8
0,0,Equipo,0,0,0,0,0,0,0,0,0,0,0,6,3,3,0,0,1,0,0,0,0,0,0,0,5,2017-2018,Regular Season,2,04/10/2017,iberostar tenerife - ucam murcia,84 - 78,0,18,http://www.acb.com/fichas/LACB62018.php,
0,0,"Soko, Ovie",19:26,6,2,2,100,0,3,0,2,2,100,1,1,0,3,0,1,1,0,0,0,1,2,-8,7,2017-2018,Regular Season,2,04/10/2017,iberostar tenerife - ucam murcia,84 - 78,Murcia,18,http://www.acb.com/fichas/LACB62018.php,50S
3,0,"Urtasun, Alex",21:34,5,1,5,20,1,3,33,0,0,0,1,1,0,0,1,1,0,0,1,0,2,1,-5,-2,2017-2018,Regular Season,2,04/10/2017,iberostar tenerife - ucam murcia,84 - 78,Murcia,18,http://www.acb.com/fichas/LACB62018.php,BA3
8,0,"Benite, Vitor",19:39,13,2,4,50,3,4,75,0,0,0,1,0,1,0,0,3,0,0,1,1,2,0,-6,5,2017-2018,Regular Season,2,04/10/2017,iberostar tenerife - ucam murcia,84 - 78,Murcia,18,http://www.acb.com/fichas/LACB62018.php,FOX
9,0,"Kloof, Charlon",16:26,5,1,2,50,0,1,0,3,3,100,0,0,0,3,2,0,0,1,0,1,4,4,4,9,2017-2018,Regular Season,2,04/10/2017,iberostar tenerife - ucam murcia,84 - 78,Murcia,18,http://www.acb.com/fichas/LACB62018.php,53N
11,1,"Hannah, Clevin",23:34,7,2,3,67,1,4,25,0,0,0,1,1,0,7,1,3,0,0,0,0,2,3,-10,10,2017-2018,Regular Season,2,04/10/2017,iberostar tenerife - ucam murcia,84 - 78,Murcia,18,http://www.acb.com/fichas/LACB62018.php,1LQ
12,1,"Oleson, Brad",20:9,13,2,2,100,3,5,60,0,0,0,4,3,1,1,0,0,1,1,0,0,1,0,4,16,2017-2018,Regular Season,2,04/10/2017,iberostar tenerife - ucam murcia,84 - 78,Murcia,18,http://www.acb.com/fichas/LACB62018.php,BGO
14,0,"Olaizola, Julen",3:36,2,1,2,50,0,0,0,0,0,0,0,0,0,0,0,0,0,0,0,0,0,0,-3,1,2017-2018,Regular Season,2,04/10/2017,iberostar tenerife - ucam murcia,84 - 78,Murcia,18,http://www.acb.com/fichas/LACB62018.php,T86
16,0,"Delia, Marcos",14:55,5,1,2,50,0,0,0,3,4,75,2,1,1,0,0,1,0,0,1,0,4,3,0,2,2017-2018,Regular Season,2,04/10/2017,iberostar tenerife - ucam murcia,84 - 78,Murcia,18,http://www.acb.com/fichas/LACB62018.php,512
24,1,"Tumba, Kevin",21:29,7,3,6,50,0,0,0,1,1,100,8,6,2,0,0,2,0,0,1,1,3,3,-3,9,2017-2018,Regular Season,2,04/10/2017,iberostar tenerife - ucam murcia,84 - 78,Murcia,18,http://www.acb.com/fichas/LACB62018.php,52W
27,1,"Rojas, Sadiel",17:34,7,0,0,0,2,4,50,1,2,50,0,0,0,2,0,0,0,0,0,0,4,2,-1,4,2017-2018,Regular Season,2,04/10/2017,iberostar tenerife - ucam murcia,84 - 78,Murcia,18,http://www.acb.com/fichas/LACB62018.php,1L3
33,1,"Lukovic, Marko",21:38,8,0,3,0,2,3,67,2,4,50,4,4,0,1,0,0,0,1,0,0,1,3,-2,10,2017-2018,Regular Season,2,04/10/2017,iberostar tenerife - ucam murcia,84 - 78,Murcia,18,http://www.acb.com/fichas/LACB62018.php,53R
0,0,Equipo,0,0,0,0,0,0,0,0,0,0,0,1,1,0,0,0,1,0,0,0,0,0,0,0,0,2017-2018,Regular Season,2,04/10/2017,iberostar tenerife - ucam murcia,84 - 78,0,18,http://www.acb.com/fichas/LACB62018.php,
1,1,"Causeur, Fabien",23:20,15,5,5,100,1,2,50,2,2,100,1,1,0,1,1,0,0,1,0,0,0,1,31,19,2017-2018,Regular Season,3,08/10/2017,real madrid - tecnyconta zaragoza,93 - 65,Real_Madrid,19,http://www.acb.com/fichas/LACB62019.php,218
3,0,"Randolph, A.",19:19,13,2,5,40,1,3,33,6,9,67,7,6,1,0,2,1,2,1,0,1,1,5,16,18,2017-2018,Regular Season,3,08/10/2017,real madrid - tecnyconta zaragoza,93 - 65,Real_Madrid,19,http://www.acb.com/fichas/LACB62019.php,507
5,0,"Fernandez, Rudy",11:2,7,1,1,100,1,2,50,2,2,100,2,2,0,0,0,0,1,0,0,0,0,1,13,9,2017-2018,Regular Season,3,08/10/2017,real madrid - tecnyconta zaragoza,93 - 65,Real_Madrid,19,http://www.acb.com/fichas/LACB62019.php,B0X
6,0,"Radoncic, Dino",5:18,2,1,2,50,0,0,0,0,0,0,1,1,0,1,0,0,0,0,0,0,2,0,1,1,2017-2018,Regular Season,3,08/10/2017,real madrid - tecnyconta zaragoza,93 - 65,Real_Madrid,19,http://www.acb.com/fichas/LACB62019.php,FQI
7,0,"Doncic, Luka",21:59,10,3,5,60,1,3,33,1,2,50,5,3,2,6,0,1,0,0,0,0,2,2,16,15,2017-2018,Regular Season,3,08/10/2017,real madrid - tecnyconta zaragoza,93 - 65,Real_Madrid,19,http://www.acb.com/fichas/LACB62019.php,460
9,1,"Reyes, Felipe",15:53,11,4,6,67,0,0,0,3,4,75,5,2,3,1,0,1,0,0,2,0,0,6,11,17,2017-2018,Regular Season,3,08/10/2017,real madrid - tecnyconta zaragoza,93 - 65,Real_Madrid,19,http://www.acb.com/fichas/LACB62019.php,A1M
11,1,"Campazzo, Facu",18:9,4,1,2,50,0,4,0,2,2,100,2,2,0,2,1,2,1,0,0,0,4,4,11,2,2017-2018,Regular Season,3,08/10/2017,real madrid - tecnyconta zaragoza,93 - 65,Real_Madrid,19,http://www.acb.com/fichas/LACB62019.php,1LU
14,1,"Ayon, Gustavo",20:12,8,3,7,43,0,0,0,2,2,100,9,5,4,3,1,2,0,1,0,0,3,2,18,15,2017-2018,Regular Season,3,08/10/2017,real madrid - tecnyconta zaragoza,93 - 65,Real_Madrid,19,http://www.acb.com/fichas/LACB62019.php,113
16,0,"Yusta, Santiago",18:2,8,2,4,50,1,4,25,1,1,100,4,3,1,0,1,0,0,0,0,0,2,1,6,7,2017-2018,Regular Season,3,08/10/2017,real madrid - tecnyconta zaragoza,93 - 65,Real_Madrid,19,http://www.acb.com/fichas/LACB62019.php,1E4
20,0,"Carroll, Jaycee",12:1,2,1,2,50,0,3,0,0,0,0,2,2,0,2,0,2,0,0,1,0,1,0,1,-2,2017-2018,Regular Season,3,08/10/2017,real madrid - tecnyconta zaragoza,93 - 65,Real_Madrid,19,http://www.acb.com/fichas/LACB62019.php,BGZ
32,0,"Kuzmic, Ognjen",19:18,10,3,4,75,0,0,0,4,4,100,5,2,3,0,0,3,0,0,0,0,3,4,10,12,2017-2018,Regular Season,3,08/10/2017,real madrid - tecnyconta zaragoza,93 - 65,Real_Madrid,19,http://www.acb.com/fichas/LACB62019.php,778
44,1,"Taylor, Jeffery",15:27,3,0,0,0,1,2,50,0,0,0,1,0,1,0,0,1,0,0,0,0,1,1,6,2,2017-2018,Regular Season,3,08/10/2017,real madrid - tecnyconta zaragoza,93 - 65,Real_Madrid,19,http://www.acb.com/fichas/LACB62019.php,FQ3
0,0,Equipo,0,0,0,0,0,0,0,0,0,0,0,1,0,1,0,0,0,0,0,0,0,0,0,0,1,2017-2018,Regular Season,3,08/10/2017,real madrid - tecnyconta zaragoza,93 - 65,0,19,http://www.acb.com/fichas/LACB62019.php,
5,0,"Triguero, J.",10:59,4,1,2,50,0,0,0,2,2,100,0,0,0,1,1,3,0,0,0,0,3,2,0,1,2017-2018,Regular Season,3,08/10/2017,real madrid - tecnyconta zaragoza,93 - 65,Zaragoza,19,http://www.acb.com/fichas/LACB62019.php,BCC
7,0,"Barreiro, J.",6:50,3,0,0,0,1,2,50,0,0,0,0,0,0,0,0,0,0,0,0,0,1,2,2,3,2017-2018,Regular Season,3,08/10/2017,real madrid - tecnyconta zaragoza,93 - 65,Zaragoza,19,http://www.acb.com/fichas/LACB62019.php,XEU
9,1,"Dragovic, Nikola",16:1,0,0,0,0,0,3,0,0,0,0,2,1,1,0,0,2,0,1,0,0,4,0,-20,-6,2017-2018,Regular Season,3,08/10/2017,real madrid - tecnyconta zaragoza,93 - 65,Zaragoza,19,http://www.acb.com/fichas/LACB62019.php,542
10,0,"Garcia, Sergi",21:29,4,1,3,33,0,2,0,2,2,100,2,2,0,5,2,2,0,0,0,0,0,3,-31,10,2017-2018,Regular Season,3,08/10/2017,real madrid - tecnyconta zaragoza,93 - 65,Zaragoza,19,http://www.acb.com/fichas/LACB62019.php,276
11,1,"Bellas, Tomas",18:31,5,1,2,50,1,3,33,0,0,0,2,2,0,3,0,1,0,0,0,0,2,1,3,5,2017-2018,Regular Season,3,08/10/2017,real madrid - tecnyconta zaragoza,93 - 65,Zaragoza,19,http://www.acb.com/fichas/LACB62019.php,YEF
13,1,"Neal, Gary",26:42,12,3,4,75,1,2,50,3,3,100,1,1,0,0,0,2,0,0,0,0,2,3,-12,10,2017-2018,Regular Season,3,08/10/2017,real madrid - tecnyconta zaragoza,93 - 65,Zaragoza,19,http://www.acb.com/fichas/LACB62019.php,BFB
14,1,"Mazalin, Lovro",13:9,2,0,4,0,0,0,0,2,2,100,0,0,0,1,1,0,0,0,0,0,4,1,-20,-3,2017-2018,Regular Season,3,08/10/2017,real madrid - tecnyconta zaragoza,93 - 65,Zaragoza,19,http://www.acb.com/fichas/LACB62019.php,53C
24,0,"Michalak, Michal",20:30,5,1,4,25,1,2,50,0,0,0,4,2,2,1,0,2,0,0,0,0,1,2,-3,5,2017-2018,Regular Season,3,08/10/2017,real madrid - tecnyconta zaragoza,93 - 65,Zaragoza,19,http://www.acb.com/fichas/LACB62019.php,53M
27,0,"De Jong, Nicolas",13:39,9,4,6,67,0,0,0,1,2,50,3,2,1,1,0,0,0,1,0,0,4,4,-15,11,2017-2018,Regular Season,3,08/10/2017,real madrid - tecnyconta zaragoza,93 - 65,Zaragoza,19,http://www.acb.com/fichas/LACB62019.php,54I
32,1,"Varnado, Jarvis",15:22,4,2,5,40,0,0,0,0,0,0,2,2,0,0,1,1,1,1,1,0,4,1,-13,0,2017-2018,Regular Season,3,08/10/2017,real madrid - tecnyconta zaragoza,93 - 65,Zaragoza,19,http://www.acb.com/fichas/LACB62019.php,544
33,0,"Suarez, Alex",19:11,12,0,0,0,4,6,67,0,0,0,6,6,0,0,0,2,0,0,0,0,1,0,-7,13,2017-2018,Regular Season,3,08/10/2017,real madrid - tecnyconta zaragoza,93 - 65,Zaragoza,19,http://www.acb.com/fichas/LACB62019.php,BLI
45,0,"Blums, Janis",17:37,5,1,3,33,1,4,25,0,0,0,0,0,0,1,0,2,0,0,2,0,1,0,-24,-4,2017-2018,Regular Season,3,08/10/2017,real madrid - tecnyconta zaragoza,93 - 65,Zaragoza,19,http://www.acb.com/fichas/LACB62019.php,BG3
0,0,Equipo,0,0,0,0,0,0,0,0,0,0,0,3,1,2,0,0,1,0,0,0,0,0,0,0,2,2017-2018,Regular Season,3,08/10/2017,real madrid - tecnyconta zaragoza,93 - 65,0,19,http://www.acb.com/fichas/LACB62019.php,
1,1,"Seraphin, Kevin",20:26,11,5,10,50,0,0,0,1,2,50,4,0,4,1,1,1,0,1,0,1,1,1,17,11,2017-2018,Regular Season,3,08/10/2017,fc barcelona lassa - san pablo burgos,111 - 81,FC_Barcelona,20,http://www.acb.com/fichas/LACB62020.php,164
5,1,"Ribas, Pau",14:2,21,3,5,60,5,6,83,0,0,0,1,1,0,2,1,1,2,0,0,0,1,1,14,21,2017-2018,Regular Season,3,08/10/2017,fc barcelona lassa - san pablo burgos,111 - 81,FC_Barcelona,20,http://www.acb.com/fichas/LACB62020.php,AF1
6,0,"Garcia, Marc",4:52,4,1,1,100,0,1,0,2,2,100,1,1,0,0,0,0,0,0,0,0,2,2,6,4,2017-2018,Regular Season,3,08/10/2017,fc barcelona lassa - san pablo burgos,111 - 81,FC_Barcelona,20,http://www.acb.com/fichas/LACB62020.php,UAD
8,0,"Pressey, Phil",17:53,2,0,1,0,0,0,0,2,2,100,3,3,0,7,2,2,0,0,1,0,2,3,2,11,2017-2018,Regular Season,3,08/10/2017,fc barcelona lassa - san pablo burgos,111 - 81,FC_Barcelona,20,http://www.acb.com/fichas/LACB62020.php,53X
9,1,"Hanga, Adam",20:39,11,1,1,100,2,4,50,3,4,75,3,3,0,4,4,2,2,0,0,0,1,2,24,18,2017-2018,Regular Season,3,08/10/2017,fc barcelona lassa - san pablo burgos,111 - 81,FC_Barcelona,20,http://www.acb.com/fichas/LACB62020.php,125
11,0,"Navarro, J.C.",7:25,2,1,1,100,0,0,0,0,0,0,0,0,0,1,0,0,0,0,0,0,1,0,9,2,2017-2018,Regular Season,3,08/10/2017,fc barcelona lassa - san pablo burgos,111 - 81,FC_Barcelona,20,http://www.acb.com/fichas/LACB62020.php,A62
13,1,"Heurtel, Thomas",22:7,8,4,6,67,0,2,0,0,0,0,2,2,0,10,0,2,2,0,0,0,1,1,28,14,2017-2018,Regular Season,3,08/10/2017,fc barcelona lassa - san pablo burgos,111 - 81,FC_Barcelona,20,http://www.acb.com/fichas/LACB62020.php,BJP
14,0,"Vezenkov, A.",18:1,7,2,3,67,1,5,20,0,0,0,5,4,1,0,1,1,0,2,0,0,1,0,9,8,2017-2018,Regular Season,3,08/10/2017,fc barcelona lassa - san pablo burgos,111 - 81,FC_Barcelona,20,http://www.acb.com/fichas/LACB62020.php,FOS
18,0,"Oriola, Pierre",19:34,16,5,5,100,0,0,0,6,6,100,6,2,4,2,0,0,1,0,0,0,1,3,13,26,2017-2018,Regular Season,3,08/10/2017,fc barcelona lassa - san pablo burgos,111 - 81,FC_Barcelona,20,http://www.acb.com/fichas/LACB62020.php,BIQ
21,0,"Sanders, Rakim",14:29,4,2,5,40,0,2,0,0,0,0,3,1,2,0,0,2,0,0,2,1,2,0,0,-4,2017-2018,Regular Season,3,08/10/2017,fc barcelona lassa - san pablo burgos,111 - 81,FC_Barcelona,20,http://www.acb.com/fichas/LACB62020.php,53Z
25,0,"Koponen, Petteri",18:33,8,1,1,100,2,5,40,0,0,0,2,1,1,2,0,2,1,0,0,0,3,0,7,4,2017-2018,Regular Season,3,08/10/2017,fc barcelona lassa - san pablo burgos,111 - 81,FC_Barcelona,20,http://www.acb.com/fichas/LACB62020.php,517
45,1,"Moerman, Adrien",21:59,17,1,2,50,5,8,63,0,0,0,6,3,3,1,0,1,0,0,0,0,2,1,21,18,2017-2018,Regular Season,3,08/10/2017,fc barcelona lassa - san pablo burgos,111 - 81,FC_Barcelona,20,http://www.acb.com/fichas/LACB62020.php,216
0,0,Equipo,0,0,0,0,0,0,0,0,0,0,0,3,2,1,0,0,0,0,0,0,0,0,0,0,3,2017-2018,Regular Season,3,08/10/2017,fc barcelona lassa - san pablo burgos,111 - 81,0,20,http://www.acb.com/fichas/LACB62020.php,
0,1,"Fisher, Corey",25:19,13,2,3,67,3,4,75,0,2,0,1,1,0,5,0,2,0,0,0,0,2,2,-18,13,2017-2018,Regular Season,3,08/10/2017,fc barcelona lassa - san pablo burgos,111 - 81,Burgos,20,http://www.acb.com/fichas/LACB62020.php,244
5,0,"Schreiner, Thomas",14:41,3,0,1,0,1,3,33,0,0,0,2,2,0,1,0,3,0,0,0,0,2,1,-12,-1,2017-2018,Regular Season,3,08/10/2017,fc barcelona lassa - san pablo burgos,111 - 81,Burgos,20,http://www.acb.com/fichas/LACB62020.php,2A3
8,1,"Sedekerskis, Tadas",15:53,4,2,2,100,0,0,0,0,0,0,4,4,0,1,1,1,1,1,0,1,1,1,-10,10,2017-2018,Regular Season,3,08/10/2017,fc barcelona lassa - san pablo burgos,111 - 81,Burgos,20,http://www.acb.com/fichas/LACB62020.php,1BG
9,1,"Barrera, Alex",22:20,12,3,3,100,2,3,67,0,0,0,1,1,0,0,2,3,1,0,0,0,2,2,-20,11,2017-2018,Regular Season,3,08/10/2017,fc barcelona lassa - san pablo burgos,111 - 81,Burgos,20,http://www.acb.com/fichas/LACB62020.php,717
10,1,"Vega, Javier",22:40,6,0,2,0,2,6,33,0,0,0,3,3,0,2,0,1,0,0,0,0,0,0,-11,4,2017-2018,Regular Season,3,08/10/2017,fc barcelona lassa - san pablo burgos,111 - 81,Burgos,20,http://www.acb.com/fichas/LACB62020.php,BA6
11,0,"Saiz, Sebas",13:46,2,1,3,33,0,0,0,0,0,0,3,1,2,0,0,3,0,1,0,0,3,1,-15,-1,2017-2018,Regular Season,3,08/10/2017,fc barcelona lassa - san pablo burgos,111 - 81,Burgos,20,http://www.acb.com/fichas/LACB62020.php,SDS
13,0,"Gailius, Deividas",17:13,5,1,3,33,1,3,33,0,0,0,1,1,0,1,0,2,0,0,1,0,2,4,-11,2,2017-2018,Regular Season,3,08/10/2017,fc barcelona lassa - san pablo burgos,111 - 81,Burgos,20,http://www.acb.com/fichas/LACB62020.php,549
15,0,"Martinez, Edu",6:54,0,0,0,0,0,0,0,0,0,0,0,0,0,0,0,0,0,0,0,0,1,0,-9,-1,2017-2018,Regular Season,3,08/10/2017,fc barcelona lassa - san pablo burgos,111 - 81,Burgos,20,http://www.acb.com/fichas/LACB62020.php,Y7W
0,0,"Dos Anjos, Felipe",0,0,0,0,0,0,0,0,0,0,0,0,0,0,0,0,0,0,0,0,0,0,0,0,0,2017-2018,Regular Season,3,08/10/2017,fc barcelona lassa - san pablo burgos,111 - 81,Burgos,20,http://www.acb.com/fichas/LACB62020.php,0
21,1,"Thompson, Deon",25:23,11,5,9,56,0,0,0,1,2,50,4,2,2,2,0,1,0,1,1,1,1,1,-19,11,2017-2018,Regular Season,3,08/10/2017,fc barcelona lassa - san pablo burgos,111 - 81,Burgos,20,http://www.acb.com/fichas/LACB62020.php,54C
23,0,"Huskic, Goran",18:11,13,6,8,75,0,0,0,1,2,50,2,1,1,1,1,2,0,0,1,1,0,1,-15,12,2017-2018,Regular Season,3,08/10/2017,fc barcelona lassa - san pablo burgos,111 - 81,Burgos,20,http://www.acb.com/fichas/LACB62020.php,H05
25,0,"Lopez, Alex",17:40,12,3,3,100,0,2,0,6,8,75,1,1,0,3,2,0,1,0,0,0,0,5,-10,19,2017-2018,Regular Season,3,08/10/2017,fc barcelona lassa - san pablo burgos,111 - 81,Burgos,20,http://www.acb.com/fichas/LACB62020.php,YBF
0,0,Equipo,0,0,0,0,0,0,0,0,0,0,0,2,1,1,0,0,1,0,0,0,0,0,0,0,1,2017-2018,Regular Season,3,08/10/2017,fc barcelona lassa - san pablo burgos,111 - 81,0,20,http://www.acb.com/fichas/LACB62020.php,
4,0,"Cvetkovic, A.",19:9,6,1,2,50,1,4,25,1,2,50,1,1,0,1,1,1,1,0,1,0,4,3,-3,1,2017-2018,Regular Season,3,08/10/2017,movistar estudiantes - gipuzkoa basket,75 - 92,Estudiantes,21,http://www.acb.com/fichas/LACB62021.php,50G
6,0,"Hakanson, Ludde",14:13,6,2,2,100,0,2,0,2,2,100,2,1,1,1,0,1,1,0,0,0,2,2,-6,6,2017-2018,Regular Season,3,08/10/2017,movistar estudiantes - gipuzkoa basket,75 - 92,Estudiantes,21,http://www.acb.com/fichas/LACB62021.php,UAE
8,1,"Brizuela, Dario",13:25,3,0,4,0,1,1,100,0,0,0,0,0,0,1,1,0,0,0,1,0,2,1,-9,-1,2017-2018,Regular Season,3,08/10/2017,movistar estudiantes - gipuzkoa basket,75 - 92,Estudiantes,21,http://www.acb.com/fichas/LACB62021.php,81E
9,0,"Vicedo, Edgar",14:54,9,3,3,100,1,4,25,0,0,0,1,1,0,0,0,0,0,0,0,0,0,1,-3,8,2017-2018,Regular Season,3,08/10/2017,movistar estudiantes - gipuzkoa basket,75 - 92,Estudiantes,21,http://www.acb.com/fichas/LACB62021.php,SDT
10,1,"Cook, Omar",25:47,13,1,1,100,2,5,40,5,6,83,6,5,1,6,0,2,0,0,0,0,2,3,-11,20,2017-2018,Regular Season,3,08/10/2017,movistar estudiantes - gipuzkoa basket,75 - 92,Estudiantes,21,http://www.acb.com/fichas/LACB62021.php,BFP
11,0,"Pena, Dagoberto",18:7,5,1,1,100,1,4,25,0,1,0,1,1,0,2,1,1,0,0,0,0,3,2,-6,3,2017-2018,Regular Season,3,08/10/2017,movistar estudiantes - gipuzkoa basket,75 - 92,Estudiantes,21,http://www.acb.com/fichas/LACB62021.php,53E
12,1,"Suton, Goran",21:29,2,0,3,0,0,3,0,2,2,100,9,6,3,0,2,1,0,0,0,0,1,1,-16,6,2017-2018,Regular Season,3,08/10/2017,movistar estudiantes - gipuzkoa basket,75 - 92,Estudiantes,21,http://www.acb.com/fichas/LACB62021.php,1LM
15,1,"Landesberg, Sylven",25:46,14,3,6,50,2,5,40,2,4,50,2,2,0,3,1,1,1,0,0,0,1,6,-10,16,2017-2018,Regular Season,3,08/10/2017,movistar estudiantes - gipuzkoa basket,75 - 92,Estudiantes,21,http://www.acb.com/fichas/LACB62021.php,541
17,0,"Savane, Sitapha",2:42,0,0,1,0,0,0,0,0,0,0,2,2,0,0,0,0,0,0,0,0,0,0,-5,1,2017-2018,Regular Season,3,08/10/2017,movistar estudiantes - gipuzkoa basket,75 - 92,Estudiantes,21,http://www.acb.com/fichas/LACB62021.php,B3M
21,0,"Brown, Alec",14:53,10,2,4,50,2,4,50,0,0,0,3,2,1,1,0,0,0,1,0,0,4,0,4,7,2017-2018,Regular Season,3,08/10/2017,movistar estudiantes - gipuzkoa basket,75 - 92,Estudiantes,21,http://www.acb.com/fichas/LACB62021.php,FO4
22,0,"Caner-Medley,N.",22:38,6,1,5,20,0,2,0,4,4,100,4,3,1,2,0,3,1,2,0,0,2,2,-11,5,2017-2018,Regular Season,3,08/10/2017,movistar estudiantes - gipuzkoa basket,75 - 92,Estudiantes,21,http://www.acb.com/fichas/LACB62021.php,BF4
38,1,"Arteaga, Victor",6:57,1,0,2,0,0,1,0,1,2,50,1,1,0,0,1,0,0,0,0,0,1,1,-9,-1,2017-2018,Regular Season,3,08/10/2017,movistar estudiantes - gipuzkoa basket,75 - 92,Estudiantes,21,http://www.acb.com/fichas/LACB62021.php,768
0,0,Equipo,0,0,0,0,0,0,0,0,0,0,0,2,1,1,0,0,0,0,0,0,0,0,0,0,2,2017-2018,Regular Season,3,08/10/2017,movistar estudiantes - gipuzkoa basket,75 - 92,0,21,http://www.acb.com/fichas/LACB62021.php,
1,0,"Agbelese, Danny",19:31,10,5,8,63,0,0,0,0,0,0,6,6,0,0,0,0,0,2,1,1,3,0,4,11,2017-2018,Regular Season,3,08/10/2017,movistar estudiantes - gipuzkoa basket,75 - 92,Guipuzcoa,21,http://www.acb.com/fichas/LACB62021.php,D03
3,0,"Chery, Kenny",22:26,8,2,4,50,1,3,33,1,1,100,1,1,0,3,1,1,0,0,0,0,1,2,9,9,2017-2018,Regular Season,3,08/10/2017,movistar estudiantes - gipuzkoa basket,75 - 92,Guipuzcoa,21,http://www.acb.com/fichas/LACB62021.php,51A
4,1,"Van Lacke, Fede",17:32,3,0,2,0,1,2,50,0,0,0,1,1,0,1,0,1,0,0,0,0,3,1,18,-1,2017-2018,Regular Season,3,08/10/2017,movistar estudiantes - gipuzkoa basket,75 - 92,Guipuzcoa,21,http://www.acb.com/fichas/LACB62021.php,B3K
5,1,"Perez, Daniel",17:33,14,1,2,50,2,5,40,6,6,100,0,0,0,2,0,4,0,0,0,0,4,5,8,9,2017-2018,Regular Season,3,08/10/2017,movistar estudiantes - gipuzkoa basket,75 - 92,Guipuzcoa,21,http://www.acb.com/fichas/LACB62021.php,Y84
7,0,"Oroz, Xabi",19:18,4,2,3,67,0,0,0,0,1,0,4,3,1,4,1,1,0,0,0,0,2,1,3,9,2017-2018,Regular Season,3,08/10/2017,movistar estudiantes - gipuzkoa basket,75 - 92,Guipuzcoa,21,http://www.acb.com/fichas/LACB62021.php,XDP
10,0,"Salvo, Miquel",15:14,11,2,2,100,2,2,100,1,3,33,4,4,0,1,0,0,0,0,0,1,2,3,0,15,2017-2018,Regular Season,3,08/10/2017,movistar estudiantes - gipuzkoa basket,75 - 92,Guipuzcoa,21,http://www.acb.com/fichas/LACB62021.php,545
11,0,"Pardina, Joan",5:33,4,0,0,0,1,1,100,1,2,50,2,2,0,1,0,0,0,0,0,0,2,1,-7,5,2017-2018,Regular Season,3,08/10/2017,movistar estudiantes - gipuzkoa basket,75 - 92,Guipuzcoa,21,http://www.acb.com/fichas/LACB62021.php,782
17,0,"Fakuade, Michael",13:15,2,1,4,25,0,0,0,0,0,0,4,3,1,0,0,2,0,0,2,0,2,0,10,-3,2017-2018,Regular Season,3,08/10/2017,movistar estudiantes - gipuzkoa basket,75 - 92,Guipuzcoa,21,http://www.acb.com/fichas/LACB62021.php,54P
44,1,"Swing, Jordan",24:1,8,2,9,22,0,2,0,4,4,100,8,5,3,1,0,1,0,0,0,0,1,4,18,10,2017-2018,Regular Season,3,08/10/2017,movistar estudiantes - gipuzkoa basket,75 - 92,Guipuzcoa,21,http://www.acb.com/fichas/LACB62021.php,D07
64,1,"Norel, Henk",20:29,16,7,10,70,0,0,0,2,2,100,13,8,5,2,0,1,0,0,0,1,1,4,13,30,2017-2018,Regular Season,3,08/10/2017,movistar estudiantes - gipuzkoa basket,75 - 92,Guipuzcoa,21,http://www.acb.com/fichas/LACB62021.php,BA0
88,1,"Clark, Daniel",25:8,12,3,8,38,2,5,40,0,0,0,5,3,2,1,0,2,1,0,0,0,1,1,9,8,2017-2018,Regular Season,3,08/10/2017,movistar estudiantes - gipuzkoa basket,75 - 92,Guipuzcoa,21,http://www.acb.com/fichas/LACB62021.php,BB8
0,0,Equipo,0,0,0,0,0,0,0,0,0,0,0,0,0,0,0,0,1,0,0,0,0,0,0,0,-1,2017-2018,Regular Season,3,08/10/2017,movistar estudiantes - gipuzkoa basket,75 - 92,0,21,http://www.acb.com/fichas/LACB62021.php,
0,1,"San Miguel, R.",26:51,2,1,4,25,0,4,0,0,0,0,3,2,1,5,0,1,0,0,0,0,2,1,4,1,2017-2018,Regular Season,3,08/10/2017,iberostar tenerife - valencia basket,67 - 70,Tenerife,22,http://www.acb.com/fichas/LACB62022.php,B86
5,1,"Richotti, Nicolas",25:26,4,2,5,40,0,2,0,0,1,0,3,1,2,5,2,3,0,0,0,0,3,2,0,4,2017-2018,Regular Season,3,08/10/2017,iberostar tenerife - valencia basket,67 - 70,Tenerife,22,http://www.acb.com/fichas/LACB62022.php,T78
0,0,"Niang, Mamadou",0,0,0,0,0,0,0,0,0,0,0,0,0,0,0,0,0,0,0,0,0,0,0,0,0,2017-2018,Regular Season,3,08/10/2017,iberostar tenerife - valencia basket,67 - 70,Tenerife,22,http://www.acb.com/fichas/LACB62022.php,0
10,0,"Bassas, Ferran",13:0,5,1,2,50,1,3,33,0,0,0,0,0,0,1,1,1,1,0,0,0,0,2,-7,5,2017-2018,Regular Season,3,08/10/2017,iberostar tenerife - valencia basket,67 - 70,Tenerife,22,http://www.acb.com/fichas/LACB62022.php,714
13,0,"Tobey, Mike",26:4,13,5,8,63,1,3,33,0,0,0,7,3,4,0,0,0,1,1,1,1,3,1,-4,13,2017-2018,Regular Season,3,08/10/2017,iberostar tenerife - valencia basket,67 - 70,Tenerife,22,http://www.acb.com/fichas/LACB62022.php,530
17,1,"Vazquez, Fran",13:42,6,3,6,50,0,0,0,0,0,0,3,1,2,0,0,1,0,0,1,1,1,1,1,4,2017-2018,Regular Season,3,08/10/2017,iberostar tenerife - valencia basket,67 - 70,Tenerife,22,http://www.acb.com/fichas/LACB62022.php,A9S
20,1,"Ponitka, Mateusz",21:6,14,5,7,71,0,1,0,4,5,80,7,5,2,3,0,0,0,0,0,0,2,4,4,22,2017-2018,Regular Season,3,08/10/2017,iberostar tenerife - valencia basket,67 - 70,Tenerife,22,http://www.acb.com/fichas/LACB62022.php,53W
21,1,"Abromaitis, Tim",29:2,13,5,7,71,1,3,33,0,0,0,7,5,2,1,0,0,0,1,1,0,3,3,1,17,2017-2018,Regular Season,3,08/10/2017,iberostar tenerife - valencia basket,67 - 70,Tenerife,22,http://www.acb.com/fichas/LACB62022.php,FOI
0,0,"Vrabac, Adin",0,0,0,0,0,0,0,0,0,0,0,0,0,0,0,0,0,0,0,0,0,0,0,0,0,2017-2018,Regular Season,3,08/10/2017,iberostar tenerife - valencia basket,67 - 70,Tenerife,22,http://www.acb.com/fichas/LACB62022.php,0
25,0,"Allen, Rosco",11:11,2,0,1,0,0,1,0,2,2,100,1,0,1,0,0,0,0,0,0,0,1,1,-4,1,2017-2018,Regular Season,3,08/10/2017,iberostar tenerife - valencia basket,67 - 70,Tenerife,22,http://www.acb.com/fichas/LACB62022.php,50I
33,0,"Beiran, Javier",19:3,5,1,4,25,1,1,100,0,0,0,4,3,1,1,2,0,0,0,1,0,1,0,-7,7,2017-2018,Regular Season,3,08/10/2017,iberostar tenerife - valencia basket,67 - 70,Tenerife,22,http://www.acb.com/fichas/LACB62022.php,BB2
34,0,"White, Davin",14:35,3,0,2,0,1,4,25,0,0,0,0,0,0,1,0,0,0,0,0,0,2,2,-3,-1,2017-2018,Regular Season,3,08/10/2017,iberostar tenerife - valencia basket,67 - 70,Tenerife,22,http://www.acb.com/fichas/LACB62022.php,2B8
0,0,Equipo,0,0,0,0,0,0,0,0,0,0,0,1,1,0,0,0,0,0,0,0,0,0,0,0,1,2017-2018,Regular Season,3,08/10/2017,iberostar tenerife - valencia basket,67 - 70,0,22,http://www.acb.com/fichas/LACB62022.php,
0,1,"Thomas, Will",26:10,6,3,5,60,0,2,0,0,0,0,2,1,1,0,1,0,1,0,0,0,2,2,-9,5,2017-2018,Regular Season,3,08/10/2017,iberostar tenerife - valencia basket,67 - 70,Valencia,22,http://www.acb.com/fichas/LACB62022.php,1L5
6,0,"Abalde, Alberto",3:38,0,0,1,0,0,0,0,0,0,0,0,0,0,0,0,0,0,0,0,0,0,0,2,-1,2017-2018,Regular Season,3,08/10/2017,iberostar tenerife - valencia basket,67 - 70,Valencia,22,http://www.acb.com/fichas/LACB62022.php,8C4
9,0,"Van Rossom, Sam",17:27,0,0,1,0,0,2,0,0,2,0,6,5,1,2,2,1,0,0,0,0,1,1,10,4,2017-2018,Regular Season,3,08/10/2017,iberostar tenerife - valencia basket,67 - 70,Valencia,22,http://www.acb.com/fichas/LACB62022.php,BK4
12,0,"Llompart, Pedro",0:9,0,0,0,0,0,0,0,0,0,0,0,0,0,0,0,0,0,0,0,0,0,0,0,0,2017-2018,Regular Season,3,08/10/2017,iberostar tenerife - valencia basket,67 - 70,Valencia,22,http://www.acb.com/fichas/LACB62022.php,B4R
14,1,"Dubljevic, Bojan",24:4,10,2,7,29,2,4,50,0,0,0,6,4,2,1,0,1,2,0,1,0,1,2,4,9,2017-2018,Regular Season,3,08/10/2017,iberostar tenerife - valencia basket,67 - 70,Valencia,22,http://www.acb.com/fichas/LACB62022.php,217
16,1,"Vives, Guillem",24:12,9,2,4,50,1,4,25,2,5,40,5,3,2,4,1,1,0,0,1,0,1,2,-6,10,2017-2018,Regular Season,3,08/10/2017,iberostar tenerife - valencia basket,67 - 70,Valencia,22,http://www.acb.com/fichas/LACB62022.php,BLP
17,0,"Martinez, Rafa",13:52,0,0,0,0,0,3,0,0,0,0,2,2,0,0,1,2,0,0,0,0,2,1,0,-3,2017-2018,Regular Season,3,08/10/2017,iberostar tenerife - valencia basket,67 - 70,Valencia,22,http://www.acb.com/fichas/LACB62022.php,A3W
21,0,"Pleiss, Tibor",15:31,12,6,6,100,0,0,0,0,0,0,6,4,2,0,0,1,0,2,0,2,2,2,-1,19,2017-2018,Regular Season,3,08/10/2017,iberostar tenerife - valencia basket,67 - 70,Valencia,22,http://www.acb.com/fichas/LACB62022.php,219
30,1,"Sastre, Joan",28:30,10,3,3,100,1,4,25,1,3,33,2,1,1,2,0,0,0,1,0,1,2,3,2,11,2017-2018,Regular Season,3,08/10/2017,iberostar tenerife - valencia basket,67 - 70,Valencia,22,http://www.acb.com/fichas/LACB62022.php,Y9O
32,1,"Green, Erick",24:24,18,5,8,63,2,3,67,2,2,100,2,2,0,4,0,1,0,0,0,0,2,2,4,19,2017-2018,Regular Season,3,08/10/2017,iberostar tenerife - valencia basket,67 - 70,Valencia,22,http://www.acb.com/fichas/LACB62022.php,53P
42,0,"Doornekamp, A.",22:3,5,0,1,0,1,2,50,2,2,100,3,2,1,4,1,0,0,1,0,0,4,3,9,11,2017-2018,Regular Season,3,08/10/2017,iberostar tenerife - valencia basket,67 - 70,Valencia,22,http://www.acb.com/fichas/LACB62022.php,501
0,0,"Hlinason, T.",0,0,0,0,0,0,0,0,0,0,0,0,0,0,0,0,0,0,0,0,0,0,0,0,0,2017-2018,Regular Season,3,08/10/2017,iberostar tenerife - valencia basket,67 - 70,Valencia,22,http://www.acb.com/fichas/LACB62022.php,0
0,0,Equipo,0,0,0,0,0,0,0,0,0,0,0,3,2,1,0,0,0,0,0,0,0,0,0,0,3,2017-2018,Regular Season,3,08/10/2017,iberostar tenerife - valencia basket,67 - 70,0,22,http://www.acb.com/fichas/LACB62022.php,
4,0,"Oliver, Albert",15:51,17,2,2,100,3,5,60,4,4,100,0,0,0,2,2,2,1,0,0,0,1,2,1,18,2017-2018,Regular Season,3,07/10/2017,herbalife gran canaria - baskonia,100 - 82,Gran_Canaria,23,http://www.acb.com/fichas/LACB62023.php,A56
8,1,"Eriksson, Marcus",20:46,22,2,3,67,6,7,86,0,1,0,2,2,0,0,0,1,1,0,0,0,3,2,13,19,2017-2018,Regular Season,3,07/10/2017,herbalife gran canaria - baskonia,100 - 82,Gran_Canaria,23,http://www.acb.com/fichas/LACB62023.php,118
9,1,"Mekel, Gal",24:9,6,0,4,0,2,5,40,0,0,0,2,2,0,7,0,3,1,0,0,0,4,0,17,1,2017-2018,Regular Season,3,07/10/2017,herbalife gran canaria - baskonia,100 - 82,Gran_Canaria,23,http://www.acb.com/fichas/LACB62023.php,53K
11,0,"Seeley, DJ",19:14,11,1,2,50,3,3,100,0,0,0,0,0,0,1,2,1,1,0,0,0,0,0,5,12,2017-2018,Regular Season,3,07/10/2017,herbalife gran canaria - baskonia,100 - 82,Gran_Canaria,23,http://www.acb.com/fichas/LACB62023.php,2IW
12,0,"Balvin, Ondrej",17:57,11,5,6,83,0,0,0,1,1,100,2,2,0,2,0,0,0,0,0,1,3,1,7,12,2017-2018,Regular Season,3,07/10/2017,herbalife gran canaria - baskonia,100 - 82,Gran_Canaria,23,http://www.acb.com/fichas/LACB62023.php,BLE
13,1,"Baez, Eulis",25:28,8,2,4,50,0,1,0,4,4,100,11,11,0,3,2,0,0,0,0,0,4,6,15,23,2017-2018,Regular Season,3,07/10/2017,herbalife gran canaria - baskonia,100 - 82,Gran_Canaria,23,http://www.acb.com/fichas/LACB62023.php,BIH
14,1,"Pasecniks, Anzejs",22:3,7,3,7,43,0,1,0,1,1,100,4,1,3,0,0,1,0,0,1,0,2,1,11,3,2017-2018,Regular Season,3,07/10/2017,herbalife gran canaria - baskonia,100 - 82,Gran_Canaria,23,http://www.acb.com/fichas/LACB62023.php,FQH
21,0,"Pauli, Oriol",16:28,10,1,3,33,1,2,50,5,6,83,3,3,0,0,0,2,0,0,1,0,1,3,5,8,2017-2018,Regular Season,3,07/10/2017,herbalife gran canaria - baskonia,100 - 82,Gran_Canaria,23,http://www.acb.com/fichas/LACB62023.php,SCE
0,0,"Rabaseda, Xavi",0,0,0,0,0,0,0,0,0,0,0,0,0,0,0,0,0,0,0,0,0,0,0,0,0,2017-2018,Regular Season,3,07/10/2017,herbalife gran canaria - baskonia,100 - 82,Gran_Canaria,23,http://www.acb.com/fichas/LACB62023.php,0
27,1,"McKissic, S.",23:32,4,2,3,67,0,2,0,0,0,0,6,6,0,3,0,0,0,0,0,0,0,2,13,12,2017-2018,Regular Season,3,07/10/2017,herbalife gran canaria - baskonia,100 - 82,Gran_Canaria,23,http://www.acb.com/fichas/LACB62023.php,53D
34,0,"Aguilar, Pablo",14:32,4,1,1,100,0,3,0,2,2,100,6,5,1,0,0,3,0,0,0,0,4,1,3,1,2017-2018,Regular Season,3,07/10/2017,herbalife gran canaria - baskonia,100 - 82,Gran_Canaria,23,http://www.acb.com/fichas/LACB62023.php,Y49
0,0,"Fischer, Luke",0,0,0,0,0,0,0,0,0,0,0,0,0,0,0,0,0,0,0,0,0,0,0,0,0,2017-2018,Regular Season,3,07/10/2017,herbalife gran canaria - baskonia,100 - 82,Gran_Canaria,23,http://www.acb.com/fichas/LACB62023.php,0
0,0,Equipo,0,0,0,0,0,0,0,0,0,0,0,1,0,1,0,0,0,0,0,0,0,0,0,0,1,2017-2018,Regular Season,3,07/10/2017,herbalife gran canaria - baskonia,100 - 82,0,23,http://www.acb.com/fichas/LACB62023.php,
3,0,"Vildoza, Luca",2:4,3,0,0,0,0,0,0,3,4,75,0,0,0,0,0,0,0,0,0,0,0,2,2,4,2017-2018,Regular Season,3,07/10/2017,herbalife gran canaria - baskonia,100 - 82,Baskonia,23,http://www.acb.com/fichas/LACB62023.php,53O
6,1,"Timma, Janis",19:27,2,1,3,33,0,3,0,0,0,0,6,3,3,2,0,1,0,0,0,0,3,0,-17,1,2017-2018,Regular Season,3,07/10/2017,herbalife gran canaria - baskonia,100 - 82,Baskonia,23,http://www.acb.com/fichas/LACB62023.php,536
7,0,"Voigtmann, J.",15:8,3,0,1,0,1,2,50,0,0,0,1,1,0,0,0,0,0,1,0,0,0,0,1,3,2017-2018,Regular Season,3,07/10/2017,herbalife gran canaria - baskonia,100 - 82,Baskonia,23,http://www.acb.com/fichas/LACB62023.php,500
9,1,"Huertas, M.",26:37,2,1,2,50,0,2,0,0,3,0,1,1,0,1,1,2,0,0,0,0,1,5,-24,1,2017-2018,Regular Season,3,07/10/2017,herbalife gran canaria - baskonia,100 - 82,Baskonia,23,http://www.acb.com/fichas/LACB62023.php,B72
10,1,"Beaubois, Rodrigue",13:7,3,0,2,0,1,3,33,0,0,0,0,0,0,2,0,0,0,0,0,0,2,0,-9,-1,2017-2018,Regular Season,3,07/10/2017,herbalife gran canaria - baskonia,100 - 82,Baskonia,23,http://www.acb.com/fichas/LACB62023.php,50C
11,0,"Janning, Matt",19:6,8,2,3,67,1,3,33,1,1,100,1,1,0,1,0,2,0,0,0,0,1,1,-4,5,2017-2018,Regular Season,3,07/10/2017,herbalife gran canaria - baskonia,100 - 82,Baskonia,23,http://www.acb.com/fichas/LACB62023.php,55A
12,1,"Diop, Ilimane",21:34,8,4,8,50,0,0,0,0,0,0,6,4,2,0,0,2,0,0,0,0,4,1,-10,5,2017-2018,Regular Season,3,07/10/2017,herbalife gran canaria - baskonia,100 - 82,Baskonia,23,http://www.acb.com/fichas/LACB62023.php,800
15,0,"Granger, Jayson",27:10,28,3,4,75,6,8,75,4,4,100,2,2,0,4,1,2,0,0,0,0,2,4,-10,32,2017-2018,Regular Season,3,07/10/2017,herbalife gran canaria - baskonia,100 - 82,Baskonia,23,http://www.acb.com/fichas/LACB62023.php,Y6K
17,0,"Poirier, Vincent",10:50,1,0,2,0,0,0,0,1,2,50,0,0,0,0,0,0,0,1,0,0,3,1,-5,-3,2017-2018,Regular Season,3,07/10/2017,herbalife gran canaria - baskonia,100 - 82,Baskonia,23,http://www.acb.com/fichas/LACB62023.php,539
19,0,"Martinez, Ivan",2:8,0,0,0,0,0,1,0,0,0,0,0,0,0,0,0,0,0,0,0,0,0,0,2,-1,2017-2018,Regular Season,3,07/10/2017,herbalife gran canaria - baskonia,100 - 82,Baskonia,23,http://www.acb.com/fichas/LACB62023.php,Y7X
23,1,"Shengelia, T.",32:24,21,8,14,57,0,1,0,5,6,83,4,3,1,2,1,2,0,0,0,1,1,8,-22,25,2017-2018,Regular Season,3,07/10/2017,herbalife gran canaria - baskonia,100 - 82,Baskonia,23,http://www.acb.com/fichas/LACB62023.php,105
91,0,"Delfino, Carlos",10:25,3,0,0,0,1,3,33,0,0,0,4,3,1,1,0,0,0,0,0,0,1,0,6,5,2017-2018,Regular Season,3,07/10/2017,herbalife gran canaria - baskonia,100 - 82,Baskonia,23,http://www.acb.com/fichas/LACB62023.php,55T
0,0,Equipo,0,0,0,0,0,0,0,0,0,0,0,4,4,0,0,0,1,0,0,0,0,1,0,0,2,2017-2018,Regular Season,3,07/10/2017,herbalife gran canaria - baskonia,100 - 82,0,23,http://www.acb.com/fichas/LACB62023.php,
0,1,"Olaseni, Gabriel",16:38,2,0,3,0,0,0,0,2,2,100,2,2,0,1,0,0,0,0,0,0,1,2,4,3,2017-2018,Regular Season,3,08/10/2017,montakit fuenlabrada - unicaja,77 - 69,Fuenlabrada,24,http://www.acb.com/fichas/LACB62024.php,54F
2,1,"Popovic, Marko",22:53,13,2,2,100,3,7,43,0,0,0,1,1,0,4,0,1,0,0,0,0,3,3,11,13,2017-2018,Regular Season,3,08/10/2017,montakit fuenlabrada - unicaja,77 - 69,Fuenlabrada,24,http://www.acb.com/fichas/LACB62024.php,B4P
4,1,"O'Leary, Ian",26:22,10,5,7,71,0,2,0,0,0,0,6,1,5,1,1,0,1,0,1,0,4,1,8,10,2017-2018,Regular Season,3,08/10/2017,montakit fuenlabrada - unicaja,77 - 69,Fuenlabrada,24,http://www.acb.com/fichas/LACB62024.php,258
5,0,"Rupnik, Luka",13:56,2,1,1,100,0,1,0,0,0,0,3,3,0,1,0,1,0,0,0,0,0,2,1,6,2017-2018,Regular Season,3,08/10/2017,montakit fuenlabrada - unicaja,77 - 69,Fuenlabrada,24,http://www.acb.com/fichas/LACB62024.php,52N
8,0,"Llorca, Alex",4:58,0,0,0,0,0,0,0,0,0,0,2,0,2,1,0,1,0,0,0,0,1,0,-3,1,2017-2018,Regular Season,3,08/10/2017,montakit fuenlabrada - unicaja,77 - 69,Fuenlabrada,24,http://www.acb.com/fichas/LACB62024.php,BFV
9,0,"Sekulic, Blagota",22:55,8,4,4,100,0,1,0,0,0,0,2,2,0,2,0,0,1,0,0,1,2,2,4,11,2017-2018,Regular Season,3,08/10/2017,montakit fuenlabrada - unicaja,77 - 69,Fuenlabrada,24,http://www.acb.com/fichas/LACB62024.php,BD8
11,0,"Cruz, Francisco",20:31,13,2,3,67,3,4,75,0,0,0,0,0,0,3,0,1,0,0,0,0,1,1,5,13,2017-2018,Regular Season,3,08/10/2017,montakit fuenlabrada - unicaja,77 - 69,Fuenlabrada,24,http://www.acb.com/fichas/LACB62024.php,516
13,0,"Smits, Rolands",15:15,5,1,3,33,0,3,0,3,4,75,2,1,1,0,0,3,0,0,0,0,2,2,-3,-2,2017-2018,Regular Season,3,08/10/2017,montakit fuenlabrada - unicaja,77 - 69,Fuenlabrada,24,http://www.acb.com/fichas/LACB62024.php,862
0,0,"Gonzalez, Jose M.",0,0,0,0,0,0,0,0,0,0,0,0,0,0,0,0,0,0,0,0,0,0,0,0,0,2017-2018,Regular Season,3,08/10/2017,montakit fuenlabrada - unicaja,77 - 69,Fuenlabrada,24,http://www.acb.com/fichas/LACB62024.php,0
16,1,"Vargas, Gregory",26:2,5,1,2,50,1,3,33,0,0,0,0,0,0,4,1,0,0,1,0,0,4,0,7,4,2017-2018,Regular Season,3,08/10/2017,montakit fuenlabrada - unicaja,77 - 69,Fuenlabrada,24,http://www.acb.com/fichas/LACB62024.php,53Q
0,0,"Llorente, Sergio",0,0,0,0,0,0,0,0,0,0,0,0,0,0,0,0,0,0,0,0,0,0,0,0,0,2017-2018,Regular Season,3,08/10/2017,montakit fuenlabrada - unicaja,77 - 69,Fuenlabrada,24,http://www.acb.com/fichas/LACB62024.php,0
31,1,"Eyenga, C.",30:30,19,4,5,80,2,6,33,5,5,100,5,4,1,2,1,3,1,0,0,1,2,4,6,21,2017-2018,Regular Season,3,08/10/2017,montakit fuenlabrada - unicaja,77 - 69,Fuenlabrada,24,http://www.acb.com/fichas/LACB62024.php,Y8D
0,0,Equipo,0,0,0,0,0,0,0,0,0,0,0,3,1,2,0,0,0,0,0,0,0,0,0,0,3,2017-2018,Regular Season,3,08/10/2017,montakit fuenlabrada - unicaja,77 - 69,0,24,http://www.acb.com/fichas/LACB62024.php,
0,0,"Okouo, Viny",0,0,0,0,0,0,0,0,0,0,0,0,0,0,0,0,0,0,0,0,0,0,0,0,0,2017-2018,Regular Season,3,08/10/2017,montakit fuenlabrada - unicaja,77 - 69,Unicaja,24,http://www.acb.com/fichas/LACB62024.php,0
3,0,"McCallum, Ray",23:26,10,3,6,50,0,1,0,4,4,100,2,1,1,2,2,2,1,0,0,1,2,3,0,11,2017-2018,Regular Season,3,08/10/2017,montakit fuenlabrada - unicaja,77 - 69,Unicaja,24,http://www.acb.com/fichas/LACB62024.php,540
6,0,"Soluade, Morayo",2:17,2,1,1,100,0,0,0,0,0,0,0,0,0,0,1,1,1,0,0,0,0,0,-3,2,2017-2018,Regular Season,3,08/10/2017,montakit fuenlabrada - unicaja,77 - 69,Unicaja,24,http://www.acb.com/fichas/LACB62024.php,XGT
9,1,"Diaz, Alberto",17:54,3,0,0,0,1,1,100,0,0,0,2,2,0,2,1,0,0,0,0,0,1,0,-8,7,2017-2018,Regular Season,3,08/10/2017,montakit fuenlabrada - unicaja,77 - 69,Unicaja,24,http://www.acb.com/fichas/LACB62024.php,SHG
10,1,"Salin, Sasu",15:27,2,0,0,0,0,3,0,2,2,100,1,1,0,1,0,0,0,0,0,0,2,2,-6,1,2017-2018,Regular Season,3,08/10/2017,montakit fuenlabrada - unicaja,77 - 69,Unicaja,24,http://www.acb.com/fichas/LACB62024.php,2IR
12,0,"Milosavljevic, D.",20:28,1,0,3,0,0,2,0,1,2,50,1,0,1,1,1,2,0,0,0,0,2,4,-14,-2,2017-2018,Regular Season,3,08/10/2017,montakit fuenlabrada - unicaja,77 - 69,Unicaja,24,http://www.acb.com/fichas/LACB62024.php,53F
16,0,"Nedovic, Nemanja",26:26,12,3,6,50,2,4,50,0,0,0,1,1,0,5,0,2,1,0,0,0,2,3,-2,12,2017-2018,Regular Season,3,08/10/2017,montakit fuenlabrada - unicaja,77 - 69,Unicaja,24,http://www.acb.com/fichas/LACB62024.php,2FY
17,0,"Shermadini, Giorgi",11:35,7,2,2,100,0,0,0,3,3,100,2,0,2,0,0,1,0,0,0,0,2,3,-6,9,2017-2018,Regular Season,3,08/10/2017,montakit fuenlabrada - unicaja,77 - 69,Unicaja,24,http://www.acb.com/fichas/LACB62024.php,H18
21,1,"Waczynski, Adam",14:2,3,0,3,0,1,1,100,0,0,0,2,2,0,0,2,0,0,0,0,0,3,1,9,2,2017-2018,Regular Season,3,08/10/2017,montakit fuenlabrada - unicaja,77 - 69,Unicaja,24,http://www.acb.com/fichas/LACB62024.php,1KW
23,1,"Brooks, Jeff",26:24,11,3,6,50,1,1,100,2,2,100,3,1,2,0,0,3,0,0,0,0,0,1,-6,9,2017-2018,Regular Season,3,08/10/2017,montakit fuenlabrada - unicaja,77 - 69,Unicaja,24,http://www.acb.com/fichas/LACB62024.php,505
40,1,"Augustine, James",28:25,12,5,10,50,0,0,0,2,2,100,9,4,5,0,0,1,0,1,1,0,3,2,-2,14,2017-2018,Regular Season,3,08/10/2017,montakit fuenlabrada - unicaja,77 - 69,Unicaja,24,http://www.acb.com/fichas/LACB62024.php,BGJ
43,0,"Suarez, Carlos",13:36,6,3,3,100,0,1,0,0,0,0,1,0,1,1,0,0,1,0,0,0,0,1,-2,8,2017-2018,Regular Season,3,08/10/2017,montakit fuenlabrada - unicaja,77 - 69,Unicaja,24,http://www.acb.com/fichas/LACB62024.php,B79
0,0,Equipo,0,0,0,0,0,0,0,0,0,0,0,2,1,1,0,0,0,0,0,0,0,0,0,0,2,2017-2018,Regular Season,3,08/10/2017,montakit fuenlabrada - unicaja,77 - 69,0,24,http://www.acb.com/fichas/LACB62024.php,
0,0,"Soko, Ovie",16:30,1,0,3,0,0,1,0,1,2,50,3,3,0,0,1,2,0,0,0,0,5,1,-3,-6,2017-2018,Regular Season,3,08/10/2017,ucam murcia - morabanc andorra,81 - 77,Murcia,25,http://www.acb.com/fichas/LACB62025.php,50S
3,0,"Urtasun, Alex",18:16,8,1,2,50,2,3,67,0,0,0,1,1,0,1,0,0,0,0,0,0,3,0,0,5,2017-2018,Regular Season,3,08/10/2017,ucam murcia - morabanc andorra,81 - 77,Murcia,25,http://www.acb.com/fichas/LACB62025.php,BA3
8,0,"Benite, Vitor",14:47,2,1,2,50,0,5,0,0,0,0,1,1,0,3,1,0,0,0,0,0,0,0,-5,1,2017-2018,Regular Season,3,08/10/2017,ucam murcia - morabanc andorra,81 - 77,Murcia,25,http://www.acb.com/fichas/LACB62025.php,FOX
9,0,"Kloof, Charlon",6:20,4,1,2,50,0,1,0,2,2,100,1,1,0,1,0,2,0,0,0,0,4,1,-4,-1,2017-2018,Regular Season,3,08/10/2017,ucam murcia - morabanc andorra,81 - 77,Murcia,25,http://www.acb.com/fichas/LACB62025.php,53N
0,0,"Martinez, Emilio",0,0,0,0,0,0,0,0,0,0,0,0,0,0,0,0,0,0,0,0,0,0,0,0,0,2017-2018,Regular Season,3,08/10/2017,ucam murcia - morabanc andorra,81 - 77,Murcia,25,http://www.acb.com/fichas/LACB62025.php,0
11,1,"Hannah, Clevin",33:44,13,5,9,56,0,2,0,3,4,75,4,3,1,3,0,2,0,0,1,0,0,4,9,14,2017-2018,Regular Season,3,08/10/2017,ucam murcia - morabanc andorra,81 - 77,Murcia,25,http://www.acb.com/fichas/LACB62025.php,1LQ
12,1,"Oleson, Brad",21:44,8,1,4,25,2,6,33,0,0,0,2,2,0,0,0,1,0,0,0,0,2,1,4,1,2017-2018,Regular Season,3,08/10/2017,ucam murcia - morabanc andorra,81 - 77,Murcia,25,http://www.acb.com/fichas/LACB62025.php,BGO
14,0,"Olaizola, Julen",0:50,0,0,0,0,0,0,0,0,0,0,0,0,0,0,0,0,0,0,0,0,0,0,-5,0,2017-2018,Regular Season,3,08/10/2017,ucam murcia - morabanc andorra,81 - 77,Murcia,25,http://www.acb.com/fichas/LACB62025.php,T86
16,0,"Delia, Marcos",25:41,13,3,8,38,0,0,0,7,9,78,15,8,7,1,0,3,0,0,0,0,5,7,6,21,2017-2018,Regular Season,3,08/10/2017,ucam murcia - morabanc andorra,81 - 77,Murcia,25,http://www.acb.com/fichas/LACB62025.php,512
24,1,"Tumba, Kevin",13:9,8,4,4,100,0,0,0,0,2,0,4,1,3,1,2,1,0,3,0,3,5,3,2,13,2017-2018,Regular Season,3,08/10/2017,ucam murcia - morabanc andorra,81 - 77,Murcia,25,http://www.acb.com/fichas/LACB62025.php,52W
27,1,"Rojas, Sadiel",25:29,16,2,2,100,3,5,60,3,4,75,4,2,2,1,0,1,0,0,0,1,2,5,9,20,2017-2018,Regular Season,3,08/10/2017,ucam murcia - morabanc andorra,81 - 77,Murcia,25,http://www.acb.com/fichas/LACB62025.php,1L3
33,1,"Lukovic, Marko",23:30,8,2,5,40,1,4,25,1,5,20,4,2,2,1,0,0,0,0,0,0,2,5,7,6,2017-2018,Regular Season,3,08/10/2017,ucam murcia - morabanc andorra,81 - 77,Murcia,25,http://www.acb.com/fichas/LACB62025.php,53R
0,0,Equipo,0,0,0,0,0,0,0,0,0,0,0,1,0,1,0,0,0,0,0,0,0,0,0,0,1,2017-2018,Regular Season,3,08/10/2017,ucam murcia - morabanc andorra,81 - 77,0,25,http://www.acb.com/fichas/LACB62025.php,
3,0,"Fernandez, Jaime",16:9,7,3,3,100,0,3,0,1,2,50,2,1,1,3,0,1,0,0,0,0,3,3,-2,7,2017-2018,Regular Season,3,08/10/2017,ucam murcia - morabanc andorra,81 - 77,Andorra,25,http://www.acb.com/fichas/LACB62025.php,117
11,0,"Blazic, Jaka",23:2,10,4,9,44,0,2,0,2,4,50,4,4,0,0,0,0,0,0,1,0,4,3,0,3,2017-2018,Regular Season,3,08/10/2017,ucam murcia - morabanc andorra,81 - 77,Andorra,25,http://www.acb.com/fichas/LACB62025.php,FQF
12,1,"Jankovic, Vladimir",17:20,2,0,1,0,0,1,0,2,2,100,4,3,1,0,0,1,0,0,0,0,3,2,-6,2,2017-2018,Regular Season,3,08/10/2017,ucam murcia - morabanc andorra,81 - 77,Andorra,25,http://www.acb.com/fichas/LACB62025.php,50M
14,0,"Stevic, Oliver",12:53,4,1,2,50,0,0,0,2,2,100,0,0,0,0,0,2,0,0,1,0,4,3,5,-1,2017-2018,Regular Season,3,08/10/2017,ucam murcia - morabanc andorra,81 - 77,Andorra,25,http://www.acb.com/fichas/LACB62025.php,170
15,0,"Karnowski, Przemek",21:44,15,7,10,70,0,0,0,1,4,25,6,4,2,0,0,2,0,0,0,0,4,5,-1,14,2017-2018,Regular Season,3,08/10/2017,ucam murcia - morabanc andorra,81 - 77,Andorra,25,http://www.acb.com/fichas/LACB62025.php,53Y
16,1,"Albicy, Andrew",25:13,12,1,5,20,1,4,25,7,8,88,2,1,1,7,5,3,0,1,1,0,2,4,1,17,2017-2018,Regular Season,3,08/10/2017,ucam murcia - morabanc andorra,81 - 77,Andorra,25,http://www.acb.com/fichas/LACB62025.php,502
21,1,"Diagne, Moussa",13:33,7,2,4,50,0,0,0,3,4,75,4,2,2,0,1,0,0,0,0,2,2,3,-1,10,2017-2018,Regular Season,3,08/10/2017,ucam murcia - morabanc andorra,81 - 77,Andorra,25,http://www.acb.com/fichas/LACB62025.php,17T
22,1,"Shurna, John",25:10,11,1,1,100,2,6,33,3,3,100,2,2,0,0,2,1,0,0,0,0,2,4,-6,12,2017-2018,Regular Season,3,08/10/2017,ucam murcia - morabanc andorra,81 - 77,Andorra,25,http://www.acb.com/fichas/LACB62025.php,H36
23,0,"Walker, David",29:2,5,1,2,50,1,2,50,0,0,0,5,2,3,1,0,1,0,0,0,0,2,0,-4,6,2017-2018,Regular Season,3,08/10/2017,ucam murcia - morabanc andorra,81 - 77,Andorra,25,http://www.acb.com/fichas/LACB62025.php,513
0,0,"Colom, Guillem",0,0,0,0,0,0,0,0,0,0,0,0,0,0,0,0,0,0,0,0,0,0,0,0,0,2017-2018,Regular Season,3,08/10/2017,ucam murcia - morabanc andorra,81 - 77,Andorra,25,http://www.acb.com/fichas/LACB62025.php,0
25,1,"Jelinek, David",15:54,4,1,3,33,0,2,0,2,2,100,3,3,0,0,0,0,0,0,0,0,1,1,-6,3,2017-2018,Regular Season,3,08/10/2017,ucam murcia - morabanc andorra,81 - 77,Andorra,25,http://www.acb.com/fichas/LACB62025.php,Y8C
0,0,Equipo,0,0,0,0,0,0,0,0,0,0,0,2,0,2,0,0,1,0,0,0,0,0,0,0,1,2017-2018,Regular Season,3,08/10/2017,ucam murcia - morabanc andorra,81 - 77,0,25,http://www.acb.com/fichas/LACB62025.php,
1,1,"Anosike, Oderah",28:39,10,5,9,56,0,0,0,0,3,0,4,2,2,0,1,2,0,0,1,0,4,4,-2,5,2017-2018,Regular Season,3,08/10/2017,real betis energia plus - retabet bilbao basket,86 - 94,Sevilla,26,http://www.acb.com/fichas/LACB62026.php,FPY
5,0,"Sanchez, A.",5:13,0,0,0,0,0,0,0,0,0,0,1,1,0,1,0,1,0,0,0,0,1,0,-6,0,2017-2018,Regular Season,3,08/10/2017,real betis energia plus - retabet bilbao basket,86 - 94,Sevilla,26,http://www.acb.com/fichas/LACB62026.php,B44
6,1,"Nelson, Luke",25:37,11,1,2,50,3,5,60,0,0,0,0,0,0,0,3,2,1,0,0,1,4,1,-3,6,2017-2018,Regular Season,3,08/10/2017,real betis energia plus - retabet bilbao basket,86 - 94,Sevilla,26,http://www.acb.com/fichas/LACB62026.php,547
7,1,"McGrath, Donnie",24:51,7,0,0,0,1,8,13,4,4,100,2,2,0,2,1,2,0,0,0,0,3,2,2,2,2017-2018,Regular Season,3,08/10/2017,real betis energia plus - retabet bilbao basket,86 - 94,Sevilla,26,http://www.acb.com/fichas/LACB62026.php,FPO
0,0,"Cruz, Ivan",0,0,0,0,0,0,0,0,0,0,0,0,0,0,0,0,0,0,0,0,0,0,0,0,0,2017-2018,Regular Season,3,08/10/2017,real betis energia plus - retabet bilbao basket,86 - 94,Sevilla,26,http://www.acb.com/fichas/LACB62026.php,0
0,0,"Uriz, Mikel",0,0,0,0,0,0,0,0,0,0,0,0,0,0,0,0,0,0,0,0,0,0,0,0,0,2017-2018,Regular Season,3,08/10/2017,real betis energia plus - retabet bilbao basket,86 - 94,Sevilla,26,http://www.acb.com/fichas/LACB62026.php,0
15,0,"Schilb, Blake",13:36,3,1,1,100,0,1,0,1,1,100,1,1,0,1,0,0,0,0,0,0,2,1,-8,3,2017-2018,Regular Season,3,08/10/2017,real betis energia plus - retabet bilbao basket,86 - 94,Sevilla,26,http://www.acb.com/fichas/LACB62026.php,565
16,1,"Boungou-Colo, N.",37:4,25,1,4,25,6,11,55,5,6,83,7,3,4,2,1,4,0,0,0,1,3,7,0,26,2017-2018,Regular Season,3,08/10/2017,real betis energia plus - retabet bilbao basket,86 - 94,Sevilla,26,http://www.acb.com/fichas/LACB62026.php,54E
0,0,"Blanco, Saul",0,0,0,0,0,0,0,0,0,0,0,0,0,0,0,0,0,0,0,0,0,0,0,0,0,2017-2018,Regular Season,3,08/10/2017,real betis energia plus - retabet bilbao basket,86 - 94,Sevilla,26,http://www.acb.com/fichas/LACB62026.php,0
30,0,"Franch, Josep",15:9,4,2,2,100,0,2,0,0,0,0,2,2,0,4,1,2,1,0,0,0,0,2,-10,9,2017-2018,Regular Season,3,08/10/2017,real betis energia plus - retabet bilbao basket,86 - 94,Sevilla,26,http://www.acb.com/fichas/LACB62026.php,Y79
32,0,"Golubovic, V.",14:9,7,2,3,67,0,0,0,3,3,100,3,2,1,0,0,1,0,2,0,0,1,3,-4,12,2017-2018,Regular Season,3,08/10/2017,real betis energia plus - retabet bilbao basket,86 - 94,Sevilla,26,http://www.acb.com/fichas/LACB62026.php,004
34,1,"Kelly, Ryan",35:42,19,5,10,50,2,7,29,3,4,75,6,5,1,0,3,0,1,0,0,1,3,3,-9,17,2017-2018,Regular Season,3,08/10/2017,real betis energia plus - retabet bilbao basket,86 - 94,Sevilla,26,http://www.acb.com/fichas/LACB62026.php,54V
0,0,Equipo,0,0,0,0,0,0,0,0,0,0,0,7,5,2,0,0,0,0,0,0,0,0,0,0,7,2017-2018,Regular Season,3,08/10/2017,real betis energia plus - retabet bilbao basket,86 - 94,0,26,http://www.acb.com/fichas/LACB62026.php,
5,0,"Fischer, Ricardo",7:34,3,0,1,0,1,2,50,0,0,0,1,1,0,0,0,0,0,0,0,0,0,1,-9,3,2017-2018,Regular Season,3,08/10/2017,real betis energia plus - retabet bilbao basket,86 - 94,Bilbao,26,http://www.acb.com/fichas/LACB62026.php,53G
9,1,"Tabu, Jonathan",20:27,20,2,4,50,3,6,50,7,7,100,0,0,0,1,2,4,0,0,0,0,1,5,8,18,2017-2018,Regular Season,3,08/10/2017,real betis energia plus - retabet bilbao basket,86 - 94,Bilbao,26,http://www.acb.com/fichas/LACB62026.php,H09
11,0,"Hammink, Shane",20:48,16,4,5,80,1,3,33,5,6,83,4,2,2,0,0,0,1,0,0,0,2,3,-5,17,2017-2018,Regular Season,3,08/10/2017,real betis energia plus - retabet bilbao basket,86 - 94,Bilbao,26,http://www.acb.com/fichas/LACB62026.php,53H
12,0,"Redivo, Lucio",13:51,3,0,3,0,1,2,50,0,0,0,2,2,0,2,1,1,0,0,1,0,2,0,-8,0,2017-2018,Regular Season,3,08/10/2017,real betis energia plus - retabet bilbao basket,86 - 94,Bilbao,26,http://www.acb.com/fichas/LACB62026.php,538
14,0,"Salgado, Javier",7:59,6,0,1,0,2,2,100,0,0,0,1,1,0,2,3,0,0,0,0,0,0,0,3,11,2017-2018,Regular Season,3,08/10/2017,real betis energia plus - retabet bilbao basket,86 - 94,Bilbao,26,http://www.acb.com/fichas/LACB62026.php,B1R
15,0,"Mumbru, Alex",17:56,12,2,4,50,2,3,67,2,3,67,5,5,0,2,0,0,0,0,0,0,4,3,4,14,2017-2018,Regular Season,3,08/10/2017,real betis energia plus - retabet bilbao basket,86 - 94,Bilbao,26,http://www.acb.com/fichas/LACB62026.php,A46
17,1,"Hervelle, Axel",24:31,7,2,3,67,1,3,33,0,0,0,7,5,2,1,0,1,1,0,0,1,4,0,9,7,2017-2018,Regular Season,3,08/10/2017,real betis energia plus - retabet bilbao basket,86 - 94,Bilbao,26,http://www.acb.com/fichas/LACB62026.php,B6Q
18,0,"Kempton, Tim",5:17,0,0,2,0,0,0,0,0,0,0,1,0,1,0,0,1,0,0,1,0,2,0,-5,-5,2017-2018,Regular Season,3,08/10/2017,real betis energia plus - retabet bilbao basket,86 - 94,Bilbao,26,http://www.acb.com/fichas/LACB62026.php,53B
19,1,"Tomas, Pere",17:25,5,1,2,50,0,1,0,3,4,75,6,4,2,2,0,2,0,0,0,0,1,3,6,10,2017-2018,Regular Season,3,08/10/2017,real betis energia plus - retabet bilbao basket,86 - 94,Bilbao,26,http://www.acb.com/fichas/LACB62026.php,Y3V
20,1,"Todorovic, Dejan",20:0,14,0,1,0,4,8,50,2,2,100,4,3,1,1,2,3,0,0,0,0,0,3,16,16,2017-2018,Regular Season,3,08/10/2017,real betis energia plus - retabet bilbao basket,86 - 94,Bilbao,26,http://www.acb.com/fichas/LACB62026.php,10D
22,0,"Vucetic, Vasilije",25:1,2,0,0,0,0,0,0,2,2,100,0,0,0,0,0,1,0,0,0,0,4,1,14,-2,2017-2018,Regular Season,3,08/10/2017,real betis energia plus - retabet bilbao basket,86 - 94,Bilbao,26,http://www.acb.com/fichas/LACB62026.php,51G
32,1,"Gladness, Mickell",19:11,6,2,4,50,0,0,0,2,4,50,7,5,2,0,0,1,0,1,0,1,3,2,7,8,2017-2018,Regular Season,3,08/10/2017,real betis energia plus - retabet bilbao basket,86 - 94,Bilbao,26,http://www.acb.com/fichas/LACB62026.php,55D
0,0,Equipo,0,0,0,0,0,0,0,0,0,0,0,1,1,0,0,0,1,0,0,0,0,0,0,0,0,2017-2018,Regular Season,3,08/10/2017,real betis energia plus - retabet bilbao basket,86 - 94,0,26,http://www.acb.com/fichas/LACB62026.php,
3,0,"Sabat, Albert",14:48,7,1,1,100,1,3,33,2,3,67,2,2,0,0,0,2,0,0,0,0,1,2,-4,5,2017-2018,Regular Season,3,07/10/2017,monbus obradoiro - divina seguros joventut,77 - 68,Obradoiro,27,http://www.acb.com/fichas/LACB62027.php,B2J
7,0,"Simons, Benjamin",6:16,0,0,0,0,0,1,0,0,0,0,0,0,0,0,0,0,0,0,0,0,1,0,-8,-2,2017-2018,Regular Season,3,07/10/2017,monbus obradoiro - divina seguros joventut,77 - 68,Obradoiro,27,http://www.acb.com/fichas/LACB62027.php,548
9,1,"Llovet, Nacho",22:49,6,3,5,60,0,1,0,0,0,0,5,3,2,2,0,1,0,0,0,0,1,0,10,8,2017-2018,Regular Season,3,07/10/2017,monbus obradoiro - divina seguros joventut,77 - 68,Obradoiro,27,http://www.acb.com/fichas/LACB62027.php,Y7O
11,0,"Radovic, Nemanja",22:57,15,6,9,67,0,0,0,3,3,100,9,7,2,0,1,1,0,1,0,0,3,2,8,21,2017-2018,Regular Season,3,07/10/2017,monbus obradoiro - divina seguros joventut,77 - 68,Obradoiro,27,http://www.acb.com/fichas/LACB62027.php,H52
13,1,"Pustovyi, Artem",27:58,17,6,7,86,0,0,0,5,5,100,7,4,3,1,1,1,0,3,0,0,4,4,8,27,2017-2018,Regular Season,3,07/10/2017,monbus obradoiro - divina seguros joventut,77 - 68,Obradoiro,27,http://www.acb.com/fichas/LACB62027.php,FO1
20,0,"Navarro, David",16:42,5,1,2,50,0,0,0,3,4,75,2,1,1,1,0,0,0,0,0,0,2,3,-3,7,2017-2018,Regular Season,3,07/10/2017,monbus obradoiro - divina seguros joventut,77 - 68,Obradoiro,27,http://www.acb.com/fichas/LACB62027.php,B8L
21,1,"Thomas, Matt",22:43,9,2,5,40,1,1,100,2,2,100,2,2,0,0,0,1,0,0,0,0,2,1,19,6,2017-2018,Regular Season,3,07/10/2017,monbus obradoiro - divina seguros joventut,77 - 68,Obradoiro,27,http://www.acb.com/fichas/LACB62027.php,53S
22,1,"Bendzius, Eimantas",19:2,10,3,5,60,1,3,33,1,4,25,7,5,2,0,0,0,0,0,0,0,1,4,11,13,2017-2018,Regular Season,3,07/10/2017,monbus obradoiro - divina seguros joventut,77 - 68,Obradoiro,27,http://www.acb.com/fichas/LACB62027.php,FO0
0,0,"Pechacek, Adam",0,0,0,0,0,0,0,0,0,0,0,0,0,0,0,0,0,0,0,0,0,0,0,0,0,2017-2018,Regular Season,3,07/10/2017,monbus obradoiro - divina seguros joventut,77 - 68,Obradoiro,27,http://www.acb.com/fichas/LACB62027.php,0
33,0,"Corbacho, A.",6:33,0,0,0,0,0,2,0,0,0,0,0,0,0,0,0,0,0,0,0,0,1,0,-2,-3,2017-2018,Regular Season,3,07/10/2017,monbus obradoiro - divina seguros joventut,77 - 68,Obradoiro,27,http://www.acb.com/fichas/LACB62027.php,B5E
44,1,"Pozas, Pepe",25:12,4,2,5,40,0,0,0,0,0,0,1,1,0,7,1,3,0,0,1,0,3,8,13,11,2017-2018,Regular Season,3,07/10/2017,monbus obradoiro - divina seguros joventut,77 - 68,Obradoiro,27,http://www.acb.com/fichas/LACB62027.php,750
54,0,"Laksa, Martins",15:0,4,2,2,100,0,1,0,0,0,0,0,0,0,0,0,1,0,0,0,0,3,1,-7,0,2017-2018,Regular Season,3,07/10/2017,monbus obradoiro - divina seguros joventut,77 - 68,Obradoiro,27,http://www.acb.com/fichas/LACB62027.php,53A
0,0,Equipo,0,0,0,0,0,0,0,0,0,0,0,1,0,1,0,0,2,0,0,0,0,0,0,0,-1,2017-2018,Regular Season,3,07/10/2017,monbus obradoiro - divina seguros joventut,77 - 68,0,27,http://www.acb.com/fichas/LACB62027.php,
0,0,"Dimitrijevic, N.",16:28,9,2,2,100,1,2,50,2,2,100,2,1,1,1,0,0,0,0,0,0,3,2,-14,10,2017-2018,Regular Season,3,07/10/2017,monbus obradoiro - divina seguros joventut,77 - 68,Joventut,27,http://www.acb.com/fichas/LACB62027.php,2CP
2,0,"Birgander, Simon",2:12,0,0,0,0,0,0,0,0,0,0,0,0,0,1,0,0,0,0,0,0,1,0,-6,0,2017-2018,Regular Season,3,07/10/2017,monbus obradoiro - divina seguros joventut,77 - 68,Joventut,27,http://www.acb.com/fichas/LACB62027.php,53J
6,0,"Lopez-Arostegui, X",17:28,11,1,2,50,3,6,50,0,0,0,3,3,0,0,0,0,0,0,1,0,2,2,-1,9,2017-2018,Regular Season,3,07/10/2017,monbus obradoiro - divina seguros joventut,77 - 68,Joventut,27,http://www.acb.com/fichas/LACB62027.php,1BA
9,1,"Vidal, Sergi",23:38,3,0,2,0,1,4,25,0,0,0,1,1,0,4,1,1,0,0,0,0,2,1,-2,2,2017-2018,Regular Season,3,07/10/2017,monbus obradoiro - divina seguros joventut,77 - 68,Joventut,27,http://www.acb.com/fichas/LACB62027.php,A4B
12,1,"Kulvietis, Saulius",23:29,2,0,0,0,0,4,0,2,2,100,2,2,0,2,1,1,0,0,2,0,1,2,-15,1,2017-2018,Regular Season,3,07/10/2017,monbus obradoiro - divina seguros joventut,77 - 68,Joventut,27,http://www.acb.com/fichas/LACB62027.php,53V
0,0,"Nogues, Jose I.",0,0,0,0,0,0,0,0,0,0,0,0,0,0,0,0,0,0,0,0,0,0,0,0,0,2017-2018,Regular Season,3,07/10/2017,monbus obradoiro - divina seguros joventut,77 - 68,Joventut,27,http://www.acb.com/fichas/LACB62027.php,0
14,0,"Ventura, Albert",17:23,6,0,3,0,1,4,25,3,4,75,3,0,3,0,0,1,0,0,0,0,3,3,-3,1,2017-2018,Regular Season,3,07/10/2017,monbus obradoiro - divina seguros joventut,77 - 68,Joventut,27,http://www.acb.com/fichas/LACB62027.php,718
21,1,"Gielo, Tomasz",30:37,15,2,4,50,3,7,43,2,3,67,3,3,0,0,1,0,0,0,0,0,4,2,-5,10,2017-2018,Regular Season,3,07/10/2017,monbus obradoiro - divina seguros joventut,77 - 68,Joventut,27,http://www.acb.com/fichas/LACB62027.php,50Q
23,0,"Gudul, Omari",8:22,2,0,1,0,0,0,0,2,2,100,2,0,2,0,0,1,0,0,1,0,1,1,-3,1,2017-2018,Regular Season,3,07/10/2017,monbus obradoiro - divina seguros joventut,77 - 68,Joventut,27,http://www.acb.com/fichas/LACB62027.php,54B
30,0,"Mavra, Dominik",14:26,3,0,0,0,1,2,50,0,0,0,0,0,0,3,0,2,0,0,0,0,2,2,14,3,2017-2018,Regular Season,3,07/10/2017,monbus obradoiro - divina seguros joventut,77 - 68,Joventut,27,http://www.acb.com/fichas/LACB62027.php,53T
35,1,"Richard, Patrick",15:35,1,0,0,0,0,1,0,1,2,50,0,0,0,2,1,4,0,0,0,0,4,3,-8,-3,2017-2018,Regular Season,3,07/10/2017,monbus obradoiro - divina seguros joventut,77 - 68,Joventut,27,http://www.acb.com/fichas/LACB62027.php,53U
44,1,"Jordan, Jerome",30:22,16,7,11,64,0,0,0,2,3,67,6,4,2,1,1,0,0,2,0,2,2,4,-2,23,2017-2018,Regular Season,3,07/10/2017,monbus obradoiro - divina seguros joventut,77 - 68,Joventut,27,http://www.acb.com/fichas/LACB62027.php,D10
0,0,Equipo,0,0,0,0,0,0,0,0,0,0,0,2,2,0,0,0,0,0,0,0,0,0,0,0,2,2017-2018,Regular Season,3,07/10/2017,monbus obradoiro - divina seguros joventut,77 - 68,0,27,http://www.acb.com/fichas/LACB62027.php,
0,1,"Thomas, Will",26:0,15,3,7,43,3,5,60,0,0,0,6,3,3,0,0,0,1,1,0,1,2,0,-3,14,2017-2018,Regular Season,4,15/10/2017,valencia basket - real madrid,82 - 86,Valencia,28,http://www.acb.com/fichas/LACB62028.php,1L5
6,0,"Abalde, Alberto",11:26,5,1,2,50,1,2,50,0,0,0,3,3,0,1,2,1,1,0,0,0,2,1,-5,7,2017-2018,Regular Season,4,15/10/2017,valencia basket - real madrid,82 - 86,Valencia,28,http://www.acb.com/fichas/LACB62028.php,8C4
9,1,"Van Rossom, Sam",15:6,0,0,2,0,0,1,0,0,0,0,3,2,1,1,0,3,0,0,0,0,1,1,-3,-2,2017-2018,Regular Season,4,15/10/2017,valencia basket - real madrid,82 - 86,Valencia,28,http://www.acb.com/fichas/LACB62028.php,BK4
0,0,"Llompart, Pedro",0,0,0,0,0,0,0,0,0,0,0,0,0,0,0,0,0,0,0,0,0,0,0,0,0,2017-2018,Regular Season,4,15/10/2017,valencia basket - real madrid,82 - 86,Valencia,28,http://www.acb.com/fichas/LACB62028.php,0
14,1,"Dubljevic, Bojan",16:30,2,1,4,25,0,1,0,0,0,0,7,3,4,1,0,0,0,2,1,0,3,3,-11,7,2017-2018,Regular Season,4,15/10/2017,valencia basket - real madrid,82 - 86,Valencia,28,http://www.acb.com/fichas/LACB62028.php,217
16,0,"Vives, Guillem",24:54,0,0,1,0,0,3,0,0,0,0,2,2,0,5,0,0,0,0,1,0,3,5,-1,4,2017-2018,Regular Season,4,15/10/2017,valencia basket - real madrid,82 - 86,Valencia,28,http://www.acb.com/fichas/LACB62028.php,BLP
17,0,"Martinez, Rafa",12:19,9,1,1,100,2,3,67,1,1,100,0,0,0,0,0,2,0,0,0,0,0,0,-2,6,2017-2018,Regular Season,4,15/10/2017,valencia basket - real madrid,82 - 86,Valencia,28,http://www.acb.com/fichas/LACB62028.php,A3W
21,0,"Pleiss, Tibor",20:37,15,5,10,50,0,0,0,5,6,83,8,4,4,0,0,1,0,1,0,4,1,6,2,22,2017-2018,Regular Season,4,15/10/2017,valencia basket - real madrid,82 - 86,Valencia,28,http://www.acb.com/fichas/LACB62028.php,219
30,1,"Sastre, Joan",28:38,11,1,3,33,3,6,50,0,0,0,4,3,1,3,1,1,0,0,0,0,0,0,1,13,2017-2018,Regular Season,4,15/10/2017,valencia basket - real madrid,82 - 86,Valencia,28,http://www.acb.com/fichas/LACB62028.php,Y9O
32,1,"Green, Erick",27:41,14,2,7,29,1,6,17,7,8,88,2,2,0,3,2,0,0,0,1,0,2,5,-2,12,2017-2018,Regular Season,4,15/10/2017,valencia basket - real madrid,82 - 86,Valencia,28,http://www.acb.com/fichas/LACB62028.php,53P
42,0,"Doornekamp, A.",16:49,11,4,4,100,1,5,20,0,0,0,4,1,3,3,0,0,0,0,1,0,4,0,4,9,2017-2018,Regular Season,4,15/10/2017,valencia basket - real madrid,82 - 86,Valencia,28,http://www.acb.com/fichas/LACB62028.php,501
0,0,"Hlinason, T.",0,0,0,0,0,0,0,0,0,0,0,0,0,0,0,0,0,0,0,0,0,0,0,0,0,2017-2018,Regular Season,4,15/10/2017,valencia basket - real madrid,82 - 86,Valencia,28,http://www.acb.com/fichas/LACB62028.php,0
0,0,Equipo,0,0,0,0,0,0,0,0,0,0,0,3,0,3,0,0,0,0,0,0,0,0,0,0,3,2017-2018,Regular Season,4,15/10/2017,valencia basket - real madrid,82 - 86,0,28,http://www.acb.com/fichas/LACB62028.php,
1,1,"Causeur, Fabien",20:26,4,2,5,40,0,0,0,0,0,0,4,4,0,1,0,1,0,0,2,0,2,1,-16,2,2017-2018,Regular Season,4,15/10/2017,valencia basket - real madrid,82 - 86,Real_Madrid,28,http://www.acb.com/fichas/LACB62028.php,218
2,0,"Randle, Chasson",6:14,3,0,0,0,1,3,33,0,0,0,0,0,0,0,0,1,0,0,0,0,2,0,0,-2,2017-2018,Regular Season,4,15/10/2017,valencia basket - real madrid,82 - 86,Real_Madrid,28,http://www.acb.com/fichas/LACB62028.php,566
3,0,"Randolph, A.",26:21,18,4,7,57,3,4,75,1,1,100,6,4,2,1,0,1,0,1,0,1,3,2,0,20,2017-2018,Regular Season,4,15/10/2017,valencia basket - real madrid,82 - 86,Real_Madrid,28,http://www.acb.com/fichas/LACB62028.php,507
0,0,"Radoncic, Dino",0,0,0,0,0,0,0,0,0,0,0,0,0,0,0,0,0,0,0,0,0,0,0,0,0,2017-2018,Regular Season,4,15/10/2017,valencia basket - real madrid,82 - 86,Real_Madrid,28,http://www.acb.com/fichas/LACB62028.php,0
7,0,"Doncic, Luka",27:51,16,6,10,60,1,4,25,1,2,50,7,7,0,10,0,1,2,0,0,0,2,3,10,25,2017-2018,Regular Season,4,15/10/2017,valencia basket - real madrid,82 - 86,Real_Madrid,28,http://www.acb.com/fichas/LACB62028.php,460
9,1,"Reyes, Felipe",14:43,4,2,3,67,0,0,0,0,0,0,5,3,2,0,0,1,0,0,0,0,0,1,-1,8,2017-2018,Regular Season,4,15/10/2017,valencia basket - real madrid,82 - 86,Real_Madrid,28,http://www.acb.com/fichas/LACB62028.php,A1M
11,1,"Campazzo, Facu",24:50,10,1,2,50,2,4,50,2,4,50,0,0,0,2,3,0,2,1,0,0,3,4,4,12,2017-2018,Regular Season,4,15/10/2017,valencia basket - real madrid,82 - 86,Real_Madrid,28,http://www.acb.com/fichas/LACB62028.php,1LU
14,1,"Ayon, Gustavo",19:38,12,5,8,63,0,0,0,2,5,40,4,2,2,1,2,3,0,2,1,1,3,3,-4,11,2017-2018,Regular Season,4,15/10/2017,valencia basket - real madrid,82 - 86,Real_Madrid,28,http://www.acb.com/fichas/LACB62028.php,113
16,0,"Yusta, Santiago",4:33,0,0,1,0,0,0,0,0,0,0,0,0,0,0,0,0,0,0,0,0,2,1,5,-2,2017-2018,Regular Season,4,15/10/2017,valencia basket - real madrid,82 - 86,Real_Madrid,28,http://www.acb.com/fichas/LACB62028.php,1E4
20,0,"Carroll, Jaycee",19:30,5,1,3,33,1,4,25,0,0,0,2,1,1,1,0,0,0,0,0,0,2,0,5,1,2017-2018,Regular Season,4,15/10/2017,valencia basket - real madrid,82 - 86,Real_Madrid,28,http://www.acb.com/fichas/LACB62028.php,BGZ
32,0,"Kuzmic, Ognjen",19:14,8,4,4,100,0,0,0,0,3,0,4,3,1,1,0,0,0,0,0,2,0,2,13,12,2017-2018,Regular Season,4,15/10/2017,valencia basket - real madrid,82 - 86,Real_Madrid,28,http://www.acb.com/fichas/LACB62028.php,778
44,1,"Taylor, Jeffery",16:40,6,1,4,25,1,1,100,1,1,100,3,1,2,0,0,1,0,0,1,0,2,1,4,3,2017-2018,Regular Season,4,15/10/2017,valencia basket - real madrid,82 - 86,Real_Madrid,28,http://www.acb.com/fichas/LACB62028.php,FQ3
0,0,Equipo,0,0,0,0,0,0,0,0,0,0,0,3,1,2,0,0,1,0,0,0,0,1,0,0,1,2017-2018,Regular Season,4,15/10/2017,valencia basket - real madrid,82 - 86,0,28,http://www.acb.com/fichas/LACB62028.php,
2,0,"Okouo, Viny",14:28,7,3,4,75,0,0,0,1,1,100,4,1,3,0,0,0,0,1,0,0,3,2,5,10,2017-2018,Regular Season,4,14/10/2017,unicaja - real betis energia plus,99 - 71,Unicaja,29,http://www.acb.com/fichas/LACB62029.php,1ES
3,0,"McCallum, Ray",19:19,14,3,4,75,2,3,67,2,2,100,1,1,0,6,0,0,0,0,0,0,3,2,16,18,2017-2018,Regular Season,4,14/10/2017,unicaja - real betis energia plus,99 - 71,Unicaja,29,http://www.acb.com/fichas/LACB62029.php,540
6,0,"Soluade, Morayo",5:37,1,0,0,0,0,1,0,1,2,50,1,1,0,0,0,1,0,0,0,0,0,1,-1,0,2017-2018,Regular Season,4,14/10/2017,unicaja - real betis energia plus,99 - 71,Unicaja,29,http://www.acb.com/fichas/LACB62029.php,XGT
9,1,"Diaz, Alberto",16:30,3,0,1,0,1,2,50,0,0,0,2,1,1,3,2,3,0,0,1,0,1,0,11,3,2017-2018,Regular Season,4,14/10/2017,unicaja - real betis energia plus,99 - 71,Unicaja,29,http://www.acb.com/fichas/LACB62029.php,SHG
10,0,"Salin, Sasu",18:52,6,0,1,0,2,4,50,0,0,0,2,0,2,2,1,0,0,0,1,0,1,0,16,6,2017-2018,Regular Season,4,14/10/2017,unicaja - real betis energia plus,99 - 71,Unicaja,29,http://www.acb.com/fichas/LACB62029.php,2IR
11,1,"Diez, Daniel",24:32,5,1,4,25,1,2,50,0,0,0,5,4,1,2,0,1,0,0,0,0,0,0,25,7,2017-2018,Regular Season,4,14/10/2017,unicaja - real betis energia plus,99 - 71,Unicaja,29,http://www.acb.com/fichas/LACB62029.php,BLO
16,1,"Nedovic, Nemanja",21:8,22,4,9,44,4,7,57,2,2,100,2,1,1,4,3,1,0,0,0,2,1,3,12,24,2017-2018,Regular Season,4,14/10/2017,unicaja - real betis energia plus,99 - 71,Unicaja,29,http://www.acb.com/fichas/LACB62029.php,2FY
17,0,"Shermadini, Giorgi",9:22,10,3,5,60,0,0,0,4,4,100,3,3,0,1,1,2,0,0,0,1,4,2,10,9,2017-2018,Regular Season,4,14/10/2017,unicaja - real betis energia plus,99 - 71,Unicaja,29,http://www.acb.com/fichas/LACB62029.php,H18
21,0,"Waczynski, Adam",14:2,6,0,2,0,2,3,67,0,0,0,2,1,1,0,0,0,0,0,0,0,3,0,5,2,2017-2018,Regular Season,4,14/10/2017,unicaja - real betis energia plus,99 - 71,Unicaja,29,http://www.acb.com/fichas/LACB62029.php,1KW
23,1,"Brooks, Jeff",14:45,7,1,3,33,1,2,50,2,2,100,7,4,3,1,0,1,1,0,0,0,3,2,13,10,2017-2018,Regular Season,4,14/10/2017,unicaja - real betis energia plus,99 - 71,Unicaja,29,http://www.acb.com/fichas/LACB62029.php,505
40,1,"Augustine, James",18:39,6,3,5,60,0,0,0,0,0,0,3,2,1,2,0,2,0,0,0,0,4,1,7,4,2017-2018,Regular Season,4,14/10/2017,unicaja - real betis energia plus,99 - 71,Unicaja,29,http://www.acb.com/fichas/LACB62029.php,BGJ
43,0,"Suarez, Carlos",22:46,12,2,5,40,1,2,50,5,6,83,8,6,2,5,2,2,0,1,0,0,0,3,21,24,2017-2018,Regular Season,4,14/10/2017,unicaja - real betis energia plus,99 - 71,Unicaja,29,http://www.acb.com/fichas/LACB62029.php,B79
0,0,Equipo,0,0,0,0,0,0,0,0,0,0,0,2,0,2,0,0,1,0,0,0,0,0,0,0,1,2017-2018,Regular Season,4,14/10/2017,unicaja - real betis energia plus,99 - 71,0,29,http://www.acb.com/fichas/LACB62029.php,
1,1,"Anosike, Oderah",23:31,12,4,9,44,0,0,0,4,7,57,6,3,3,1,1,1,1,0,0,0,2,5,-19,14,2017-2018,Regular Season,4,14/10/2017,unicaja - real betis energia plus,99 - 71,Sevilla,29,http://www.acb.com/fichas/LACB62029.php,FPY
5,0,"Sanchez, A.",10:56,4,0,1,0,1,2,50,1,2,50,3,1,2,0,1,1,0,0,0,0,2,2,-7,4,2017-2018,Regular Season,4,14/10/2017,unicaja - real betis energia plus,99 - 71,Sevilla,29,http://www.acb.com/fichas/LACB62029.php,B44
6,1,"Nelson, Luke",19:47,9,3,4,75,1,2,50,0,0,0,3,3,0,2,0,0,0,0,0,0,1,1,-17,12,2017-2018,Regular Season,4,14/10/2017,unicaja - real betis energia plus,99 - 71,Sevilla,29,http://www.acb.com/fichas/LACB62029.php,547
7,1,"McGrath, Donnie",11:1,4,1,2,50,0,0,0,2,2,100,1,1,0,1,0,1,0,1,0,0,0,1,-9,6,2017-2018,Regular Season,4,14/10/2017,unicaja - real betis energia plus,99 - 71,Sevilla,29,http://www.acb.com/fichas/LACB62029.php,FPO
8,0,"Cruz, Ivan",8:17,0,0,1,0,0,1,0,0,0,0,1,1,0,1,0,0,0,0,1,0,2,0,-6,-3,2017-2018,Regular Season,4,14/10/2017,unicaja - real betis energia plus,99 - 71,Sevilla,29,http://www.acb.com/fichas/LACB62029.php,BLL
11,0,"Uriz, Mikel",14:43,7,0,0,0,2,2,100,1,2,50,0,0,0,1,2,1,0,0,0,0,2,2,-14,8,2017-2018,Regular Season,4,14/10/2017,unicaja - real betis energia plus,99 - 71,Sevilla,29,http://www.acb.com/fichas/LACB62029.php,742
15,0,"Schilb, Blake",18:0,6,3,4,75,0,0,0,0,0,0,3,1,2,4,0,1,0,0,0,0,0,1,-6,12,2017-2018,Regular Season,4,14/10/2017,unicaja - real betis energia plus,99 - 71,Sevilla,29,http://www.acb.com/fichas/LACB62029.php,565
16,1,"Boungou-Colo, N.",23:15,0,0,2,0,0,6,0,0,0,0,4,2,2,2,0,4,0,1,1,0,1,1,-21,-6,2017-2018,Regular Season,4,14/10/2017,unicaja - real betis energia plus,99 - 71,Sevilla,29,http://www.acb.com/fichas/LACB62029.php,54E
21,0,"Blanco, Saul",13:24,7,0,0,0,2,3,67,1,2,50,0,0,0,1,1,2,0,0,0,0,0,1,-9,6,2017-2018,Regular Season,4,14/10/2017,unicaja - real betis energia plus,99 - 71,Sevilla,29,http://www.acb.com/fichas/LACB62029.php,B8T
30,0,"Franch, Josep",8:54,5,1,4,25,1,3,33,0,0,0,0,0,0,1,0,0,1,0,0,0,0,0,-1,1,2017-2018,Regular Season,4,14/10/2017,unicaja - real betis energia plus,99 - 71,Sevilla,29,http://www.acb.com/fichas/LACB62029.php,Y79
32,0,"Golubovic, V.",16:29,1,0,0,0,0,0,0,1,4,25,4,4,0,0,1,1,0,0,0,0,3,5,-9,4,2017-2018,Regular Season,4,14/10/2017,unicaja - real betis energia plus,99 - 71,Sevilla,29,http://www.acb.com/fichas/LACB62029.php,004
34,1,"Kelly, Ryan",31:43,16,7,13,54,0,5,0,2,5,40,1,0,1,6,1,1,1,0,0,2,3,4,-22,10,2017-2018,Regular Season,4,14/10/2017,unicaja - real betis energia plus,99 - 71,Sevilla,29,http://www.acb.com/fichas/LACB62029.php,54V
0,0,Equipo,0,0,0,0,0,0,0,0,0,0,0,1,0,1,0,0,1,0,0,0,0,0,0,0,0,2017-2018,Regular Season,4,14/10/2017,unicaja - real betis energia plus,99 - 71,0,29,http://www.acb.com/fichas/LACB62029.php,
1,0,"Seraphin, Kevin",9:45,6,3,4,75,0,0,0,0,0,0,2,1,1,1,0,1,1,2,0,0,1,2,3,10,2017-2018,Regular Season,4,15/10/2017,fc barcelona lassa - monbus obradoiro,102 - 58,FC_Barcelona,30,http://www.acb.com/fichas/LACB62030.php,164
5,1,"Ribas, Pau",13:18,6,0,0,0,2,3,67,0,0,0,3,3,0,2,0,0,0,0,0,0,0,0,1,10,2017-2018,Regular Season,4,15/10/2017,fc barcelona lassa - monbus obradoiro,102 - 58,FC_Barcelona,30,http://www.acb.com/fichas/LACB62030.php,AF1
6,0,"Garcia, Marc",7:20,0,0,1,0,0,1,0,0,0,0,0,0,0,0,0,0,0,0,1,0,1,0,0,-4,2017-2018,Regular Season,4,15/10/2017,fc barcelona lassa - monbus obradoiro,102 - 58,FC_Barcelona,30,http://www.acb.com/fichas/LACB62030.php,UAD
8,0,"Pressey, Phil",17:9,6,3,6,50,0,3,0,0,0,0,2,2,0,6,1,2,0,0,2,0,1,0,8,4,2017-2018,Regular Season,4,15/10/2017,fc barcelona lassa - monbus obradoiro,102 - 58,FC_Barcelona,30,http://www.acb.com/fichas/LACB62030.php,53X
9,1,"Hanga, Adam",14:59,8,1,2,50,2,2,100,0,0,0,3,3,0,2,1,2,1,0,0,0,2,0,12,9,2017-2018,Regular Season,4,15/10/2017,fc barcelona lassa - monbus obradoiro,102 - 58,FC_Barcelona,30,http://www.acb.com/fichas/LACB62030.php,125
11,0,"Navarro, J.C.",18:35,10,0,1,0,3,5,60,1,1,100,0,0,0,3,2,2,1,0,0,0,1,1,33,10,2017-2018,Regular Season,4,15/10/2017,fc barcelona lassa - monbus obradoiro,102 - 58,FC_Barcelona,30,http://www.acb.com/fichas/LACB62030.php,A62
13,1,"Heurtel, Thomas",22:51,14,3,4,75,2,4,50,2,2,100,2,2,0,2,2,1,3,0,1,0,2,1,36,14,2017-2018,Regular Season,4,15/10/2017,fc barcelona lassa - monbus obradoiro,102 - 58,FC_Barcelona,30,http://www.acb.com/fichas/LACB62030.php,BJP
14,0,"Vezenkov, A.",18:5,9,2,3,67,1,1,100,2,2,100,4,3,1,1,1,0,1,1,0,0,3,2,28,14,2017-2018,Regular Season,4,15/10/2017,fc barcelona lassa - monbus obradoiro,102 - 58,FC_Barcelona,30,http://www.acb.com/fichas/LACB62030.php,FOS
18,1,"Oriola, Pierre",17:17,19,3,7,43,3,3,100,4,6,67,5,2,3,2,2,1,2,0,0,0,4,4,20,21,2017-2018,Regular Season,4,15/10/2017,fc barcelona lassa - monbus obradoiro,102 - 58,FC_Barcelona,30,http://www.acb.com/fichas/LACB62030.php,BIQ
25,0,"Koponen, Petteri",20:58,8,1,2,50,2,3,67,0,0,0,4,4,0,1,1,0,1,0,0,0,0,1,42,13,2017-2018,Regular Season,4,15/10/2017,fc barcelona lassa - monbus obradoiro,102 - 58,FC_Barcelona,30,http://www.acb.com/fichas/LACB62030.php,517
44,0,"Tomic, Ante",16:53,11,5,6,83,0,0,0,1,2,50,6,4,2,5,0,0,1,0,0,2,0,3,22,23,2017-2018,Regular Season,4,15/10/2017,fc barcelona lassa - monbus obradoiro,102 - 58,FC_Barcelona,30,http://www.acb.com/fichas/LACB62030.php,BIY
45,1,"Moerman, Adrien",22:50,5,2,3,67,0,2,0,1,2,50,2,1,1,1,1,0,0,0,0,1,3,2,15,4,2017-2018,Regular Season,4,15/10/2017,fc barcelona lassa - monbus obradoiro,102 - 58,FC_Barcelona,30,http://www.acb.com/fichas/LACB62030.php,216
0,0,Equipo,0,0,0,0,0,0,0,0,0,0,0,1,1,0,0,0,0,0,0,0,0,0,0,0,1,2017-2018,Regular Season,4,15/10/2017,fc barcelona lassa - monbus obradoiro,102 - 58,0,30,http://www.acb.com/fichas/LACB62030.php,
3,1,"Sabat, Albert",18:51,0,0,1,0,0,5,0,0,0,0,1,1,0,0,0,2,0,0,0,0,1,3,-27,-5,2017-2018,Regular Season,4,15/10/2017,fc barcelona lassa - monbus obradoiro,102 - 58,Obradoiro,30,http://www.acb.com/fichas/LACB62030.php,B2J
7,0,"Simons, Benjamin",13:12,2,1,3,33,0,1,0,0,0,0,1,0,1,0,0,1,1,0,1,0,1,0,-5,-3,2017-2018,Regular Season,4,15/10/2017,fc barcelona lassa - monbus obradoiro,102 - 58,Obradoiro,30,http://www.acb.com/fichas/LACB62030.php,548
9,0,"Llovet, Nacho",17:50,5,2,6,33,0,1,0,1,2,50,4,2,2,0,0,0,1,0,1,0,0,4,-30,6,2017-2018,Regular Season,4,15/10/2017,fc barcelona lassa - monbus obradoiro,102 - 58,Obradoiro,30,http://www.acb.com/fichas/LACB62030.php,Y7O
11,1,"Radovic, Nemanja",16:43,3,1,4,25,0,2,0,1,2,50,4,2,2,0,0,0,0,0,0,0,1,2,-20,2,2017-2018,Regular Season,4,15/10/2017,fc barcelona lassa - monbus obradoiro,102 - 58,Obradoiro,30,http://www.acb.com/fichas/LACB62030.php,H52
13,1,"Pustovyi, Artem",22:52,2,1,3,33,0,0,0,0,0,0,6,6,0,1,0,5,0,4,1,1,4,0,-16,1,2017-2018,Regular Season,4,15/10/2017,fc barcelona lassa - monbus obradoiro,102 - 58,Obradoiro,30,http://www.acb.com/fichas/LACB62030.php,FO1
20,0,"Navarro, David",14:33,2,0,2,0,0,0,0,2,2,100,1,1,0,1,0,1,0,0,0,0,0,1,-35,2,2017-2018,Regular Season,4,15/10/2017,fc barcelona lassa - monbus obradoiro,102 - 58,Obradoiro,30,http://www.acb.com/fichas/LACB62030.php,B8L
21,1,"Thomas, Matt",27:51,19,4,5,80,3,5,60,2,2,100,4,4,0,1,1,1,1,0,0,0,1,1,-14,21,2017-2018,Regular Season,4,15/10/2017,fc barcelona lassa - monbus obradoiro,102 - 58,Obradoiro,30,http://www.acb.com/fichas/LACB62030.php,53S
22,0,"Bendzius, Eimantas",21:30,13,2,4,50,2,4,50,3,4,75,4,2,2,0,1,1,0,0,0,0,3,2,-14,11,2017-2018,Regular Season,4,15/10/2017,fc barcelona lassa - monbus obradoiro,102 - 58,Obradoiro,30,http://www.acb.com/fichas/LACB62030.php,FO0
23,0,"Pechacek, Adam",9:26,2,1,2,50,0,1,0,0,0,0,6,3,3,0,0,1,0,0,0,0,1,1,-17,5,2017-2018,Regular Season,4,15/10/2017,fc barcelona lassa - monbus obradoiro,102 - 58,Obradoiro,30,http://www.acb.com/fichas/LACB62030.php,50L
33,0,"Corbacho, A.",3:4,0,0,0,0,0,0,0,0,0,0,0,0,0,0,0,1,0,0,0,0,0,0,-10,-1,2017-2018,Regular Season,4,15/10/2017,fc barcelona lassa - monbus obradoiro,102 - 58,Obradoiro,30,http://www.acb.com/fichas/LACB62030.php,B5E
44,0,"Pozas, Pepe",17:49,5,0,1,0,1,3,33,2,2,100,1,1,0,5,1,4,1,0,0,0,3,3,-13,5,2017-2018,Regular Season,4,15/10/2017,fc barcelona lassa - monbus obradoiro,102 - 58,Obradoiro,30,http://www.acb.com/fichas/LACB62030.php,750
54,1,"Laksa, Martins",16:19,5,1,4,25,1,6,17,0,0,0,1,0,1,1,1,1,0,0,0,0,2,1,-19,-2,2017-2018,Regular Season,4,15/10/2017,fc barcelona lassa - monbus obradoiro,102 - 58,Obradoiro,30,http://www.acb.com/fichas/LACB62030.php,53A
0,0,Equipo,0,0,0,0,0,0,0,0,0,0,0,3,0,3,0,0,2,0,0,0,0,0,0,0,1,2017-2018,Regular Season,4,15/10/2017,fc barcelona lassa - monbus obradoiro,102 - 58,0,30,http://www.acb.com/fichas/LACB62030.php,
5,0,"Fischer, Ricardo",14:39,5,1,5,20,1,2,50,0,0,0,3,2,1,2,0,0,0,0,0,0,0,3,-7,8,2017-2018,Regular Season,4,15/10/2017,retabet bilbao basket - tecnyconta zaragoza,77 - 72,Bilbao,31,http://www.acb.com/fichas/LACB62031.php,53G
9,1,"Tabu, Jonathan",24:57,17,5,9,56,2,5,40,1,1,100,4,4,0,5,2,1,1,0,1,0,2,2,12,19,2017-2018,Regular Season,4,15/10/2017,retabet bilbao basket - tecnyconta zaragoza,77 - 72,Bilbao,31,http://www.acb.com/fichas/LACB62031.php,H09
11,0,"Hammink, Shane",13:21,2,1,2,50,0,0,0,0,0,0,1,1,0,0,0,0,0,0,0,0,3,0,-3,-1,2017-2018,Regular Season,4,15/10/2017,retabet bilbao basket - tecnyconta zaragoza,77 - 72,Bilbao,31,http://www.acb.com/fichas/LACB62031.php,53H
12,0,"Redivo, Lucio",16:44,6,0,3,0,2,3,67,0,2,0,1,1,0,1,0,0,0,0,1,0,1,2,-2,2,2017-2018,Regular Season,4,15/10/2017,retabet bilbao basket - tecnyconta zaragoza,77 - 72,Bilbao,31,http://www.acb.com/fichas/LACB62031.php,538
0,0,"Salgado, Javier",0,0,0,0,0,0,0,0,0,0,0,0,0,0,0,0,0,0,0,0,0,0,0,0,0,2017-2018,Regular Season,4,15/10/2017,retabet bilbao basket - tecnyconta zaragoza,77 - 72,Bilbao,31,http://www.acb.com/fichas/LACB62031.php,0
15,0,"Mumbru, Alex",20:39,10,2,4,50,1,5,20,3,4,75,8,6,2,3,0,4,1,1,0,0,1,4,2,14,2017-2018,Regular Season,4,15/10/2017,retabet bilbao basket - tecnyconta zaragoza,77 - 72,Bilbao,31,http://www.acb.com/fichas/LACB62031.php,A46
17,1,"Hervelle, Axel",25:35,7,2,5,40,1,3,33,0,0,0,2,2,0,0,1,2,0,0,1,0,1,0,9,1,2017-2018,Regular Season,4,15/10/2017,retabet bilbao basket - tecnyconta zaragoza,77 - 72,Bilbao,31,http://www.acb.com/fichas/LACB62031.php,B6Q
18,0,"Kempton, Tim",11:7,7,3,6,50,0,1,0,1,1,100,2,2,0,0,1,1,1,0,0,0,2,1,-9,4,2017-2018,Regular Season,4,15/10/2017,retabet bilbao basket - tecnyconta zaragoza,77 - 72,Bilbao,31,http://www.acb.com/fichas/LACB62031.php,53B
19,1,"Tomas, Pere",24:51,4,0,0,0,1,1,100,1,1,100,5,2,3,0,0,0,0,0,0,0,1,2,1,10,2017-2018,Regular Season,4,15/10/2017,retabet bilbao basket - tecnyconta zaragoza,77 - 72,Bilbao,31,http://www.acb.com/fichas/LACB62031.php,Y3V
20,1,"Todorovic, Dejan",25:28,11,3,5,60,1,5,20,2,2,100,4,3,1,0,1,2,0,0,1,1,2,1,14,6,2017-2018,Regular Season,4,15/10/2017,retabet bilbao basket - tecnyconta zaragoza,77 - 72,Bilbao,31,http://www.acb.com/fichas/LACB62031.php,10D
22,0,"Vucetic, Vasilije",1:1,0,0,0,0,0,0,0,0,0,0,0,0,0,0,0,0,0,0,0,0,0,0,-2,0,2017-2018,Regular Season,4,15/10/2017,retabet bilbao basket - tecnyconta zaragoza,77 - 72,Bilbao,31,http://www.acb.com/fichas/LACB62031.php,51G
32,1,"Gladness, Mickell",21:38,8,3,3,100,0,0,0,2,2,100,8,7,1,0,0,1,0,0,0,2,2,4,10,17,2017-2018,Regular Season,4,15/10/2017,retabet bilbao basket - tecnyconta zaragoza,77 - 72,Bilbao,31,http://www.acb.com/fichas/LACB62031.php,55D
0,0,Equipo,0,0,0,0,0,0,0,0,0,0,0,5,3,2,0,0,0,0,0,0,0,0,0,0,5,2017-2018,Regular Season,4,15/10/2017,retabet bilbao basket - tecnyconta zaragoza,77 - 72,0,31,http://www.acb.com/fichas/LACB62031.php,
5,0,"Triguero, J.",6:22,2,0,0,0,0,0,0,2,2,100,0,0,0,0,0,1,0,0,0,0,0,2,-2,3,2017-2018,Regular Season,4,15/10/2017,retabet bilbao basket - tecnyconta zaragoza,77 - 72,Zaragoza,31,http://www.acb.com/fichas/LACB62031.php,BCC
7,1,"Barreiro, J.",16:14,5,1,2,50,1,1,100,0,0,0,1,1,0,0,0,0,0,0,0,0,1,0,-3,4,2017-2018,Regular Season,4,15/10/2017,retabet bilbao basket - tecnyconta zaragoza,77 - 72,Zaragoza,31,http://www.acb.com/fichas/LACB62031.php,XEU
9,1,"Dragovic, Nikola",26:48,4,2,6,33,0,1,0,0,0,0,6,4,2,2,0,2,0,1,0,0,2,0,-13,4,2017-2018,Regular Season,4,15/10/2017,retabet bilbao basket - tecnyconta zaragoza,77 - 72,Zaragoza,31,http://www.acb.com/fichas/LACB62031.php,542
10,0,"Garcia, Sergi",11:49,5,1,1,100,1,1,100,0,0,0,6,5,1,3,0,2,1,0,0,0,2,0,-5,10,2017-2018,Regular Season,4,15/10/2017,retabet bilbao basket - tecnyconta zaragoza,77 - 72,Zaragoza,31,http://www.acb.com/fichas/LACB62031.php,276
11,1,"Bellas, Tomas",30:26,13,4,9,44,1,7,14,2,2,100,2,2,0,5,2,2,2,0,0,0,3,6,-3,12,2017-2018,Regular Season,4,15/10/2017,retabet bilbao basket - tecnyconta zaragoza,77 - 72,Zaragoza,31,http://www.acb.com/fichas/LACB62031.php,YEF
13,1,"Neal, Gary",33:49,9,4,11,36,0,4,0,1,1,100,2,2,0,3,1,1,0,0,0,0,3,1,5,1,2017-2018,Regular Season,4,15/10/2017,retabet bilbao basket - tecnyconta zaragoza,77 - 72,Zaragoza,31,http://www.acb.com/fichas/LACB62031.php,BFB
14,0,"Mazalin, Lovro",6:21,2,1,3,33,0,1,0,0,1,0,1,1,0,0,0,0,1,0,1,0,2,1,-2,-3,2017-2018,Regular Season,4,15/10/2017,retabet bilbao basket - tecnyconta zaragoza,77 - 72,Zaragoza,31,http://www.acb.com/fichas/LACB62031.php,53C
24,0,"Michalak, Michal",2:29,1,0,0,0,0,0,0,1,2,50,1,0,1,1,0,0,0,0,0,0,0,1,-2,3,2017-2018,Regular Season,4,15/10/2017,retabet bilbao basket - tecnyconta zaragoza,77 - 72,Zaragoza,31,http://www.acb.com/fichas/LACB62031.php,53M
0,0,"De Jong, Nicolas",0,0,0,0,0,0,0,0,0,0,0,0,0,0,0,0,0,0,0,0,0,0,0,0,0,2017-2018,Regular Season,4,15/10/2017,retabet bilbao basket - tecnyconta zaragoza,77 - 72,Zaragoza,31,http://www.acb.com/fichas/LACB62031.php,0
32,1,"Varnado, Jarvis",31:58,12,6,7,86,0,0,0,0,1,0,8,7,1,0,2,2,0,3,0,3,3,2,2,20,2017-2018,Regular Season,4,15/10/2017,retabet bilbao basket - tecnyconta zaragoza,77 - 72,Zaragoza,31,http://www.acb.com/fichas/LACB62031.php,544
33,0,"Suarez, Alex",8:12,6,0,0,0,2,2,100,0,0,0,2,2,0,0,1,0,0,0,0,0,4,1,5,6,2017-2018,Regular Season,4,15/10/2017,retabet bilbao basket - tecnyconta zaragoza,77 - 72,Zaragoza,31,http://www.acb.com/fichas/LACB62031.php,BLI
45,0,"Blums, Janis",25:32,13,2,2,100,3,10,30,0,0,0,2,2,0,1,1,1,1,0,0,0,1,1,-7,9,2017-2018,Regular Season,4,15/10/2017,retabet bilbao basket - tecnyconta zaragoza,77 - 72,Zaragoza,31,http://www.acb.com/fichas/LACB62031.php,BG3
0,0,Equipo,0,0,0,0,0,0,0,0,0,0,0,4,2,2,0,0,0,0,0,0,0,0,0,0,4,2017-2018,Regular Season,4,15/10/2017,retabet bilbao basket - tecnyconta zaragoza,77 - 72,0,31,http://www.acb.com/fichas/LACB62031.php,
0,1,"Olaseni, Gabriel",20:13,10,4,7,57,0,0,0,2,2,100,6,3,3,0,1,1,0,0,0,0,4,1,-4,10,2017-2018,Regular Season,4,15/10/2017,montakit fuenlabrada - baskonia,80 - 75,Fuenlabrada,32,http://www.acb.com/fichas/LACB62032.php,54F
2,1,"Popovic, Marko",27:0,13,1,2,50,3,8,38,2,2,100,5,4,1,2,1,3,0,0,0,0,2,5,7,15,2017-2018,Regular Season,4,15/10/2017,montakit fuenlabrada - baskonia,80 - 75,Fuenlabrada,32,http://www.acb.com/fichas/LACB62032.php,B4P
4,1,"O'Leary, Ian",34:34,9,4,6,67,0,1,0,1,1,100,3,3,0,1,1,0,0,0,1,0,3,2,8,9,2017-2018,Regular Season,4,15/10/2017,montakit fuenlabrada - baskonia,80 - 75,Fuenlabrada,32,http://www.acb.com/fichas/LACB62032.php,258
5,0,"Rupnik, Luka",12:49,4,2,2,100,0,2,0,0,0,0,1,1,0,1,0,0,0,0,0,0,1,1,-5,4,2017-2018,Regular Season,4,15/10/2017,montakit fuenlabrada - baskonia,80 - 75,Fuenlabrada,32,http://www.acb.com/fichas/LACB62032.php,52N
8,0,"Llorca, Alex",6:9,2,1,1,100,0,2,0,0,0,0,1,1,0,1,1,0,0,0,0,0,0,0,-3,3,2017-2018,Regular Season,4,15/10/2017,montakit fuenlabrada - baskonia,80 - 75,Fuenlabrada,32,http://www.acb.com/fichas/LACB62032.php,BFV
9,0,"Sekulic, Blagota",8:40,0,0,0,0,0,0,0,0,0,0,1,1,0,1,1,1,0,1,0,0,4,4,2,3,2017-2018,Regular Season,4,15/10/2017,montakit fuenlabrada - baskonia,80 - 75,Fuenlabrada,32,http://www.acb.com/fichas/LACB62032.php,BD8
11,0,"Cruz, Francisco",21:10,15,4,6,67,0,1,0,7,7,100,2,2,0,1,0,3,0,0,1,0,2,3,-8,12,2017-2018,Regular Season,4,15/10/2017,montakit fuenlabrada - baskonia,80 - 75,Fuenlabrada,32,http://www.acb.com/fichas/LACB62032.php,516
13,0,"Smits, Rolands",18:32,11,4,6,67,0,0,0,3,6,50,3,1,2,0,0,1,0,0,1,0,4,4,-1,7,2017-2018,Regular Season,4,15/10/2017,montakit fuenlabrada - baskonia,80 - 75,Fuenlabrada,32,http://www.acb.com/fichas/LACB62032.php,862
0,0,"Gonzalez, Jose M.",0,0,0,0,0,0,0,0,0,0,0,0,0,0,0,0,0,0,0,0,0,0,0,0,0,2017-2018,Regular Season,4,15/10/2017,montakit fuenlabrada - baskonia,80 - 75,Fuenlabrada,32,http://www.acb.com/fichas/LACB62032.php,0
16,1,"Vargas, Gregory",19:26,4,1,3,33,0,1,0,2,2,100,3,3,0,5,1,0,0,0,1,0,4,1,18,6,2017-2018,Regular Season,4,15/10/2017,montakit fuenlabrada - baskonia,80 - 75,Fuenlabrada,32,http://www.acb.com/fichas/LACB62032.php,53Q
0,0,"Llorente, Sergio",0,0,0,0,0,0,0,0,0,0,0,0,0,0,0,0,0,0,0,0,0,0,0,0,0,2017-2018,Regular Season,4,15/10/2017,montakit fuenlabrada - baskonia,80 - 75,Fuenlabrada,32,http://www.acb.com/fichas/LACB62032.php,0
31,1,"Eyenga, C.",31:27,12,4,6,67,1,1,100,1,2,50,7,6,1,1,1,3,1,1,1,1,2,2,12,15,2017-2018,Regular Season,4,15/10/2017,montakit fuenlabrada - baskonia,80 - 75,Fuenlabrada,32,http://www.acb.com/fichas/LACB62032.php,Y8D
0,0,Equipo,0,0,0,0,0,0,0,0,0,0,0,1,1,0,0,0,0,0,0,0,0,0,0,0,1,2017-2018,Regular Season,4,15/10/2017,montakit fuenlabrada - baskonia,80 - 75,0,32,http://www.acb.com/fichas/LACB62032.php,
3,0,"Vildoza, Luca",6:25,0,0,1,0,0,1,0,0,0,0,2,1,1,0,1,0,0,0,0,0,0,0,1,1,2017-2018,Regular Season,4,15/10/2017,montakit fuenlabrada - baskonia,80 - 75,Baskonia,32,http://www.acb.com/fichas/LACB62032.php,53O
6,1,"Timma, Janis",28:20,6,1,2,50,1,5,20,1,2,50,5,3,2,1,1,1,0,0,0,0,5,3,-8,4,2017-2018,Regular Season,4,15/10/2017,montakit fuenlabrada - baskonia,80 - 75,Baskonia,32,http://www.acb.com/fichas/LACB62032.php,536
7,0,"Voigtmann, J.",25:18,3,0,1,0,1,2,50,0,0,0,3,2,1,1,0,0,0,2,1,0,2,0,14,4,2017-2018,Regular Season,4,15/10/2017,montakit fuenlabrada - baskonia,80 - 75,Baskonia,32,http://www.acb.com/fichas/LACB62032.php,500
9,1,"Huertas, M.",25:20,14,2,5,40,3,4,75,1,2,50,4,1,3,3,0,2,1,0,0,0,1,3,-3,16,2017-2018,Regular Season,4,15/10/2017,montakit fuenlabrada - baskonia,80 - 75,Baskonia,32,http://www.acb.com/fichas/LACB62032.php,B72
0,0,"Beaubois, Rodrigue",0,0,0,0,0,0,0,0,0,0,0,0,0,0,0,0,0,0,0,0,0,0,0,0,0,2017-2018,Regular Season,4,15/10/2017,montakit fuenlabrada - baskonia,80 - 75,Baskonia,32,http://www.acb.com/fichas/LACB62032.php,0
11,1,"Janning, Matt",15:15,5,1,2,50,1,2,50,0,0,0,1,1,0,0,0,0,0,0,0,0,2,1,-9,3,2017-2018,Regular Season,4,15/10/2017,montakit fuenlabrada - baskonia,80 - 75,Baskonia,32,http://www.acb.com/fichas/LACB62032.php,55A
12,1,"Diop, Ilimane",19:55,10,2,3,67,0,1,0,6,6,100,3,3,0,2,1,1,0,2,1,2,3,4,-9,15,2017-2018,Regular Season,4,15/10/2017,montakit fuenlabrada - baskonia,80 - 75,Baskonia,32,http://www.acb.com/fichas/LACB62032.php,800
15,0,"Granger, Jayson",33:34,6,1,6,17,0,4,0,4,6,67,2,2,0,8,1,1,0,0,0,0,2,6,-2,9,2017-2018,Regular Season,4,15/10/2017,montakit fuenlabrada - baskonia,80 - 75,Baskonia,32,http://www.acb.com/fichas/LACB62032.php,Y6K
17,0,"Poirier, Vincent",11:5,8,4,7,57,0,0,0,0,1,0,3,3,0,0,0,2,0,0,0,3,4,1,1,2,2017-2018,Regular Season,4,15/10/2017,montakit fuenlabrada - baskonia,80 - 75,Baskonia,32,http://www.acb.com/fichas/LACB62032.php,539
23,1,"Shengelia, T.",23:8,20,6,9,67,1,3,33,5,9,56,6,4,2,2,1,3,0,1,0,1,2,8,-4,24,2017-2018,Regular Season,4,15/10/2017,montakit fuenlabrada - baskonia,80 - 75,Baskonia,32,http://www.acb.com/fichas/LACB62032.php,105
91,0,"Delfino, Carlos",11:40,3,0,0,0,1,2,50,0,0,0,1,1,0,0,1,1,0,0,0,0,1,0,4,2,2017-2018,Regular Season,4,15/10/2017,montakit fuenlabrada - baskonia,80 - 75,Baskonia,32,http://www.acb.com/fichas/LACB62032.php,55T
0,0,Equipo,0,0,0,0,0,0,0,0,0,0,0,3,1,2,0,0,0,0,0,0,0,2,0,0,1,2017-2018,Regular Season,4,15/10/2017,montakit fuenlabrada - baskonia,80 - 75,0,32,http://www.acb.com/fichas/LACB62032.php,
3,0,"Fernandez, Jaime",15:37,9,2,7,29,1,2,50,2,4,50,2,0,2,4,1,1,0,0,0,0,0,4,-1,11,2017-2018,Regular Season,4,15/10/2017,morabanc andorra - herbalife gran canaria,78 - 76,Andorra,33,http://www.acb.com/fichas/LACB62033.php,117
11,1,"Blazic, Jaka",31:56,19,5,12,42,2,3,67,3,7,43,8,7,1,2,1,0,2,0,2,2,0,5,9,21,2017-2018,Regular Season,4,15/10/2017,morabanc andorra - herbalife gran canaria,78 - 76,Andorra,33,http://www.acb.com/fichas/LACB62033.php,FQF
12,0,"Jankovic, Vladimir",18:47,3,0,2,0,0,1,0,3,6,50,3,1,2,2,1,1,0,0,1,0,2,2,1,1,2017-2018,Regular Season,4,15/10/2017,morabanc andorra - herbalife gran canaria,78 - 76,Andorra,33,http://www.acb.com/fichas/LACB62033.php,50M
14,0,"Stevic, Oliver",20:46,12,5,6,83,0,0,0,2,3,67,9,4,5,0,0,1,0,1,0,1,3,5,10,21,2017-2018,Regular Season,4,15/10/2017,morabanc andorra - herbalife gran canaria,78 - 76,Andorra,33,http://www.acb.com/fichas/LACB62033.php,170
15,0,"Karnowski, Przemek",17:6,7,3,6,50,0,0,0,1,2,50,2,1,1,0,3,2,0,0,1,1,1,1,2,5,2017-2018,Regular Season,4,15/10/2017,morabanc andorra - herbalife gran canaria,78 - 76,Andorra,33,http://www.acb.com/fichas/LACB62033.php,53Y
16,1,"Albicy, Andrew",24:23,8,2,3,67,1,5,20,1,1,100,1,1,0,5,0,2,0,0,0,0,3,3,3,7,2017-2018,Regular Season,4,15/10/2017,morabanc andorra - herbalife gran canaria,78 - 76,Andorra,33,http://www.acb.com/fichas/LACB62033.php,502
21,1,"Diagne, Moussa",15:44,3,1,5,20,0,0,0,1,2,50,8,6,2,0,1,0,0,0,0,1,4,2,-2,5,2017-2018,Regular Season,4,15/10/2017,morabanc andorra - herbalife gran canaria,78 - 76,Andorra,33,http://www.acb.com/fichas/LACB62033.php,17T
22,1,"Shurna, John",26:21,6,0,1,0,2,4,50,0,0,0,3,3,0,2,1,1,0,1,0,0,3,2,-6,8,2017-2018,Regular Season,4,15/10/2017,morabanc andorra - herbalife gran canaria,78 - 76,Andorra,33,http://www.acb.com/fichas/LACB62033.php,H36
23,1,"Walker, David",21:3,11,2,2,100,2,5,40,1,1,100,2,2,0,0,0,2,0,0,0,1,1,1,-7,8,2017-2018,Regular Season,4,15/10/2017,morabanc andorra - herbalife gran canaria,78 - 76,Andorra,33,http://www.acb.com/fichas/LACB62033.php,513
0,0,"Colom, Guillem",0,0,0,0,0,0,0,0,0,0,0,0,0,0,0,0,0,0,0,0,0,0,0,0,0,2017-2018,Regular Season,4,15/10/2017,morabanc andorra - herbalife gran canaria,78 - 76,Andorra,33,http://www.acb.com/fichas/LACB62033.php,0
25,0,"Jelinek, David",8:17,0,0,0,0,0,0,0,0,0,0,0,0,0,0,0,3,0,0,0,0,1,0,1,-4,2017-2018,Regular Season,4,15/10/2017,morabanc andorra - herbalife gran canaria,78 - 76,Andorra,33,http://www.acb.com/fichas/LACB62033.php,Y8C
0,0,"Maric, Nikola",0,0,0,0,0,0,0,0,0,0,0,0,0,0,0,0,0,0,0,0,0,0,0,0,0,2017-2018,Regular Season,4,15/10/2017,morabanc andorra - herbalife gran canaria,78 - 76,Andorra,33,http://www.acb.com/fichas/LACB62033.php,0
0,0,Equipo,0,0,0,0,0,0,0,0,0,0,0,2,1,1,0,0,2,0,0,0,0,0,0,0,0,2017-2018,Regular Season,4,15/10/2017,morabanc andorra - herbalife gran canaria,78 - 76,0,33,http://www.acb.com/fichas/LACB62033.php,
4,0,"Oliver, Albert",21:40,16,5,9,56,2,3,67,0,0,0,1,0,1,4,1,0,0,0,0,0,5,1,7,13,2017-2018,Regular Season,4,15/10/2017,morabanc andorra - herbalife gran canaria,78 - 76,Gran_Canaria,33,http://www.acb.com/fichas/LACB62033.php,A56
8,0,"Eriksson, Marcus",17:1,5,1,6,17,1,3,33,0,0,0,1,1,0,1,0,0,0,0,0,0,2,0,-6,-2,2017-2018,Regular Season,4,15/10/2017,morabanc andorra - herbalife gran canaria,78 - 76,Gran_Canaria,33,http://www.acb.com/fichas/LACB62033.php,118
9,1,"Mekel, Gal",18:20,4,2,5,40,0,0,0,0,0,0,3,1,2,3,1,2,0,0,0,0,3,0,-9,3,2017-2018,Regular Season,4,15/10/2017,morabanc andorra - herbalife gran canaria,78 - 76,Gran_Canaria,33,http://www.acb.com/fichas/LACB62033.php,53K
11,1,"Seeley, DJ",23:52,13,3,4,75,2,6,33,1,2,50,1,1,0,0,0,4,0,0,0,0,3,1,3,2,2017-2018,Regular Season,4,15/10/2017,morabanc andorra - herbalife gran canaria,78 - 76,Gran_Canaria,33,http://www.acb.com/fichas/LACB62033.php,2IW
12,0,"Balvin, Ondrej",20:2,5,2,3,67,0,0,0,1,4,25,8,6,2,1,1,2,0,0,0,1,2,2,-3,9,2017-2018,Regular Season,4,15/10/2017,morabanc andorra - herbalife gran canaria,78 - 76,Gran_Canaria,33,http://www.acb.com/fichas/LACB62033.php,BLE
13,1,"Baez, Eulis",29:27,8,3,8,38,0,2,0,2,2,100,8,4,4,1,1,1,0,2,0,0,4,5,5,13,2017-2018,Regular Season,4,15/10/2017,morabanc andorra - herbalife gran canaria,78 - 76,Gran_Canaria,33,http://www.acb.com/fichas/LACB62033.php,BIH
14,1,"Pasecniks, Anzejs",15:24,5,2,4,50,0,1,0,1,3,33,4,4,0,0,0,2,0,1,1,0,0,3,-1,5,2017-2018,Regular Season,4,15/10/2017,morabanc andorra - herbalife gran canaria,78 - 76,Gran_Canaria,33,http://www.acb.com/fichas/LACB62033.php,FQH
21,1,"Pauli, Oriol",15:42,5,1,3,33,1,2,50,0,2,0,4,4,0,0,0,0,0,0,0,0,1,1,-9,4,2017-2018,Regular Season,4,15/10/2017,morabanc andorra - herbalife gran canaria,78 - 76,Gran_Canaria,33,http://www.acb.com/fichas/LACB62033.php,SCE
22,0,"Rabaseda, Xavi",10:42,4,1,1,100,0,1,0,2,2,100,1,1,0,1,1,0,1,0,0,1,1,1,9,6,2017-2018,Regular Season,4,15/10/2017,morabanc andorra - herbalife gran canaria,78 - 76,Gran_Canaria,33,http://www.acb.com/fichas/LACB62033.php,Y1F
27,0,"McKissic, S.",12:43,6,2,3,67,0,0,0,2,2,100,1,1,0,0,2,1,0,0,0,1,2,2,-1,7,2017-2018,Regular Season,4,15/10/2017,morabanc andorra - herbalife gran canaria,78 - 76,Gran_Canaria,33,http://www.acb.com/fichas/LACB62033.php,53D
34,0,"Aguilar, Pablo",7:21,0,0,0,0,0,1,0,0,0,0,1,1,0,0,0,1,0,1,0,0,1,0,-5,-1,2017-2018,Regular Season,4,15/10/2017,morabanc andorra - herbalife gran canaria,78 - 76,Gran_Canaria,33,http://www.acb.com/fichas/LACB62033.php,Y49
40,0,"Fischer, Luke",7:46,5,2,3,67,0,0,0,1,2,50,5,3,2,0,1,0,0,0,1,0,1,2,0,9,2017-2018,Regular Season,4,15/10/2017,morabanc andorra - herbalife gran canaria,78 - 76,Gran_Canaria,33,http://www.acb.com/fichas/LACB62033.php,53I
0,0,Equipo,0,0,0,0,0,0,0,0,0,0,0,2,0,2,0,0,2,0,0,0,0,1,0,0,-1,2017-2018,Regular Season,4,15/10/2017,morabanc andorra - herbalife gran canaria,78 - 76,0,33,http://www.acb.com/fichas/LACB62033.php,
1,0,"Agbelese, Danny",11:16,7,3,6,50,0,0,0,1,4,25,4,2,2,0,2,1,0,1,1,1,2,3,0,7,2017-2018,Regular Season,4,15/10/2017,gipuzkoa basket - ucam murcia,67 - 69,Guipuzcoa,34,http://www.acb.com/fichas/LACB62034.php,D03
3,0,"Chery, Kenny",14:27,5,1,4,25,1,5,20,0,0,0,1,1,0,0,0,0,0,0,1,0,2,0,10,-4,2017-2018,Regular Season,4,15/10/2017,gipuzkoa basket - ucam murcia,67 - 69,Guipuzcoa,34,http://www.acb.com/fichas/LACB62034.php,51A
4,0,"Van Lacke, Fede",23:23,12,2,2,100,2,5,40,2,3,67,3,3,0,3,1,3,0,0,0,0,2,2,0,12,2017-2018,Regular Season,4,15/10/2017,gipuzkoa basket - ucam murcia,67 - 69,Guipuzcoa,34,http://www.acb.com/fichas/LACB62034.php,B3K
5,1,"Perez, Daniel",26:55,2,1,1,100,0,3,0,0,2,0,3,3,0,3,1,3,1,0,0,0,2,3,-6,2,2017-2018,Regular Season,4,15/10/2017,gipuzkoa basket - ucam murcia,67 - 69,Guipuzcoa,34,http://www.acb.com/fichas/LACB62034.php,Y84
7,0,"Oroz, Xabi",7:42,0,0,0,0,0,0,0,0,0,0,1,1,0,2,0,2,0,0,0,0,0,1,2,2,2017-2018,Regular Season,4,15/10/2017,gipuzkoa basket - ucam murcia,67 - 69,Guipuzcoa,34,http://www.acb.com/fichas/LACB62034.php,XDP
10,1,"Salvo, Miquel",13:28,0,0,1,0,0,0,0,0,0,0,3,2,1,0,0,2,0,0,0,0,2,1,0,-1,2017-2018,Regular Season,4,15/10/2017,gipuzkoa basket - ucam murcia,67 - 69,Guipuzcoa,34,http://www.acb.com/fichas/LACB62034.php,545
11,0,"Pardina, Joan",4:16,1,0,0,0,0,0,0,1,2,50,2,1,1,1,0,0,0,0,0,0,1,1,-5,3,2017-2018,Regular Season,4,15/10/2017,gipuzkoa basket - ucam murcia,67 - 69,Guipuzcoa,34,http://www.acb.com/fichas/LACB62034.php,782
0,0,"Sanz, Mikel",0,0,0,0,0,0,0,0,0,0,0,0,0,0,0,0,0,0,0,0,0,0,0,0,0,2017-2018,Regular Season,4,15/10/2017,gipuzkoa basket - ucam murcia,67 - 69,Guipuzcoa,34,http://www.acb.com/fichas/LACB62034.php,0
17,1,"Fakuade, Michael",20:31,14,4,6,67,2,2,100,0,0,0,4,2,2,0,0,0,1,1,0,0,2,1,-1,16,2017-2018,Regular Season,4,15/10/2017,gipuzkoa basket - ucam murcia,67 - 69,Guipuzcoa,34,http://www.acb.com/fichas/LACB62034.php,54P
44,1,"Swing, Jordan",30:42,13,1,4,25,2,4,50,5,5,100,4,4,0,0,1,2,0,0,0,0,2,5,-4,14,2017-2018,Regular Season,4,15/10/2017,gipuzkoa basket - ucam murcia,67 - 69,Guipuzcoa,34,http://www.acb.com/fichas/LACB62034.php,D07
64,1,"Norel, Henk",28:26,9,3,10,30,0,0,0,3,4,75,6,5,1,0,1,4,0,0,1,1,1,3,-2,5,2017-2018,Regular Season,4,15/10/2017,gipuzkoa basket - ucam murcia,67 - 69,Guipuzcoa,34,http://www.acb.com/fichas/LACB62034.php,BA0
88,0,"Clark, Daniel",18:54,4,1,3,33,0,2,0,2,2,100,5,3,2,0,0,0,0,1,0,0,1,1,-4,6,2017-2018,Regular Season,4,15/10/2017,gipuzkoa basket - ucam murcia,67 - 69,Guipuzcoa,34,http://www.acb.com/fichas/LACB62034.php,BB8
0,0,Equipo,0,0,0,0,0,0,0,0,0,0,0,5,2,3,0,0,3,0,0,0,0,1,0,0,1,2017-2018,Regular Season,4,15/10/2017,gipuzkoa basket - ucam murcia,67 - 69,0,34,http://www.acb.com/fichas/LACB62034.php,
0,1,"Soko, Ovie",8:55,0,0,2,0,0,2,0,0,0,0,3,3,0,0,1,3,0,0,0,0,2,0,-12,-5,2017-2018,Regular Season,4,15/10/2017,gipuzkoa basket - ucam murcia,67 - 69,Murcia,34,http://www.acb.com/fichas/LACB62034.php,50S
3,0,"Urtasun, Alex",19:13,6,1,2,50,1,3,33,1,1,100,2,2,0,1,0,0,0,1,1,0,2,1,-1,5,2017-2018,Regular Season,4,15/10/2017,gipuzkoa basket - ucam murcia,67 - 69,Murcia,34,http://www.acb.com/fichas/LACB62034.php,BA3
5,0,"Martin, Alberto",6:22,0,0,1,0,0,0,0,0,0,0,0,0,0,0,1,0,0,0,1,0,0,1,-2,0,2017-2018,Regular Season,4,15/10/2017,gipuzkoa basket - ucam murcia,67 - 69,Murcia,34,http://www.acb.com/fichas/LACB62034.php,858
8,0,"Benite, Vitor",20:53,12,3,6,50,2,5,40,0,0,0,2,2,0,0,0,0,0,0,0,0,0,2,-3,10,2017-2018,Regular Season,4,15/10/2017,gipuzkoa basket - ucam murcia,67 - 69,Murcia,34,http://www.acb.com/fichas/LACB62034.php,FOX
9,0,"Kloof, Charlon",20:44,12,3,3,100,1,6,17,3,4,75,1,1,0,2,1,2,0,0,0,0,3,4,5,9,2017-2018,Regular Season,4,15/10/2017,gipuzkoa basket - ucam murcia,67 - 69,Murcia,34,http://www.acb.com/fichas/LACB62034.php,53N
11,1,"Hannah, Clevin",18:43,9,1,2,50,1,3,33,4,4,100,1,1,0,4,1,1,0,0,0,0,1,2,4,12,2017-2018,Regular Season,4,15/10/2017,gipuzkoa basket - ucam murcia,67 - 69,Murcia,34,http://www.acb.com/fichas/LACB62034.php,1LQ
12,1,"Oleson, Brad",20:43,9,0,1,0,3,5,60,0,0,0,3,2,1,0,1,1,0,0,0,0,2,0,5,7,2017-2018,Regular Season,4,15/10/2017,gipuzkoa basket - ucam murcia,67 - 69,Murcia,34,http://www.acb.com/fichas/LACB62034.php,BGO
0,0,"Olaizola, Julen",0,0,0,0,0,0,0,0,0,0,0,0,0,0,0,0,0,0,0,0,0,0,0,0,0,2017-2018,Regular Season,4,15/10/2017,gipuzkoa basket - ucam murcia,67 - 69,Murcia,34,http://www.acb.com/fichas/LACB62034.php,0
16,0,"Delia, Marcos",18:54,6,1,3,33,0,0,0,4,4,100,3,2,1,0,0,2,0,1,0,0,3,3,-3,6,2017-2018,Regular Season,4,15/10/2017,gipuzkoa basket - ucam murcia,67 - 69,Murcia,34,http://www.acb.com/fichas/LACB62034.php,512
24,1,"Tumba, Kevin",25:32,0,0,3,0,0,0,0,0,0,0,9,6,3,0,2,0,0,1,0,0,3,0,6,6,2017-2018,Regular Season,4,15/10/2017,gipuzkoa basket - ucam murcia,67 - 69,Murcia,34,http://www.acb.com/fichas/LACB62034.php,52W
27,1,"Rojas, Sadiel",14:5,6,0,1,0,1,2,50,3,4,75,5,3,2,0,0,3,0,0,0,0,2,3,-3,6,2017-2018,Regular Season,4,15/10/2017,gipuzkoa basket - ucam murcia,67 - 69,Murcia,34,http://www.acb.com/fichas/LACB62034.php,1L3
33,0,"Lukovic, Marko",25:56,9,3,7,43,1,5,20,0,0,0,2,1,1,1,1,1,0,0,1,0,3,1,14,1,2017-2018,Regular Season,4,15/10/2017,gipuzkoa basket - ucam murcia,67 - 69,Murcia,34,http://www.acb.com/fichas/LACB62034.php,53R
0,0,Equipo,0,0,0,0,0,0,0,0,0,0,0,4,2,2,0,0,2,0,0,0,0,0,0,0,2,2017-2018,Regular Season,4,15/10/2017,gipuzkoa basket - ucam murcia,67 - 69,0,34,http://www.acb.com/fichas/LACB62034.php,
0,0,"Dimitrijevic, N.",12:31,5,1,3,33,1,1,100,0,0,0,0,0,0,0,1,2,0,0,1,0,2,0,-6,-1,2017-2018,Regular Season,4,15/10/2017,divina seguros joventut - iberostar tenerife,73 - 76,Joventut,35,http://www.acb.com/fichas/LACB62035.php,2CP
2,0,"Birgander, Simon",11:59,2,1,4,25,0,0,0,0,0,0,2,2,0,0,1,0,0,0,0,0,1,0,-6,1,2017-2018,Regular Season,4,15/10/2017,divina seguros joventut - iberostar tenerife,73 - 76,Joventut,35,http://www.acb.com/fichas/LACB62035.php,53J
6,0,"Lopez-Arostegui, X",14:10,9,2,3,67,1,2,50,2,2,100,1,0,1,2,0,1,0,0,0,0,2,1,-8,8,2017-2018,Regular Season,4,15/10/2017,divina seguros joventut - iberostar tenerife,73 - 76,Joventut,35,http://www.acb.com/fichas/LACB62035.php,1BA
9,1,"Vidal, Sergi",28:16,6,0,3,0,2,5,40,0,0,0,3,3,0,2,0,2,0,0,0,0,0,1,1,4,2017-2018,Regular Season,4,15/10/2017,divina seguros joventut - iberostar tenerife,73 - 76,Joventut,35,http://www.acb.com/fichas/LACB62035.php,A4B
12,1,"Kulvietis, Saulius",27:33,6,1,2,50,0,5,0,4,4,100,4,3,1,3,2,1,0,0,0,0,0,3,-1,11,2017-2018,Regular Season,4,15/10/2017,divina seguros joventut - iberostar tenerife,73 - 76,Joventut,35,http://www.acb.com/fichas/LACB62035.php,53V
13,0,"Nogues, Jose I.",5:24,0,0,0,0,0,0,0,0,0,0,0,0,0,0,1,0,0,0,0,0,0,0,0,1,2017-2018,Regular Season,4,15/10/2017,divina seguros joventut - iberostar tenerife,73 - 76,Joventut,35,http://www.acb.com/fichas/LACB62035.php,8C8
14,0,"Ventura, Albert",27:59,10,3,4,75,1,4,25,1,2,50,3,1,2,2,1,0,1,0,0,0,2,2,-8,11,2017-2018,Regular Season,4,15/10/2017,divina seguros joventut - iberostar tenerife,73 - 76,Joventut,35,http://www.acb.com/fichas/LACB62035.php,718
21,1,"Gielo, Tomasz",15:20,3,0,3,0,1,1,100,0,0,0,1,1,0,0,0,1,0,0,1,0,3,0,5,-4,2017-2018,Regular Season,4,15/10/2017,divina seguros joventut - iberostar tenerife,73 - 76,Joventut,35,http://www.acb.com/fichas/LACB62035.php,50Q
0,0,"Gudul, Omari",0,0,0,0,0,0,0,0,0,0,0,0,0,0,0,0,0,0,0,0,0,0,0,0,0,2017-2018,Regular Season,4,15/10/2017,divina seguros joventut - iberostar tenerife,73 - 76,Joventut,35,http://www.acb.com/fichas/LACB62035.php,0
30,0,"Mavra, Dominik",10:19,3,0,0,0,1,2,50,0,0,0,0,0,0,1,0,2,0,0,1,0,1,1,-1,0,2017-2018,Regular Season,4,15/10/2017,divina seguros joventut - iberostar tenerife,73 - 76,Joventut,35,http://www.acb.com/fichas/LACB62035.php,53T
35,1,"Richard, Patrick",18:28,15,4,4,100,1,6,17,4,4,100,4,4,0,2,2,1,5,0,0,0,4,4,6,17,2017-2018,Regular Season,4,15/10/2017,divina seguros joventut - iberostar tenerife,73 - 76,Joventut,35,http://www.acb.com/fichas/LACB62035.php,53U
44,1,"Jordan, Jerome",28:1,14,5,7,71,0,0,0,4,4,100,7,3,4,0,1,0,0,3,0,0,2,3,3,24,2017-2018,Regular Season,4,15/10/2017,divina seguros joventut - iberostar tenerife,73 - 76,Joventut,35,http://www.acb.com/fichas/LACB62035.php,D10
0,0,Equipo,0,0,0,0,0,0,0,0,0,0,0,0,0,0,0,0,0,0,0,0,0,0,0,0,0,2017-2018,Regular Season,4,15/10/2017,divina seguros joventut - iberostar tenerife,73 - 76,0,35,http://www.acb.com/fichas/LACB62035.php,
0,1,"San Miguel, R.",24:0,6,3,6,50,0,1,0,0,2,0,1,0,1,4,2,4,0,0,0,0,4,1,-1,0,2017-2018,Regular Season,4,15/10/2017,divina seguros joventut - iberostar tenerife,73 - 76,Tenerife,35,http://www.acb.com/fichas/LACB62035.php,B86
5,0,"Richotti, Nicolas",16:43,0,0,2,0,0,1,0,0,0,0,2,1,1,2,0,2,0,0,0,0,2,1,2,-2,2017-2018,Regular Season,4,15/10/2017,divina seguros joventut - iberostar tenerife,73 - 76,Tenerife,35,http://www.acb.com/fichas/LACB62035.php,T78
7,0,"Niang, Mamadou",12:49,4,2,3,67,0,0,0,0,0,0,0,0,0,0,0,1,0,0,1,2,1,0,0,0,2017-2018,Regular Season,4,15/10/2017,divina seguros joventut - iberostar tenerife,73 - 76,Tenerife,35,http://www.acb.com/fichas/LACB62035.php,SHU
10,0,"Bassas, Ferran",23:23,11,5,6,83,0,2,0,1,2,50,4,4,0,5,0,4,1,0,0,0,2,2,6,12,2017-2018,Regular Season,4,15/10/2017,divina seguros joventut - iberostar tenerife,73 - 76,Tenerife,35,http://www.acb.com/fichas/LACB62035.php,714
0,0,"Bonde Sturup, Mads",0,0,0,0,0,0,0,0,0,0,0,0,0,0,0,0,0,0,0,0,0,0,0,0,0,2017-2018,Regular Season,4,15/10/2017,divina seguros joventut - iberostar tenerife,73 - 76,Tenerife,35,http://www.acb.com/fichas/LACB62035.php,0
17,1,"Vazquez, Fran",27:7,16,8,13,62,0,0,0,0,0,0,6,3,3,1,0,0,0,1,0,2,1,1,3,19,2017-2018,Regular Season,4,15/10/2017,divina seguros joventut - iberostar tenerife,73 - 76,Tenerife,35,http://www.acb.com/fichas/LACB62035.php,A9S
20,1,"Ponitka, Mateusz",30:28,21,7,9,78,1,2,50,4,5,80,10,6,4,2,1,1,3,0,1,0,2,8,6,34,2017-2018,Regular Season,4,15/10/2017,divina seguros joventut - iberostar tenerife,73 - 76,Tenerife,35,http://www.acb.com/fichas/LACB62035.php,53W
21,1,"Abromaitis, Tim",26:39,11,1,2,50,3,4,75,0,0,0,6,5,1,0,2,1,0,0,0,0,3,0,7,13,2017-2018,Regular Season,4,15/10/2017,divina seguros joventut - iberostar tenerife,73 - 76,Tenerife,35,http://www.acb.com/fichas/LACB62035.php,FOI
24,1,"Vrabac, Adin",4:7,0,0,0,0,0,1,0,0,0,0,0,0,0,0,0,1,0,0,0,0,0,0,-7,-2,2017-2018,Regular Season,4,15/10/2017,divina seguros joventut - iberostar tenerife,73 - 76,Tenerife,35,http://www.acb.com/fichas/LACB62035.php,546
25,0,"Allen, Rosco",13:25,2,1,2,50,0,0,0,0,1,0,0,0,0,2,1,0,0,2,0,0,0,1,-4,6,2017-2018,Regular Season,4,15/10/2017,divina seguros joventut - iberostar tenerife,73 - 76,Tenerife,35,http://www.acb.com/fichas/LACB62035.php,50I
33,0,"Beiran, Javier",21:19,5,2,3,67,0,1,0,1,2,50,2,2,0,3,0,1,1,0,1,0,0,3,3,8,2017-2018,Regular Season,4,15/10/2017,divina seguros joventut - iberostar tenerife,73 - 76,Tenerife,35,http://www.acb.com/fichas/LACB62035.php,BB2
0,0,Equipo,0,0,0,0,0,0,0,0,0,0,0,6,5,1,0,0,0,0,0,0,0,0,0,0,6,2017-2018,Regular Season,4,15/10/2017,divina seguros joventut - iberostar tenerife,73 - 76,0,35,http://www.acb.com/fichas/LACB62035.php,
0,1,"Fisher, Corey",22:0,5,2,4,50,0,3,0,1,2,50,1,0,1,0,1,0,0,0,0,0,2,2,-9,1,2017-2018,Regular Season,4,14/10/2017,san pablo burgos - movistar estudiantes,72 - 87,Burgos,36,http://www.acb.com/fichas/LACB62036.php,244
5,0,"Schreiner, Thomas",18:0,8,1,1,100,2,4,50,0,0,0,0,0,0,3,1,3,0,0,0,0,1,0,-6,6,2017-2018,Regular Season,4,14/10/2017,san pablo burgos - movistar estudiantes,72 - 87,Burgos,36,http://www.acb.com/fichas/LACB62036.php,2A3
8,0,"Sedekerskis, Tadas",14:32,2,1,2,50,0,1,0,0,0,0,5,4,1,2,0,0,0,0,0,0,0,1,-2,8,2017-2018,Regular Season,4,14/10/2017,san pablo burgos - movistar estudiantes,72 - 87,Burgos,36,http://www.acb.com/fichas/LACB62036.php,1BG
9,0,"Barrera, Alex",15:32,7,1,3,33,1,2,50,2,3,67,2,2,0,3,1,0,0,0,0,0,0,3,-7,12,2017-2018,Regular Season,4,14/10/2017,san pablo burgos - movistar estudiantes,72 - 87,Burgos,36,http://www.acb.com/fichas/LACB62036.php,717
10,0,"Vega, Javier",3:20,0,0,1,0,0,0,0,0,0,0,0,0,0,0,0,4,0,0,0,0,3,1,-4,-7,2017-2018,Regular Season,4,14/10/2017,san pablo burgos - movistar estudiantes,72 - 87,Burgos,36,http://www.acb.com/fichas/LACB62036.php,BA6
11,0,"Saiz, Sebas",14:10,1,0,0,0,0,1,0,1,2,50,7,6,1,0,0,3,0,1,0,0,4,2,-5,2,2017-2018,Regular Season,4,14/10/2017,san pablo burgos - movistar estudiantes,72 - 87,Burgos,36,http://www.acb.com/fichas/LACB62036.php,SDS
13,1,"Gailius, Deividas",24:33,11,4,9,44,0,5,0,3,4,75,9,4,5,0,0,1,0,0,1,0,0,3,-9,10,2017-2018,Regular Season,4,14/10/2017,san pablo burgos - movistar estudiantes,72 - 87,Burgos,36,http://www.acb.com/fichas/LACB62036.php,549
15,0,"Martinez, Edu",1:31,0,0,0,0,0,1,0,0,0,0,0,0,0,0,0,0,0,0,0,0,1,0,-4,-2,2017-2018,Regular Season,4,14/10/2017,san pablo burgos - movistar estudiantes,72 - 87,Burgos,36,http://www.acb.com/fichas/LACB62036.php,Y7W
16,0,"Dos Anjos, Felipe",4:13,4,1,2,50,0,0,0,2,2,100,1,1,0,0,0,0,0,0,0,1,0,1,1,5,2017-2018,Regular Season,4,14/10/2017,san pablo burgos - movistar estudiantes,72 - 87,Burgos,36,http://www.acb.com/fichas/LACB62036.php,461
21,1,"Thompson, Deon",30:22,7,2,8,25,0,0,0,3,4,75,11,6,5,0,0,1,0,2,0,1,1,2,-7,13,2017-2018,Regular Season,4,14/10/2017,san pablo burgos - movistar estudiantes,72 - 87,Burgos,36,http://www.acb.com/fichas/LACB62036.php,54C
23,1,"Huskic, Goran",25:51,18,8,12,67,0,0,0,2,2,100,4,3,1,0,0,2,1,1,1,0,5,1,-11,12,2017-2018,Regular Season,4,14/10/2017,san pablo burgos - movistar estudiantes,72 - 87,Burgos,36,http://www.acb.com/fichas/LACB62036.php,H05
25,1,"Lopez, Alex",25:56,9,2,3,67,1,5,20,2,3,67,4,3,1,3,2,4,1,0,0,0,4,5,-12,9,2017-2018,Regular Season,4,14/10/2017,san pablo burgos - movistar estudiantes,72 - 87,Burgos,36,http://www.acb.com/fichas/LACB62036.php,YBF
0,0,Equipo,0,0,0,0,0,0,0,0,0,0,0,2,0,2,0,0,1,0,0,0,0,0,0,0,1,2017-2018,Regular Season,4,14/10/2017,san pablo burgos - movistar estudiantes,72 - 87,0,36,http://www.acb.com/fichas/LACB62036.php,
4,1,"Cvetkovic, A.",22:46,2,1,2,50,0,3,0,0,0,0,2,1,1,0,1,1,1,0,1,0,4,3,10,-2,2017-2018,Regular Season,4,14/10/2017,san pablo burgos - movistar estudiantes,72 - 87,Estudiantes,36,http://www.acb.com/fichas/LACB62036.php,50G
6,0,"Hakanson, Ludde",13:43,3,0,1,0,1,1,100,0,0,0,1,1,0,5,0,0,0,0,0,0,0,0,3,8,2017-2018,Regular Season,4,14/10/2017,san pablo burgos - movistar estudiantes,72 - 87,Estudiantes,36,http://www.acb.com/fichas/LACB62036.php,UAE
8,0,"Brizuela, Dario",14:59,4,1,3,33,0,2,0,2,2,100,1,1,0,0,2,1,0,0,0,0,4,3,5,1,2017-2018,Regular Season,4,14/10/2017,san pablo burgos - movistar estudiantes,72 - 87,Estudiantes,36,http://www.acb.com/fichas/LACB62036.php,81E
9,0,"Vicedo, Edgar",21:46,13,2,3,67,3,5,60,0,0,0,2,2,0,0,1,0,1,0,0,0,1,1,5,13,2017-2018,Regular Season,4,14/10/2017,san pablo burgos - movistar estudiantes,72 - 87,Estudiantes,36,http://www.acb.com/fichas/LACB62036.php,SDT
10,1,"Cook, Omar",26:22,5,1,2,50,0,2,0,3,4,75,2,2,0,12,3,1,1,0,0,0,1,4,12,20,2017-2018,Regular Season,4,14/10/2017,san pablo burgos - movistar estudiantes,72 - 87,Estudiantes,36,http://www.acb.com/fichas/LACB62036.php,BFP
11,0,"Pena, Dagoberto",1:59,0,0,0,0,0,0,0,0,0,0,0,0,0,0,0,0,0,0,0,0,0,0,2,0,2017-2018,Regular Season,4,14/10/2017,san pablo burgos - movistar estudiantes,72 - 87,Estudiantes,36,http://www.acb.com/fichas/LACB62036.php,53E
12,0,"Suton, Goran",22:36,12,4,8,50,1,2,50,1,2,50,3,1,2,1,1,0,0,0,0,0,3,1,12,9,2017-2018,Regular Season,4,14/10/2017,san pablo burgos - movistar estudiantes,72 - 87,Estudiantes,36,http://www.acb.com/fichas/LACB62036.php,1LM
15,1,"Landesberg, Sylven",19:33,13,4,6,67,1,5,20,2,2,100,3,3,0,1,0,2,1,0,0,0,2,1,8,8,2017-2018,Regular Season,4,14/10/2017,san pablo burgos - movistar estudiantes,72 - 87,Estudiantes,36,http://www.acb.com/fichas/LACB62036.php,541
17,0,"Savane, Sitapha",3:38,4,1,2,50,0,0,0,2,2,100,2,1,1,1,0,1,0,1,0,0,2,1,0,5,2017-2018,Regular Season,4,14/10/2017,san pablo burgos - movistar estudiantes,72 - 87,Estudiantes,36,http://www.acb.com/fichas/LACB62036.php,B3M
21,1,"Brown, Alec",23:21,14,4,8,50,0,3,0,6,6,100,5,4,1,1,0,1,0,1,0,0,3,4,9,14,2017-2018,Regular Season,4,14/10/2017,san pablo burgos - movistar estudiantes,72 - 87,Estudiantes,36,http://www.acb.com/fichas/LACB62036.php,FO4
22,1,"Caner-Medley,N.",23:18,15,4,5,80,1,3,33,4,4,100,0,0,0,2,0,1,1,0,0,1,0,3,12,16,2017-2018,Regular Season,4,14/10/2017,san pablo burgos - movistar estudiantes,72 - 87,Estudiantes,36,http://www.acb.com/fichas/LACB62036.php,BF4
38,0,"Arteaga, Victor",5:59,2,1,1,100,0,0,0,0,0,0,3,2,1,0,0,0,0,0,0,0,2,0,-3,3,2017-2018,Regular Season,4,14/10/2017,san pablo burgos - movistar estudiantes,72 - 87,Estudiantes,36,http://www.acb.com/fichas/LACB62036.php,768
0,0,Equipo,0,0,0,0,0,0,0,0,0,0,0,6,4,2,0,0,1,0,0,0,0,0,0,0,5,2017-2018,Regular Season,4,14/10/2017,san pablo burgos - movistar estudiantes,72 - 87,0,36,http://www.acb.com/fichas/LACB62036.php,
1,0,"Causeur, Fabien",13:9,6,1,2,50,1,2,50,1,2,50,0,0,0,1,0,2,0,0,0,0,1,2,-7,3,2017-2018,Regular Season,5,22/10/2017,real madrid - unicaja,99 - 85,Real_Madrid,37,http://www.acb.com/fichas/LACB62037.php,218
2,0,"Randle, Chasson",8:16,2,1,1,100,0,2,0,0,0,0,2,2,0,1,1,2,0,0,0,0,4,0,-3,-2,2017-2018,Regular Season,5,22/10/2017,real madrid - unicaja,99 - 85,Real_Madrid,37,http://www.acb.com/fichas/LACB62037.php,566
5,0,"Fernandez, Rudy",9:16,10,2,2,100,2,3,67,0,0,0,0,0,0,3,0,0,0,0,0,0,2,1,14,11,2017-2018,Regular Season,5,22/10/2017,real madrid - unicaja,99 - 85,Real_Madrid,37,http://www.acb.com/fichas/LACB62037.php,B0X
6,1,"Radoncic, Dino",28:14,6,3,5,60,0,1,0,0,0,0,1,1,0,2,0,1,1,0,0,0,2,0,19,3,2017-2018,Regular Season,5,22/10/2017,real madrid - unicaja,99 - 85,Real_Madrid,37,http://www.acb.com/fichas/LACB62037.php,FQI
7,1,"Doncic, Luka",21:15,18,4,5,80,2,3,67,4,4,100,6,6,0,5,0,1,0,0,0,0,2,2,27,26,2017-2018,Regular Season,5,22/10/2017,real madrid - unicaja,99 - 85,Real_Madrid,37,http://www.acb.com/fichas/LACB62037.php,460
8,0,"Maciulis, Jonas",14:14,0,0,1,0,0,0,0,0,0,0,5,3,2,0,0,0,0,0,0,0,2,0,-10,2,2017-2018,Regular Season,5,22/10/2017,real madrid - unicaja,99 - 85,Real_Madrid,37,http://www.acb.com/fichas/LACB62037.php,1L9
9,0,"Reyes, Felipe",17:15,8,2,4,50,0,0,0,4,4,100,6,3,3,0,0,3,0,0,2,0,3,3,-5,7,2017-2018,Regular Season,5,22/10/2017,real madrid - unicaja,99 - 85,Real_Madrid,37,http://www.acb.com/fichas/LACB62037.php,A1M
11,1,"Campazzo, Facu",21:13,10,1,4,25,1,3,33,5,5,100,1,1,0,5,0,0,0,0,1,0,2,5,7,13,2017-2018,Regular Season,5,22/10/2017,real madrid - unicaja,99 - 85,Real_Madrid,37,http://www.acb.com/fichas/LACB62037.php,1LU
14,1,"Ayon, Gustavo",22:45,8,4,5,80,0,0,0,0,1,0,6,5,1,5,1,0,0,0,0,2,2,2,19,18,2017-2018,Regular Season,5,22/10/2017,real madrid - unicaja,99 - 85,Real_Madrid,37,http://www.acb.com/fichas/LACB62037.php,113
16,0,"Yusta, Santiago",13:48,2,1,2,50,0,2,0,0,0,0,3,2,1,1,0,1,0,0,0,1,1,2,-11,3,2017-2018,Regular Season,5,22/10/2017,real madrid - unicaja,99 - 85,Real_Madrid,37,http://www.acb.com/fichas/LACB62037.php,1E4
20,1,"Carroll, Jaycee",30:35,29,7,10,70,5,7,71,0,0,0,3,2,1,0,1,1,0,0,1,0,0,1,20,27,2017-2018,Regular Season,5,22/10/2017,real madrid - unicaja,99 - 85,Real_Madrid,37,http://www.acb.com/fichas/LACB62037.php,BGZ
0,0,"Taylor, Jeffery",0,0,0,0,0,0,0,0,0,0,0,0,0,0,0,0,0,0,0,0,0,0,0,0,0,2017-2018,Regular Season,5,22/10/2017,real madrid - unicaja,99 - 85,Real_Madrid,37,http://www.acb.com/fichas/LACB62037.php,0
0,0,Equipo,0,0,0,0,0,0,0,0,0,0,0,2,2,0,0,0,1,0,0,0,0,0,0,0,1,2017-2018,Regular Season,5,22/10/2017,real madrid - unicaja,99 - 85,0,37,http://www.acb.com/fichas/LACB62037.php,
2,0,"Okouo, Viny",4:35,4,1,2,50,0,0,0,2,2,100,0,0,0,0,1,0,0,0,0,0,1,1,3,4,2017-2018,Regular Season,5,22/10/2017,real madrid - unicaja,99 - 85,Unicaja,37,http://www.acb.com/fichas/LACB62037.php,1ES
3,0,"McCallum, Ray",21:37,15,4,5,80,1,1,100,4,4,100,2,2,0,4,0,0,2,0,0,0,2,2,5,20,2017-2018,Regular Season,5,22/10/2017,real madrid - unicaja,99 - 85,Unicaja,37,http://www.acb.com/fichas/LACB62037.php,540
6,0,"Soluade, Morayo",11:26,0,0,1,0,0,1,0,0,0,0,0,0,0,1,0,1,0,0,0,0,3,0,-1,-5,2017-2018,Regular Season,5,22/10/2017,real madrid - unicaja,99 - 85,Unicaja,37,http://www.acb.com/fichas/LACB62037.php,XGT
9,1,"Diaz, Alberto",18:23,0,0,2,0,0,2,0,0,0,0,1,1,0,3,0,1,0,0,0,0,1,1,-19,-1,2017-2018,Regular Season,5,22/10/2017,real madrid - unicaja,99 - 85,Unicaja,37,http://www.acb.com/fichas/LACB62037.php,SHG
10,0,"Salin, Sasu",18:18,4,0,0,0,1,6,17,1,2,50,2,2,0,0,1,0,0,0,0,0,1,2,-3,2,2017-2018,Regular Season,5,22/10/2017,real madrid - unicaja,99 - 85,Unicaja,37,http://www.acb.com/fichas/LACB62037.php,2IR
11,0,"Diez, Daniel",10:54,7,2,2,100,1,3,33,0,0,0,2,2,0,2,0,0,0,0,0,0,0,0,3,9,2017-2018,Regular Season,5,22/10/2017,real madrid - unicaja,99 - 85,Unicaja,37,http://www.acb.com/fichas/LACB62037.php,BLO
16,1,"Nedovic, Nemanja",21:42,10,2,4,50,2,5,40,0,0,0,0,0,0,4,0,1,1,0,0,0,1,2,-11,9,2017-2018,Regular Season,5,22/10/2017,real madrid - unicaja,99 - 85,Unicaja,37,http://www.acb.com/fichas/LACB62037.php,2FY
17,1,"Shermadini, Giorgi",19:38,9,3,6,50,0,0,0,3,4,75,5,3,2,1,0,2,0,3,0,1,2,5,-5,15,2017-2018,Regular Season,5,22/10/2017,real madrid - unicaja,99 - 85,Unicaja,37,http://www.acb.com/fichas/LACB62037.php,H18
21,1,"Waczynski, Adam",17:40,8,1,2,50,2,6,33,0,0,0,2,1,1,2,0,0,0,0,0,0,1,0,-16,6,2017-2018,Regular Season,5,22/10/2017,real madrid - unicaja,99 - 85,Unicaja,37,http://www.acb.com/fichas/LACB62037.php,1KW
23,1,"Brooks, Jeff",23:41,11,3,8,38,0,0,0,5,6,83,5,2,3,1,2,2,0,0,0,0,3,5,-16,13,2017-2018,Regular Season,5,22/10/2017,real madrid - unicaja,99 - 85,Unicaja,37,http://www.acb.com/fichas/LACB62037.php,505
40,0,"Augustine, James",15:47,6,3,6,50,0,0,0,0,0,0,3,1,2,1,1,1,0,1,0,0,3,0,-12,5,2017-2018,Regular Season,5,22/10/2017,real madrid - unicaja,99 - 85,Unicaja,37,http://www.acb.com/fichas/LACB62037.php,BGJ
43,0,"Suarez, Carlos",16:19,11,2,2,100,1,1,100,4,4,100,3,3,0,0,0,1,0,0,0,0,0,2,2,15,2017-2018,Regular Season,5,22/10/2017,real madrid - unicaja,99 - 85,Unicaja,37,http://www.acb.com/fichas/LACB62037.php,B79
0,0,Equipo,0,0,0,0,0,0,0,0,0,0,0,1,1,0,0,0,0,0,0,0,0,0,0,0,1,2017-2018,Regular Season,5,22/10/2017,real madrid - unicaja,99 - 85,0,37,http://www.acb.com/fichas/LACB62037.php,
3,0,"Vildoza, Luca",5:53,3,0,0,0,1,2,50,0,0,0,0,0,0,2,0,0,0,0,0,0,1,0,8,3,2017-2018,Regular Season,5,22/10/2017,baskonia - gipuzkoa basket,88 - 86,Baskonia,38,http://www.acb.com/fichas/LACB62038.php,53O
6,1,"Timma, Janis",20:40,13,2,4,50,3,7,43,0,0,0,3,1,2,3,2,1,0,0,0,0,5,0,-3,9,2017-2018,Regular Season,5,22/10/2017,baskonia - gipuzkoa basket,88 - 86,Baskonia,38,http://www.acb.com/fichas/LACB62038.php,536
7,0,"Voigtmann, J.",15:44,10,2,4,50,1,2,50,3,3,100,3,3,0,2,0,1,0,0,0,2,1,3,-7,13,2017-2018,Regular Season,5,22/10/2017,baskonia - gipuzkoa basket,88 - 86,Baskonia,38,http://www.acb.com/fichas/LACB62038.php,500
9,1,"Huertas, M.",20:53,2,1,1,100,0,6,0,0,0,0,2,2,0,4,2,0,1,0,0,0,2,1,12,3,2017-2018,Regular Season,5,22/10/2017,baskonia - gipuzkoa basket,88 - 86,Baskonia,38,http://www.acb.com/fichas/LACB62038.php,B72
10,1,"Beaubois, Rodrigue",24:49,19,3,4,75,3,5,60,4,4,100,3,3,0,1,1,2,1,0,0,0,2,2,-8,19,2017-2018,Regular Season,5,22/10/2017,baskonia - gipuzkoa basket,88 - 86,Baskonia,38,http://www.acb.com/fichas/LACB62038.php,50C
11,0,"Janning, Matt",10:44,0,0,0,0,0,3,0,0,0,0,1,1,0,0,0,0,0,0,0,0,1,0,3,-3,2017-2018,Regular Season,5,22/10/2017,baskonia - gipuzkoa basket,88 - 86,Baskonia,38,http://www.acb.com/fichas/LACB62038.php,55A
12,0,"Diop, Ilimane",17:38,6,1,1,100,0,1,0,4,4,100,2,2,0,2,0,2,0,1,0,0,3,2,2,7,2017-2018,Regular Season,5,22/10/2017,baskonia - gipuzkoa basket,88 - 86,Baskonia,38,http://www.acb.com/fichas/LACB62038.php,800
15,0,"Granger, Jayson",26:12,10,3,5,60,1,3,33,1,2,50,5,4,1,5,0,3,0,0,0,0,1,7,4,18,2017-2018,Regular Season,5,22/10/2017,baskonia - gipuzkoa basket,88 - 86,Baskonia,38,http://www.acb.com/fichas/LACB62038.php,Y6K
17,1,"Poirier, Vincent",6:24,0,0,0,0,0,0,0,0,0,0,0,0,0,0,0,0,0,0,0,0,0,0,-7,0,2017-2018,Regular Season,5,22/10/2017,baskonia - gipuzkoa basket,88 - 86,Baskonia,38,http://www.acb.com/fichas/LACB62038.php,539
0,0,"Martinez, Ivan",0,0,0,0,0,0,0,0,0,0,0,0,0,0,0,0,0,0,0,0,0,0,0,0,0,2017-2018,Regular Season,5,22/10/2017,baskonia - gipuzkoa basket,88 - 86,Baskonia,38,http://www.acb.com/fichas/LACB62038.php,0
23,1,"Shengelia, T.",36:36,23,8,9,89,0,3,0,7,9,78,6,4,2,2,1,1,3,1,0,1,3,10,9,33,2017-2018,Regular Season,5,22/10/2017,baskonia - gipuzkoa basket,88 - 86,Baskonia,38,http://www.acb.com/fichas/LACB62038.php,105
29,0,"Garino, Patricio",14:27,2,1,1,100,0,1,0,0,0,0,1,1,0,0,1,1,1,0,0,0,4,1,-3,-1,2017-2018,Regular Season,5,22/10/2017,baskonia - gipuzkoa basket,88 - 86,Baskonia,38,http://www.acb.com/fichas/LACB62038.php,54M
0,0,Equipo,0,0,0,0,0,0,0,0,0,0,0,2,1,1,0,0,0,0,0,0,0,0,0,0,2,2017-2018,Regular Season,5,22/10/2017,baskonia - gipuzkoa basket,88 - 86,0,38,http://www.acb.com/fichas/LACB62038.php,
1,0,"Agbelese, Danny",13:34,2,0,2,0,0,0,0,2,2,100,4,3,1,1,0,1,0,0,0,0,4,1,-2,1,2017-2018,Regular Season,5,22/10/2017,baskonia - gipuzkoa basket,88 - 86,Guipuzcoa,38,http://www.acb.com/fichas/LACB62038.php,D03
3,0,"Chery, Kenny",22:47,17,4,7,57,3,6,50,0,0,0,3,3,0,3,1,0,2,0,0,0,1,1,-7,18,2017-2018,Regular Season,5,22/10/2017,baskonia - gipuzkoa basket,88 - 86,Guipuzcoa,38,http://www.acb.com/fichas/LACB62038.php,51A
4,0,"Van Lacke, Fede",17:9,3,0,2,0,1,1,100,0,0,0,1,0,1,0,1,1,0,0,0,0,3,0,-15,-1,2017-2018,Regular Season,5,22/10/2017,baskonia - gipuzkoa basket,88 - 86,Guipuzcoa,38,http://www.acb.com/fichas/LACB62038.php,B3K
5,1,"Perez, Daniel",22:24,7,1,2,50,1,3,33,2,4,50,4,3,1,7,2,1,0,0,0,0,1,2,6,15,2017-2018,Regular Season,5,22/10/2017,baskonia - gipuzkoa basket,88 - 86,Guipuzcoa,38,http://www.acb.com/fichas/LACB62038.php,Y84
7,0,"Oroz, Xabi",4:51,0,0,0,0,0,0,0,0,0,0,0,0,0,1,0,1,0,0,0,0,0,0,-2,0,2017-2018,Regular Season,5,22/10/2017,baskonia - gipuzkoa basket,88 - 86,Guipuzcoa,38,http://www.acb.com/fichas/LACB62038.php,XDP
10,1,"Salvo, Miquel",20:20,5,1,2,50,1,3,33,0,0,0,3,0,3,1,1,2,0,0,0,0,4,3,6,4,2017-2018,Regular Season,5,22/10/2017,baskonia - gipuzkoa basket,88 - 86,Guipuzcoa,38,http://www.acb.com/fichas/LACB62038.php,545
11,0,"Pardina, Joan",2:17,3,0,0,0,1,1,100,0,0,0,0,0,0,0,0,0,0,0,0,0,0,0,12,3,2017-2018,Regular Season,5,22/10/2017,baskonia - gipuzkoa basket,88 - 86,Guipuzcoa,38,http://www.acb.com/fichas/LACB62038.php,782
15,0,"Beraza, Xabi",5:31,0,0,2,0,0,0,0,0,0,0,4,1,3,1,0,1,0,0,0,0,4,2,13,0,2017-2018,Regular Season,5,22/10/2017,baskonia - gipuzkoa basket,88 - 86,Guipuzcoa,38,http://www.acb.com/fichas/LACB62038.php,55B
0,0,"Fakuade, Michael",0,0,0,0,0,0,0,0,0,0,0,0,0,0,0,0,0,0,0,0,0,0,0,0,0,2017-2018,Regular Season,5,22/10/2017,baskonia - gipuzkoa basket,88 - 86,Guipuzcoa,38,http://www.acb.com/fichas/LACB62038.php,0
44,1,"Swing, Jordan",35:34,20,5,9,56,3,7,43,1,1,100,8,7,1,2,2,4,0,0,2,0,3,3,-1,18,2017-2018,Regular Season,5,22/10/2017,baskonia - gipuzkoa basket,88 - 86,Guipuzcoa,38,http://www.acb.com/fichas/LACB62038.php,D07
64,1,"Norel, Henk",31:12,21,5,9,56,0,0,0,11,13,85,4,1,3,1,0,2,1,0,0,0,3,9,-10,24,2017-2018,Regular Season,5,22/10/2017,baskonia - gipuzkoa basket,88 - 86,Guipuzcoa,38,http://www.acb.com/fichas/LACB62038.php,BA0
88,1,"Clark, Daniel",24:21,8,2,3,67,1,6,17,1,2,50,4,4,0,0,0,2,0,0,0,0,3,1,-10,1,2017-2018,Regular Season,5,22/10/2017,baskonia - gipuzkoa basket,88 - 86,Guipuzcoa,38,http://www.acb.com/fichas/LACB62038.php,BB8
0,0,Equipo,0,0,0,0,0,0,0,0,0,0,0,1,1,0,0,0,1,0,0,0,0,0,0,0,0,2017-2018,Regular Season,5,22/10/2017,baskonia - gipuzkoa basket,88 - 86,0,38,http://www.acb.com/fichas/LACB62038.php,
4,0,"Oliver, Albert",17:54,4,1,3,33,0,2,0,2,4,50,0,0,0,7,3,1,0,0,0,0,2,3,16,8,2017-2018,Regular Season,5,22/10/2017,herbalife gran canaria - divina seguros joventut,94 - 69,Gran_Canaria,39,http://www.acb.com/fichas/LACB62039.php,A56
8,0,"Eriksson, Marcus",24:46,23,4,6,67,4,5,80,3,3,100,5,5,0,0,2,0,0,0,0,2,2,3,21,28,2017-2018,Regular Season,5,22/10/2017,herbalife gran canaria - divina seguros joventut,94 - 69,Gran_Canaria,39,http://www.acb.com/fichas/LACB62039.php,118
9,1,"Mekel, Gal",22:6,7,2,7,29,0,0,0,3,4,75,1,0,1,3,0,2,0,0,1,0,1,3,9,4,2017-2018,Regular Season,5,22/10/2017,herbalife gran canaria - divina seguros joventut,94 - 69,Gran_Canaria,39,http://www.acb.com/fichas/LACB62039.php,53K
11,1,"Seeley, DJ",11:23,7,1,2,50,1,1,100,2,2,100,1,1,0,1,0,1,0,0,0,0,1,1,5,7,2017-2018,Regular Season,5,22/10/2017,herbalife gran canaria - divina seguros joventut,94 - 69,Gran_Canaria,39,http://www.acb.com/fichas/LACB62039.php,2IW
12,1,"Balvin, Ondrej",20:46,6,2,5,40,0,0,0,2,2,100,5,4,1,0,1,3,0,0,0,1,4,2,5,4,2017-2018,Regular Season,5,22/10/2017,herbalife gran canaria - divina seguros joventut,94 - 69,Gran_Canaria,39,http://www.acb.com/fichas/LACB62039.php,BLE
13,1,"Baez, Eulis",21:28,6,2,7,29,0,1,0,2,3,67,6,0,6,0,0,4,0,0,0,0,1,3,10,3,2017-2018,Regular Season,5,22/10/2017,herbalife gran canaria - divina seguros joventut,94 - 69,Gran_Canaria,39,http://www.acb.com/fichas/LACB62039.php,BIH
14,0,"Pasecniks, Anzejs",20:10,6,2,2,100,0,1,0,2,2,100,5,5,0,1,1,2,0,1,0,1,1,3,13,13,2017-2018,Regular Season,5,22/10/2017,herbalife gran canaria - divina seguros joventut,94 - 69,Gran_Canaria,39,http://www.acb.com/fichas/LACB62039.php,FQH
21,0,"Pauli, Oriol",15:45,10,4,5,80,0,0,0,2,5,40,1,1,0,3,1,1,0,1,0,0,2,3,13,12,2017-2018,Regular Season,5,22/10/2017,herbalife gran canaria - divina seguros joventut,94 - 69,Gran_Canaria,39,http://www.acb.com/fichas/LACB62039.php,SCE
22,1,"Rabaseda, Xavi",13:56,7,2,2,100,0,2,0,3,4,75,3,2,1,1,2,1,0,1,0,1,1,3,14,12,2017-2018,Regular Season,5,22/10/2017,herbalife gran canaria - divina seguros joventut,94 - 69,Gran_Canaria,39,http://www.acb.com/fichas/LACB62039.php,Y1F
27,0,"McKissic, S.",14:28,2,1,1,100,0,2,0,0,0,0,2,2,0,1,2,1,0,0,0,0,0,0,-3,4,2017-2018,Regular Season,5,22/10/2017,herbalife gran canaria - divina seguros joventut,94 - 69,Gran_Canaria,39,http://www.acb.com/fichas/LACB62039.php,53D
0,0,"Aguilar, Pablo",0,0,0,0,0,0,0,0,0,0,0,0,0,0,0,0,0,0,0,0,0,0,0,0,0,2017-2018,Regular Season,5,22/10/2017,herbalife gran canaria - divina seguros joventut,94 - 69,Gran_Canaria,39,http://www.acb.com/fichas/LACB62039.php,0
40,0,"Fischer, Luke",17:18,16,8,11,73,0,0,0,0,0,0,3,1,2,0,0,0,0,1,0,3,3,1,22,15,2017-2018,Regular Season,5,22/10/2017,herbalife gran canaria - divina seguros joventut,94 - 69,Gran_Canaria,39,http://www.acb.com/fichas/LACB62039.php,53I
0,0,Equipo,0,0,0,0,0,0,0,0,0,0,0,4,3,1,0,0,0,0,0,0,0,0,0,0,4,2017-2018,Regular Season,5,22/10/2017,herbalife gran canaria - divina seguros joventut,94 - 69,0,39,http://www.acb.com/fichas/LACB62039.php,
0,0,"Dimitrijevic, N.",14:51,2,1,3,33,0,1,0,0,2,0,0,0,0,2,0,2,0,0,1,0,1,1,-18,-4,2017-2018,Regular Season,5,22/10/2017,herbalife gran canaria - divina seguros joventut,94 - 69,Joventut,39,http://www.acb.com/fichas/LACB62039.php,2CP
2,0,"Birgander, Simon",17:20,10,5,5,100,0,0,0,0,0,0,1,1,0,1,1,0,0,0,0,0,1,0,-10,12,2017-2018,Regular Season,5,22/10/2017,herbalife gran canaria - divina seguros joventut,94 - 69,Joventut,39,http://www.acb.com/fichas/LACB62039.php,53J
6,0,"Lopez-Arostegui, X",11:18,2,0,0,0,0,0,0,2,2,100,1,1,0,0,0,1,0,0,0,0,1,1,-29,2,2017-2018,Regular Season,5,22/10/2017,herbalife gran canaria - divina seguros joventut,94 - 69,Joventut,39,http://www.acb.com/fichas/LACB62039.php,1BA
9,1,"Vidal, Sergi",28:7,14,1,4,25,4,6,67,0,0,0,2,2,0,3,0,2,0,0,1,0,3,3,-5,11,2017-2018,Regular Season,5,22/10/2017,herbalife gran canaria - divina seguros joventut,94 - 69,Joventut,39,http://www.acb.com/fichas/LACB62039.php,A4B
12,0,"Kulvietis, Saulius",15:56,2,1,1,100,0,2,0,0,0,0,4,2,2,1,1,4,0,0,0,0,4,1,-11,-1,2017-2018,Regular Season,5,22/10/2017,herbalife gran canaria - divina seguros joventut,94 - 69,Joventut,39,http://www.acb.com/fichas/LACB62039.php,53V
13,0,"Nogues, Jose I.",3:51,2,1,2,50,0,0,0,0,0,0,0,0,0,0,0,0,0,0,0,0,1,0,1,0,2017-2018,Regular Season,5,22/10/2017,herbalife gran canaria - divina seguros joventut,94 - 69,Joventut,39,http://www.acb.com/fichas/LACB62039.php,8C8
14,0,"Ventura, Albert",22:4,6,1,2,50,0,3,0,4,4,100,6,6,0,1,0,2,0,0,1,0,2,2,-11,6,2017-2018,Regular Season,5,22/10/2017,herbalife gran canaria - divina seguros joventut,94 - 69,Joventut,39,http://www.acb.com/fichas/LACB62039.php,718
21,1,"Gielo, Tomasz",20:13,10,1,2,50,2,5,40,2,2,100,1,1,0,0,1,0,0,0,0,0,3,2,-15,7,2017-2018,Regular Season,5,22/10/2017,herbalife gran canaria - divina seguros joventut,94 - 69,Joventut,39,http://www.acb.com/fichas/LACB62039.php,50Q
23,0,"Gudul, Omari",3:21,0,0,0,0,0,0,0,0,0,0,0,0,0,0,0,1,0,0,0,0,0,0,-11,-1,2017-2018,Regular Season,5,22/10/2017,herbalife gran canaria - divina seguros joventut,94 - 69,Joventut,39,http://www.acb.com/fichas/LACB62039.php,54B
30,1,"Mavra, Dominik",25:9,3,0,0,0,1,6,17,0,0,0,3,2,1,2,1,6,0,0,0,0,3,1,-7,-4,2017-2018,Regular Season,5,22/10/2017,herbalife gran canaria - divina seguros joventut,94 - 69,Joventut,39,http://www.acb.com/fichas/LACB62039.php,53T
35,1,"Richard, Patrick",18:43,7,2,3,67,1,1,100,0,0,0,1,1,0,1,3,3,0,0,0,0,3,0,-5,5,2017-2018,Regular Season,5,22/10/2017,herbalife gran canaria - divina seguros joventut,94 - 69,Joventut,39,http://www.acb.com/fichas/LACB62039.php,53U
44,1,"Jordan, Jerome",19:7,11,1,5,20,0,0,0,9,9,100,3,1,2,1,1,1,0,1,1,0,3,7,-4,15,2017-2018,Regular Season,5,22/10/2017,herbalife gran canaria - divina seguros joventut,94 - 69,Joventut,39,http://www.acb.com/fichas/LACB62039.php,D10
0,0,Equipo,0,0,0,0,0,0,0,0,0,0,0,1,0,1,0,0,1,0,0,0,0,0,0,0,0,2017-2018,Regular Season,5,22/10/2017,herbalife gran canaria - divina seguros joventut,94 - 69,0,39,http://www.acb.com/fichas/LACB62039.php,
3,0,"Sabat, Albert",21:26,13,2,3,67,3,4,75,0,0,0,1,1,0,4,0,3,0,0,0,0,2,0,7,11,2017-2018,Regular Season,5,21/10/2017,monbus obradoiro - san pablo burgos,94 - 69,Obradoiro,40,http://www.acb.com/fichas/LACB62040.php,B2J
7,1,"Simons, Benjamin",14:5,7,2,2,100,1,3,33,0,0,0,3,1,2,1,0,0,0,0,0,0,3,0,14,6,2017-2018,Regular Season,5,21/10/2017,monbus obradoiro - san pablo burgos,94 - 69,Obradoiro,40,http://www.acb.com/fichas/LACB62040.php,548
0,0,"Bachynski, Jordan",0,0,0,0,0,0,0,0,0,0,0,0,0,0,0,0,0,0,0,0,0,0,0,0,0,2017-2018,Regular Season,5,21/10/2017,monbus obradoiro - san pablo burgos,94 - 69,Obradoiro,40,http://www.acb.com/fichas/LACB62040.php,0
9,0,"Llovet, Nacho",17:26,2,1,1,100,0,0,0,0,0,0,7,7,0,1,0,0,0,1,0,0,3,2,20,10,2017-2018,Regular Season,5,21/10/2017,monbus obradoiro - san pablo burgos,94 - 69,Obradoiro,40,http://www.acb.com/fichas/LACB62040.php,Y7O
11,0,"Radovic, Nemanja",20:5,16,5,8,63,1,2,50,3,4,75,8,5,3,0,0,0,1,0,2,0,1,2,0,18,2017-2018,Regular Season,5,21/10/2017,monbus obradoiro - san pablo burgos,94 - 69,Obradoiro,40,http://www.acb.com/fichas/LACB62040.php,H52
13,1,"Pustovyi, Artem",28:24,12,3,4,75,0,1,0,6,6,100,11,9,2,0,0,6,0,5,0,2,3,3,16,20,2017-2018,Regular Season,5,21/10/2017,monbus obradoiro - san pablo burgos,94 - 69,Obradoiro,40,http://www.acb.com/fichas/LACB62040.php,FO1
0,0,"Gomez, Rodrigo",0,0,0,0,0,0,0,0,0,0,0,0,0,0,0,0,0,0,0,0,0,0,0,0,0,2017-2018,Regular Season,5,21/10/2017,monbus obradoiro - san pablo burgos,94 - 69,Obradoiro,40,http://www.acb.com/fichas/LACB62040.php,0
20,0,"Navarro, David",16:2,9,4,6,67,0,1,0,1,3,33,1,1,0,2,1,0,0,0,1,0,1,2,1,8,2017-2018,Regular Season,5,21/10/2017,monbus obradoiro - san pablo burgos,94 - 69,Obradoiro,40,http://www.acb.com/fichas/LACB62040.php,B8L
21,1,"Thomas, Matt",22:42,20,5,5,100,3,4,75,1,1,100,2,1,1,0,0,0,0,0,0,0,1,4,22,24,2017-2018,Regular Season,5,21/10/2017,monbus obradoiro - san pablo burgos,94 - 69,Obradoiro,40,http://www.acb.com/fichas/LACB62040.php,53S
22,1,"Bendzius, Eimantas",21:9,8,1,2,50,2,5,40,0,0,0,1,1,0,0,1,1,0,0,0,0,1,1,25,5,2017-2018,Regular Season,5,21/10/2017,monbus obradoiro - san pablo burgos,94 - 69,Obradoiro,40,http://www.acb.com/fichas/LACB62040.php,FO0
33,0,"Corbacho, A.",4:0,0,0,0,0,0,3,0,0,0,0,0,0,0,2,0,0,0,0,0,0,0,0,-1,-1,2017-2018,Regular Season,5,21/10/2017,monbus obradoiro - san pablo burgos,94 - 69,Obradoiro,40,http://www.acb.com/fichas/LACB62040.php,B5E
44,1,"Pozas, Pepe",18:34,2,0,0,0,0,1,0,2,2,100,1,1,0,6,2,0,0,0,0,0,3,2,18,9,2017-2018,Regular Season,5,21/10/2017,monbus obradoiro - san pablo burgos,94 - 69,Obradoiro,40,http://www.acb.com/fichas/LACB62040.php,750
54,0,"Laksa, Martins",16:7,5,1,2,50,1,3,33,0,0,0,0,0,0,0,0,0,0,0,0,0,5,4,3,1,2017-2018,Regular Season,5,21/10/2017,monbus obradoiro - san pablo burgos,94 - 69,Obradoiro,40,http://www.acb.com/fichas/LACB62040.php,53A
0,0,Equipo,0,0,0,0,0,0,0,0,0,0,0,4,4,0,0,0,1,0,0,0,0,0,0,0,3,2017-2018,Regular Season,5,21/10/2017,monbus obradoiro - san pablo burgos,94 - 69,0,40,http://www.acb.com/fichas/LACB62040.php,
0,1,"Fisher, Corey",23:26,7,1,5,20,1,4,25,2,4,50,3,1,2,2,1,1,0,0,1,0,3,4,-15,3,2017-2018,Regular Season,5,21/10/2017,monbus obradoiro - san pablo burgos,94 - 69,Burgos,40,http://www.acb.com/fichas/LACB62040.php,244
5,0,"Schreiner, Thomas",16:32,2,1,1,100,0,2,0,0,0,0,0,0,0,3,0,1,0,0,0,0,1,0,-10,1,2017-2018,Regular Season,5,21/10/2017,monbus obradoiro - san pablo burgos,94 - 69,Burgos,40,http://www.acb.com/fichas/LACB62040.php,2A3
8,0,"Sedekerskis, Tadas",3:3,0,0,0,0,0,0,0,0,0,0,0,0,0,0,0,0,0,0,0,0,0,0,-14,0,2017-2018,Regular Season,5,21/10/2017,monbus obradoiro - san pablo burgos,94 - 69,Burgos,40,http://www.acb.com/fichas/LACB62040.php,1BG
9,0,"Barrera, Alex",16:25,1,0,3,0,0,4,0,1,2,50,3,3,0,0,0,1,0,0,1,0,4,1,-15,-9,2017-2018,Regular Season,5,21/10/2017,monbus obradoiro - san pablo burgos,94 - 69,Burgos,40,http://www.acb.com/fichas/LACB62040.php,717
10,1,"Vega, Javier",33:31,13,1,1,100,3,7,43,2,2,100,5,2,3,1,0,4,0,0,0,1,1,2,-21,12,2017-2018,Regular Season,5,21/10/2017,monbus obradoiro - san pablo burgos,94 - 69,Burgos,40,http://www.acb.com/fichas/LACB62040.php,BA6
11,0,"Saiz, Sebas",4:0,0,0,0,0,0,0,0,0,0,0,0,0,0,0,0,1,0,0,0,0,1,0,1,-2,2017-2018,Regular Season,5,21/10/2017,monbus obradoiro - san pablo burgos,94 - 69,Burgos,40,http://www.acb.com/fichas/LACB62040.php,SDS
13,1,"Gailius, Deividas",20:59,8,1,5,20,0,2,0,6,8,75,1,1,0,0,1,1,0,0,0,0,0,8,-16,9,2017-2018,Regular Season,5,21/10/2017,monbus obradoiro - san pablo burgos,94 - 69,Burgos,40,http://www.acb.com/fichas/LACB62040.php,549
15,0,"Martinez, Edu",16:0,9,0,0,0,3,6,50,0,0,0,5,2,3,0,0,0,0,0,0,0,2,1,5,10,2017-2018,Regular Season,5,21/10/2017,monbus obradoiro - san pablo burgos,94 - 69,Burgos,40,http://www.acb.com/fichas/LACB62040.php,Y7W
0,0,"Dos Anjos, Felipe",0,0,0,0,0,0,0,0,0,0,0,0,0,0,0,0,0,0,0,0,0,0,0,0,0,2017-2018,Regular Season,5,21/10/2017,monbus obradoiro - san pablo burgos,94 - 69,Burgos,40,http://www.acb.com/fichas/LACB62040.php,0
21,1,"Thompson, Deon",31:15,16,5,10,50,2,2,100,0,0,0,9,5,4,2,1,1,0,3,2,1,3,3,-12,23,2017-2018,Regular Season,5,21/10/2017,monbus obradoiro - san pablo burgos,94 - 69,Burgos,40,http://www.acb.com/fichas/LACB62040.php,54C
23,0,"Huskic, Goran",11:14,2,1,4,25,0,0,0,0,0,0,2,2,0,1,0,1,0,0,1,1,3,0,-18,-3,2017-2018,Regular Season,5,21/10/2017,monbus obradoiro - san pablo burgos,94 - 69,Burgos,40,http://www.acb.com/fichas/LACB62040.php,H05
25,1,"Lopez, Alex",23:35,11,1,4,25,2,7,29,3,4,75,2,1,1,1,1,0,0,0,0,0,2,4,-10,8,2017-2018,Regular Season,5,21/10/2017,monbus obradoiro - san pablo burgos,94 - 69,Burgos,40,http://www.acb.com/fichas/LACB62040.php,YBF
0,0,Equipo,0,0,0,0,0,0,0,0,0,0,0,3,0,3,0,0,0,0,0,0,0,0,0,0,3,2017-2018,Regular Season,5,21/10/2017,monbus obradoiro - san pablo burgos,94 - 69,0,40,http://www.acb.com/fichas/LACB62040.php,
0,0,"Soko, Ovie",12:48,2,1,2,50,0,0,0,0,0,0,2,1,1,0,1,0,0,0,0,0,4,0,-2,0,2017-2018,Regular Season,5,22/10/2017,ucam murcia - valencia basket,91 - 93,Murcia,41,http://www.acb.com/fichas/LACB62041.php,50S
3,1,"Urtasun, Alex",26:35,17,4,9,44,1,3,33,6,6,100,1,1,0,1,2,2,1,0,0,0,2,5,13,15,2017-2018,Regular Season,5,22/10/2017,ucam murcia - valencia basket,91 - 93,Murcia,41,http://www.acb.com/fichas/LACB62041.php,BA3
8,0,"Benite, Vitor",26:7,29,7,9,78,4,7,57,3,3,100,2,2,0,1,1,0,1,0,0,0,1,2,-3,29,2017-2018,Regular Season,5,22/10/2017,ucam murcia - valencia basket,91 - 93,Murcia,41,http://www.acb.com/fichas/LACB62041.php,FOX
9,1,"Kloof, Charlon",22:25,12,3,8,38,1,3,33,3,6,50,2,1,1,2,1,2,0,0,0,1,3,4,-8,6,2017-2018,Regular Season,5,22/10/2017,ucam murcia - valencia basket,91 - 93,Murcia,41,http://www.acb.com/fichas/LACB62041.php,53N
0,0,"Martinez, Emilio",0,0,0,0,0,0,0,0,0,0,0,0,0,0,0,0,0,0,0,0,0,0,0,0,0,2017-2018,Regular Season,5,22/10/2017,ucam murcia - valencia basket,91 - 93,Murcia,41,http://www.acb.com/fichas/LACB62041.php,0
11,0,"Hannah, Clevin",17:42,8,0,0,0,2,5,40,2,2,100,2,1,1,5,0,2,0,0,0,0,3,1,6,8,2017-2018,Regular Season,5,22/10/2017,ucam murcia - valencia basket,91 - 93,Murcia,41,http://www.acb.com/fichas/LACB62041.php,1LQ
0,0,"Oleson, Brad",0,0,0,0,0,0,0,0,0,0,0,0,0,0,0,0,0,0,0,0,0,0,0,0,0,2017-2018,Regular Season,5,22/10/2017,ucam murcia - valencia basket,91 - 93,Murcia,41,http://www.acb.com/fichas/LACB62041.php,0
0,0,"Olaizola, Julen",0,0,0,0,0,0,0,0,0,0,0,0,0,0,0,0,0,0,0,0,0,0,0,0,0,2017-2018,Regular Season,5,22/10/2017,ucam murcia - valencia basket,91 - 93,Murcia,41,http://www.acb.com/fichas/LACB62041.php,0
16,1,"Delia, Marcos",32:22,10,4,6,67,0,0,0,2,2,100,5,4,1,0,0,0,0,1,0,0,1,1,-2,14,2017-2018,Regular Season,5,22/10/2017,ucam murcia - valencia basket,91 - 93,Murcia,41,http://www.acb.com/fichas/LACB62041.php,512
24,1,"Tumba, Kevin",20:52,4,2,3,67,0,0,0,0,2,0,6,3,3,0,0,1,0,1,0,1,5,2,-2,4,2017-2018,Regular Season,5,22/10/2017,ucam murcia - valencia basket,91 - 93,Murcia,41,http://www.acb.com/fichas/LACB62041.php,52W
27,1,"Rojas, Sadiel",17:32,0,0,0,0,0,1,0,0,0,0,0,0,0,0,1,2,0,0,0,0,4,4,-14,-2,2017-2018,Regular Season,5,22/10/2017,ucam murcia - valencia basket,91 - 93,Murcia,41,http://www.acb.com/fichas/LACB62041.php,1L3
33,0,"Lukovic, Marko",23:37,9,1,4,25,1,4,25,4,7,57,2,2,0,1,0,0,0,0,2,0,1,4,2,4,2017-2018,Regular Season,5,22/10/2017,ucam murcia - valencia basket,91 - 93,Murcia,41,http://www.acb.com/fichas/LACB62041.php,53R
0,0,Equipo,0,0,0,0,0,0,0,0,0,0,0,4,0,4,0,0,0,0,0,0,0,0,0,0,4,2017-2018,Regular Season,5,22/10/2017,ucam murcia - valencia basket,91 - 93,0,41,http://www.acb.com/fichas/LACB62041.php,
0,1,"Thomas, Will",22:42,7,2,3,67,1,1,100,0,0,0,2,1,1,0,1,0,0,1,0,1,3,0,-9,7,2017-2018,Regular Season,5,22/10/2017,ucam murcia - valencia basket,91 - 93,Valencia,41,http://www.acb.com/fichas/LACB62041.php,1L5
6,0,"Abalde, Alberto",22:53,7,2,3,67,0,1,0,3,3,100,4,3,1,1,0,0,0,0,0,0,3,4,22,11,2017-2018,Regular Season,5,22/10/2017,ucam murcia - valencia basket,91 - 93,Valencia,41,http://www.acb.com/fichas/LACB62041.php,8C4
9,1,"Van Rossom, Sam",20:32,10,1,2,50,2,3,67,2,2,100,0,0,0,3,0,3,0,0,0,0,1,3,-10,10,2017-2018,Regular Season,5,22/10/2017,ucam murcia - valencia basket,91 - 93,Valencia,41,http://www.acb.com/fichas/LACB62041.php,BK4
12,0,"Llompart, Pedro",1:38,0,0,0,0,0,0,0,0,0,0,0,0,0,0,0,1,0,0,0,0,0,0,0,-1,2017-2018,Regular Season,5,22/10/2017,ucam murcia - valencia basket,91 - 93,Valencia,41,http://www.acb.com/fichas/LACB62041.php,B4R
14,1,"Dubljevic, Bojan",19:59,17,4,6,67,1,2,50,6,6,100,7,4,3,1,0,3,0,0,1,0,1,5,-4,22,2017-2018,Regular Season,5,22/10/2017,ucam murcia - valencia basket,91 - 93,Valencia,41,http://www.acb.com/fichas/LACB62041.php,217
16,0,"Vives, Guillem",17:50,13,1,2,50,3,4,75,2,5,40,3,3,0,3,1,2,0,0,1,0,2,3,12,13,2017-2018,Regular Season,5,22/10/2017,ucam murcia - valencia basket,91 - 93,Valencia,41,http://www.acb.com/fichas/LACB62041.php,BLP
17,0,"Martinez, Rafa",22:43,17,1,2,50,3,4,75,6,6,100,0,0,0,1,0,1,0,0,0,0,1,3,15,17,2017-2018,Regular Season,5,22/10/2017,ucam murcia - valencia basket,91 - 93,Valencia,41,http://www.acb.com/fichas/LACB62041.php,A3W
21,0,"Pleiss, Tibor",20:22,14,6,10,60,0,0,0,2,4,50,9,7,2,0,0,2,0,1,0,3,3,2,7,15,2017-2018,Regular Season,5,22/10/2017,ucam murcia - valencia basket,91 - 93,Valencia,41,http://www.acb.com/fichas/LACB62041.php,219
30,1,"Sastre, Joan",14:20,2,1,2,50,0,1,0,0,0,0,0,0,0,2,0,3,0,0,0,0,2,3,-9,0,2017-2018,Regular Season,5,22/10/2017,ucam murcia - valencia basket,91 - 93,Valencia,41,http://www.acb.com/fichas/LACB62041.php,Y9O
32,1,"Green, Erick",17:2,6,3,5,60,0,1,0,0,0,0,1,1,0,3,1,1,0,0,0,0,4,1,-21,4,2017-2018,Regular Season,5,22/10/2017,ucam murcia - valencia basket,91 - 93,Valencia,41,http://www.acb.com/fichas/LACB62041.php,53P
42,0,"Doornekamp, A.",19:59,0,0,0,0,0,1,0,0,0,0,0,0,0,0,1,1,0,0,0,0,3,0,7,-4,2017-2018,Regular Season,5,22/10/2017,ucam murcia - valencia basket,91 - 93,Valencia,41,http://www.acb.com/fichas/LACB62041.php,501
0,0,"Hlinason, T.",0,0,0,0,0,0,0,0,0,0,0,0,0,0,0,0,0,0,0,0,0,0,0,0,0,2017-2018,Regular Season,5,22/10/2017,ucam murcia - valencia basket,91 - 93,Valencia,41,http://www.acb.com/fichas/LACB62041.php,0
0,0,Equipo,0,0,0,0,0,0,0,0,0,0,0,2,1,1,0,0,1,0,0,0,0,0,0,0,1,2017-2018,Regular Season,5,22/10/2017,ucam murcia - valencia basket,91 - 93,0,41,http://www.acb.com/fichas/LACB62041.php,
4,1,"Cvetkovic, A.",26:18,13,5,6,83,1,4,25,0,0,0,1,0,1,2,2,0,2,0,0,0,1,3,4,16,2017-2018,Regular Season,5,22/10/2017,movistar estudiantes - fc barcelona lassa,80 - 70,Estudiantes,42,http://www.acb.com/fichas/LACB62042.php,50G
6,0,"Hakanson, Ludde",14:43,3,0,0,0,1,3,33,0,0,0,0,0,0,0,0,1,0,0,0,0,1,0,-2,-1,2017-2018,Regular Season,5,22/10/2017,movistar estudiantes - fc barcelona lassa,80 - 70,Estudiantes,42,http://www.acb.com/fichas/LACB62042.php,UAE
8,0,"Brizuela, Dario",13:47,6,3,4,75,0,2,0,0,1,0,1,1,0,2,1,1,1,0,0,1,2,3,6,6,2017-2018,Regular Season,5,22/10/2017,movistar estudiantes - fc barcelona lassa,80 - 70,Estudiantes,42,http://www.acb.com/fichas/LACB62042.php,81E
9,0,"Vicedo, Edgar",15:21,7,2,4,50,1,3,33,0,0,0,1,0,1,0,0,0,0,0,1,0,0,0,-5,3,2017-2018,Regular Season,5,22/10/2017,movistar estudiantes - fc barcelona lassa,80 - 70,Estudiantes,42,http://www.acb.com/fichas/LACB62042.php,SDT
10,1,"Cook, Omar",25:22,0,0,0,0,0,5,0,0,0,0,3,3,0,6,1,1,0,0,0,0,0,1,12,5,2017-2018,Regular Season,5,22/10/2017,movistar estudiantes - fc barcelona lassa,80 - 70,Estudiantes,42,http://www.acb.com/fichas/LACB62042.php,BFP
0,0,"Pena, Dagoberto",0,0,0,0,0,0,0,0,0,0,0,0,0,0,0,0,0,0,0,0,0,0,0,0,0,2017-2018,Regular Season,5,22/10/2017,movistar estudiantes - fc barcelona lassa,80 - 70,Estudiantes,42,http://www.acb.com/fichas/LACB62042.php,0
12,0,"Suton, Goran",25:36,4,1,3,33,0,3,0,2,3,67,7,5,2,0,2,0,0,1,0,0,1,2,20,9,2017-2018,Regular Season,5,22/10/2017,movistar estudiantes - fc barcelona lassa,80 - 70,Estudiantes,42,http://www.acb.com/fichas/LACB62042.php,1LM
15,1,"Landesberg, Sylven",24:39,27,10,14,71,1,3,33,4,7,57,3,3,0,2,1,1,1,0,0,1,2,5,15,26,2017-2018,Regular Season,5,22/10/2017,movistar estudiantes - fc barcelona lassa,80 - 70,Estudiantes,42,http://www.acb.com/fichas/LACB62042.php,541
17,0,"Savane, Sitapha",2:44,0,0,1,0,0,0,0,0,0,0,0,0,0,0,0,0,0,0,0,0,0,0,-4,-1,2017-2018,Regular Season,5,22/10/2017,movistar estudiantes - fc barcelona lassa,80 - 70,Estudiantes,42,http://www.acb.com/fichas/LACB62042.php,B3M
21,1,"Brown, Alec",22:55,10,2,2,100,2,6,33,0,0,0,7,6,1,2,0,0,0,1,0,2,4,1,6,13,2017-2018,Regular Season,5,22/10/2017,movistar estudiantes - fc barcelona lassa,80 - 70,Estudiantes,42,http://www.acb.com/fichas/LACB62042.php,FO4
22,1,"Caner-Medley,N.",11:59,0,0,1,0,0,1,0,0,0,0,5,4,1,0,0,2,0,0,0,0,1,1,-6,1,2017-2018,Regular Season,5,22/10/2017,movistar estudiantes - fc barcelona lassa,80 - 70,Estudiantes,42,http://www.acb.com/fichas/LACB62042.php,BF4
38,0,"Arteaga, Victor",16:36,10,5,10,50,0,0,0,0,0,0,8,6,2,0,1,0,0,2,0,1,3,0,4,13,2017-2018,Regular Season,5,22/10/2017,movistar estudiantes - fc barcelona lassa,80 - 70,Estudiantes,42,http://www.acb.com/fichas/LACB62042.php,768
0,0,Equipo,0,0,0,0,0,0,0,0,0,0,0,4,1,3,0,0,0,0,0,0,0,0,0,0,4,2017-2018,Regular Season,5,22/10/2017,movistar estudiantes - fc barcelona lassa,80 - 70,0,42,http://www.acb.com/fichas/LACB62042.php,
1,0,"Seraphin, Kevin",5:5,2,1,4,25,0,0,0,0,0,0,2,0,2,0,0,0,0,0,1,0,0,0,-3,0,2017-2018,Regular Season,5,22/10/2017,movistar estudiantes - fc barcelona lassa,80 - 70,FC_Barcelona,42,http://www.acb.com/fichas/LACB62042.php,164
5,0,"Ribas, Pau",22:50,5,1,1,100,1,4,25,0,0,0,5,4,1,4,0,3,0,0,0,0,2,0,-5,6,2017-2018,Regular Season,5,22/10/2017,movistar estudiantes - fc barcelona lassa,80 - 70,FC_Barcelona,42,http://www.acb.com/fichas/LACB62042.php,AF1
0,0,"Garcia, Marc",0,0,0,0,0,0,0,0,0,0,0,0,0,0,0,0,0,0,0,0,0,0,0,0,0,2017-2018,Regular Season,5,22/10/2017,movistar estudiantes - fc barcelona lassa,80 - 70,FC_Barcelona,42,http://www.acb.com/fichas/LACB62042.php,0
8,1,"Pressey, Phil",16:39,4,0,2,0,1,2,50,1,2,50,2,2,0,2,0,1,0,0,0,0,0,3,0,6,2017-2018,Regular Season,5,22/10/2017,movistar estudiantes - fc barcelona lassa,80 - 70,FC_Barcelona,42,http://www.acb.com/fichas/LACB62042.php,53X
9,1,"Hanga, Adam",21:57,1,0,1,0,0,5,0,1,2,50,2,1,1,1,0,0,0,0,0,0,3,2,-13,-4,2017-2018,Regular Season,5,22/10/2017,movistar estudiantes - fc barcelona lassa,80 - 70,FC_Barcelona,42,http://www.acb.com/fichas/LACB62042.php,125
11,0,"Navarro, J.C.",19:5,3,0,3,0,1,3,33,0,0,0,3,2,1,1,0,0,0,0,0,0,0,0,1,2,2017-2018,Regular Season,5,22/10/2017,movistar estudiantes - fc barcelona lassa,80 - 70,FC_Barcelona,42,http://www.acb.com/fichas/LACB62042.php,A62
13,0,"Heurtel, Thomas",22:19,17,4,6,67,3,4,75,0,0,0,3,2,1,6,1,5,0,0,0,0,4,1,-8,16,2017-2018,Regular Season,5,22/10/2017,movistar estudiantes - fc barcelona lassa,80 - 70,FC_Barcelona,42,http://www.acb.com/fichas/LACB62042.php,BJP
14,0,"Vezenkov, A.",16:6,8,4,7,57,0,1,0,0,0,0,0,0,0,0,0,1,1,0,1,0,1,1,7,2,2017-2018,Regular Season,5,22/10/2017,movistar estudiantes - fc barcelona lassa,80 - 70,FC_Barcelona,42,http://www.acb.com/fichas/LACB62042.php,FOS
18,0,"Oriola, Pierre",20:33,10,3,7,43,0,2,0,4,7,57,5,1,4,2,0,0,0,0,0,1,1,4,-8,11,2017-2018,Regular Season,5,22/10/2017,movistar estudiantes - fc barcelona lassa,80 - 70,FC_Barcelona,42,http://www.acb.com/fichas/LACB62042.php,BIQ
25,1,"Koponen, Petteri",17:10,4,2,4,50,0,0,0,0,0,0,6,5,1,2,0,0,0,0,0,0,0,0,-5,10,2017-2018,Regular Season,5,22/10/2017,movistar estudiantes - fc barcelona lassa,80 - 70,FC_Barcelona,42,http://www.acb.com/fichas/LACB62042.php,517
44,1,"Tomic, Ante",18:1,9,3,7,43,0,0,0,3,3,100,6,2,4,0,0,2,0,1,1,0,2,4,-4,11,2017-2018,Regular Season,5,22/10/2017,movistar estudiantes - fc barcelona lassa,80 - 70,FC_Barcelona,42,http://www.acb.com/fichas/LACB62042.php,BIY
45,1,"Moerman, Adrien",20:15,7,2,6,33,1,5,20,0,0,0,8,6,2,0,1,0,0,0,1,0,3,0,-12,4,2017-2018,Regular Season,5,22/10/2017,movistar estudiantes - fc barcelona lassa,80 - 70,FC_Barcelona,42,http://www.acb.com/fichas/LACB62042.php,216
0,0,Equipo,0,0,0,0,0,0,0,0,0,0,0,4,3,1,0,0,1,0,0,0,0,0,0,0,3,2017-2018,Regular Season,5,22/10/2017,movistar estudiantes - fc barcelona lassa,80 - 70,0,42,http://www.acb.com/fichas/LACB62042.php,
0,0,"Triguero, J.",0,0,0,0,0,0,0,0,0,0,0,0,0,0,0,0,0,0,0,0,0,0,0,0,0,2017-2018,Regular Season,5,22/10/2017,tecnyconta zaragoza - morabanc andorra,95 - 78,Zaragoza,43,http://www.acb.com/fichas/LACB62043.php,0
7,1,"Barreiro, J.",12:18,6,3,4,75,0,1,0,0,0,0,2,0,2,0,0,0,1,0,0,0,3,1,3,4,2017-2018,Regular Season,5,22/10/2017,tecnyconta zaragoza - morabanc andorra,95 - 78,Zaragoza,43,http://www.acb.com/fichas/LACB62043.php,XEU
9,1,"Dragovic, Nikola",23:53,12,1,2,50,3,3,100,1,2,50,7,6,1,0,1,2,0,0,0,0,5,2,20,13,2017-2018,Regular Season,5,22/10/2017,tecnyconta zaragoza - morabanc andorra,95 - 78,Zaragoza,43,http://www.acb.com/fichas/LACB62043.php,542
10,0,"Garcia, Sergi",24:37,11,2,6,33,2,3,67,1,2,50,5,3,2,3,1,2,1,0,0,0,3,3,14,12,2017-2018,Regular Season,5,22/10/2017,tecnyconta zaragoza - morabanc andorra,95 - 78,Zaragoza,43,http://www.acb.com/fichas/LACB62043.php,276
11,1,"Bellas, Tomas",15:42,3,1,2,50,0,2,0,1,1,100,1,1,0,3,1,3,0,0,0,0,2,1,6,1,2017-2018,Regular Season,5,22/10/2017,tecnyconta zaragoza - morabanc andorra,95 - 78,Zaragoza,43,http://www.acb.com/fichas/LACB62043.php,YEF
13,1,"Neal, Gary",28:37,11,3,8,38,0,4,0,5,5,100,7,7,0,6,1,1,2,0,0,0,1,4,16,18,2017-2018,Regular Season,5,22/10/2017,tecnyconta zaragoza - morabanc andorra,95 - 78,Zaragoza,43,http://www.acb.com/fichas/LACB62043.php,BFB
0,0,"Mazalin, Lovro",0,0,0,0,0,0,0,0,0,0,0,0,0,0,0,0,0,0,0,0,0,0,0,0,0,2017-2018,Regular Season,5,22/10/2017,tecnyconta zaragoza - morabanc andorra,95 - 78,Zaragoza,43,http://www.acb.com/fichas/LACB62043.php,0
24,0,"Michalak, Michal",14:13,6,1,3,33,1,2,50,1,1,100,3,3,0,2,0,0,0,0,0,0,0,2,-2,10,2017-2018,Regular Season,5,22/10/2017,tecnyconta zaragoza - morabanc andorra,95 - 78,Zaragoza,43,http://www.acb.com/fichas/LACB62043.php,53M
27,0,"De Jong, Nicolas",16:17,14,5,7,71,0,0,0,4,6,67,2,1,1,2,0,1,0,2,0,0,4,5,18,16,2017-2018,Regular Season,5,22/10/2017,tecnyconta zaragoza - morabanc andorra,95 - 78,Zaragoza,43,http://www.acb.com/fichas/LACB62043.php,54I
32,1,"Varnado, Jarvis",23:24,11,5,8,63,0,0,0,1,3,33,10,7,3,0,0,3,0,2,0,1,3,5,-4,17,2017-2018,Regular Season,5,22/10/2017,tecnyconta zaragoza - morabanc andorra,95 - 78,Zaragoza,43,http://www.acb.com/fichas/LACB62043.php,544
33,0,"Suarez, Alex",16:7,3,0,0,0,1,2,50,0,0,0,2,2,0,0,0,0,0,0,0,0,2,0,-3,2,2017-2018,Regular Season,5,22/10/2017,tecnyconta zaragoza - morabanc andorra,95 - 78,Zaragoza,43,http://www.acb.com/fichas/LACB62043.php,BLI
45,0,"Blums, Janis",24:52,18,3,6,50,3,5,60,3,3,100,2,2,0,1,1,4,2,0,1,0,4,2,17,10,2017-2018,Regular Season,5,22/10/2017,tecnyconta zaragoza - morabanc andorra,95 - 78,Zaragoza,43,http://www.acb.com/fichas/LACB62043.php,BG3
0,0,Equipo,0,0,0,0,0,0,0,0,0,0,0,5,3,2,0,0,0,0,0,0,0,0,0,0,5,2017-2018,Regular Season,5,22/10/2017,tecnyconta zaragoza - morabanc andorra,95 - 78,0,43,http://www.acb.com/fichas/LACB62043.php,
3,0,"Fernandez, Jaime",19:16,7,1,5,20,1,4,25,2,4,50,1,1,0,3,3,3,0,0,1,0,2,4,-2,3,2017-2018,Regular Season,5,22/10/2017,tecnyconta zaragoza - morabanc andorra,95 - 78,Andorra,43,http://www.acb.com/fichas/LACB62043.php,117
11,1,"Blazic, Jaka",30:8,20,4,8,50,2,4,50,6,9,67,7,7,0,4,2,3,0,0,1,1,3,6,-4,23,2017-2018,Regular Season,5,22/10/2017,tecnyconta zaragoza - morabanc andorra,95 - 78,Andorra,43,http://www.acb.com/fichas/LACB62043.php,FQF
12,0,"Jankovic, Vladimir",21:10,9,0,2,0,2,4,50,3,4,75,2,2,0,2,0,2,0,0,0,0,5,3,1,4,2017-2018,Regular Season,5,22/10/2017,tecnyconta zaragoza - morabanc andorra,95 - 78,Andorra,43,http://www.acb.com/fichas/LACB62043.php,50M
14,0,"Stevic, Oliver",18:11,7,3,6,50,0,0,0,1,4,25,4,3,1,0,1,1,0,0,2,0,3,4,2,4,2017-2018,Regular Season,5,22/10/2017,tecnyconta zaragoza - morabanc andorra,95 - 78,Andorra,43,http://www.acb.com/fichas/LACB62043.php,170
15,0,"Karnowski, Przemek",7:19,2,1,2,50,0,0,0,0,0,0,0,0,0,1,0,1,0,0,0,0,4,1,-9,-2,2017-2018,Regular Season,5,22/10/2017,tecnyconta zaragoza - morabanc andorra,95 - 78,Andorra,43,http://www.acb.com/fichas/LACB62043.php,53Y
16,1,"Albicy, Andrew",8:7,2,0,2,0,0,1,0,2,2,100,1,1,0,1,0,0,0,0,0,0,0,1,-3,2,2017-2018,Regular Season,5,22/10/2017,tecnyconta zaragoza - morabanc andorra,95 - 78,Andorra,43,http://www.acb.com/fichas/LACB62043.php,502
21,1,"Diagne, Moussa",15:30,5,1,2,50,0,0,0,3,4,75,3,0,3,0,1,0,0,0,0,0,0,4,-12,11,2017-2018,Regular Season,5,22/10/2017,tecnyconta zaragoza - morabanc andorra,95 - 78,Andorra,43,http://www.acb.com/fichas/LACB62043.php,17T
22,1,"Shurna, John",26:15,2,0,2,0,0,1,0,2,3,67,2,2,0,0,1,1,0,0,0,0,3,2,-16,-1,2017-2018,Regular Season,5,22/10/2017,tecnyconta zaragoza - morabanc andorra,95 - 78,Andorra,43,http://www.acb.com/fichas/LACB62043.php,H36
23,1,"Walker, David",20:59,6,0,0,0,2,3,67,0,2,0,3,3,0,2,0,0,0,0,0,0,2,1,-16,7,2017-2018,Regular Season,5,22/10/2017,tecnyconta zaragoza - morabanc andorra,95 - 78,Andorra,43,http://www.acb.com/fichas/LACB62043.php,513
24,0,"Colom, Guillem",7:35,3,0,0,0,1,2,50,0,0,0,0,0,0,0,0,0,0,0,0,0,1,0,-11,1,2017-2018,Regular Season,5,22/10/2017,tecnyconta zaragoza - morabanc andorra,95 - 78,Andorra,43,http://www.acb.com/fichas/LACB62043.php,2A5
25,0,"Jelinek, David",25:30,15,3,7,43,3,5,60,0,0,0,2,2,0,3,0,0,1,1,0,0,2,1,-15,14,2017-2018,Regular Season,5,22/10/2017,tecnyconta zaragoza - morabanc andorra,95 - 78,Andorra,43,http://www.acb.com/fichas/LACB62043.php,Y8C
0,0,Equipo,0,0,0,0,0,0,0,0,0,0,0,2,1,1,0,0,0,0,0,0,0,0,0,0,2,2017-2018,Regular Season,5,22/10/2017,tecnyconta zaragoza - morabanc andorra,95 - 78,0,43,http://www.acb.com/fichas/LACB62043.php,
0,1,"San Miguel, R.",29:27,9,0,2,0,2,4,50,3,4,75,3,1,2,2,0,1,0,0,1,0,2,4,9,9,2017-2018,Regular Season,5,21/10/2017,iberostar tenerife - retabet bilbao basket,83 - 69,Tenerife,44,http://www.acb.com/fichas/LACB62044.php,B86
5,1,"Richotti, Nicolas",23:10,14,2,5,40,3,10,30,1,1,100,2,2,0,1,2,1,0,0,0,0,3,1,5,6,2017-2018,Regular Season,5,21/10/2017,iberostar tenerife - retabet bilbao basket,83 - 69,Tenerife,44,http://www.acb.com/fichas/LACB62044.php,T78
7,0,"Niang, Mamadou",14:6,4,2,3,67,0,0,0,0,0,0,7,3,4,0,0,3,0,2,1,1,2,1,15,7,2017-2018,Regular Season,5,21/10/2017,iberostar tenerife - retabet bilbao basket,83 - 69,Tenerife,44,http://www.acb.com/fichas/LACB62044.php,SHU
10,0,"Bassas, Ferran",18:13,11,1,1,100,2,3,67,3,4,75,4,4,0,2,0,1,0,0,0,0,0,3,14,17,2017-2018,Regular Season,5,21/10/2017,iberostar tenerife - retabet bilbao basket,83 - 69,Tenerife,44,http://www.acb.com/fichas/LACB62044.php,714
13,0,"Tobey, Mike",7:15,2,1,1,100,0,1,0,0,0,0,3,2,1,1,0,1,0,0,0,0,3,0,-7,1,2017-2018,Regular Season,5,21/10/2017,iberostar tenerife - retabet bilbao basket,83 - 69,Tenerife,44,http://www.acb.com/fichas/LACB62044.php,530
17,1,"Vazquez, Fran",16:50,6,3,5,60,0,0,0,0,0,0,4,2,2,0,1,0,1,1,0,1,2,2,8,10,2017-2018,Regular Season,5,21/10/2017,iberostar tenerife - retabet bilbao basket,83 - 69,Tenerife,44,http://www.acb.com/fichas/LACB62044.php,A9S
20,1,"Ponitka, Mateusz",25:5,16,5,7,71,0,4,0,6,6,100,8,5,3,0,1,3,1,0,0,0,0,6,4,22,2017-2018,Regular Season,5,21/10/2017,iberostar tenerife - retabet bilbao basket,83 - 69,Tenerife,44,http://www.acb.com/fichas/LACB62044.php,53W
21,1,"Abromaitis, Tim",26:3,11,2,3,67,2,4,50,1,1,100,4,3,1,0,2,2,0,1,0,2,3,1,6,11,2017-2018,Regular Season,5,21/10/2017,iberostar tenerife - retabet bilbao basket,83 - 69,Tenerife,44,http://www.acb.com/fichas/LACB62044.php,FOI
24,0,"Vrabac, Adin",3:30,0,0,0,0,0,0,0,0,0,0,0,0,0,1,0,0,0,0,0,0,1,0,4,0,2017-2018,Regular Season,5,21/10/2017,iberostar tenerife - retabet bilbao basket,83 - 69,Tenerife,44,http://www.acb.com/fichas/LACB62044.php,546
25,0,"Allen, Rosco",15:46,1,0,5,0,0,1,0,1,2,50,5,4,1,0,1,0,0,0,0,0,4,2,6,-2,2017-2018,Regular Season,5,21/10/2017,iberostar tenerife - retabet bilbao basket,83 - 69,Tenerife,44,http://www.acb.com/fichas/LACB62044.php,50I
33,0,"Beiran, Javier",20:35,9,3,7,43,1,2,50,0,0,0,4,3,1,2,0,2,0,0,2,0,2,2,6,6,2017-2018,Regular Season,5,21/10/2017,iberostar tenerife - retabet bilbao basket,83 - 69,Tenerife,44,http://www.acb.com/fichas/LACB62044.php,BB2
0,0,"White, Davin",0,0,0,0,0,0,0,0,0,0,0,0,0,0,0,0,0,0,0,0,0,0,0,0,0,2017-2018,Regular Season,5,21/10/2017,iberostar tenerife - retabet bilbao basket,83 - 69,Tenerife,44,http://www.acb.com/fichas/LACB62044.php,0
0,0,Equipo,0,0,0,0,0,0,0,0,0,0,0,6,2,4,0,0,0,0,0,0,0,0,0,0,6,2017-2018,Regular Season,5,21/10/2017,iberostar tenerife - retabet bilbao basket,83 - 69,0,44,http://www.acb.com/fichas/LACB62044.php,
5,0,"Fischer, Ricardo",13:49,3,0,1,0,0,1,0,3,4,75,3,2,1,1,0,0,0,0,1,0,2,3,-10,4,2017-2018,Regular Season,5,21/10/2017,iberostar tenerife - retabet bilbao basket,83 - 69,Bilbao,44,http://www.acb.com/fichas/LACB62044.php,53G
9,1,"Tabu, Jonathan",25:57,16,3,6,50,3,3,100,1,3,33,2,0,2,2,2,3,0,1,0,0,3,4,-1,16,2017-2018,Regular Season,5,21/10/2017,iberostar tenerife - retabet bilbao basket,83 - 69,Bilbao,44,http://www.acb.com/fichas/LACB62044.php,H09
11,0,"Hammink, Shane",15:1,7,3,4,75,0,1,0,1,2,50,1,1,0,0,1,2,2,0,0,0,2,2,-6,4,2017-2018,Regular Season,5,21/10/2017,iberostar tenerife - retabet bilbao basket,83 - 69,Bilbao,44,http://www.acb.com/fichas/LACB62044.php,53H
12,0,"Redivo, Lucio",17:11,2,0,2,0,0,2,0,2,2,100,2,2,0,0,0,1,0,0,0,0,2,1,-10,-2,2017-2018,Regular Season,5,21/10/2017,iberostar tenerife - retabet bilbao basket,83 - 69,Bilbao,44,http://www.acb.com/fichas/LACB62044.php,538
0,0,"Salgado, Javier",0,0,0,0,0,0,0,0,0,0,0,0,0,0,0,0,0,0,0,0,0,0,0,0,0,2017-2018,Regular Season,5,21/10/2017,iberostar tenerife - retabet bilbao basket,83 - 69,Bilbao,44,http://www.acb.com/fichas/LACB62044.php,0
15,0,"Mumbru, Alex",32:19,16,3,3,100,2,6,33,4,6,67,4,3,1,5,1,1,3,1,0,0,1,4,-4,23,2017-2018,Regular Season,5,21/10/2017,iberostar tenerife - retabet bilbao basket,83 - 69,Bilbao,44,http://www.acb.com/fichas/LACB62044.php,A46
17,1,"Hervelle, Axel",26:55,2,0,1,0,0,5,0,2,2,100,6,5,1,2,1,1,0,0,0,0,2,2,-13,4,2017-2018,Regular Season,5,21/10/2017,iberostar tenerife - retabet bilbao basket,83 - 69,Bilbao,44,http://www.acb.com/fichas/LACB62044.php,B6Q
18,1,"Kempton, Tim",0:35,0,0,0,0,0,0,0,0,0,0,0,0,0,0,0,0,0,0,0,0,0,0,0,0,2017-2018,Regular Season,5,21/10/2017,iberostar tenerife - retabet bilbao basket,83 - 69,Bilbao,44,http://www.acb.com/fichas/LACB62044.php,53B
19,0,"Tomas, Pere",26:2,16,5,8,63,2,6,33,0,1,0,6,2,4,0,0,0,1,0,1,0,4,1,-8,10,2017-2018,Regular Season,5,21/10/2017,iberostar tenerife - retabet bilbao basket,83 - 69,Bilbao,44,http://www.acb.com/fichas/LACB62044.php,Y3V
20,1,"Todorovic, Dejan",21:11,4,1,4,25,0,4,0,2,2,100,2,1,1,1,2,2,0,0,2,0,5,2,-4,-5,2017-2018,Regular Season,5,21/10/2017,iberostar tenerife - retabet bilbao basket,83 - 69,Bilbao,44,http://www.acb.com/fichas/LACB62044.php,10D
0,0,"Vucetic, Vasilije",0,0,0,0,0,0,0,0,0,0,0,0,0,0,0,0,0,0,0,0,0,0,0,0,0,2017-2018,Regular Season,5,21/10/2017,iberostar tenerife - retabet bilbao basket,83 - 69,Bilbao,44,http://www.acb.com/fichas/LACB62044.php,0
32,1,"Gladness, Mickell",21:0,3,1,2,50,0,0,0,1,6,17,3,3,0,0,1,1,0,2,0,0,1,3,-14,4,2017-2018,Regular Season,5,21/10/2017,iberostar tenerife - retabet bilbao basket,83 - 69,Bilbao,44,http://www.acb.com/fichas/LACB62044.php,55D
0,0,Equipo,0,0,0,0,0,0,0,0,0,0,0,1,0,1,0,0,0,0,0,0,0,0,0,0,1,2017-2018,Regular Season,5,21/10/2017,iberostar tenerife - retabet bilbao basket,83 - 69,0,44,http://www.acb.com/fichas/LACB62044.php,
1,1,"Anosike, Oderah",29:5,9,4,6,67,0,0,0,1,2,50,4,3,1,0,0,0,2,0,1,0,1,3,-4,11,2017-2018,Regular Season,5,22/10/2017,real betis energia plus - montakit fuenlabrada,70 - 73,Sevilla,45,http://www.acb.com/fichas/LACB62045.php,FPY
5,0,"Sanchez, A.",7:32,0,0,0,0,0,2,0,0,1,0,0,0,0,0,0,0,0,0,0,0,1,0,-3,-4,2017-2018,Regular Season,5,22/10/2017,real betis energia plus - montakit fuenlabrada,70 - 73,Sevilla,45,http://www.acb.com/fichas/LACB62045.php,B44
6,1,"Nelson, Luke",14:52,3,0,3,0,1,1,100,0,0,0,0,0,0,0,0,0,0,0,1,0,4,1,-16,-4,2017-2018,Regular Season,5,22/10/2017,real betis energia plus - montakit fuenlabrada,70 - 73,Sevilla,45,http://www.acb.com/fichas/LACB62045.php,547
0,0,"McGrath, Donnie",0,0,0,0,0,0,0,0,0,0,0,0,0,0,0,0,0,0,0,0,0,0,0,0,0,2017-2018,Regular Season,5,22/10/2017,real betis energia plus - montakit fuenlabrada,70 - 73,Sevilla,45,http://www.acb.com/fichas/LACB62045.php,0
8,0,"Cruz, Ivan",0:17,0,0,0,0,0,0,0,0,0,0,0,0,0,0,0,0,0,0,0,0,0,0,-5,0,2017-2018,Regular Season,5,22/10/2017,real betis energia plus - montakit fuenlabrada,70 - 73,Sevilla,45,http://www.acb.com/fichas/LACB62045.php,BLL
11,0,"Uriz, Mikel",9:21,2,0,1,0,0,0,0,2,2,100,2,2,0,2,1,1,0,0,0,0,0,1,-3,6,2017-2018,Regular Season,5,22/10/2017,real betis energia plus - montakit fuenlabrada,70 - 73,Sevilla,45,http://www.acb.com/fichas/LACB62045.php,742
15,0,"Schilb, Blake",21:17,13,4,5,80,1,2,50,2,2,100,3,2,1,0,0,1,1,0,0,0,2,1,12,12,2017-2018,Regular Season,5,22/10/2017,real betis energia plus - montakit fuenlabrada,70 - 73,Sevilla,45,http://www.acb.com/fichas/LACB62045.php,565
16,1,"Boungou-Colo, N.",33:46,17,4,10,40,0,3,0,9,9,100,3,0,3,2,3,2,1,1,0,2,3,7,3,19,2017-2018,Regular Season,5,22/10/2017,real betis energia plus - montakit fuenlabrada,70 - 73,Sevilla,45,http://www.acb.com/fichas/LACB62045.php,54E
21,0,"Blanco, Saul",17:35,1,0,1,0,0,1,0,1,2,50,1,0,1,2,0,0,0,0,0,0,2,1,-4,0,2017-2018,Regular Season,5,22/10/2017,real betis energia plus - montakit fuenlabrada,70 - 73,Sevilla,45,http://www.acb.com/fichas/LACB62045.php,B8T
30,1,"Franch, Josep",23:57,4,2,7,29,0,2,0,0,0,0,3,3,0,6,2,0,1,0,0,0,2,1,1,7,2017-2018,Regular Season,5,22/10/2017,real betis energia plus - montakit fuenlabrada,70 - 73,Sevilla,45,http://www.acb.com/fichas/LACB62045.php,Y79
32,0,"Golubovic, V.",11:35,6,2,6,33,0,0,0,2,2,100,2,1,1,0,1,0,0,0,0,1,1,1,4,5,2017-2018,Regular Season,5,22/10/2017,real betis energia plus - montakit fuenlabrada,70 - 73,Sevilla,45,http://www.acb.com/fichas/LACB62045.php,004
34,1,"Kelly, Ryan",30:43,15,6,9,67,0,1,0,3,3,100,7,6,1,2,0,1,1,2,0,0,3,3,-2,21,2017-2018,Regular Season,5,22/10/2017,real betis energia plus - montakit fuenlabrada,70 - 73,Sevilla,45,http://www.acb.com/fichas/LACB62045.php,54V
0,0,Equipo,0,0,0,0,0,0,0,0,0,0,0,4,3,1,0,0,0,0,0,0,0,0,0,0,4,2017-2018,Regular Season,5,22/10/2017,real betis energia plus - montakit fuenlabrada,70 - 73,0,45,http://www.acb.com/fichas/LACB62045.php,
0,0,"Olaseni, Gabriel",10:37,2,1,3,33,0,0,0,0,0,0,1,1,0,2,0,1,0,1,1,0,1,0,0,1,2017-2018,Regular Season,5,22/10/2017,real betis energia plus - montakit fuenlabrada,70 - 73,Fuenlabrada,45,http://www.acb.com/fichas/LACB62045.php,54F
2,1,"Popovic, Marko",20:34,7,1,2,50,1,6,17,2,2,100,5,4,1,2,1,3,0,0,0,0,3,2,-1,5,2017-2018,Regular Season,5,22/10/2017,real betis energia plus - montakit fuenlabrada,70 - 73,Fuenlabrada,45,http://www.acb.com/fichas/LACB62045.php,B4P
4,1,"O'Leary, Ian",30:0,13,3,5,60,1,2,50,4,4,100,3,2,1,0,1,1,1,0,1,1,2,3,11,13,2017-2018,Regular Season,5,22/10/2017,real betis energia plus - montakit fuenlabrada,70 - 73,Fuenlabrada,45,http://www.acb.com/fichas/LACB62045.php,258
5,0,"Rupnik, Luka",11:52,0,0,0,0,0,3,0,0,0,0,0,0,0,3,0,0,0,0,0,0,1,1,-10,0,2017-2018,Regular Season,5,22/10/2017,real betis energia plus - montakit fuenlabrada,70 - 73,Fuenlabrada,45,http://www.acb.com/fichas/LACB62045.php,52N
8,0,"Llorca, Alex",18:8,3,1,1,100,0,1,0,1,1,100,4,4,0,1,0,1,0,0,0,0,1,1,7,6,2017-2018,Regular Season,5,22/10/2017,real betis energia plus - montakit fuenlabrada,70 - 73,Fuenlabrada,45,http://www.acb.com/fichas/LACB62045.php,BFV
9,1,"Sekulic, Blagota",25:17,10,4,6,67,0,1,0,2,2,100,6,4,2,0,0,1,0,0,1,0,4,3,1,10,2017-2018,Regular Season,5,22/10/2017,real betis energia plus - montakit fuenlabrada,70 - 73,Fuenlabrada,45,http://www.acb.com/fichas/LACB62045.php,BD8
11,0,"Cruz, Francisco",26:23,15,6,10,60,1,3,33,0,0,0,9,3,6,1,0,2,0,0,0,0,0,2,0,19,2017-2018,Regular Season,5,22/10/2017,real betis energia plus - montakit fuenlabrada,70 - 73,Fuenlabrada,45,http://www.acb.com/fichas/LACB62045.php,516
13,0,"Smits, Rolands",17:4,10,2,4,50,2,4,50,0,0,0,4,2,2,0,1,1,0,1,0,0,2,2,-8,11,2017-2018,Regular Season,5,22/10/2017,real betis energia plus - montakit fuenlabrada,70 - 73,Fuenlabrada,45,http://www.acb.com/fichas/LACB62045.php,862
0,0,"Gonzalez, Jose M.",0,0,0,0,0,0,0,0,0,0,0,0,0,0,0,0,0,0,0,0,0,0,0,0,0,2017-2018,Regular Season,5,22/10/2017,real betis energia plus - montakit fuenlabrada,70 - 73,Fuenlabrada,45,http://www.acb.com/fichas/LACB62045.php,0
16,1,"Vargas, Gregory",25:55,7,1,1,100,1,3,33,2,4,50,4,4,0,4,1,2,0,0,0,0,4,2,19,8,2017-2018,Regular Season,5,22/10/2017,real betis energia plus - montakit fuenlabrada,70 - 73,Fuenlabrada,45,http://www.acb.com/fichas/LACB62045.php,53Q
0,0,"Llorente, Sergio",0,0,0,0,0,0,0,0,0,0,0,0,0,0,0,0,0,0,0,0,0,0,0,0,0,2017-2018,Regular Season,5,22/10/2017,real betis energia plus - montakit fuenlabrada,70 - 73,Fuenlabrada,45,http://www.acb.com/fichas/LACB62045.php,0
31,1,"Eyenga, C.",14:10,6,0,0,0,1,3,33,3,5,60,2,1,1,1,1,2,0,0,0,0,2,3,-4,5,2017-2018,Regular Season,5,22/10/2017,real betis energia plus - montakit fuenlabrada,70 - 73,Fuenlabrada,45,http://www.acb.com/fichas/LACB62045.php,Y8D
0,0,Equipo,0,0,0,0,0,0,0,0,0,0,0,3,2,1,0,0,2,0,0,0,0,0,0,0,1,2017-2018,Regular Season,5,22/10/2017,real betis energia plus - montakit fuenlabrada,70 - 73,0,45,http://www.acb.com/fichas/LACB62045.php,
0,1,"Thomas, Will",29:7,10,3,5,60,1,2,50,1,3,33,3,3,0,1,2,0,1,0,0,0,2,2,4,11,2017-2018,Regular Season,6,29/10/2017,valencia basket - herbalife gran canaria,89 - 83,Valencia,46,http://www.acb.com/fichas/LACB62046.php,1L5
0,0,"Puerto, Josep",0,0,0,0,0,0,0,0,0,0,0,0,0,0,0,0,0,0,0,0,0,0,0,0,0,2017-2018,Regular Season,6,29/10/2017,valencia basket - herbalife gran canaria,89 - 83,Valencia,46,http://www.acb.com/fichas/LACB62046.php,0
6,0,"Abalde, Alberto",28:5,12,3,5,60,2,4,50,0,0,0,4,1,3,5,1,2,2,0,0,1,0,2,7,18,2017-2018,Regular Season,6,29/10/2017,valencia basket - herbalife gran canaria,89 - 83,Valencia,46,http://www.acb.com/fichas/LACB62046.php,8C4
9,1,"Van Rossom, Sam",20:47,7,1,2,50,1,4,25,2,2,100,5,5,0,4,0,4,0,0,0,0,3,2,1,7,2017-2018,Regular Season,6,29/10/2017,valencia basket - herbalife gran canaria,89 - 83,Valencia,46,http://www.acb.com/fichas/LACB62046.php,BK4
0,0,"Rudez, Damjan",0,0,0,0,0,0,0,0,0,0,0,0,0,0,0,0,0,0,0,0,0,0,0,0,0,2017-2018,Regular Season,6,29/10/2017,valencia basket - herbalife gran canaria,89 - 83,Valencia,46,http://www.acb.com/fichas/LACB62046.php,0
14,1,"Dubljevic, Bojan",21:48,8,2,4,50,1,2,50,1,4,25,13,7,6,2,2,2,0,0,0,0,2,4,-6,19,2017-2018,Regular Season,6,29/10/2017,valencia basket - herbalife gran canaria,89 - 83,Valencia,46,http://www.acb.com/fichas/LACB62046.php,217
16,0,"Vives, Guillem",20:18,10,1,1,100,2,5,40,2,2,100,2,2,0,6,0,2,0,0,1,0,1,1,6,12,2017-2018,Regular Season,6,29/10/2017,valencia basket - herbalife gran canaria,89 - 83,Valencia,46,http://www.acb.com/fichas/LACB62046.php,BLP
17,0,"Martinez, Rafa",16:21,5,1,1,100,0,2,0,3,3,100,0,0,0,0,2,0,0,0,0,0,3,2,-6,4,2017-2018,Regular Season,6,29/10/2017,valencia basket - herbalife gran canaria,89 - 83,Valencia,46,http://www.acb.com/fichas/LACB62046.php,A3W
21,0,"Pleiss, Tibor",18:2,8,4,7,57,0,0,0,0,0,0,3,3,0,0,1,1,0,1,0,2,4,1,12,6,2017-2018,Regular Season,6,29/10/2017,valencia basket - herbalife gran canaria,89 - 83,Valencia,46,http://www.acb.com/fichas/LACB62046.php,219
32,1,"Green, Erick",27:41,20,5,8,63,2,3,67,4,6,67,2,2,0,1,0,3,0,0,1,0,1,7,11,19,2017-2018,Regular Season,6,29/10/2017,valencia basket - herbalife gran canaria,89 - 83,Valencia,46,http://www.acb.com/fichas/LACB62046.php,53P
42,1,"Doornekamp, A.",17:51,9,3,4,75,1,2,50,0,0,0,3,1,2,1,0,0,0,0,0,0,4,2,1,9,2017-2018,Regular Season,6,29/10/2017,valencia basket - herbalife gran canaria,89 - 83,Valencia,46,http://www.acb.com/fichas/LACB62046.php,501
0,0,"Hlinason, T.",0,0,0,0,0,0,0,0,0,0,0,0,0,0,0,0,0,0,0,0,0,0,0,0,0,2017-2018,Regular Season,6,29/10/2017,valencia basket - herbalife gran canaria,89 - 83,Valencia,46,http://www.acb.com/fichas/LACB62046.php,0
0,0,Equipo,0,0,0,0,0,0,0,0,0,0,0,1,1,0,0,0,1,0,0,0,0,0,0,0,0,2017-2018,Regular Season,6,29/10/2017,valencia basket - herbalife gran canaria,89 - 83,0,46,http://www.acb.com/fichas/LACB62046.php,
4,1,"Oliver, Albert",21:1,3,0,3,0,1,2,50,0,0,0,1,1,0,3,0,0,0,0,1,0,0,3,-7,5,2017-2018,Regular Season,6,29/10/2017,valencia basket - herbalife gran canaria,89 - 83,Gran_Canaria,46,http://www.acb.com/fichas/LACB62046.php,A56
8,1,"Eriksson, Marcus",25:1,7,2,6,33,1,4,25,0,0,0,3,2,1,0,0,0,0,0,0,0,1,1,-4,3,2017-2018,Regular Season,6,29/10/2017,valencia basket - herbalife gran canaria,89 - 83,Gran_Canaria,46,http://www.acb.com/fichas/LACB62046.php,118
9,0,"Mekel, Gal",18:59,15,5,7,71,1,4,25,2,2,100,0,0,0,3,1,2,1,0,0,0,2,2,1,12,2017-2018,Regular Season,6,29/10/2017,valencia basket - herbalife gran canaria,89 - 83,Gran_Canaria,46,http://www.acb.com/fichas/LACB62046.php,53K
11,0,"Seeley, DJ",22:24,11,2,5,40,1,1,100,4,5,80,3,2,1,4,3,2,2,0,0,0,3,5,9,17,2017-2018,Regular Season,6,29/10/2017,valencia basket - herbalife gran canaria,89 - 83,Gran_Canaria,46,http://www.acb.com/fichas/LACB62046.php,2IW
12,1,"Balvin, Ondrej",23:11,8,4,7,57,0,0,0,0,0,0,2,1,1,1,1,0,0,1,0,2,5,2,-5,7,2017-2018,Regular Season,6,29/10/2017,valencia basket - herbalife gran canaria,89 - 83,Gran_Canaria,46,http://www.acb.com/fichas/LACB62046.php,BLE
13,1,"Baez, Eulis",25:15,14,2,3,67,1,1,100,7,7,100,6,6,0,2,1,2,1,0,0,1,3,3,2,20,2017-2018,Regular Season,6,29/10/2017,valencia basket - herbalife gran canaria,89 - 83,Gran_Canaria,46,http://www.acb.com/fichas/LACB62046.php,BIH
14,0,"Pasecniks, Anzejs",13:44,6,1,1,100,0,0,0,4,6,67,2,1,1,0,1,0,0,0,0,0,2,4,0,9,2017-2018,Regular Season,6,29/10/2017,valencia basket - herbalife gran canaria,89 - 83,Gran_Canaria,46,http://www.acb.com/fichas/LACB62046.php,FQH
21,0,"Pauli, Oriol",15:3,4,2,4,50,0,0,0,0,0,0,3,1,2,1,0,1,0,0,0,0,3,0,-3,2,2017-2018,Regular Season,6,29/10/2017,valencia basket - herbalife gran canaria,89 - 83,Gran_Canaria,46,http://www.acb.com/fichas/LACB62046.php,SCE
22,0,"Rabaseda, Xavi",3:56,0,0,1,0,0,0,0,0,0,0,1,0,1,0,0,0,0,0,0,0,0,0,-9,0,2017-2018,Regular Season,6,29/10/2017,valencia basket - herbalife gran canaria,89 - 83,Gran_Canaria,46,http://www.acb.com/fichas/LACB62046.php,Y1F
27,1,"McKissic, S.",13:45,8,1,3,33,2,3,67,0,0,0,0,0,0,1,0,0,0,1,0,0,2,0,-5,5,2017-2018,Regular Season,6,29/10/2017,valencia basket - herbalife gran canaria,89 - 83,Gran_Canaria,46,http://www.acb.com/fichas/LACB62046.php,53D
34,0,"Aguilar, Pablo",14:45,7,2,3,67,1,4,25,0,0,0,1,1,0,1,1,1,1,0,0,1,2,0,-8,3,2017-2018,Regular Season,6,29/10/2017,valencia basket - herbalife gran canaria,89 - 83,Gran_Canaria,46,http://www.acb.com/fichas/LACB62046.php,Y49
40,0,"Fischer, Luke",2:56,0,0,1,0,0,0,0,0,0,0,0,0,0,0,0,0,0,0,0,0,0,0,-1,-1,2017-2018,Regular Season,6,29/10/2017,valencia basket - herbalife gran canaria,89 - 83,Gran_Canaria,46,http://www.acb.com/fichas/LACB62046.php,53I
0,0,Equipo,0,0,0,0,0,0,0,0,0,0,0,3,1,2,0,0,0,0,0,0,0,2,0,0,1,2017-2018,Regular Season,6,29/10/2017,valencia basket - herbalife gran canaria,89 - 83,0,46,http://www.acb.com/fichas/LACB62046.php,
3,0,"Vildoza, Luca",3:24,0,0,1,0,0,1,0,0,0,0,1,0,1,1,0,0,0,0,0,0,0,0,7,0,2017-2018,Regular Season,6,29/10/2017,baskonia - tecnyconta zaragoza,73 - 78,Baskonia,47,http://www.acb.com/fichas/LACB62047.php,53O
6,0,"Timma, Janis",26:5,7,2,3,67,1,5,20,0,0,0,4,0,4,1,1,0,1,1,0,1,4,0,6,5,2017-2018,Regular Season,6,29/10/2017,baskonia - tecnyconta zaragoza,73 - 78,Baskonia,47,http://www.acb.com/fichas/LACB62047.php,536
7,1,"Voigtmann, J.",23:31,9,2,3,67,1,2,50,2,2,100,5,5,0,1,1,0,0,0,0,1,3,3,-1,14,2017-2018,Regular Season,6,29/10/2017,baskonia - tecnyconta zaragoza,73 - 78,Baskonia,47,http://www.acb.com/fichas/LACB62047.php,500
9,1,"Huertas, M.",22:32,4,2,4,50,0,3,0,0,0,0,2,1,1,7,0,0,0,0,0,0,2,1,2,7,2017-2018,Regular Season,6,29/10/2017,baskonia - tecnyconta zaragoza,73 - 78,Baskonia,47,http://www.acb.com/fichas/LACB62047.php,B72
10,1,"Beaubois, Rodrigue",25:36,12,3,4,75,2,8,25,0,0,0,6,5,1,2,0,0,1,1,0,0,0,2,-10,16,2017-2018,Regular Season,6,29/10/2017,baskonia - tecnyconta zaragoza,73 - 78,Baskonia,47,http://www.acb.com/fichas/LACB62047.php,50C
12,0,"Diop, Ilimane",12:33,2,1,3,33,0,0,0,0,0,0,3,3,0,0,0,2,0,0,0,1,2,0,-3,-1,2017-2018,Regular Season,6,29/10/2017,baskonia - tecnyconta zaragoza,73 - 78,Baskonia,47,http://www.acb.com/fichas/LACB62047.php,800
15,0,"Granger, Jayson",30:32,11,2,6,33,1,4,25,4,6,67,2,2,0,4,2,2,2,0,1,0,4,6,-12,9,2017-2018,Regular Season,6,29/10/2017,baskonia - tecnyconta zaragoza,73 - 78,Baskonia,47,http://www.acb.com/fichas/LACB62047.php,Y6K
0,0,"Poirier, Vincent",0,0,0,0,0,0,0,0,0,0,0,0,0,0,0,0,0,0,0,0,0,0,0,0,0,2017-2018,Regular Season,6,29/10/2017,baskonia - tecnyconta zaragoza,73 - 78,Baskonia,47,http://www.acb.com/fichas/LACB62047.php,0
0,0,"Martinez, Ivan",0,0,0,0,0,0,0,0,0,0,0,0,0,0,0,0,0,0,0,0,0,0,0,0,0,2017-2018,Regular Season,6,29/10/2017,baskonia - tecnyconta zaragoza,73 - 78,Baskonia,47,http://www.acb.com/fichas/LACB62047.php,0
23,1,"Shengelia, T.",28:26,21,7,11,64,0,2,0,7,10,70,10,5,5,0,2,4,1,0,0,0,3,8,-15,25,2017-2018,Regular Season,6,29/10/2017,baskonia - tecnyconta zaragoza,73 - 78,Baskonia,47,http://www.acb.com/fichas/LACB62047.php,105
29,0,"Garino, Patricio",9:45,2,1,2,50,0,1,0,0,0,0,0,0,0,0,0,1,0,0,0,0,2,0,3,-3,2017-2018,Regular Season,6,29/10/2017,baskonia - tecnyconta zaragoza,73 - 78,Baskonia,47,http://www.acb.com/fichas/LACB62047.php,54M
52,1,"McRae, Jordan",17:36,5,1,3,33,1,5,20,0,0,0,3,3,0,2,2,1,0,1,1,0,1,1,-2,5,2017-2018,Regular Season,6,29/10/2017,baskonia - tecnyconta zaragoza,73 - 78,Baskonia,47,http://www.acb.com/fichas/LACB62047.php,54D
0,0,Equipo,0,0,0,0,0,0,0,0,0,0,0,4,2,2,0,0,2,0,0,0,0,0,0,0,2,2017-2018,Regular Season,6,29/10/2017,baskonia - tecnyconta zaragoza,73 - 78,0,47,http://www.acb.com/fichas/LACB62047.php,
0,0,"Triguero, J.",0,0,0,0,0,0,0,0,0,0,0,0,0,0,0,0,0,0,0,0,0,0,0,0,0,2017-2018,Regular Season,6,29/10/2017,baskonia - tecnyconta zaragoza,73 - 78,Zaragoza,47,http://www.acb.com/fichas/LACB62047.php,0
7,1,"Barreiro, J.",18:29,6,0,0,0,2,5,40,0,0,0,4,4,0,1,1,0,0,1,0,0,0,1,15,11,2017-2018,Regular Season,6,29/10/2017,baskonia - tecnyconta zaragoza,73 - 78,Zaragoza,47,http://www.acb.com/fichas/LACB62047.php,XEU
9,1,"Dragovic, Nikola",20:20,6,0,1,0,2,2,100,0,0,0,3,3,0,1,0,1,0,0,0,0,3,1,-1,6,2017-2018,Regular Season,6,29/10/2017,baskonia - tecnyconta zaragoza,73 - 78,Zaragoza,47,http://www.acb.com/fichas/LACB62047.php,542
10,0,"Garcia, Sergi",19:28,9,1,1,100,2,5,40,1,2,50,4,3,1,1,1,3,0,0,0,0,1,1,0,8,2017-2018,Regular Season,6,29/10/2017,baskonia - tecnyconta zaragoza,73 - 78,Zaragoza,47,http://www.acb.com/fichas/LACB62047.php,276
11,1,"Bellas, Tomas",29:35,3,0,2,0,0,0,0,3,4,75,0,0,0,6,0,0,0,0,0,0,2,3,2,7,2017-2018,Regular Season,6,29/10/2017,baskonia - tecnyconta zaragoza,73 - 78,Zaragoza,47,http://www.acb.com/fichas/LACB62047.php,YEF
13,1,"Neal, Gary",33:55,25,5,9,56,3,5,60,6,6,100,1,1,0,4,2,1,1,0,2,0,4,5,5,24,2017-2018,Regular Season,6,29/10/2017,baskonia - tecnyconta zaragoza,73 - 78,Zaragoza,47,http://www.acb.com/fichas/LACB62047.php,BFB
0,0,"Mazalin, Lovro",0,0,0,0,0,0,0,0,0,0,0,0,0,0,0,0,0,0,0,0,0,0,0,0,0,2017-2018,Regular Season,6,29/10/2017,baskonia - tecnyconta zaragoza,73 - 78,Zaragoza,47,http://www.acb.com/fichas/LACB62047.php,0
24,0,"Michalak, Michal",7:43,0,0,1,0,0,1,0,0,0,0,1,1,0,1,0,1,0,0,0,0,0,0,-4,-1,2017-2018,Regular Season,6,29/10/2017,baskonia - tecnyconta zaragoza,73 - 78,Zaragoza,47,http://www.acb.com/fichas/LACB62047.php,53M
27,0,"De Jong, Nicolas",23:26,16,6,10,60,1,1,100,1,2,50,7,7,0,0,0,1,1,0,1,2,3,6,-4,19,2017-2018,Regular Season,6,29/10/2017,baskonia - tecnyconta zaragoza,73 - 78,Zaragoza,47,http://www.acb.com/fichas/LACB62047.php,54I
32,1,"Varnado, Jarvis",16:24,4,2,2,100,0,0,0,0,0,0,6,5,1,1,0,4,0,1,0,0,4,2,11,6,2017-2018,Regular Season,6,29/10/2017,baskonia - tecnyconta zaragoza,73 - 78,Zaragoza,47,http://www.acb.com/fichas/LACB62047.php,544
33,0,"Suarez, Alex",19:19,3,0,1,0,1,4,25,0,0,0,2,1,1,1,0,3,0,0,0,0,0,1,6,0,2017-2018,Regular Season,6,29/10/2017,baskonia - tecnyconta zaragoza,73 - 78,Zaragoza,47,http://www.acb.com/fichas/LACB62047.php,BLI
45,0,"Blums, Janis",11:21,6,0,1,0,2,5,40,0,0,0,2,2,0,1,0,3,0,0,0,0,4,1,-5,-1,2017-2018,Regular Season,6,29/10/2017,baskonia - tecnyconta zaragoza,73 - 78,Zaragoza,47,http://www.acb.com/fichas/LACB62047.php,BG3
0,0,Equipo,0,0,0,0,0,0,0,0,0,0,0,5,4,1,0,0,0,0,0,0,0,0,0,0,5,2017-2018,Regular Season,6,29/10/2017,baskonia - tecnyconta zaragoza,73 - 78,0,47,http://www.acb.com/fichas/LACB62047.php,
2,0,"Okouo, Viny",6:37,0,0,3,0,0,0,0,0,0,0,1,1,0,0,1,2,0,0,1,0,1,0,-4,-5,2017-2018,Regular Season,6,29/10/2017,unicaja - movistar estudiantes,89 - 70,Unicaja,48,http://www.acb.com/fichas/LACB62048.php,1ES
3,1,"McCallum, Ray",16:46,3,0,1,0,1,1,100,0,0,0,2,2,0,5,0,1,0,0,1,0,1,1,12,7,2017-2018,Regular Season,6,29/10/2017,unicaja - movistar estudiantes,89 - 70,Unicaja,48,http://www.acb.com/fichas/LACB62048.php,540
6,0,"Soluade, Morayo",3:38,2,0,1,0,0,1,0,2,2,100,0,0,0,0,0,1,0,0,0,0,0,1,-3,0,2017-2018,Regular Season,6,29/10/2017,unicaja - movistar estudiantes,89 - 70,Unicaja,48,http://www.acb.com/fichas/LACB62048.php,XGT
9,0,"Diaz, Alberto",19:36,3,0,1,0,1,2,50,0,0,0,2,2,0,3,0,2,0,0,0,0,3,1,10,2,2017-2018,Regular Season,6,29/10/2017,unicaja - movistar estudiantes,89 - 70,Unicaja,48,http://www.acb.com/fichas/LACB62048.php,SHG
10,1,"Salin, Sasu",21:17,10,1,2,50,2,3,67,2,2,100,0,0,0,4,0,2,1,1,0,0,1,2,5,12,2017-2018,Regular Season,6,29/10/2017,unicaja - movistar estudiantes,89 - 70,Unicaja,48,http://www.acb.com/fichas/LACB62048.php,2IR
11,0,"Diez, Daniel",20:4,8,2,3,67,0,2,0,4,4,100,4,2,2,0,1,1,1,0,0,0,1,4,11,12,2017-2018,Regular Season,6,29/10/2017,unicaja - movistar estudiantes,89 - 70,Unicaja,48,http://www.acb.com/fichas/LACB62048.php,BLO
16,0,"Nedovic, Nemanja",18:43,18,4,8,50,3,5,60,1,2,50,3,3,0,6,0,2,0,0,0,0,1,1,14,18,2017-2018,Regular Season,6,29/10/2017,unicaja - movistar estudiantes,89 - 70,Unicaja,48,http://www.acb.com/fichas/LACB62048.php,2FY
17,1,"Shermadini, Giorgi",18:25,16,4,8,50,0,0,0,8,8,100,8,4,4,0,0,2,0,1,1,2,3,5,4,20,2017-2018,Regular Season,6,29/10/2017,unicaja - movistar estudiantes,89 - 70,Unicaja,48,http://www.acb.com/fichas/LACB62048.php,H18
21,1,"Waczynski, Adam",25:25,13,4,6,67,1,1,100,2,2,100,5,5,0,1,2,1,0,0,0,1,3,2,2,17,2017-2018,Regular Season,6,29/10/2017,unicaja - movistar estudiantes,89 - 70,Unicaja,48,http://www.acb.com/fichas/LACB62048.php,1KW
23,1,"Brooks, Jeff",20:43,6,3,5,60,0,0,0,0,0,0,4,4,0,3,1,0,0,1,0,0,1,1,13,13,2017-2018,Regular Season,6,29/10/2017,unicaja - movistar estudiantes,89 - 70,Unicaja,48,http://www.acb.com/fichas/LACB62048.php,505
40,0,"Augustine, James",14:58,8,4,7,57,0,0,0,0,0,0,6,4,2,0,1,1,2,0,0,0,2,0,19,9,2017-2018,Regular Season,6,29/10/2017,unicaja - movistar estudiantes,89 - 70,Unicaja,48,http://www.acb.com/fichas/LACB62048.php,BGJ
43,0,"Suarez, Carlos",13:48,2,0,1,0,0,1,0,2,2,100,1,1,0,2,0,1,0,0,1,0,1,3,12,3,2017-2018,Regular Season,6,29/10/2017,unicaja - movistar estudiantes,89 - 70,Unicaja,48,http://www.acb.com/fichas/LACB62048.php,B79
0,0,Equipo,0,0,0,0,0,0,0,0,0,0,0,3,3,0,0,0,0,0,0,0,0,0,0,0,3,2017-2018,Regular Season,6,29/10/2017,unicaja - movistar estudiantes,89 - 70,0,48,http://www.acb.com/fichas/LACB62048.php,
4,1,"Cvetkovic, A.",14:16,4,0,0,0,0,2,0,4,6,67,2,2,0,2,2,4,0,0,0,0,3,4,0,3,2017-2018,Regular Season,6,29/10/2017,unicaja - movistar estudiantes,89 - 70,Estudiantes,48,http://www.acb.com/fichas/LACB62048.php,50G
6,0,"Hakanson, Ludde",17:8,5,1,2,50,1,4,25,0,0,0,2,2,0,2,1,1,0,0,0,0,2,1,-13,4,2017-2018,Regular Season,6,29/10/2017,unicaja - movistar estudiantes,89 - 70,Estudiantes,48,http://www.acb.com/fichas/LACB62048.php,UAE
8,0,"Brizuela, Dario",11:42,2,1,2,50,0,3,0,0,0,0,1,1,0,3,0,0,0,0,0,0,0,0,-10,2,2017-2018,Regular Season,6,29/10/2017,unicaja - movistar estudiantes,89 - 70,Estudiantes,48,http://www.acb.com/fichas/LACB62048.php,81E
9,0,"Vicedo, Edgar",14:48,5,1,1,100,1,2,50,0,0,0,3,3,0,0,0,2,0,1,0,0,2,1,-7,5,2017-2018,Regular Season,6,29/10/2017,unicaja - movistar estudiantes,89 - 70,Estudiantes,48,http://www.acb.com/fichas/LACB62048.php,SDT
10,1,"Cook, Omar",22:52,6,0,0,0,2,3,67,0,0,0,0,0,0,7,1,2,0,0,0,0,1,0,-6,10,2017-2018,Regular Season,6,29/10/2017,unicaja - movistar estudiantes,89 - 70,Estudiantes,48,http://www.acb.com/fichas/LACB62048.php,BFP
11,0,"Pena, Dagoberto",16:38,4,2,4,50,0,1,0,0,0,0,1,0,1,1,0,0,0,0,1,0,1,0,-7,1,2017-2018,Regular Season,6,29/10/2017,unicaja - movistar estudiantes,89 - 70,Estudiantes,48,http://www.acb.com/fichas/LACB62048.php,53E
12,0,"Suton, Goran",16:7,9,3,5,60,1,5,20,0,0,0,2,1,1,0,1,1,0,0,0,0,3,0,-11,2,2017-2018,Regular Season,6,29/10/2017,unicaja - movistar estudiantes,89 - 70,Estudiantes,48,http://www.acb.com/fichas/LACB62048.php,1LM
15,1,"Landesberg, Sylven",24:31,6,1,10,10,0,2,0,4,8,50,5,4,1,0,2,1,0,0,2,0,2,9,-10,2,2017-2018,Regular Season,6,29/10/2017,unicaja - movistar estudiantes,89 - 70,Estudiantes,48,http://www.acb.com/fichas/LACB62048.php,541
17,0,"Savane, Sitapha",11:42,3,1,1,100,0,0,0,1,2,50,2,1,1,1,0,0,0,0,0,1,0,1,-14,6,2017-2018,Regular Season,6,29/10/2017,unicaja - movistar estudiantes,89 - 70,Estudiantes,48,http://www.acb.com/fichas/LACB62048.php,B3M
21,1,"Brown, Alec",14:30,9,3,4,75,1,5,20,0,0,0,2,2,0,0,1,0,0,1,0,2,4,0,-2,4,2017-2018,Regular Season,6,29/10/2017,unicaja - movistar estudiantes,89 - 70,Estudiantes,48,http://www.acb.com/fichas/LACB62048.php,FO4
22,1,"Caner-Medley,N.",21:58,11,4,5,80,1,4,25,0,0,0,1,1,0,1,1,1,0,0,0,0,2,2,-12,9,2017-2018,Regular Season,6,29/10/2017,unicaja - movistar estudiantes,89 - 70,Estudiantes,48,http://www.acb.com/fichas/LACB62048.php,BF4
38,0,"Arteaga, Victor",13:48,6,3,6,50,0,0,0,0,0,0,3,2,1,0,1,0,0,2,0,0,1,0,-3,8,2017-2018,Regular Season,6,29/10/2017,unicaja - movistar estudiantes,89 - 70,Estudiantes,48,http://www.acb.com/fichas/LACB62048.php,768
0,0,Equipo,0,0,0,0,0,0,0,0,0,0,0,8,3,5,0,0,0,0,0,0,0,0,0,0,8,2017-2018,Regular Season,6,29/10/2017,unicaja - movistar estudiantes,89 - 70,0,48,http://www.acb.com/fichas/LACB62048.php,
1,1,"Seraphin, Kevin",23:48,14,6,8,75,0,0,0,2,3,67,7,4,3,1,0,1,0,1,0,0,2,3,11,20,2017-2018,Regular Season,6,29/10/2017,fc barcelona lassa - ucam murcia,94 - 97,FC_Barcelona,49,http://www.acb.com/fichas/LACB62049.php,164
5,1,"Ribas, Pau",27:21,8,3,8,38,0,4,0,2,2,100,2,1,1,1,0,0,3,0,1,0,1,1,4,1,2017-2018,Regular Season,6,29/10/2017,fc barcelona lassa - ucam murcia,94 - 97,FC_Barcelona,49,http://www.acb.com/fichas/LACB62049.php,AF1
0,0,"Garcia, Marc",0,0,0,0,0,0,0,0,0,0,0,0,0,0,0,0,0,0,0,0,0,0,0,0,0,2017-2018,Regular Season,6,29/10/2017,fc barcelona lassa - ucam murcia,94 - 97,FC_Barcelona,49,http://www.acb.com/fichas/LACB62049.php,0
8,0,"Pressey, Phil",13:43,16,1,1,100,4,7,57,2,2,100,3,3,0,4,2,0,1,0,0,0,3,2,3,21,2017-2018,Regular Season,6,29/10/2017,fc barcelona lassa - ucam murcia,94 - 97,FC_Barcelona,49,http://www.acb.com/fichas/LACB62049.php,53X
9,1,"Hanga, Adam",17:21,7,3,3,100,0,1,0,1,2,50,2,1,1,0,1,4,2,0,0,1,2,3,-2,5,2017-2018,Regular Season,6,29/10/2017,fc barcelona lassa - ucam murcia,94 - 97,FC_Barcelona,49,http://www.acb.com/fichas/LACB62049.php,125
11,0,"Navarro, J.C.",5:49,0,0,0,0,0,1,0,0,0,0,1,1,0,0,0,2,0,0,0,0,0,2,0,0,2017-2018,Regular Season,6,29/10/2017,fc barcelona lassa - ucam murcia,94 - 97,FC_Barcelona,49,http://www.acb.com/fichas/LACB62049.php,A62
13,1,"Heurtel, Thomas",30:37,28,9,12,75,3,5,60,1,1,100,2,2,0,6,4,3,4,0,0,0,4,2,6,30,2017-2018,Regular Season,6,29/10/2017,fc barcelona lassa - ucam murcia,94 - 97,FC_Barcelona,49,http://www.acb.com/fichas/LACB62049.php,BJP
14,0,"Vezenkov, A.",28:37,11,3,4,75,1,2,50,2,3,67,8,5,3,1,0,0,0,0,1,0,1,4,-6,19,2017-2018,Regular Season,6,29/10/2017,fc barcelona lassa - ucam murcia,94 - 97,FC_Barcelona,49,http://www.acb.com/fichas/LACB62049.php,FOS
18,0,"Oriola, Pierre",9:28,2,1,2,50,0,0,0,0,0,0,1,1,0,0,0,1,0,1,0,0,3,1,-12,0,2017-2018,Regular Season,6,29/10/2017,fc barcelona lassa - ucam murcia,94 - 97,FC_Barcelona,49,http://www.acb.com/fichas/LACB62049.php,BIQ
25,0,"Koponen, Petteri",20:23,6,3,5,60,0,2,0,0,0,0,1,1,0,1,0,0,0,0,0,0,3,2,-6,3,2017-2018,Regular Season,6,29/10/2017,fc barcelona lassa - ucam murcia,94 - 97,FC_Barcelona,49,http://www.acb.com/fichas/LACB62049.php,517
44,0,"Tomic, Ante",4:57,0,0,0,0,0,0,0,0,0,0,0,0,0,0,0,0,0,0,0,0,2,0,-9,-2,2017-2018,Regular Season,6,29/10/2017,fc barcelona lassa - ucam murcia,94 - 97,FC_Barcelona,49,http://www.acb.com/fichas/LACB62049.php,BIY
45,1,"Moerman, Adrien",17:56,2,1,1,100,0,3,0,0,0,0,4,3,1,0,0,1,1,0,0,0,4,0,-4,-2,2017-2018,Regular Season,6,29/10/2017,fc barcelona lassa - ucam murcia,94 - 97,FC_Barcelona,49,http://www.acb.com/fichas/LACB62049.php,216
0,0,Equipo,0,0,0,0,0,0,0,0,0,0,0,3,2,1,0,0,0,0,0,0,0,0,0,0,3,2017-2018,Regular Season,6,29/10/2017,fc barcelona lassa - ucam murcia,94 - 97,0,49,http://www.acb.com/fichas/LACB62049.php,
0,0,"Soko, Ovie",19:25,8,3,4,75,0,1,0,2,2,100,4,1,3,2,0,4,0,1,1,0,4,1,-2,5,2017-2018,Regular Season,6,29/10/2017,fc barcelona lassa - ucam murcia,94 - 97,Murcia,49,http://www.acb.com/fichas/LACB62049.php,50S
3,0,"Urtasun, Alex",18:57,18,0,2,0,4,4,100,6,7,86,1,1,0,2,1,0,1,0,0,0,1,4,-2,22,2017-2018,Regular Season,6,29/10/2017,fc barcelona lassa - ucam murcia,94 - 97,Murcia,49,http://www.acb.com/fichas/LACB62049.php,BA3
5,0,"Martin, Alberto",1:1,0,0,0,0,0,0,0,0,0,0,0,0,0,0,0,0,0,0,0,0,0,0,3,0,2017-2018,Regular Season,6,29/10/2017,fc barcelona lassa - ucam murcia,94 - 97,Murcia,49,http://www.acb.com/fichas/LACB62049.php,858
8,0,"Benite, Vitor",16:15,19,1,2,50,4,6,67,5,5,100,2,2,0,0,0,3,1,0,0,0,2,4,14,17,2017-2018,Regular Season,6,29/10/2017,fc barcelona lassa - ucam murcia,94 - 97,Murcia,49,http://www.acb.com/fichas/LACB62049.php,FOX
9,1,"Kloof, Charlon",19:22,14,4,4,100,1,6,17,3,3,100,1,1,0,4,1,2,0,0,0,1,3,3,-4,13,2017-2018,Regular Season,6,29/10/2017,fc barcelona lassa - ucam murcia,94 - 97,Murcia,49,http://www.acb.com/fichas/LACB62049.php,53N
11,0,"Hannah, Clevin",19:57,7,0,4,0,1,3,33,4,4,100,1,1,0,3,0,1,1,0,0,0,3,2,7,3,2017-2018,Regular Season,6,29/10/2017,fc barcelona lassa - ucam murcia,94 - 97,Murcia,49,http://www.acb.com/fichas/LACB62049.php,1LQ
12,1,"Oleson, Brad",23:23,6,0,2,0,2,6,33,0,0,0,1,1,0,3,1,1,0,0,0,0,0,0,-13,4,2017-2018,Regular Season,6,29/10/2017,fc barcelona lassa - ucam murcia,94 - 97,Murcia,49,http://www.acb.com/fichas/LACB62049.php,BGO
13,0,"Faverani, V.",3:3,0,0,1,0,0,1,0,0,0,0,0,0,0,0,0,0,0,0,0,0,0,0,-6,-2,2017-2018,Regular Season,6,29/10/2017,fc barcelona lassa - ucam murcia,94 - 97,Murcia,49,http://www.acb.com/fichas/LACB62049.php,Y2J
16,0,"Delia, Marcos",18:38,7,2,2,100,0,0,0,3,5,60,5,4,1,1,1,0,0,1,0,0,0,3,18,16,2017-2018,Regular Season,6,29/10/2017,fc barcelona lassa - ucam murcia,94 - 97,Murcia,49,http://www.acb.com/fichas/LACB62049.php,512
24,1,"Tumba, Kevin",16:56,2,0,1,0,0,0,0,2,4,50,9,6,3,0,0,0,0,0,1,0,4,2,-6,5,2017-2018,Regular Season,6,29/10/2017,fc barcelona lassa - ucam murcia,94 - 97,Murcia,49,http://www.acb.com/fichas/LACB62049.php,52W
27,1,"Rojas, Sadiel",22:30,8,2,4,50,1,3,33,1,2,50,5,2,3,0,0,0,1,0,0,1,3,1,0,6,2017-2018,Regular Season,6,29/10/2017,fc barcelona lassa - ucam murcia,94 - 97,Murcia,49,http://www.acb.com/fichas/LACB62049.php,1L3
33,1,"Lukovic, Marko",20:33,8,2,6,33,1,3,33,1,3,33,4,2,2,0,2,1,0,0,0,0,0,5,6,10,2017-2018,Regular Season,6,29/10/2017,fc barcelona lassa - ucam murcia,94 - 97,Murcia,49,http://www.acb.com/fichas/LACB62049.php,53R
0,0,Equipo,0,0,0,0,0,0,0,0,0,0,0,4,1,3,0,0,0,0,0,0,0,0,0,0,4,2017-2018,Regular Season,6,29/10/2017,fc barcelona lassa - ucam murcia,94 - 97,0,49,http://www.acb.com/fichas/LACB62049.php,
3,0,"Fernandez, Jaime",22:18,19,4,10,40,3,4,75,2,2,100,3,2,1,5,3,1,0,0,0,0,3,4,16,23,2017-2018,Regular Season,6,29/10/2017,morabanc andorra - iberostar tenerife,58 - 48,Andorra,50,http://www.acb.com/fichas/LACB62050.php,117
11,1,"Blazic, Jaka",25:14,4,0,1,0,1,3,33,1,2,50,2,1,1,0,0,3,0,0,0,0,2,2,15,-1,2017-2018,Regular Season,6,29/10/2017,morabanc andorra - iberostar tenerife,58 - 48,Andorra,50,http://www.acb.com/fichas/LACB62050.php,FQF
12,0,"Jankovic, Vladimir",19:26,3,1,1,100,0,2,0,1,2,50,2,2,0,2,1,1,1,0,0,0,2,2,10,4,2017-2018,Regular Season,6,29/10/2017,morabanc andorra - iberostar tenerife,58 - 48,Andorra,50,http://www.acb.com/fichas/LACB62050.php,50M
14,0,"Stevic, Oliver",19:46,10,4,5,80,0,0,0,2,2,100,3,3,0,2,1,0,0,0,1,0,4,1,5,11,2017-2018,Regular Season,6,29/10/2017,morabanc andorra - iberostar tenerife,58 - 48,Andorra,50,http://www.acb.com/fichas/LACB62050.php,170
15,1,"Karnowski, Przemek",18:10,6,3,8,38,0,0,0,0,1,0,4,3,1,0,0,2,0,1,0,1,2,4,-2,5,2017-2018,Regular Season,6,29/10/2017,morabanc andorra - iberostar tenerife,58 - 48,Andorra,50,http://www.acb.com/fichas/LACB62050.php,53Y
16,1,"Albicy, Andrew",27:24,3,0,2,0,1,6,17,0,0,0,1,1,0,3,1,2,0,0,0,0,0,2,2,1,2017-2018,Regular Season,6,29/10/2017,morabanc andorra - iberostar tenerife,58 - 48,Andorra,50,http://www.acb.com/fichas/LACB62050.php,502
21,0,"Diagne, Moussa",12:47,2,0,2,0,0,0,0,2,2,100,6,3,3,0,0,1,0,0,0,0,1,3,2,7,2017-2018,Regular Season,6,29/10/2017,morabanc andorra - iberostar tenerife,58 - 48,Andorra,50,http://www.acb.com/fichas/LACB62050.php,17T
22,1,"Shurna, John",27:46,5,1,2,50,1,6,17,0,0,0,5,5,0,0,0,0,1,0,1,0,2,0,15,1,2017-2018,Regular Season,6,29/10/2017,morabanc andorra - iberostar tenerife,58 - 48,Andorra,50,http://www.acb.com/fichas/LACB62050.php,H36
23,1,"Walker, David",22:23,6,1,4,25,1,1,100,1,1,100,3,2,1,3,1,1,0,0,0,0,1,2,-7,10,2017-2018,Regular Season,6,29/10/2017,morabanc andorra - iberostar tenerife,58 - 48,Andorra,50,http://www.acb.com/fichas/LACB62050.php,513
0,0,"Colom, Guillem",0,0,0,0,0,0,0,0,0,0,0,0,0,0,0,0,0,0,0,0,0,0,0,0,0,2017-2018,Regular Season,6,29/10/2017,morabanc andorra - iberostar tenerife,58 - 48,Andorra,50,http://www.acb.com/fichas/LACB62050.php,0
25,0,"Jelinek, David",4:46,0,0,2,0,0,0,0,0,0,0,0,0,0,0,0,1,0,0,0,0,1,0,-6,-4,2017-2018,Regular Season,6,29/10/2017,morabanc andorra - iberostar tenerife,58 - 48,Andorra,50,http://www.acb.com/fichas/LACB62050.php,Y8C
0,0,Equipo,0,0,0,0,0,0,0,0,0,0,0,4,3,1,0,0,0,0,0,0,0,0,0,0,4,2017-2018,Regular Season,6,29/10/2017,morabanc andorra - iberostar tenerife,58 - 48,0,50,http://www.acb.com/fichas/LACB62050.php,
0,1,"San Miguel, R.",23:1,7,2,4,50,1,2,50,0,0,0,3,3,0,0,1,2,0,0,0,0,1,1,-5,6,2017-2018,Regular Season,6,29/10/2017,morabanc andorra - iberostar tenerife,58 - 48,Tenerife,50,http://www.acb.com/fichas/LACB62050.php,B86
5,1,"Richotti, Nicolas",21:33,5,1,4,25,1,3,33,0,0,0,4,2,2,3,0,0,0,0,0,0,4,2,-4,5,2017-2018,Regular Season,6,29/10/2017,morabanc andorra - iberostar tenerife,58 - 48,Tenerife,50,http://www.acb.com/fichas/LACB62050.php,T78
7,0,"Niang, Mamadou",9:35,0,0,1,0,0,0,0,0,0,0,0,0,0,0,0,0,0,1,0,0,0,0,-12,0,2017-2018,Regular Season,6,29/10/2017,morabanc andorra - iberostar tenerife,58 - 48,Tenerife,50,http://www.acb.com/fichas/LACB62050.php,SHU
10,0,"Bassas, Ferran",12:15,2,1,1,100,0,2,0,0,0,0,0,0,0,2,2,3,1,0,0,0,1,1,-2,1,2017-2018,Regular Season,6,29/10/2017,morabanc andorra - iberostar tenerife,58 - 48,Tenerife,50,http://www.acb.com/fichas/LACB62050.php,714
13,1,"Tobey, Mike",14:25,2,1,5,20,0,0,0,0,2,0,4,1,3,0,2,2,0,0,1,0,2,2,6,-1,2017-2018,Regular Season,6,29/10/2017,morabanc andorra - iberostar tenerife,58 - 48,Tenerife,50,http://www.acb.com/fichas/LACB62050.php,530
17,0,"Vazquez, Fran",15:57,6,3,7,43,0,0,0,0,0,0,6,5,1,1,0,2,0,1,0,1,2,0,-4,6,2017-2018,Regular Season,6,29/10/2017,morabanc andorra - iberostar tenerife,58 - 48,Tenerife,50,http://www.acb.com/fichas/LACB62050.php,A9S
20,1,"Ponitka, Mateusz",21:0,7,2,7,29,0,2,0,3,4,75,7,2,5,0,0,5,0,0,0,0,3,6,-12,4,2017-2018,Regular Season,6,29/10/2017,morabanc andorra - iberostar tenerife,58 - 48,Tenerife,50,http://www.acb.com/fichas/LACB62050.php,53W
21,1,"Abromaitis, Tim",29:28,4,2,4,50,0,3,0,0,0,0,8,5,3,0,0,1,0,0,0,0,1,1,-3,6,2017-2018,Regular Season,6,29/10/2017,morabanc andorra - iberostar tenerife,58 - 48,Tenerife,50,http://www.acb.com/fichas/LACB62050.php,FOI
0,0,"Vrabac, Adin",0,0,0,0,0,0,0,0,0,0,0,0,0,0,0,0,0,0,0,0,0,0,0,0,0,2017-2018,Regular Season,6,29/10/2017,morabanc andorra - iberostar tenerife,58 - 48,Tenerife,50,http://www.acb.com/fichas/LACB62050.php,0
25,0,"Allen, Rosco",10:35,0,0,1,0,0,1,0,0,0,0,1,0,1,0,0,1,0,0,0,0,2,1,-7,-3,2017-2018,Regular Season,6,29/10/2017,morabanc andorra - iberostar tenerife,58 - 48,Tenerife,50,http://www.acb.com/fichas/LACB62050.php,50I
33,0,"Beiran, Javier",22:9,9,4,7,57,0,3,0,1,2,50,7,6,1,1,0,0,1,0,0,0,2,3,0,11,2017-2018,Regular Season,6,29/10/2017,morabanc andorra - iberostar tenerife,58 - 48,Tenerife,50,http://www.acb.com/fichas/LACB62050.php,BB2
34,0,"White, Davin",20:2,6,0,0,0,2,5,40,0,0,0,1,1,0,0,3,0,0,0,0,0,2,1,-7,6,2017-2018,Regular Season,6,29/10/2017,morabanc andorra - iberostar tenerife,58 - 48,Tenerife,50,http://www.acb.com/fichas/LACB62050.php,2B8
0,0,Equipo,0,0,0,0,0,0,0,0,0,0,0,2,2,0,0,0,1,0,0,0,0,0,0,0,1,2017-2018,Regular Season,6,29/10/2017,morabanc andorra - iberostar tenerife,58 - 48,0,50,http://www.acb.com/fichas/LACB62050.php,
0,0,"Dimitrijevic, N.",18:4,3,0,3,0,1,2,50,0,0,0,0,0,0,6,0,1,0,0,1,0,1,0,17,2,2017-2018,Regular Season,6,29/10/2017,divina seguros joventut - real betis energia plus,81 - 76,Joventut,51,http://www.acb.com/fichas/LACB62051.php,2CP
2,0,"Birgander, Simon",9:42,7,2,3,67,0,0,0,3,3,100,5,3,2,0,2,1,0,1,1,1,5,2,6,9,2017-2018,Regular Season,6,29/10/2017,divina seguros joventut - real betis energia plus,81 - 76,Joventut,51,http://www.acb.com/fichas/LACB62051.php,53J
6,0,"Lopez-Arostegui, X",12:50,2,1,1,100,0,3,0,0,0,0,5,4,1,0,2,0,0,0,0,0,2,0,8,4,2017-2018,Regular Season,6,29/10/2017,divina seguros joventut - real betis energia plus,81 - 76,Joventut,51,http://www.acb.com/fichas/LACB62051.php,1BA
9,1,"Vidal, Sergi",27:10,13,1,1,100,2,4,50,5,6,83,4,4,0,1,0,2,1,0,0,0,2,4,-3,15,2017-2018,Regular Season,6,29/10/2017,divina seguros joventut - real betis energia plus,81 - 76,Joventut,51,http://www.acb.com/fichas/LACB62051.php,A4B
13,0,"Nogues, Jose I.",19:34,0,0,0,0,0,2,0,0,0,0,2,2,0,0,1,2,0,0,0,0,2,2,1,-1,2017-2018,Regular Season,6,29/10/2017,divina seguros joventut - real betis energia plus,81 - 76,Joventut,51,http://www.acb.com/fichas/LACB62051.php,8C8
14,0,"Ventura, Albert",21:24,7,0,0,0,1,3,33,4,4,100,1,0,1,1,2,0,0,0,0,0,1,2,-10,10,2017-2018,Regular Season,6,29/10/2017,divina seguros joventut - real betis energia plus,81 - 76,Joventut,51,http://www.acb.com/fichas/LACB62051.php,718
18,0,"Wayns, Maalik",16:36,4,2,3,67,0,5,0,0,0,0,0,0,0,1,0,2,0,0,0,0,4,2,-8,-5,2017-2018,Regular Season,6,29/10/2017,divina seguros joventut - real betis energia plus,81 - 76,Joventut,51,http://www.acb.com/fichas/LACB62051.php,56B
21,1,"Gielo, Tomasz",21:15,9,3,6,50,1,5,20,0,0,0,3,3,0,0,0,2,1,0,1,0,4,0,1,-2,2017-2018,Regular Season,6,29/10/2017,divina seguros joventut - real betis energia plus,81 - 76,Joventut,51,http://www.acb.com/fichas/LACB62051.php,50Q
0,0,"Gudul, Omari",0,0,0,0,0,0,0,0,0,0,0,0,0,0,0,0,0,0,0,0,0,0,0,0,0,2017-2018,Regular Season,6,29/10/2017,divina seguros joventut - real betis energia plus,81 - 76,Joventut,51,http://www.acb.com/fichas/LACB62051.php,0
30,1,"Mavra, Dominik",6:12,3,0,1,0,1,2,50,0,0,0,0,0,0,0,0,1,0,0,0,0,0,1,-2,1,2017-2018,Regular Season,6,29/10/2017,divina seguros joventut - real betis energia plus,81 - 76,Joventut,51,http://www.acb.com/fichas/LACB62051.php,53T
35,1,"Richard, Patrick",19:18,16,1,2,50,4,6,67,2,2,100,3,1,2,3,3,1,1,0,0,0,0,2,17,23,2017-2018,Regular Season,6,29/10/2017,divina seguros joventut - real betis energia plus,81 - 76,Joventut,51,http://www.acb.com/fichas/LACB62051.php,53U
44,1,"Jordan, Jerome",27:55,17,3,7,43,0,0,0,11,12,92,7,4,3,1,2,4,0,2,2,0,5,10,-2,23,2017-2018,Regular Season,6,29/10/2017,divina seguros joventut - real betis energia plus,81 - 76,Joventut,51,http://www.acb.com/fichas/LACB62051.php,D10
0,0,Equipo,0,0,0,0,0,0,0,0,0,0,0,4,2,2,0,0,0,0,0,0,0,0,0,0,4,2017-2018,Regular Season,6,29/10/2017,divina seguros joventut - real betis energia plus,81 - 76,0,51,http://www.acb.com/fichas/LACB62051.php,
1,1,"Anosike, Oderah",13:39,4,1,1,100,0,0,0,2,2,100,4,4,0,0,0,1,0,0,0,0,5,2,1,4,2017-2018,Regular Season,6,29/10/2017,divina seguros joventut - real betis energia plus,81 - 76,Sevilla,51,http://www.acb.com/fichas/LACB62051.php,FPY
5,0,"Sanchez, A.",0:23,0,0,0,0,0,1,0,0,0,0,0,0,0,0,0,0,0,0,0,0,1,0,-2,-2,2017-2018,Regular Season,6,29/10/2017,divina seguros joventut - real betis energia plus,81 - 76,Sevilla,51,http://www.acb.com/fichas/LACB62051.php,B44
6,1,"Nelson, Luke",23:42,14,1,1,100,3,5,60,3,4,75,5,3,2,3,3,4,0,0,0,0,2,3,18,19,2017-2018,Regular Season,6,29/10/2017,divina seguros joventut - real betis energia plus,81 - 76,Sevilla,51,http://www.acb.com/fichas/LACB62051.php,547
7,0,"McGrath, Donnie",24:3,2,1,2,50,0,1,0,0,0,0,1,1,0,1,2,1,0,0,0,0,2,1,13,2,2017-2018,Regular Season,6,29/10/2017,divina seguros joventut - real betis energia plus,81 - 76,Sevilla,51,http://www.acb.com/fichas/LACB62051.php,FPO
8,0,"Cruz, Ivan",3:48,0,0,0,0,0,0,0,0,0,0,1,1,0,0,0,1,0,0,0,0,0,0,-7,0,2017-2018,Regular Season,6,29/10/2017,divina seguros joventut - real betis energia plus,81 - 76,Sevilla,51,http://www.acb.com/fichas/LACB62051.php,BLL
0,0,"Uriz, Mikel",0,0,0,0,0,0,0,0,0,0,0,0,0,0,0,0,0,0,0,0,0,0,0,0,0,2017-2018,Regular Season,6,29/10/2017,divina seguros joventut - real betis energia plus,81 - 76,Sevilla,51,http://www.acb.com/fichas/LACB62051.php,0
15,0,"Schilb, Blake",16:26,6,0,2,0,2,2,100,0,0,0,4,3,1,1,1,2,0,0,0,0,2,0,-11,6,2017-2018,Regular Season,6,29/10/2017,divina seguros joventut - real betis energia plus,81 - 76,Sevilla,51,http://www.acb.com/fichas/LACB62051.php,565
16,1,"Boungou-Colo, N.",36:51,19,5,10,50,1,5,20,6,8,75,4,0,4,1,2,4,1,1,0,1,2,5,-2,15,2017-2018,Regular Season,6,29/10/2017,divina seguros joventut - real betis energia plus,81 - 76,Sevilla,51,http://www.acb.com/fichas/LACB62051.php,54E
21,0,"Blanco, Saul",7:48,0,0,0,0,0,1,0,0,0,0,0,0,0,0,0,1,0,0,0,0,0,1,-13,-1,2017-2018,Regular Season,6,29/10/2017,divina seguros joventut - real betis energia plus,81 - 76,Sevilla,51,http://www.acb.com/fichas/LACB62051.php,B8T
30,1,"Franch, Josep",15:57,4,1,5,20,0,0,0,2,4,50,1,1,0,1,0,0,0,0,0,0,2,3,-18,1,2017-2018,Regular Season,6,29/10/2017,divina seguros joventut - real betis energia plus,81 - 76,Sevilla,51,http://www.acb.com/fichas/LACB62051.php,Y79
32,0,"Golubovic, V.",20:51,9,4,8,50,0,0,0,1,3,33,5,3,2,0,0,1,0,0,2,1,5,2,-4,2,2017-2018,Regular Season,6,29/10/2017,divina seguros joventut - real betis energia plus,81 - 76,Sevilla,51,http://www.acb.com/fichas/LACB62051.php,004
34,1,"Kelly, Ryan",36:32,18,7,13,54,0,5,0,4,8,50,10,7,3,0,0,3,1,4,1,0,4,9,0,18,2017-2018,Regular Season,6,29/10/2017,divina seguros joventut - real betis energia plus,81 - 76,Sevilla,51,http://www.acb.com/fichas/LACB62051.php,54V
0,0,Equipo,0,0,0,0,0,0,0,0,0,0,0,3,1,2,0,0,0,0,0,0,0,0,0,0,3,2017-2018,Regular Season,6,29/10/2017,divina seguros joventut - real betis energia plus,81 - 76,0,51,http://www.acb.com/fichas/LACB62051.php,
2,1,"Popovic, Marko",23:47,17,2,2,100,3,9,33,4,4,100,3,2,1,0,0,1,0,0,0,0,2,7,0,18,2017-2018,Regular Season,6,28/10/2017,montakit fuenlabrada - monbus obradoiro,65 - 73,Fuenlabrada,52,http://www.acb.com/fichas/LACB62052.php,B4P
4,1,"O'Leary, Ian",25:33,6,3,5,60,0,1,0,0,2,0,4,4,0,0,1,1,1,1,0,0,2,2,0,6,2017-2018,Regular Season,6,28/10/2017,montakit fuenlabrada - monbus obradoiro,65 - 73,Fuenlabrada,52,http://www.acb.com/fichas/LACB62052.php,258
5,0,"Rupnik, Luka",16:36,5,0,0,0,1,5,20,2,2,100,1,0,1,4,0,1,0,0,0,0,1,3,0,7,2017-2018,Regular Season,6,28/10/2017,montakit fuenlabrada - monbus obradoiro,65 - 73,Fuenlabrada,52,http://www.acb.com/fichas/LACB62052.php,52N
8,0,"Llorca, Alex",5:43,4,0,1,0,0,1,0,4,4,100,3,3,0,0,0,0,0,0,0,0,0,2,0,7,2017-2018,Regular Season,6,28/10/2017,montakit fuenlabrada - monbus obradoiro,65 - 73,Fuenlabrada,52,http://www.acb.com/fichas/LACB62052.php,BFV
9,0,"Sekulic, Blagota",21:0,9,3,3,100,1,1,100,0,0,0,3,3,0,0,0,1,0,2,0,1,2,4,0,15,2017-2018,Regular Season,6,28/10/2017,montakit fuenlabrada - monbus obradoiro,65 - 73,Fuenlabrada,52,http://www.acb.com/fichas/LACB62052.php,BD8
11,0,"Cruz, Francisco",22:58,2,0,3,0,0,1,0,2,2,100,6,6,0,4,0,6,0,0,0,0,1,1,0,2,2017-2018,Regular Season,6,28/10/2017,montakit fuenlabrada - monbus obradoiro,65 - 73,Fuenlabrada,52,http://www.acb.com/fichas/LACB62052.php,516
13,0,"Smits, Rolands",17:32,9,1,2,50,1,2,50,4,4,100,2,2,0,0,1,0,0,0,0,0,0,2,0,12,2017-2018,Regular Season,6,28/10/2017,montakit fuenlabrada - monbus obradoiro,65 - 73,Fuenlabrada,52,http://www.acb.com/fichas/LACB62052.php,862
15,0,"Gonzalez, Jose M.",6:29,4,2,2,100,0,0,0,0,0,0,3,2,1,0,1,0,0,0,0,0,0,0,0,8,2017-2018,Regular Season,6,28/10/2017,montakit fuenlabrada - monbus obradoiro,65 - 73,Fuenlabrada,52,http://www.acb.com/fichas/LACB62052.php,764
16,1,"Vargas, Gregory",20:10,4,2,3,67,0,1,0,0,0,0,5,2,3,0,3,1,0,0,0,0,4,0,0,5,2017-2018,Regular Season,6,28/10/2017,montakit fuenlabrada - monbus obradoiro,65 - 73,Fuenlabrada,52,http://www.acb.com/fichas/LACB62052.php,53Q
0,0,"Llorente, Sergio",0,0,0,0,0,0,0,0,0,0,0,0,0,0,0,0,0,0,0,0,0,0,0,0,0,2017-2018,Regular Season,6,28/10/2017,montakit fuenlabrada - monbus obradoiro,65 - 73,Fuenlabrada,52,http://www.acb.com/fichas/LACB62052.php,0
31,1,"Eyenga, C.",28:52,5,2,7,29,0,3,0,1,2,50,4,4,0,2,0,2,0,1,1,0,2,3,0,1,2017-2018,Regular Season,6,28/10/2017,montakit fuenlabrada - monbus obradoiro,65 - 73,Fuenlabrada,52,http://www.acb.com/fichas/LACB62052.php,Y8D
99,1,"Olaseni, Gabriel",11:20,0,0,0,0,0,0,0,0,0,0,0,0,0,0,0,1,0,0,0,0,1,0,0,-2,2017-2018,Regular Season,6,28/10/2017,montakit fuenlabrada - monbus obradoiro,65 - 73,Fuenlabrada,52,http://www.acb.com/fichas/LACB62052.php,54F
0,0,Equipo,0,0,0,0,0,0,0,0,0,0,0,1,0,1,0,0,0,0,0,0,0,0,0,0,1,2017-2018,Regular Season,6,28/10/2017,montakit fuenlabrada - monbus obradoiro,65 - 73,0,52,http://www.acb.com/fichas/LACB62052.php,
3,0,"Sabat, Albert",19:47,3,0,1,0,1,3,33,0,0,0,3,2,1,7,1,2,0,0,0,0,3,1,0,7,2017-2018,Regular Season,6,28/10/2017,montakit fuenlabrada - monbus obradoiro,65 - 73,Obradoiro,52,http://www.acb.com/fichas/LACB62052.php,B2J
7,1,"Simons, Benjamin",18:25,8,1,2,50,2,6,33,0,0,0,4,4,0,0,1,0,1,0,0,0,1,0,0,7,2017-2018,Regular Season,6,28/10/2017,montakit fuenlabrada - monbus obradoiro,65 - 73,Obradoiro,52,http://www.acb.com/fichas/LACB62052.php,548
9,0,"Llovet, Nacho",17:33,7,2,3,67,1,3,33,0,0,0,1,1,0,1,4,3,0,0,1,0,3,0,0,3,2017-2018,Regular Season,6,28/10/2017,montakit fuenlabrada - monbus obradoiro,65 - 73,Obradoiro,52,http://www.acb.com/fichas/LACB62052.php,Y7O
11,0,"Radovic, Nemanja",17:22,8,4,8,50,0,0,0,0,0,0,4,2,2,0,0,0,0,0,0,0,4,0,0,4,2017-2018,Regular Season,6,28/10/2017,montakit fuenlabrada - monbus obradoiro,65 - 73,Obradoiro,52,http://www.acb.com/fichas/LACB62052.php,H52
13,1,"Pustovyi, Artem",26:40,12,5,9,56,0,0,0,2,2,100,6,5,1,0,0,3,0,1,1,0,4,3,0,10,2017-2018,Regular Season,6,28/10/2017,montakit fuenlabrada - monbus obradoiro,65 - 73,Obradoiro,52,http://www.acb.com/fichas/LACB62052.php,FO1
0,0,"Gomez, Rodrigo",0,0,0,0,0,0,0,0,0,0,0,0,0,0,0,0,0,0,0,0,0,0,0,0,0,2017-2018,Regular Season,6,28/10/2017,montakit fuenlabrada - monbus obradoiro,65 - 73,Obradoiro,52,http://www.acb.com/fichas/LACB62052.php,0
20,0,"Navarro, David",13:52,4,2,4,50,0,0,0,0,0,0,1,0,1,1,0,1,1,0,1,1,1,0,0,1,2017-2018,Regular Season,6,28/10/2017,montakit fuenlabrada - monbus obradoiro,65 - 73,Obradoiro,52,http://www.acb.com/fichas/LACB62052.php,B8L
21,1,"Thomas, Matt",26:51,15,4,6,67,2,5,40,1,1,100,5,4,1,1,0,1,0,0,1,0,2,6,0,18,2017-2018,Regular Season,6,28/10/2017,montakit fuenlabrada - monbus obradoiro,65 - 73,Obradoiro,52,http://www.acb.com/fichas/LACB62052.php,53S
22,1,"Bendzius, Eimantas",25:8,5,1,1,100,1,3,33,0,0,0,5,5,0,1,1,0,0,0,0,0,1,0,0,9,2017-2018,Regular Season,6,28/10/2017,montakit fuenlabrada - monbus obradoiro,65 - 73,Obradoiro,52,http://www.acb.com/fichas/LACB62052.php,FO0
33,0,"Corbacho, A.",7:3,3,0,0,0,1,4,25,0,0,0,0,0,0,0,0,0,0,0,0,0,1,0,0,-1,2017-2018,Regular Season,6,28/10/2017,montakit fuenlabrada - monbus obradoiro,65 - 73,Obradoiro,52,http://www.acb.com/fichas/LACB62052.php,B5E
44,1,"Pozas, Pepe",20:13,8,1,1,100,2,4,50,0,0,0,1,0,1,3,0,0,0,0,0,0,3,3,0,10,2017-2018,Regular Season,6,28/10/2017,montakit fuenlabrada - monbus obradoiro,65 - 73,Obradoiro,52,http://www.acb.com/fichas/LACB62052.php,750
54,0,"Laksa, Martins",7:6,0,0,0,0,0,2,0,0,0,0,1,0,1,0,0,0,0,0,0,0,1,2,0,0,2017-2018,Regular Season,6,28/10/2017,montakit fuenlabrada - monbus obradoiro,65 - 73,Obradoiro,52,http://www.acb.com/fichas/LACB62052.php,53A
0,0,Equipo,0,0,0,0,0,0,0,0,0,0,0,3,2,1,0,0,0,0,0,0,0,0,0,0,3,2017-2018,Regular Season,6,28/10/2017,montakit fuenlabrada - monbus obradoiro,65 - 73,0,52,http://www.acb.com/fichas/LACB62052.php,
0,1,"Fisher, Corey",22:7,8,2,3,67,1,3,33,1,2,50,1,1,0,4,0,0,0,0,0,0,0,3,6,12,2017-2018,Regular Season,6,28/10/2017,san pablo burgos - real madrid,95 - 100,Burgos,53,http://www.acb.com/fichas/LACB62053.php,244
5,0,"Schreiner, Thomas",20:31,13,3,5,60,2,5,40,1,1,100,1,1,0,7,1,0,0,0,0,0,2,3,-9,18,2017-2018,Regular Season,6,28/10/2017,san pablo burgos - real madrid,95 - 100,Burgos,53,http://www.acb.com/fichas/LACB62053.php,2A3
0,0,"Sedekerskis, Tadas",0,0,0,0,0,0,0,0,0,0,0,0,0,0,0,0,0,0,0,0,0,0,0,0,0,2017-2018,Regular Season,6,28/10/2017,san pablo burgos - real madrid,95 - 100,Burgos,53,http://www.acb.com/fichas/LACB62053.php,0
9,0,"Barrera, Alex",15:9,4,1,3,33,0,0,0,2,2,100,2,2,0,0,2,4,0,0,0,0,2,2,-3,2,2017-2018,Regular Season,6,28/10/2017,san pablo burgos - real madrid,95 - 100,Burgos,53,http://www.acb.com/fichas/LACB62053.php,717
10,0,"Vega, Javier",8:52,0,0,0,0,0,3,0,0,0,0,0,0,0,0,0,0,0,0,0,0,0,1,-1,-2,2017-2018,Regular Season,6,28/10/2017,san pablo burgos - real madrid,95 - 100,Burgos,53,http://www.acb.com/fichas/LACB62053.php,BA6
11,0,"Saiz, Sebas",19:59,15,6,8,75,0,0,0,3,3,100,5,3,2,2,1,1,0,0,0,1,5,3,-10,18,2017-2018,Regular Season,6,28/10/2017,san pablo burgos - real madrid,95 - 100,Burgos,53,http://www.acb.com/fichas/LACB62053.php,SDS
13,1,"Gailius, Deividas",27:18,16,2,3,67,3,4,75,3,4,75,6,6,0,3,0,5,0,0,0,0,3,4,-2,18,2017-2018,Regular Season,6,28/10/2017,san pablo burgos - real madrid,95 - 100,Burgos,53,http://www.acb.com/fichas/LACB62053.php,549
15,0,"Martinez, Edu",12:42,3,0,0,0,1,2,50,0,0,0,0,0,0,1,0,1,0,0,0,0,2,1,-3,1,2017-2018,Regular Season,6,28/10/2017,san pablo burgos - real madrid,95 - 100,Burgos,53,http://www.acb.com/fichas/LACB62053.php,Y7W
0,0,"Dos Anjos, Felipe",0,0,0,0,0,0,0,0,0,0,0,0,0,0,0,0,0,0,0,0,0,0,0,0,0,2017-2018,Regular Season,6,28/10/2017,san pablo burgos - real madrid,95 - 100,Burgos,53,http://www.acb.com/fichas/LACB62053.php,0
21,1,"Thompson, Deon",31:8,20,8,11,73,1,2,50,1,1,100,4,3,1,0,1,0,0,0,1,3,3,2,-4,19,2017-2018,Regular Season,6,28/10/2017,san pablo burgos - real madrid,95 - 100,Burgos,53,http://www.acb.com/fichas/LACB62053.php,54C
23,1,"Huskic, Goran",20:1,14,7,10,70,0,0,0,0,0,0,3,2,1,4,0,2,1,3,0,0,3,0,5,16,2017-2018,Regular Season,6,28/10/2017,san pablo burgos - real madrid,95 - 100,Burgos,53,http://www.acb.com/fichas/LACB62053.php,H05
25,1,"Lopez, Alex",22:13,2,1,5,20,0,2,0,0,0,0,3,2,1,2,3,0,0,0,0,0,3,0,-4,1,2017-2018,Regular Season,6,28/10/2017,san pablo burgos - real madrid,95 - 100,Burgos,53,http://www.acb.com/fichas/LACB62053.php,YBF
0,0,Equipo,0,0,0,0,0,0,0,0,0,0,0,4,0,4,0,0,0,0,0,0,0,0,0,0,4,2017-2018,Regular Season,6,28/10/2017,san pablo burgos - real madrid,95 - 100,0,53,http://www.acb.com/fichas/LACB62053.php,
1,0,"Causeur, Fabien",8:4,2,0,1,0,0,1,0,2,4,50,1,1,0,0,0,0,0,0,1,0,2,4,-2,0,2017-2018,Regular Season,6,28/10/2017,san pablo burgos - real madrid,95 - 100,Real_Madrid,53,http://www.acb.com/fichas/LACB62053.php,218
2,0,"Randle, Chasson",7:1,3,0,0,0,1,2,50,0,0,0,2,2,0,0,0,0,0,0,0,0,3,0,-3,1,2017-2018,Regular Season,6,28/10/2017,san pablo burgos - real madrid,95 - 100,Real_Madrid,53,http://www.acb.com/fichas/LACB62053.php,566
5,0,"Fernandez, Rudy",17:3,8,1,1,100,2,4,50,0,0,0,0,0,0,2,0,0,0,1,0,0,1,1,7,9,2017-2018,Regular Season,6,28/10/2017,san pablo burgos - real madrid,95 - 100,Real_Madrid,53,http://www.acb.com/fichas/LACB62053.php,B0X
6,1,"Radoncic, Dino",11:43,2,1,1,100,0,0,0,0,0,0,1,1,0,3,0,1,0,0,0,0,1,1,-2,5,2017-2018,Regular Season,6,28/10/2017,san pablo burgos - real madrid,95 - 100,Real_Madrid,53,http://www.acb.com/fichas/LACB62053.php,FQI
7,1,"Doncic, Luka",29:18,16,6,10,60,1,5,20,1,2,50,2,2,0,2,2,1,1,0,0,0,1,3,5,14,2017-2018,Regular Season,6,28/10/2017,san pablo burgos - real madrid,95 - 100,Real_Madrid,53,http://www.acb.com/fichas/LACB62053.php,460
8,0,"Maciulis, Jonas",24:59,11,1,1,100,3,5,60,0,0,0,6,4,2,1,1,0,0,0,0,0,3,1,7,15,2017-2018,Regular Season,6,28/10/2017,san pablo burgos - real madrid,95 - 100,Real_Madrid,53,http://www.acb.com/fichas/LACB62053.php,1L9
9,0,"Reyes, Felipe",15:16,9,3,3,100,0,0,0,3,3,100,2,1,1,3,1,1,0,0,0,0,2,3,7,15,2017-2018,Regular Season,6,28/10/2017,san pablo burgos - real madrid,95 - 100,Real_Madrid,53,http://www.acb.com/fichas/LACB62053.php,A1M
11,1,"Campazzo, Facu",25:39,17,7,8,88,0,1,0,3,4,75,0,0,0,4,4,2,1,0,0,0,0,4,0,24,2017-2018,Regular Season,6,28/10/2017,san pablo burgos - real madrid,95 - 100,Real_Madrid,53,http://www.acb.com/fichas/LACB62053.php,1LU
14,1,"Ayon, Gustavo",28:19,6,2,4,50,0,0,0,2,4,50,6,4,2,2,0,6,0,0,2,0,1,2,-2,3,2017-2018,Regular Season,6,28/10/2017,san pablo burgos - real madrid,95 - 100,Real_Madrid,53,http://www.acb.com/fichas/LACB62053.php,113
16,0,"Yusta, Santiago",17:14,15,3,3,100,2,2,100,3,4,75,1,1,0,2,0,0,2,0,0,0,3,2,13,16,2017-2018,Regular Season,6,28/10/2017,san pablo burgos - real madrid,95 - 100,Real_Madrid,53,http://www.acb.com/fichas/LACB62053.php,1E4
0,0,"Garuba, Usman",0,0,0,0,0,0,0,0,0,0,0,0,0,0,0,0,0,0,0,0,0,0,0,0,0,2017-2018,Regular Season,6,28/10/2017,san pablo burgos - real madrid,95 - 100,Real_Madrid,53,http://www.acb.com/fichas/LACB62053.php,0
20,1,"Carroll, Jaycee",15:24,11,2,3,67,2,4,50,1,1,100,0,0,0,0,1,0,0,0,0,0,2,1,-5,8,2017-2018,Regular Season,6,28/10/2017,san pablo burgos - real madrid,95 - 100,Real_Madrid,53,http://www.acb.com/fichas/LACB62053.php,BGZ
0,0,Equipo,0,0,0,0,0,0,0,0,0,0,0,2,2,0,0,0,0,0,0,0,0,0,0,0,2,2017-2018,Regular Season,6,28/10/2017,san pablo burgos - real madrid,95 - 100,0,53,http://www.acb.com/fichas/LACB62053.php,
1,1,"Agbelese, Danny",9:22,5,2,2,100,0,0,0,1,1,100,2,0,2,0,0,2,0,1,0,1,1,1,0,6,2017-2018,Regular Season,6,29/10/2017,gipuzkoa basket - retabet bilbao basket,87 - 91,Guipuzcoa,54,http://www.acb.com/fichas/LACB62054.php,D03
3,0,"Chery, Kenny",23:53,20,4,8,50,1,4,25,9,11,82,1,1,0,2,2,1,2,0,0,0,5,5,5,15,2017-2018,Regular Season,6,29/10/2017,gipuzkoa basket - retabet bilbao basket,87 - 91,Guipuzcoa,54,http://www.acb.com/fichas/LACB62054.php,51A
4,1,"Van Lacke, Fede",22:57,11,3,4,75,1,4,25,2,2,100,1,1,0,2,1,0,0,0,0,0,4,1,12,8,2017-2018,Regular Season,6,29/10/2017,gipuzkoa basket - retabet bilbao basket,87 - 91,Guipuzcoa,54,http://www.acb.com/fichas/LACB62054.php,B3K
5,1,"Perez, Daniel",19:22,2,1,4,25,0,4,0,0,0,0,1,1,0,5,2,0,0,0,0,0,1,3,-5,5,2017-2018,Regular Season,6,29/10/2017,gipuzkoa basket - retabet bilbao basket,87 - 91,Guipuzcoa,54,http://www.acb.com/fichas/LACB62054.php,Y84
7,0,"Oroz, Xabi",9:34,3,1,2,50,0,2,0,1,1,100,1,1,0,1,0,0,0,0,0,0,1,1,0,2,2017-2018,Regular Season,6,29/10/2017,gipuzkoa basket - retabet bilbao basket,87 - 91,Guipuzcoa,54,http://www.acb.com/fichas/LACB62054.php,XDP
10,0,"Salvo, Miquel",10:4,0,0,1,0,0,2,0,0,0,0,1,1,0,2,1,0,0,0,0,0,1,2,-18,2,2017-2018,Regular Season,6,29/10/2017,gipuzkoa basket - retabet bilbao basket,87 - 91,Guipuzcoa,54,http://www.acb.com/fichas/LACB62054.php,545
11,0,"Pardina, Joan",8:22,3,0,1,0,1,1,100,0,0,0,0,0,0,0,0,0,0,0,0,0,0,0,-12,2,2017-2018,Regular Season,6,29/10/2017,gipuzkoa basket - retabet bilbao basket,87 - 91,Guipuzcoa,54,http://www.acb.com/fichas/LACB62054.php,782
17,0,"Fakuade, Michael",22:6,5,1,2,50,0,1,0,3,4,75,2,1,1,0,0,1,0,1,0,0,2,2,-1,4,2017-2018,Regular Season,6,29/10/2017,gipuzkoa basket - retabet bilbao basket,87 - 91,Guipuzcoa,54,http://www.acb.com/fichas/LACB62054.php,54P
44,1,"Swing, Jordan",28:51,19,4,9,44,2,5,40,5,6,83,6,5,1,2,0,3,1,0,0,0,5,5,0,15,2017-2018,Regular Season,6,29/10/2017,gipuzkoa basket - retabet bilbao basket,87 - 91,Guipuzcoa,54,http://www.acb.com/fichas/LACB62054.php,D07
64,0,"Norel, Henk",23:50,8,0,3,0,0,0,0,8,9,89,9,4,5,2,0,2,0,2,0,0,2,7,-3,20,2017-2018,Regular Season,6,29/10/2017,gipuzkoa basket - retabet bilbao basket,87 - 91,Guipuzcoa,54,http://www.acb.com/fichas/LACB62054.php,BA0
88,1,"Clark, Daniel",21:39,11,3,5,60,1,2,50,2,2,100,8,7,1,1,0,0,1,0,0,0,2,2,2,17,2017-2018,Regular Season,6,29/10/2017,gipuzkoa basket - retabet bilbao basket,87 - 91,Guipuzcoa,54,http://www.acb.com/fichas/LACB62054.php,BB8
0,0,Equipo,0,0,0,0,0,0,0,0,0,0,0,2,1,1,0,0,2,0,0,0,0,2,0,0,-2,2017-2018,Regular Season,6,29/10/2017,gipuzkoa basket - retabet bilbao basket,87 - 91,0,54,http://www.acb.com/fichas/LACB62054.php,
5,0,"Fischer, Ricardo",16:50,5,2,5,40,0,0,0,1,4,25,1,0,1,2,0,1,1,0,1,0,3,3,9,0,2017-2018,Regular Season,6,29/10/2017,gipuzkoa basket - retabet bilbao basket,87 - 91,Bilbao,54,http://www.acb.com/fichas/LACB62054.php,53G
9,1,"Tabu, Jonathan",20:33,7,0,3,0,1,1,100,4,5,80,3,3,0,2,1,3,0,0,1,0,3,2,-10,4,2017-2018,Regular Season,6,29/10/2017,gipuzkoa basket - retabet bilbao basket,87 - 91,Bilbao,54,http://www.acb.com/fichas/LACB62054.php,H09
11,0,"Hammink, Shane",12:19,2,1,2,50,0,1,0,0,0,0,2,2,0,1,0,0,1,0,0,0,1,0,14,2,2017-2018,Regular Season,6,29/10/2017,gipuzkoa basket - retabet bilbao basket,87 - 91,Bilbao,54,http://www.acb.com/fichas/LACB62054.php,53H
12,0,"Redivo, Lucio",13:0,14,2,3,67,2,4,50,4,4,100,1,1,0,0,1,1,1,0,0,0,3,2,2,11,2017-2018,Regular Season,6,29/10/2017,gipuzkoa basket - retabet bilbao basket,87 - 91,Bilbao,54,http://www.acb.com/fichas/LACB62054.php,538
14,0,"Salgado, Javier",5:32,1,0,1,0,0,0,0,1,2,50,0,0,0,3,0,1,0,0,0,0,0,1,6,2,2017-2018,Regular Season,6,29/10/2017,gipuzkoa basket - retabet bilbao basket,87 - 91,Bilbao,54,http://www.acb.com/fichas/LACB62054.php,B1R
15,0,"Mumbru, Alex",21:22,15,1,1,100,3,6,50,4,5,80,6,5,1,6,0,2,0,0,0,0,2,3,10,22,2017-2018,Regular Season,6,29/10/2017,gipuzkoa basket - retabet bilbao basket,87 - 91,Bilbao,54,http://www.acb.com/fichas/LACB62054.php,A46
17,1,"Hervelle, Axel",22:24,10,3,6,50,1,2,50,1,2,50,5,3,2,1,1,2,0,0,0,0,3,2,-7,9,2017-2018,Regular Season,6,29/10/2017,gipuzkoa basket - retabet bilbao basket,87 - 91,Bilbao,54,http://www.acb.com/fichas/LACB62054.php,B6Q
18,0,"Kempton, Tim",2:33,0,0,0,0,0,0,0,0,0,0,1,1,0,0,0,1,0,0,0,0,1,0,-4,-1,2017-2018,Regular Season,6,29/10/2017,gipuzkoa basket - retabet bilbao basket,87 - 91,Bilbao,54,http://www.acb.com/fichas/LACB62054.php,53B
19,1,"Tomas, Pere",23:43,6,2,3,67,0,3,0,2,3,67,4,2,2,1,0,0,1,0,1,0,4,4,-5,5,2017-2018,Regular Season,6,29/10/2017,gipuzkoa basket - retabet bilbao basket,87 - 91,Bilbao,54,http://www.acb.com/fichas/LACB62054.php,Y3V
20,1,"Todorovic, Dejan",28:3,22,5,6,83,3,7,43,3,3,100,6,6,0,2,2,1,2,0,0,2,1,3,-4,28,2017-2018,Regular Season,6,29/10/2017,gipuzkoa basket - retabet bilbao basket,87 - 91,Bilbao,54,http://www.acb.com/fichas/LACB62054.php,10D
22,0,"Vucetic, Vasilije",7:39,2,1,2,50,0,0,0,0,0,0,1,1,0,1,0,1,0,0,1,0,5,1,10,-3,2017-2018,Regular Season,6,29/10/2017,gipuzkoa basket - retabet bilbao basket,87 - 91,Bilbao,54,http://www.acb.com/fichas/LACB62054.php,51G
32,1,"Gladness, Mickell",26:2,7,3,4,75,0,0,0,1,2,50,4,4,0,1,0,3,0,0,0,1,4,2,-1,5,2017-2018,Regular Season,6,29/10/2017,gipuzkoa basket - retabet bilbao basket,87 - 91,Bilbao,54,http://www.acb.com/fichas/LACB62054.php,55D
0,0,Equipo,0,0,0,0,0,0,0,0,0,0,0,5,3,2,0,0,1,0,0,0,0,0,0,0,4,2017-2018,Regular Season,6,29/10/2017,gipuzkoa basket - retabet bilbao basket,87 - 91,0,54,http://www.acb.com/fichas/LACB62054.php,
0,1,"Thomas, Will",23:56,2,0,2,0,0,4,0,2,2,100,7,4,3,2,0,0,0,0,1,0,0,1,12,5,2017-2018,Regular Season,7,05/11/2017,valencia basket - san pablo burgos,87 - 78,Valencia,55,http://www.acb.com/fichas/LACB62055.php,1L5
6,0,"Abalde, Alberto",15:2,5,1,4,25,1,1,100,0,0,0,2,1,1,1,1,1,0,0,1,0,1,0,11,3,2017-2018,Regular Season,7,05/11/2017,valencia basket - san pablo burgos,87 - 78,Valencia,55,http://www.acb.com/fichas/LACB62055.php,8C4
9,1,"Van Rossom, Sam",25:37,10,2,3,67,2,4,50,0,0,0,6,3,3,6,1,1,1,0,0,0,4,1,3,16,2017-2018,Regular Season,7,05/11/2017,valencia basket - san pablo burgos,87 - 78,Valencia,55,http://www.acb.com/fichas/LACB62055.php,BK4
0,0,"Rudez, Damjan",0,0,0,0,0,0,0,0,0,0,0,0,0,0,0,0,0,0,0,0,0,0,0,0,0,2017-2018,Regular Season,7,05/11/2017,valencia basket - san pablo burgos,87 - 78,Valencia,55,http://www.acb.com/fichas/LACB62055.php,0
14,1,"Dubljevic, Bojan",22:34,12,1,3,33,1,4,25,7,8,88,9,5,4,4,1,2,0,0,1,0,1,6,14,22,2017-2018,Regular Season,7,05/11/2017,valencia basket - san pablo burgos,87 - 78,Valencia,55,http://www.acb.com/fichas/LACB62055.php,217
16,0,"Vives, Guillem",13:3,3,0,0,0,1,1,100,0,0,0,0,0,0,0,0,2,0,0,0,0,4,0,3,-3,2017-2018,Regular Season,7,05/11/2017,valencia basket - san pablo burgos,87 - 78,Valencia,55,http://www.acb.com/fichas/LACB62055.php,BLP
17,0,"Martinez, Rafa",14:11,7,0,1,0,2,4,50,1,1,100,0,0,0,1,0,1,1,0,0,0,0,2,6,6,2017-2018,Regular Season,7,05/11/2017,valencia basket - san pablo burgos,87 - 78,Valencia,55,http://www.acb.com/fichas/LACB62055.php,A3W
19,1,San Emeterio,25:49,10,2,5,40,1,3,33,3,4,75,4,3,1,1,1,2,1,0,2,0,0,3,-2,9,2017-2018,Regular Season,7,05/11/2017,valencia basket - san pablo burgos,87 - 78,Valencia,55,http://www.acb.com/fichas/LACB62055.php,A8T
21,0,"Pleiss, Tibor",17:19,11,3,7,43,0,0,0,5,5,100,8,7,1,1,0,4,0,0,0,2,1,3,-5,14,2017-2018,Regular Season,7,05/11/2017,valencia basket - san pablo burgos,87 - 78,Valencia,55,http://www.acb.com/fichas/LACB62055.php,219
32,1,"Green, Erick",26:20,21,3,8,38,3,6,50,6,6,100,2,1,1,3,1,2,0,0,0,0,1,5,6,21,2017-2018,Regular Season,7,05/11/2017,valencia basket - san pablo burgos,87 - 78,Valencia,55,http://www.acb.com/fichas/LACB62055.php,53P
42,0,"Doornekamp, A.",16:9,6,2,3,67,0,3,0,2,2,100,5,3,2,3,1,1,1,0,0,0,0,1,-3,11,2017-2018,Regular Season,7,05/11/2017,valencia basket - san pablo burgos,87 - 78,Valencia,55,http://www.acb.com/fichas/LACB62055.php,501
0,0,"Hlinason, T.",0,0,0,0,0,0,0,0,0,0,0,0,0,0,0,0,0,0,0,0,0,0,0,0,0,2017-2018,Regular Season,7,05/11/2017,valencia basket - san pablo burgos,87 - 78,Valencia,55,http://www.acb.com/fichas/LACB62055.php,0
0,0,Equipo,0,0,0,0,0,0,0,0,0,0,0,5,2,3,0,0,1,0,0,0,0,0,0,0,4,2017-2018,Regular Season,7,05/11/2017,valencia basket - san pablo burgos,87 - 78,0,55,http://www.acb.com/fichas/LACB62055.php,
0,1,"Fisher, Corey",27:44,14,4,8,50,2,6,33,0,0,0,1,1,0,4,2,1,3,0,0,0,0,5,-2,17,2017-2018,Regular Season,7,05/11/2017,valencia basket - san pablo burgos,87 - 78,Burgos,55,http://www.acb.com/fichas/LACB62055.php,244
5,0,"Schreiner, Thomas",13:14,0,0,3,0,0,0,0,0,0,0,0,0,0,1,1,1,0,0,0,0,1,1,-12,-2,2017-2018,Regular Season,7,05/11/2017,valencia basket - san pablo burgos,87 - 78,Burgos,55,http://www.acb.com/fichas/LACB62055.php,2A3
8,0,"Sedekerskis, Tadas",14:24,4,2,4,50,0,0,0,0,2,0,5,4,1,0,1,0,2,0,0,1,0,2,-3,8,2017-2018,Regular Season,7,05/11/2017,valencia basket - san pablo burgos,87 - 78,Burgos,55,http://www.acb.com/fichas/LACB62055.php,1BG
9,0,"Barrera, Alex",8:37,3,0,2,0,1,4,25,0,0,0,0,0,0,0,0,2,0,0,0,0,2,0,-11,-6,2017-2018,Regular Season,7,05/11/2017,valencia basket - san pablo burgos,87 - 78,Burgos,55,http://www.acb.com/fichas/LACB62055.php,717
10,0,"Vega, Javier",11:3,2,1,1,100,0,1,0,0,0,0,1,1,0,0,0,0,1,0,0,0,0,0,-9,2,2017-2018,Regular Season,7,05/11/2017,valencia basket - san pablo burgos,87 - 78,Burgos,55,http://www.acb.com/fichas/LACB62055.php,BA6
11,0,"Saiz, Sebas",8:8,2,1,5,20,0,0,0,0,0,0,1,0,1,1,0,0,0,0,0,0,2,0,-15,-2,2017-2018,Regular Season,7,05/11/2017,valencia basket - san pablo burgos,87 - 78,Burgos,55,http://www.acb.com/fichas/LACB62055.php,SDS
13,1,"Gailius, Deividas",24:35,17,6,6,100,1,3,33,2,2,100,2,2,0,2,2,1,2,0,0,0,4,1,-5,17,2017-2018,Regular Season,7,05/11/2017,valencia basket - san pablo burgos,87 - 78,Burgos,55,http://www.acb.com/fichas/LACB62055.php,549
15,0,"Martinez, Edu",8:13,3,0,1,0,1,2,50,0,0,0,0,0,0,0,0,0,0,1,0,0,3,0,5,-1,2017-2018,Regular Season,7,05/11/2017,valencia basket - san pablo burgos,87 - 78,Burgos,55,http://www.acb.com/fichas/LACB62055.php,Y7W
0,0,"Dos Anjos, Felipe",0,0,0,0,0,0,0,0,0,0,0,0,0,0,0,0,0,0,0,0,0,0,0,0,0,2017-2018,Regular Season,7,05/11/2017,valencia basket - san pablo burgos,87 - 78,Burgos,55,http://www.acb.com/fichas/LACB62055.php,0
21,1,"Thompson, Deon",28:57,17,6,7,86,1,1,100,2,2,100,3,2,1,1,2,0,0,2,0,0,3,1,0,22,2017-2018,Regular Season,7,05/11/2017,valencia basket - san pablo burgos,87 - 78,Burgos,55,http://www.acb.com/fichas/LACB62055.php,54C
23,1,"Huskic, Goran",31:52,11,4,6,67,1,2,50,0,0,0,4,4,0,2,0,3,0,2,0,0,4,0,6,9,2017-2018,Regular Season,7,05/11/2017,valencia basket - san pablo burgos,87 - 78,Burgos,55,http://www.acb.com/fichas/LACB62055.php,H05
25,1,"Lopez, Alex",23:13,5,1,2,50,1,2,50,0,0,0,5,5,0,2,2,1,2,0,0,0,3,2,1,10,2017-2018,Regular Season,7,05/11/2017,valencia basket - san pablo burgos,87 - 78,Burgos,55,http://www.acb.com/fichas/LACB62055.php,YBF
0,0,Equipo,0,0,0,0,0,0,0,0,0,0,0,2,2,0,0,0,0,0,0,0,0,1,0,0,1,2017-2018,Regular Season,7,05/11/2017,valencia basket - san pablo burgos,87 - 78,0,55,http://www.acb.com/fichas/LACB62055.php,
4,0,"Oliver, Albert",18:49,5,1,2,50,1,1,100,0,0,0,3,3,0,5,2,2,0,0,0,0,1,2,12,13,2017-2018,Regular Season,7,05/11/2017,herbalife gran canaria - montakit fuenlabrada,87 - 65,Gran_Canaria,56,http://www.acb.com/fichas/LACB62056.php,A56
8,0,"Eriksson, Marcus",19:44,10,3,6,50,1,3,33,1,1,100,4,1,3,1,1,0,0,0,0,0,0,0,6,11,2017-2018,Regular Season,7,05/11/2017,herbalife gran canaria - montakit fuenlabrada,87 - 65,Gran_Canaria,56,http://www.acb.com/fichas/LACB62056.php,118
9,1,"Mekel, Gal",21:11,9,4,6,67,0,3,0,1,1,100,1,0,1,3,0,0,0,0,0,0,2,2,10,8,2017-2018,Regular Season,7,05/11/2017,herbalife gran canaria - montakit fuenlabrada,87 - 65,Gran_Canaria,56,http://www.acb.com/fichas/LACB62056.php,53K
11,1,"Seeley, DJ",17:51,8,1,5,20,1,2,50,3,4,75,1,1,0,1,0,1,0,0,0,0,1,2,15,4,2017-2018,Regular Season,7,05/11/2017,herbalife gran canaria - montakit fuenlabrada,87 - 65,Gran_Canaria,56,http://www.acb.com/fichas/LACB62056.php,2IW
12,0,"Balvin, Ondrej",12:33,4,2,4,50,0,0,0,0,0,0,5,3,2,2,0,0,0,3,0,2,2,1,11,11,2017-2018,Regular Season,7,05/11/2017,herbalife gran canaria - montakit fuenlabrada,87 - 65,Gran_Canaria,56,http://www.acb.com/fichas/LACB62056.php,BLE
13,1,"Baez, Eulis",21:37,11,3,3,100,1,2,50,2,2,100,3,1,2,2,0,2,0,0,0,0,1,1,-1,13,2017-2018,Regular Season,7,05/11/2017,herbalife gran canaria - montakit fuenlabrada,87 - 65,Gran_Canaria,56,http://www.acb.com/fichas/LACB62056.php,BIH
14,0,"Pasecniks, Anzejs",20:10,8,2,7,29,0,1,0,4,4,100,6,2,4,0,0,2,0,1,0,0,1,3,15,9,2017-2018,Regular Season,7,05/11/2017,herbalife gran canaria - montakit fuenlabrada,87 - 65,Gran_Canaria,56,http://www.acb.com/fichas/LACB62056.php,FQH
21,1,"Pauli, Oriol",15:3,10,4,5,80,0,2,0,2,2,100,1,1,0,1,1,0,0,0,0,1,2,1,12,9,2017-2018,Regular Season,7,05/11/2017,herbalife gran canaria - montakit fuenlabrada,87 - 65,Gran_Canaria,56,http://www.acb.com/fichas/LACB62056.php,SCE
22,0,"Rabaseda, Xavi",12:29,1,0,3,0,0,1,0,1,4,25,4,3,1,1,1,1,0,0,0,0,3,3,4,-1,2017-2018,Regular Season,7,05/11/2017,herbalife gran canaria - montakit fuenlabrada,87 - 65,Gran_Canaria,56,http://www.acb.com/fichas/LACB62056.php,Y1F
27,1,"McKissic, S.",15:9,6,3,5,60,0,0,0,0,0,0,0,0,0,0,2,2,0,0,0,0,3,2,7,3,2017-2018,Regular Season,7,05/11/2017,herbalife gran canaria - montakit fuenlabrada,87 - 65,Gran_Canaria,56,http://www.acb.com/fichas/LACB62056.php,53D
34,0,"Aguilar, Pablo",16:4,11,2,3,67,2,3,67,1,1,100,7,4,3,2,0,0,0,0,0,0,0,1,24,19,2017-2018,Regular Season,7,05/11/2017,herbalife gran canaria - montakit fuenlabrada,87 - 65,Gran_Canaria,56,http://www.acb.com/fichas/LACB62056.php,Y49
40,0,"Fischer, Luke",9:20,4,2,3,67,0,0,0,0,1,0,3,0,3,0,0,2,0,0,0,0,1,2,-5,4,2017-2018,Regular Season,7,05/11/2017,herbalife gran canaria - montakit fuenlabrada,87 - 65,Gran_Canaria,56,http://www.acb.com/fichas/LACB62056.php,53I
0,0,Equipo,0,0,0,0,0,0,0,0,0,0,0,2,2,0,0,0,0,0,0,0,0,0,0,0,2,2017-2018,Regular Season,7,05/11/2017,herbalife gran canaria - montakit fuenlabrada,87 - 65,0,56,http://www.acb.com/fichas/LACB62056.php,
0,0,"Olaseni, Gabriel",13:48,4,2,4,50,0,0,0,0,0,0,2,1,1,2,0,1,0,0,1,0,4,0,-1,0,2017-2018,Regular Season,7,05/11/2017,herbalife gran canaria - montakit fuenlabrada,87 - 65,Fuenlabrada,56,http://www.acb.com/fichas/LACB62056.php,54F
2,0,"Popovic, Marko",21:53,6,0,1,0,2,6,33,0,0,0,0,0,0,2,2,4,0,0,0,0,4,1,-12,-2,2017-2018,Regular Season,7,05/11/2017,herbalife gran canaria - montakit fuenlabrada,87 - 65,Fuenlabrada,56,http://www.acb.com/fichas/LACB62056.php,B4P
4,1,"O'Leary, Ian",17:56,2,1,5,20,0,1,0,0,0,0,4,4,0,0,2,0,0,0,0,0,0,0,-12,3,2017-2018,Regular Season,7,05/11/2017,herbalife gran canaria - montakit fuenlabrada,87 - 65,Fuenlabrada,56,http://www.acb.com/fichas/LACB62056.php,258
5,1,"Rupnik, Luka",8:16,0,0,1,0,0,0,0,0,0,0,1,1,0,1,0,0,0,0,0,0,2,2,-6,1,2017-2018,Regular Season,7,05/11/2017,herbalife gran canaria - montakit fuenlabrada,87 - 65,Fuenlabrada,56,http://www.acb.com/fichas/LACB62056.php,52N
8,0,"Llorca, Alex",13:27,4,2,3,67,0,0,0,0,0,0,1,1,0,2,0,2,0,0,0,0,1,0,0,3,2017-2018,Regular Season,7,05/11/2017,herbalife gran canaria - montakit fuenlabrada,87 - 65,Fuenlabrada,56,http://www.acb.com/fichas/LACB62056.php,BFV
9,1,"Sekulic, Blagota",24:15,4,2,3,67,0,1,0,0,0,0,3,2,1,1,1,3,0,0,0,0,4,4,-14,4,2017-2018,Regular Season,7,05/11/2017,herbalife gran canaria - montakit fuenlabrada,87 - 65,Fuenlabrada,56,http://www.acb.com/fichas/LACB62056.php,BD8
11,1,"Cruz, Francisco",23:56,13,5,6,83,1,2,50,0,2,0,0,0,0,4,0,3,1,0,1,0,3,2,-10,8,2017-2018,Regular Season,7,05/11/2017,herbalife gran canaria - montakit fuenlabrada,87 - 65,Fuenlabrada,56,http://www.acb.com/fichas/LACB62056.php,516
13,0,"Smits, Rolands",24:1,10,3,6,50,1,2,50,1,2,50,8,6,2,1,0,1,0,0,1,0,1,4,-17,15,2017-2018,Regular Season,7,05/11/2017,herbalife gran canaria - montakit fuenlabrada,87 - 65,Fuenlabrada,56,http://www.acb.com/fichas/LACB62056.php,862
16,0,"Vargas, Gregory",20:35,5,1,1,100,1,1,100,0,0,0,2,2,0,0,0,1,0,0,0,0,2,0,-20,4,2017-2018,Regular Season,7,05/11/2017,herbalife gran canaria - montakit fuenlabrada,87 - 65,Fuenlabrada,56,http://www.acb.com/fichas/LACB62056.php,53Q
19,0,"Llorente, Sergio",5:20,3,0,1,0,1,1,100,0,0,0,0,0,0,0,0,0,0,0,0,0,0,0,4,2,2017-2018,Regular Season,7,05/11/2017,herbalife gran canaria - montakit fuenlabrada,87 - 65,Fuenlabrada,56,http://www.acb.com/fichas/LACB62056.php,721
31,1,"Eyenga, C.",26:33,14,6,11,55,0,2,0,2,4,50,4,3,1,0,1,2,0,0,1,0,0,4,-22,11,2017-2018,Regular Season,7,05/11/2017,herbalife gran canaria - montakit fuenlabrada,87 - 65,Fuenlabrada,56,http://www.acb.com/fichas/LACB62056.php,Y8D
0,0,Equipo,0,0,0,0,0,0,0,0,0,0,0,2,0,2,0,0,2,0,0,0,0,0,0,0,0,2017-2018,Regular Season,7,05/11/2017,herbalife gran canaria - montakit fuenlabrada,87 - 65,0,56,http://www.acb.com/fichas/LACB62056.php,
0,1,"Soko, Ovie",10:10,0,0,2,0,0,4,0,0,0,0,3,3,0,0,1,2,0,0,0,0,3,0,-2,-7,2017-2018,Regular Season,7,05/11/2017,ucam murcia - monbus obradoiro,60 - 62,Murcia,57,http://www.acb.com/fichas/LACB62057.php,50S
3,0,"Urtasun, Alex",17:37,0,0,2,0,0,4,0,0,0,0,4,3,1,0,0,0,0,0,0,0,1,2,-9,-1,2017-2018,Regular Season,7,05/11/2017,ucam murcia - monbus obradoiro,60 - 62,Murcia,57,http://www.acb.com/fichas/LACB62057.php,BA3
5,0,"Martin, Alberto",3:42,0,0,0,0,0,0,0,0,0,0,0,0,0,1,0,0,0,0,0,0,0,0,1,1,2017-2018,Regular Season,7,05/11/2017,ucam murcia - monbus obradoiro,60 - 62,Murcia,57,http://www.acb.com/fichas/LACB62057.php,858
8,0,"Benite, Vitor",24:21,7,1,2,50,1,4,25,2,2,100,2,2,0,2,1,0,0,0,0,0,3,2,11,7,2017-2018,Regular Season,7,05/11/2017,ucam murcia - monbus obradoiro,60 - 62,Murcia,57,http://www.acb.com/fichas/LACB62057.php,FOX
9,0,"Kloof, Charlon",15:47,12,2,5,40,1,3,33,5,6,83,1,0,1,2,0,3,0,1,1,0,3,3,-10,6,2017-2018,Regular Season,7,05/11/2017,ucam murcia - monbus obradoiro,60 - 62,Murcia,57,http://www.acb.com/fichas/LACB62057.php,53N
11,1,"Hannah, Clevin",20:31,9,1,2,50,2,6,33,1,1,100,3,3,0,2,2,2,0,0,0,0,3,2,7,8,2017-2018,Regular Season,7,05/11/2017,ucam murcia - monbus obradoiro,60 - 62,Murcia,57,http://www.acb.com/fichas/LACB62057.php,1LQ
12,1,"Oleson, Brad",23:1,7,0,3,0,1,5,20,4,4,100,3,2,1,1,3,0,0,3,0,0,3,4,1,11,2017-2018,Regular Season,7,05/11/2017,ucam murcia - monbus obradoiro,60 - 62,Murcia,57,http://www.acb.com/fichas/LACB62057.php,BGO
13,0,"Faverani, V.",1:28,0,0,1,0,0,0,0,0,0,0,0,0,0,0,0,0,0,0,1,0,0,0,-3,-2,2017-2018,Regular Season,7,05/11/2017,ucam murcia - monbus obradoiro,60 - 62,Murcia,57,http://www.acb.com/fichas/LACB62057.php,Y2J
16,0,"Delia, Marcos",27:34,11,5,7,71,0,0,0,1,1,100,6,4,2,1,1,1,0,0,0,0,1,2,2,17,2017-2018,Regular Season,7,05/11/2017,ucam murcia - monbus obradoiro,60 - 62,Murcia,57,http://www.acb.com/fichas/LACB62057.php,512
24,1,"Tumba, Kevin",10:58,3,0,2,0,0,0,0,3,4,75,8,5,3,0,0,1,0,2,0,0,0,2,-1,11,2017-2018,Regular Season,7,05/11/2017,ucam murcia - monbus obradoiro,60 - 62,Murcia,57,http://www.acb.com/fichas/LACB62057.php,52W
27,1,"Rojas, Sadiel",21:34,3,0,3,0,1,3,33,0,0,0,3,1,2,0,2,2,0,0,0,0,5,2,-4,-2,2017-2018,Regular Season,7,05/11/2017,ucam murcia - monbus obradoiro,60 - 62,Murcia,57,http://www.acb.com/fichas/LACB62057.php,1L3
33,0,"Lukovic, Marko",23:17,8,1,3,33,2,9,22,0,0,0,3,1,2,1,1,1,0,0,0,1,4,0,-3,-1,2017-2018,Regular Season,7,05/11/2017,ucam murcia - monbus obradoiro,60 - 62,Murcia,57,http://www.acb.com/fichas/LACB62057.php,53R
0,0,Equipo,0,0,0,0,0,0,0,0,0,0,0,4,0,4,0,0,1,0,0,0,0,0,0,0,3,2017-2018,Regular Season,7,05/11/2017,ucam murcia - monbus obradoiro,60 - 62,0,57,http://www.acb.com/fichas/LACB62057.php,
3,1,"Sabat, Albert",16:7,0,0,1,0,0,4,0,0,0,0,2,2,0,3,0,2,0,0,0,0,0,1,-6,-1,2017-2018,Regular Season,7,05/11/2017,ucam murcia - monbus obradoiro,60 - 62,Obradoiro,57,http://www.acb.com/fichas/LACB62057.php,B2J
7,0,"Simons, Benjamin",3:26,0,0,0,0,0,1,0,0,0,0,0,0,0,0,0,0,0,0,0,0,1,0,5,-2,2017-2018,Regular Season,7,05/11/2017,ucam murcia - monbus obradoiro,60 - 62,Obradoiro,57,http://www.acb.com/fichas/LACB62057.php,548
9,1,"Llovet, Nacho",25:0,6,0,0,0,1,1,100,3,6,50,5,5,0,0,0,1,0,0,0,0,3,6,0,10,2017-2018,Regular Season,7,05/11/2017,ucam murcia - monbus obradoiro,60 - 62,Obradoiro,57,http://www.acb.com/fichas/LACB62057.php,Y7O
11,1,"Radovic, Nemanja",26:31,7,3,5,60,0,2,0,1,1,100,7,5,2,0,1,4,0,0,0,0,4,2,-6,5,2017-2018,Regular Season,7,05/11/2017,ucam murcia - monbus obradoiro,60 - 62,Obradoiro,57,http://www.acb.com/fichas/LACB62057.php,H52
13,0,"Pustovyi, Artem",25:5,8,3,6,50,0,0,0,2,4,50,9,8,1,0,2,2,0,2,1,0,2,2,3,13,2017-2018,Regular Season,7,05/11/2017,ucam murcia - monbus obradoiro,60 - 62,Obradoiro,57,http://www.acb.com/fichas/LACB62057.php,FO1
0,0,"Gomez, Rodrigo",0,0,0,0,0,0,0,0,0,0,0,0,0,0,0,0,0,0,0,0,0,0,0,0,0,2017-2018,Regular Season,7,05/11/2017,ucam murcia - monbus obradoiro,60 - 62,Obradoiro,57,http://www.acb.com/fichas/LACB62057.php,0
20,0,"Navarro, David",18:5,4,1,2,50,0,2,0,2,2,100,3,2,1,1,0,0,0,0,0,1,0,1,-1,6,2017-2018,Regular Season,7,05/11/2017,ucam murcia - monbus obradoiro,60 - 62,Obradoiro,57,http://www.acb.com/fichas/LACB62057.php,B8L
21,1,"Thomas, Matt",28:44,17,4,8,50,2,3,67,3,3,100,4,3,1,1,0,3,0,0,2,0,1,6,4,17,2017-2018,Regular Season,7,05/11/2017,ucam murcia - monbus obradoiro,60 - 62,Obradoiro,57,http://www.acb.com/fichas/LACB62057.php,53S
22,1,"Bendzius, Eimantas",21:13,8,2,4,50,1,4,25,1,2,50,2,1,1,0,0,1,0,0,0,1,2,4,0,5,2017-2018,Regular Season,7,05/11/2017,ucam murcia - monbus obradoiro,60 - 62,Obradoiro,57,http://www.acb.com/fichas/LACB62057.php,FO0
0,0,"Corbacho, A.",0,0,0,0,0,0,0,0,0,0,0,0,0,0,0,0,0,0,0,0,0,0,0,0,0,2017-2018,Regular Season,7,05/11/2017,ucam murcia - monbus obradoiro,60 - 62,Obradoiro,57,http://www.acb.com/fichas/LACB62057.php,0
44,0,"Pozas, Pepe",23:51,5,0,4,0,0,3,0,5,6,83,5,5,0,5,2,4,0,0,1,0,2,4,10,6,2017-2018,Regular Season,7,05/11/2017,ucam murcia - monbus obradoiro,60 - 62,Obradoiro,57,http://www.acb.com/fichas/LACB62057.php,750
54,0,"Laksa, Martins",11:58,7,2,3,67,1,3,33,0,0,0,2,2,0,0,0,0,0,0,2,0,4,0,1,0,2017-2018,Regular Season,7,05/11/2017,ucam murcia - monbus obradoiro,60 - 62,Obradoiro,57,http://www.acb.com/fichas/LACB62057.php,53A
0,0,Equipo,0,0,0,0,0,0,0,0,0,0,0,1,0,1,0,0,0,0,0,0,0,0,0,0,1,2017-2018,Regular Season,7,05/11/2017,ucam murcia - monbus obradoiro,60 - 62,0,57,http://www.acb.com/fichas/LACB62057.php,
0,0,"Triguero, J.",0,0,0,0,0,0,0,0,0,0,0,0,0,0,0,0,0,0,0,0,0,0,0,0,0,2017-2018,Regular Season,7,05/11/2017,tecnyconta zaragoza - delteco gbc,97 - 73,Zaragoza,58,http://www.acb.com/fichas/LACB62058.php,0
7,1,"Barreiro, J.",14:43,3,0,1,0,1,3,33,0,0,0,2,2,0,3,0,1,0,0,1,0,1,1,8,3,2017-2018,Regular Season,7,05/11/2017,tecnyconta zaragoza - delteco gbc,97 - 73,Zaragoza,58,http://www.acb.com/fichas/LACB62058.php,XEU
9,1,"Dragovic, Nikola",19:51,15,3,5,60,3,6,50,0,0,0,8,5,3,1,1,1,0,0,0,1,1,0,5,18,2017-2018,Regular Season,7,05/11/2017,tecnyconta zaragoza - delteco gbc,97 - 73,Zaragoza,58,http://www.acb.com/fichas/LACB62058.php,542
10,0,"Garcia, Sergi",18:25,12,3,5,60,2,4,50,0,0,0,3,3,0,4,2,0,1,0,0,0,0,1,6,18,2017-2018,Regular Season,7,05/11/2017,tecnyconta zaragoza - delteco gbc,97 - 73,Zaragoza,58,http://www.acb.com/fichas/LACB62058.php,276
11,1,"Bellas, Tomas",28:44,9,0,5,0,3,5,60,0,0,0,3,2,1,2,1,1,1,0,0,0,1,5,20,11,2017-2018,Regular Season,7,05/11/2017,tecnyconta zaragoza - delteco gbc,97 - 73,Zaragoza,58,http://www.acb.com/fichas/LACB62058.php,YEF
13,1,"Neal, Gary",25:6,14,5,10,50,0,2,0,4,4,100,1,1,0,4,0,1,3,0,1,0,3,4,19,11,2017-2018,Regular Season,7,05/11/2017,tecnyconta zaragoza - delteco gbc,97 - 73,Zaragoza,58,http://www.acb.com/fichas/LACB62058.php,BFB
14,0,"Mazalin, Lovro",2:32,2,1,1,100,0,1,0,0,0,0,0,0,0,0,0,1,0,0,0,0,0,0,1,0,2017-2018,Regular Season,7,05/11/2017,tecnyconta zaragoza - delteco gbc,97 - 73,Zaragoza,58,http://www.acb.com/fichas/LACB62058.php,53C
24,0,"Michalak, Michal",10:11,8,1,2,50,2,4,50,0,0,0,3,1,2,1,2,0,0,0,0,0,2,0,1,9,2017-2018,Regular Season,7,05/11/2017,tecnyconta zaragoza - delteco gbc,97 - 73,Zaragoza,58,http://www.acb.com/fichas/LACB62058.php,53M
27,0,"De Jong, Nicolas",18:8,8,3,4,75,0,1,0,2,2,100,6,2,4,0,0,1,0,2,0,0,4,3,15,12,2017-2018,Regular Season,7,05/11/2017,tecnyconta zaragoza - delteco gbc,97 - 73,Zaragoza,58,http://www.acb.com/fichas/LACB62058.php,54I
32,1,"Varnado, Jarvis",21:52,9,3,5,60,0,0,0,3,4,75,6,3,3,2,0,0,0,2,0,1,1,3,9,18,2017-2018,Regular Season,7,05/11/2017,tecnyconta zaragoza - delteco gbc,97 - 73,Zaragoza,58,http://www.acb.com/fichas/LACB62058.php,544
33,0,"Suarez, Alex",17:37,11,1,2,50,3,6,50,0,0,0,3,1,2,0,1,0,0,0,0,0,2,1,18,10,2017-2018,Regular Season,7,05/11/2017,tecnyconta zaragoza - delteco gbc,97 - 73,Zaragoza,58,http://www.acb.com/fichas/LACB62058.php,BLI
45,0,"Blums, Janis",22:51,6,0,2,0,2,5,40,0,0,0,4,4,0,3,0,0,2,0,0,0,1,1,18,8,2017-2018,Regular Season,7,05/11/2017,tecnyconta zaragoza - delteco gbc,97 - 73,Zaragoza,58,http://www.acb.com/fichas/LACB62058.php,BG3
0,0,Equipo,0,0,0,0,0,0,0,0,0,0,0,2,1,1,0,0,0,0,0,0,0,0,0,0,2,2017-2018,Regular Season,7,05/11/2017,tecnyconta zaragoza - delteco gbc,97 - 73,0,58,http://www.acb.com/fichas/LACB62058.php,
1,0,"Agbelese, Danny",20:55,6,3,4,75,0,0,0,0,0,0,5,4,1,0,0,3,0,0,0,1,4,0,-14,3,2017-2018,Regular Season,7,05/11/2017,tecnyconta zaragoza - delteco gbc,97 - 73,Guipuzcoa,58,http://www.acb.com/fichas/LACB62058.php,D03
3,0,"Chery, Kenny",27:16,12,4,9,44,1,3,33,1,2,50,5,4,1,4,0,0,4,0,1,0,4,2,-13,10,2017-2018,Regular Season,7,05/11/2017,tecnyconta zaragoza - delteco gbc,97 - 73,Guipuzcoa,58,http://www.acb.com/fichas/LACB62058.php,51A
4,0,"Van Lacke, Fede",23:37,9,3,5,60,0,3,0,3,4,75,3,1,2,0,1,1,1,0,0,0,0,3,-20,9,2017-2018,Regular Season,7,05/11/2017,tecnyconta zaragoza - delteco gbc,97 - 73,Guipuzcoa,58,http://www.acb.com/fichas/LACB62058.php,B3K
5,1,"Perez, Daniel",17:44,2,1,3,33,0,0,0,0,0,0,2,0,2,0,0,1,0,0,0,0,2,0,-17,-1,2017-2018,Regular Season,7,05/11/2017,tecnyconta zaragoza - delteco gbc,97 - 73,Guipuzcoa,58,http://www.acb.com/fichas/LACB62058.php,Y84
7,0,"Oroz, Xabi",11:34,5,2,3,67,0,1,0,1,1,100,2,2,0,2,0,2,0,0,0,0,0,1,6,6,2017-2018,Regular Season,7,05/11/2017,tecnyconta zaragoza - delteco gbc,97 - 73,Guipuzcoa,58,http://www.acb.com/fichas/LACB62058.php,XDP
10,1,"Salvo, Miquel",25:36,7,3,6,50,0,1,0,1,2,50,1,1,0,0,1,1,0,0,0,0,1,2,-12,4,2017-2018,Regular Season,7,05/11/2017,tecnyconta zaragoza - delteco gbc,97 - 73,Guipuzcoa,58,http://www.acb.com/fichas/LACB62058.php,545
11,0,"Pardina, Joan",4:18,0,0,0,0,0,1,0,0,0,0,0,0,0,0,0,0,0,0,0,0,0,0,-2,-1,2017-2018,Regular Season,7,05/11/2017,tecnyconta zaragoza - delteco gbc,97 - 73,Guipuzcoa,58,http://www.acb.com/fichas/LACB62058.php,782
17,1,"Fakuade, Michael",12:5,3,1,5,20,0,1,0,1,2,50,3,2,1,0,0,3,0,1,2,0,1,1,-6,-4,2017-2018,Regular Season,7,05/11/2017,tecnyconta zaragoza - delteco gbc,97 - 73,Guipuzcoa,58,http://www.acb.com/fichas/LACB62058.php,54P
44,1,"Swing, Jordan",19:13,17,2,9,22,3,3,100,4,6,67,3,1,2,1,0,2,1,0,1,0,3,4,-20,10,2017-2018,Regular Season,7,05/11/2017,tecnyconta zaragoza - delteco gbc,97 - 73,Guipuzcoa,58,http://www.acb.com/fichas/LACB62058.php,D07
64,1,"Norel, Henk",25:11,10,4,5,80,0,0,0,2,2,100,10,6,4,3,0,1,0,1,0,0,2,2,-15,22,2017-2018,Regular Season,7,05/11/2017,tecnyconta zaragoza - delteco gbc,97 - 73,Guipuzcoa,58,http://www.acb.com/fichas/LACB62058.php,BA0
88,0,"Clark, Daniel",12:31,2,1,3,33,0,2,0,0,0,0,2,1,1,2,0,0,0,0,0,0,2,1,-7,1,2017-2018,Regular Season,7,05/11/2017,tecnyconta zaragoza - delteco gbc,97 - 73,Guipuzcoa,58,http://www.acb.com/fichas/LACB62058.php,BB8
0,0,Equipo,0,0,0,0,0,0,0,0,0,0,0,3,1,2,0,0,0,0,0,0,0,0,0,0,3,2017-2018,Regular Season,7,05/11/2017,tecnyconta zaragoza - delteco gbc,97 - 73,0,58,http://www.acb.com/fichas/LACB62058.php,
0,1,"San Miguel, R.",25:18,10,2,3,67,2,5,40,0,0,0,2,1,1,2,0,2,0,0,0,0,0,1,3,9,2017-2018,Regular Season,7,04/11/2017,iberostar tenerife - real madrid,74 - 84,Tenerife,59,http://www.acb.com/fichas/LACB62059.php,B86
5,1,"Richotti, Nicolas",25:48,10,1,3,33,2,3,67,2,2,100,2,2,0,2,0,3,0,0,0,0,3,3,0,8,2017-2018,Regular Season,7,04/11/2017,iberostar tenerife - real madrid,74 - 84,Tenerife,59,http://www.acb.com/fichas/LACB62059.php,T78
0,0,"Niang, Mamadou",0,0,0,0,0,0,0,0,0,0,0,0,0,0,0,0,0,0,0,0,0,0,0,0,0,2017-2018,Regular Season,7,04/11/2017,iberostar tenerife - real madrid,74 - 84,Tenerife,59,http://www.acb.com/fichas/LACB62059.php,0
13,1,"Tobey, Mike",20:49,12,5,6,83,0,1,0,2,2,100,6,4,2,3,0,2,1,0,0,2,4,1,3,14,2017-2018,Regular Season,7,04/11/2017,iberostar tenerife - real madrid,74 - 84,Tenerife,59,http://www.acb.com/fichas/LACB62059.php,530
0,0,"Bonde Sturup, Mads",0,0,0,0,0,0,0,0,0,0,0,0,0,0,0,0,0,0,0,0,0,0,0,0,0,2017-2018,Regular Season,7,04/11/2017,iberostar tenerife - real madrid,74 - 84,Tenerife,59,http://www.acb.com/fichas/LACB62059.php,0
17,0,"Vazquez, Fran",18:49,4,2,7,29,0,0,0,0,0,0,2,2,0,1,0,0,0,2,0,0,3,1,-15,2,2017-2018,Regular Season,7,04/11/2017,iberostar tenerife - real madrid,74 - 84,Tenerife,59,http://www.acb.com/fichas/LACB62059.php,A9S
20,1,"Ponitka, Mateusz",24:27,10,3,4,75,0,2,0,4,6,67,4,2,2,1,0,2,0,0,0,0,0,5,-2,13,2017-2018,Regular Season,7,04/11/2017,iberostar tenerife - real madrid,74 - 84,Tenerife,59,http://www.acb.com/fichas/LACB62059.php,53W
21,1,"Abromaitis, Tim",18:22,12,3,5,60,2,2,100,0,0,0,2,2,0,0,2,0,0,0,0,0,3,1,0,12,2017-2018,Regular Season,7,04/11/2017,iberostar tenerife - real madrid,74 - 84,Tenerife,59,http://www.acb.com/fichas/LACB62059.php,FOI
0,0,"Vrabac, Adin",0,0,0,0,0,0,0,0,0,0,0,0,0,0,0,0,0,0,0,0,0,0,0,0,0,2017-2018,Regular Season,7,04/11/2017,iberostar tenerife - real madrid,74 - 84,Tenerife,59,http://www.acb.com/fichas/LACB62059.php,0
25,0,"Allen, Rosco",18:47,5,1,1,100,1,1,100,0,0,0,6,3,3,1,0,1,0,0,0,0,1,0,-10,10,2017-2018,Regular Season,7,04/11/2017,iberostar tenerife - real madrid,74 - 84,Tenerife,59,http://www.acb.com/fichas/LACB62059.php,50I
33,0,"Beiran, Javier",25:52,5,1,3,33,1,2,50,0,0,0,4,3,1,2,0,1,0,0,0,0,0,3,-18,10,2017-2018,Regular Season,7,04/11/2017,iberostar tenerife - real madrid,74 - 84,Tenerife,59,http://www.acb.com/fichas/LACB62059.php,BB2
34,0,"White, Davin",21:48,6,2,3,67,0,5,0,2,2,100,2,2,0,0,0,2,0,0,0,0,4,2,-11,-2,2017-2018,Regular Season,7,04/11/2017,iberostar tenerife - real madrid,74 - 84,Tenerife,59,http://www.acb.com/fichas/LACB62059.php,2B8
0,0,Equipo,0,0,0,0,0,0,0,0,0,0,0,2,1,1,0,0,1,0,0,0,0,0,0,0,1,2017-2018,Regular Season,7,04/11/2017,iberostar tenerife - real madrid,74 - 84,0,59,http://www.acb.com/fichas/LACB62059.php,
1,1,"Causeur, Fabien",25:53,15,2,3,67,3,6,50,2,2,100,0,0,0,2,0,0,2,0,0,0,2,3,7,14,2017-2018,Regular Season,7,04/11/2017,iberostar tenerife - real madrid,74 - 84,Real_Madrid,59,http://www.acb.com/fichas/LACB62059.php,218
2,0,"Randle, Chasson",10:0,5,1,1,100,1,1,100,0,0,0,0,0,0,1,0,0,0,0,0,0,1,0,5,5,2017-2018,Regular Season,7,04/11/2017,iberostar tenerife - real madrid,74 - 84,Real_Madrid,59,http://www.acb.com/fichas/LACB62059.php,566
3,1,"Randolph, A.",31:7,11,4,7,57,1,5,20,0,0,0,3,3,0,0,1,0,1,0,1,1,4,2,5,5,2017-2018,Regular Season,7,04/11/2017,iberostar tenerife - real madrid,74 - 84,Real_Madrid,59,http://www.acb.com/fichas/LACB62059.php,507
0,0,"Fernandez, Rudy",0,0,0,0,0,0,0,0,0,0,0,0,0,0,0,0,0,0,0,0,0,0,0,0,0,2017-2018,Regular Season,7,04/11/2017,iberostar tenerife - real madrid,74 - 84,Real_Madrid,59,http://www.acb.com/fichas/LACB62059.php,0
6,0,"Radoncic, Dino",8:10,0,0,0,0,0,1,0,0,0,0,1,1,0,0,1,0,0,0,0,0,2,1,6,0,2017-2018,Regular Season,7,04/11/2017,iberostar tenerife - real madrid,74 - 84,Real_Madrid,59,http://www.acb.com/fichas/LACB62059.php,FQI
7,0,"Doncic, Luka",21:55,11,3,6,50,1,5,20,2,2,100,4,3,1,2,1,0,0,0,1,0,0,2,6,12,2017-2018,Regular Season,7,04/11/2017,iberostar tenerife - real madrid,74 - 84,Real_Madrid,59,http://www.acb.com/fichas/LACB62059.php,460
9,0,"Reyes, Felipe",26:52,18,5,6,83,0,1,0,8,10,80,7,4,3,2,1,0,0,0,0,0,2,4,15,26,2017-2018,Regular Season,7,04/11/2017,iberostar tenerife - real madrid,74 - 84,Real_Madrid,59,http://www.acb.com/fichas/LACB62059.php,A1M
11,1,"Campazzo, Facu",30:34,10,4,5,80,0,3,0,2,2,100,3,3,0,8,3,1,1,0,0,0,1,2,5,20,2017-2018,Regular Season,7,04/11/2017,iberostar tenerife - real madrid,74 - 84,Real_Madrid,59,http://www.acb.com/fichas/LACB62059.php,1LU
14,1,"Ayon, Gustavo",6:58,2,1,3,33,0,0,0,0,0,0,2,2,0,0,1,1,0,0,0,1,2,1,-3,1,2017-2018,Regular Season,7,04/11/2017,iberostar tenerife - real madrid,74 - 84,Real_Madrid,59,http://www.acb.com/fichas/LACB62059.php,113
16,0,"Yusta, Santiago",0:13,0,0,0,0,0,0,0,0,0,0,0,0,0,0,0,0,0,0,0,0,0,0,-2,0,2017-2018,Regular Season,7,04/11/2017,iberostar tenerife - real madrid,74 - 84,Real_Madrid,59,http://www.acb.com/fichas/LACB62059.php,1E4
20,0,"Carroll, Jaycee",14:18,9,3,4,75,1,3,33,0,0,0,2,0,2,0,0,0,1,0,0,0,1,2,1,9,2017-2018,Regular Season,7,04/11/2017,iberostar tenerife - real madrid,74 - 84,Real_Madrid,59,http://www.acb.com/fichas/LACB62059.php,BGZ
44,1,"Taylor, Jeffery",24:0,3,0,1,0,1,3,33,0,0,0,2,1,1,0,2,1,0,0,0,0,2,1,5,2,2017-2018,Regular Season,7,04/11/2017,iberostar tenerife - real madrid,74 - 84,Real_Madrid,59,http://www.acb.com/fichas/LACB62059.php,FQ3
0,0,Equipo,0,0,0,0,0,0,0,0,0,0,0,2,1,1,0,0,2,0,0,0,0,0,0,0,0,2017-2018,Regular Season,7,04/11/2017,iberostar tenerife - real madrid,74 - 84,0,59,http://www.acb.com/fichas/LACB62059.php,
0,0,"Okouo, Viny",0,0,0,0,0,0,0,0,0,0,0,0,0,0,0,0,0,0,0,0,0,0,0,0,0,2017-2018,Regular Season,7,05/11/2017,unicaja - baskonia,72 - 73,Unicaja,60,http://www.acb.com/fichas/LACB62060.php,0
3,0,"McCallum, Ray",25:12,10,4,7,57,0,4,0,2,4,50,3,2,1,4,0,0,0,0,1,1,3,2,2,6,2017-2018,Regular Season,7,05/11/2017,unicaja - baskonia,72 - 73,Unicaja,60,http://www.acb.com/fichas/LACB62060.php,540
9,1,"Diaz, Alberto",14:48,0,0,0,0,0,2,0,0,0,0,2,2,0,0,1,0,0,0,0,0,1,1,-3,1,2017-2018,Regular Season,7,05/11/2017,unicaja - baskonia,72 - 73,Unicaja,60,http://www.acb.com/fichas/LACB62060.php,SHG
10,0,"Salin, Sasu",11:8,3,0,0,0,1,3,33,0,0,0,2,2,0,2,0,1,0,0,0,0,1,0,-2,3,2017-2018,Regular Season,7,05/11/2017,unicaja - baskonia,72 - 73,Unicaja,60,http://www.acb.com/fichas/LACB62060.php,2IR
11,0,"Diez, Daniel",15:58,5,1,5,20,0,0,0,3,4,75,5,3,2,1,1,0,0,0,0,0,0,2,-3,9,2017-2018,Regular Season,7,05/11/2017,unicaja - baskonia,72 - 73,Unicaja,60,http://www.acb.com/fichas/LACB62060.php,BLO
12,1,"Milosavljevic, D.",12:58,0,0,1,0,0,1,0,0,0,0,1,1,0,0,0,1,0,0,0,0,1,1,-5,-2,2017-2018,Regular Season,7,05/11/2017,unicaja - baskonia,72 - 73,Unicaja,60,http://www.acb.com/fichas/LACB62060.php,53F
16,1,"Nedovic, Nemanja",28:52,12,1,7,14,2,10,20,4,6,67,1,1,0,3,2,2,0,0,0,0,1,8,1,7,2017-2018,Regular Season,7,05/11/2017,unicaja - baskonia,72 - 73,Unicaja,60,http://www.acb.com/fichas/LACB62060.php,2FY
17,1,"Shermadini, Giorgi",19:49,10,5,6,83,0,0,0,0,0,0,10,4,6,2,1,0,0,2,0,1,1,1,-6,24,2017-2018,Regular Season,7,05/11/2017,unicaja - baskonia,72 - 73,Unicaja,60,http://www.acb.com/fichas/LACB62060.php,H18
21,0,"Waczynski, Adam",11:4,9,0,0,0,2,3,67,3,4,75,1,0,1,0,0,0,2,0,0,0,3,3,7,8,2017-2018,Regular Season,7,05/11/2017,unicaja - baskonia,72 - 73,Unicaja,60,http://www.acb.com/fichas/LACB62060.php,1KW
23,1,"Brooks, Jeff",16:37,11,4,8,50,1,1,100,0,0,0,1,0,1,0,0,1,1,0,0,0,4,2,10,5,2017-2018,Regular Season,7,05/11/2017,unicaja - baskonia,72 - 73,Unicaja,60,http://www.acb.com/fichas/LACB62060.php,505
40,0,"Augustine, James",21:50,2,1,3,33,0,0,0,0,0,0,7,2,5,3,0,1,0,0,0,0,3,1,4,7,2017-2018,Regular Season,7,05/11/2017,unicaja - baskonia,72 - 73,Unicaja,60,http://www.acb.com/fichas/LACB62060.php,BGJ
43,0,"Suarez, Carlos",21:44,10,1,1,100,2,6,33,2,2,100,4,1,3,1,1,1,0,0,0,0,1,2,-10,12,2017-2018,Regular Season,7,05/11/2017,unicaja - baskonia,72 - 73,Unicaja,60,http://www.acb.com/fichas/LACB62060.php,B79
0,0,Equipo,0,0,0,0,0,0,0,0,0,0,0,4,2,2,0,0,2,0,0,0,0,0,0,0,2,2017-2018,Regular Season,7,05/11/2017,unicaja - baskonia,72 - 73,0,60,http://www.acb.com/fichas/LACB62060.php,
0,0,"Vildoza, Luca",0,0,0,0,0,0,0,0,0,0,0,0,0,0,0,0,0,0,0,0,0,0,0,0,0,2017-2018,Regular Season,7,05/11/2017,unicaja - baskonia,72 - 73,Baskonia,60,http://www.acb.com/fichas/LACB62060.php,0
6,0,"Timma, Janis",24:1,12,1,3,33,3,4,75,1,2,50,3,2,1,2,1,0,1,0,0,0,2,3,-3,15,2017-2018,Regular Season,7,05/11/2017,unicaja - baskonia,72 - 73,Baskonia,60,http://www.acb.com/fichas/LACB62060.php,536
7,0,"Voigtmann, J.",25:26,9,3,3,100,1,2,50,0,0,0,12,8,4,1,0,0,0,0,0,1,3,1,-4,19,2017-2018,Regular Season,7,05/11/2017,unicaja - baskonia,72 - 73,Baskonia,60,http://www.acb.com/fichas/LACB62060.php,500
8,0,"Malmanis, Rinalds",11:52,0,0,2,0,0,1,0,0,0,0,1,1,0,1,0,0,0,0,0,0,2,0,-3,-3,2017-2018,Regular Season,7,05/11/2017,unicaja - baskonia,72 - 73,Baskonia,60,http://www.acb.com/fichas/LACB62060.php,802
9,0,"Huertas, M.",13:43,2,1,1,100,0,2,0,0,0,0,1,1,0,4,0,0,0,0,0,0,0,1,1,6,2017-2018,Regular Season,7,05/11/2017,unicaja - baskonia,72 - 73,Baskonia,60,http://www.acb.com/fichas/LACB62060.php,B72
10,1,"Beaubois, Rodrigue",23:27,15,2,5,40,3,6,50,2,2,100,1,0,1,3,1,1,2,0,0,0,2,2,-8,13,2017-2018,Regular Season,7,05/11/2017,unicaja - baskonia,72 - 73,Baskonia,60,http://www.acb.com/fichas/LACB62060.php,50C
11,0,"Janning, Matt",25:5,7,2,5,40,1,3,33,0,0,0,2,2,0,2,1,1,0,0,0,0,3,0,5,3,2017-2018,Regular Season,7,05/11/2017,unicaja - baskonia,72 - 73,Baskonia,60,http://www.acb.com/fichas/LACB62060.php,55A
12,0,"Diop, Ilimane",5:6,2,1,2,50,0,0,0,0,0,0,3,2,1,0,0,2,0,0,0,1,1,2,-1,3,2017-2018,Regular Season,7,05/11/2017,unicaja - baskonia,72 - 73,Baskonia,60,http://www.acb.com/fichas/LACB62060.php,800
15,1,"Granger, Jayson",26:17,6,1,5,20,1,5,20,1,2,50,3,3,0,3,1,2,0,0,1,0,1,3,0,3,2017-2018,Regular Season,7,05/11/2017,unicaja - baskonia,72 - 73,Baskonia,60,http://www.acb.com/fichas/LACB62060.php,Y6K
17,1,"Poirier, Vincent",9:28,5,2,2,100,0,0,0,1,2,50,4,2,2,0,0,0,0,0,0,1,4,1,6,5,2017-2018,Regular Season,7,05/11/2017,unicaja - baskonia,72 - 73,Baskonia,60,http://www.acb.com/fichas/LACB62060.php,539
23,1,"Shengelia, T.",28:8,15,5,9,56,0,1,0,5,5,100,5,1,4,0,0,5,1,1,1,0,3,5,4,12,2017-2018,Regular Season,7,05/11/2017,unicaja - baskonia,72 - 73,Baskonia,60,http://www.acb.com/fichas/LACB62060.php,105
29,1,"Garino, Patricio",7:27,0,0,1,0,0,0,0,0,0,0,0,0,0,0,0,0,0,0,0,0,2,1,8,-2,2017-2018,Regular Season,7,05/11/2017,unicaja - baskonia,72 - 73,Baskonia,60,http://www.acb.com/fichas/LACB62060.php,54M
0,0,Equipo,0,0,0,0,0,0,0,0,0,0,0,4,3,1,0,0,1,0,0,0,0,0,0,0,3,2017-2018,Regular Season,7,05/11/2017,unicaja - baskonia,72 - 73,0,60,http://www.acb.com/fichas/LACB62060.php,
5,0,"Fischer, Ricardo",21:5,12,2,3,67,2,7,29,2,2,100,2,2,0,4,0,3,0,0,0,0,1,3,3,11,2017-2018,Regular Season,7,05/11/2017,retabet bilbao basket - fc barcelona lassa,83 - 104,Bilbao,61,http://www.acb.com/fichas/LACB62061.php,53G
9,1,"Tabu, Jonathan",10:28,0,0,1,0,0,2,0,0,0,0,1,0,1,4,1,0,0,0,0,0,1,2,-16,4,2017-2018,Regular Season,7,05/11/2017,retabet bilbao basket - fc barcelona lassa,83 - 104,Bilbao,61,http://www.acb.com/fichas/LACB62061.php,H09
11,0,"Hammink, Shane",14:31,1,0,0,0,0,0,0,1,2,50,1,0,1,0,0,0,0,0,0,0,3,1,-14,-1,2017-2018,Regular Season,7,05/11/2017,retabet bilbao basket - fc barcelona lassa,83 - 104,Bilbao,61,http://www.acb.com/fichas/LACB62061.php,53H
12,0,"Redivo, Lucio",19:50,18,7,9,78,1,4,25,1,3,33,2,2,0,0,0,0,1,0,0,0,4,3,2,12,2017-2018,Regular Season,7,05/11/2017,retabet bilbao basket - fc barcelona lassa,83 - 104,Bilbao,61,http://www.acb.com/fichas/LACB62061.php,538
14,0,"Salgado, Javier",7:34,4,1,1,100,0,2,0,2,2,100,1,1,0,2,0,0,0,0,0,0,0,2,-5,7,2017-2018,Regular Season,7,05/11/2017,retabet bilbao basket - fc barcelona lassa,83 - 104,Bilbao,61,http://www.acb.com/fichas/LACB62061.php,B1R
15,0,"Mumbru, Alex",22:28,16,4,4,100,2,5,40,2,2,100,5,5,0,3,0,2,0,0,0,0,5,4,9,18,2017-2018,Regular Season,7,05/11/2017,retabet bilbao basket - fc barcelona lassa,83 - 104,Bilbao,61,http://www.acb.com/fichas/LACB62061.php,A46
17,1,"Hervelle, Axel",23:41,6,0,2,0,2,2,100,0,0,0,1,0,1,1,1,3,0,0,0,0,3,1,-29,2,2017-2018,Regular Season,7,05/11/2017,retabet bilbao basket - fc barcelona lassa,83 - 104,Bilbao,61,http://www.acb.com/fichas/LACB62061.php,B6Q
18,1,"Kempton, Tim",3:54,2,1,1,100,0,0,0,0,0,0,0,0,0,0,0,0,0,0,0,0,1,0,-12,1,2017-2018,Regular Season,7,05/11/2017,retabet bilbao basket - fc barcelona lassa,83 - 104,Bilbao,61,http://www.acb.com/fichas/LACB62061.php,53B
19,1,"Tomas, Pere",19:54,9,2,2,100,1,3,33,2,2,100,2,1,1,0,1,0,0,0,0,0,2,3,-16,11,2017-2018,Regular Season,7,05/11/2017,retabet bilbao basket - fc barcelona lassa,83 - 104,Bilbao,61,http://www.acb.com/fichas/LACB62061.php,Y3V
20,1,"Todorovic, Dejan",26:38,11,1,5,20,3,7,43,0,0,0,5,4,1,0,0,6,0,0,0,0,0,1,-17,3,2017-2018,Regular Season,7,05/11/2017,retabet bilbao basket - fc barcelona lassa,83 - 104,Bilbao,61,http://www.acb.com/fichas/LACB62061.php,10D
22,0,"Vucetic, Vasilije",15:42,2,1,3,33,0,0,0,0,0,0,2,0,2,1,0,1,0,0,0,0,1,1,-6,2,2017-2018,Regular Season,7,05/11/2017,retabet bilbao basket - fc barcelona lassa,83 - 104,Bilbao,61,http://www.acb.com/fichas/LACB62061.php,51G
32,0,"Gladness, Mickell",14:15,2,1,1,100,0,0,0,0,0,0,1,1,0,0,0,1,0,0,0,0,0,0,-4,2,2017-2018,Regular Season,7,05/11/2017,retabet bilbao basket - fc barcelona lassa,83 - 104,Bilbao,61,http://www.acb.com/fichas/LACB62061.php,55D
0,0,Equipo,0,0,0,0,0,0,0,0,0,0,0,5,3,2,0,0,0,0,0,0,0,0,0,0,5,2017-2018,Regular Season,7,05/11/2017,retabet bilbao basket - fc barcelona lassa,83 - 104,0,61,http://www.acb.com/fichas/LACB62061.php,
1,1,"Seraphin, Kevin",15:39,14,6,6,100,0,0,0,2,3,67,1,1,0,2,0,1,0,0,0,2,1,2,22,16,2017-2018,Regular Season,7,05/11/2017,retabet bilbao basket - fc barcelona lassa,83 - 104,FC_Barcelona,61,http://www.acb.com/fichas/LACB62061.php,164
5,0,"Ribas, Pau",10:41,3,0,0,0,1,2,50,0,0,0,1,1,0,2,0,0,0,0,0,0,1,0,-1,4,2017-2018,Regular Season,7,05/11/2017,retabet bilbao basket - fc barcelona lassa,83 - 104,FC_Barcelona,61,http://www.acb.com/fichas/LACB62061.php,AF1
8,0,"Pressey, Phil",15:55,10,3,3,100,1,4,25,1,2,50,0,0,0,2,5,5,1,0,0,0,3,2,1,7,2017-2018,Regular Season,7,05/11/2017,retabet bilbao basket - fc barcelona lassa,83 - 104,FC_Barcelona,61,http://www.acb.com/fichas/LACB62061.php,53X
9,1,"Hanga, Adam",25:12,15,3,4,75,3,5,60,0,0,0,2,2,0,1,0,1,0,0,0,3,0,0,16,14,2017-2018,Regular Season,7,05/11/2017,retabet bilbao basket - fc barcelona lassa,83 - 104,FC_Barcelona,61,http://www.acb.com/fichas/LACB62061.php,125
11,0,"Navarro, J.C.",15:36,12,1,4,25,3,5,60,1,1,100,1,1,0,2,0,1,0,0,0,0,4,0,8,5,2017-2018,Regular Season,7,05/11/2017,retabet bilbao basket - fc barcelona lassa,83 - 104,FC_Barcelona,61,http://www.acb.com/fichas/LACB62061.php,A62
13,1,"Heurtel, Thomas",24:22,13,4,6,67,1,2,50,2,2,100,2,2,0,10,1,2,0,0,0,0,1,3,20,23,2017-2018,Regular Season,7,05/11/2017,retabet bilbao basket - fc barcelona lassa,83 - 104,FC_Barcelona,61,http://www.acb.com/fichas/LACB62061.php,BJP
18,0,"Oriola, Pierre",9:18,4,2,2,100,0,0,0,0,2,0,1,1,0,0,0,1,0,0,0,0,2,2,4,2,2017-2018,Regular Season,7,05/11/2017,retabet bilbao basket - fc barcelona lassa,83 - 104,FC_Barcelona,61,http://www.acb.com/fichas/LACB62061.php,BIQ
21,0,"Sanders, Rakim",15:3,8,0,0,0,1,1,100,5,9,56,1,1,0,1,1,2,0,0,0,0,2,4,6,7,2017-2018,Regular Season,7,05/11/2017,retabet bilbao basket - fc barcelona lassa,83 - 104,FC_Barcelona,61,http://www.acb.com/fichas/LACB62061.php,53Z
25,1,"Koponen, Petteri",13:21,3,0,2,0,1,2,50,0,0,0,0,0,0,0,1,0,0,0,0,0,0,1,13,2,2017-2018,Regular Season,7,05/11/2017,retabet bilbao basket - fc barcelona lassa,83 - 104,FC_Barcelona,61,http://www.acb.com/fichas/LACB62061.php,517
30,0,"Claver, Victor",14:5,4,2,2,100,0,1,0,0,0,0,3,3,0,0,0,1,0,0,0,0,3,2,-3,4,2017-2018,Regular Season,7,05/11/2017,retabet bilbao basket - fc barcelona lassa,83 - 104,FC_Barcelona,61,http://www.acb.com/fichas/LACB62061.php,BAZ
44,0,"Tomic, Ante",18:25,6,3,5,60,0,0,0,0,0,0,8,4,4,2,0,1,0,0,0,2,2,1,2,12,2017-2018,Regular Season,7,05/11/2017,retabet bilbao basket - fc barcelona lassa,83 - 104,FC_Barcelona,61,http://www.acb.com/fichas/LACB62061.php,BIY
45,1,"Moerman, Adrien",22:23,12,1,1,100,3,3,100,1,2,50,3,3,0,0,0,2,0,0,0,0,2,3,17,13,2017-2018,Regular Season,7,05/11/2017,retabet bilbao basket - fc barcelona lassa,83 - 104,FC_Barcelona,61,http://www.acb.com/fichas/LACB62061.php,216
0,0,Equipo,0,0,0,0,0,0,0,0,0,0,0,5,3,2,0,0,0,0,0,0,0,0,0,0,5,2017-2018,Regular Season,7,05/11/2017,retabet bilbao basket - fc barcelona lassa,83 - 104,0,61,http://www.acb.com/fichas/LACB62061.php,
0,1,"Dimitrijevic, N.",27:56,6,3,4,75,0,0,0,0,0,0,0,0,0,0,0,1,1,1,0,0,2,0,-1,3,2017-2018,Regular Season,7,05/11/2017,divina seguros joventut - morabanc andorra,103 - 101,Joventut,62,http://www.acb.com/fichas/LACB62062.php,2CP
2,0,"Birgander, Simon",22:15,4,1,3,33,0,0,0,2,2,100,7,6,1,3,0,2,0,0,0,0,5,1,-7,6,2017-2018,Regular Season,7,05/11/2017,divina seguros joventut - morabanc andorra,103 - 101,Joventut,62,http://www.acb.com/fichas/LACB62062.php,53J
6,0,"Lopez-Arostegui, X",17:31,14,2,2,100,2,4,50,4,5,80,2,2,0,0,0,2,0,0,0,0,5,3,1,9,2017-2018,Regular Season,7,05/11/2017,divina seguros joventut - morabanc andorra,103 - 101,Joventut,62,http://www.acb.com/fichas/LACB62062.php,1BA
9,1,"Vidal, Sergi",38:12,15,3,8,38,2,3,67,3,3,100,6,6,0,4,1,1,1,1,1,0,2,3,10,20,2017-2018,Regular Season,7,05/11/2017,divina seguros joventut - morabanc andorra,103 - 101,Joventut,62,http://www.acb.com/fichas/LACB62062.php,A4B
12,0,"Kulvietis, Saulius",14:24,0,0,2,0,0,4,0,0,0,0,4,4,0,0,1,2,0,1,0,0,5,0,1,-7,2017-2018,Regular Season,7,05/11/2017,divina seguros joventut - morabanc andorra,103 - 101,Joventut,62,http://www.acb.com/fichas/LACB62062.php,53V
13,0,"Nogues, Jose I.",15:25,2,1,2,50,0,1,0,0,0,0,2,2,0,0,0,2,0,0,0,0,0,0,-4,0,2017-2018,Regular Season,7,05/11/2017,divina seguros joventut - morabanc andorra,103 - 101,Joventut,62,http://www.acb.com/fichas/LACB62062.php,8C8
14,0,"Ventura, Albert",16:52,4,2,7,29,0,1,0,0,0,0,2,1,1,1,1,2,0,1,0,0,2,1,-16,0,2017-2018,Regular Season,7,05/11/2017,divina seguros joventut - morabanc andorra,103 - 101,Joventut,62,http://www.acb.com/fichas/LACB62062.php,718
18,0,"Wayns, Maalik",17:34,11,3,7,43,1,4,25,2,2,100,2,0,2,0,0,1,1,0,1,0,5,3,6,2,2017-2018,Regular Season,7,05/11/2017,divina seguros joventut - morabanc andorra,103 - 101,Joventut,62,http://www.acb.com/fichas/LACB62062.php,56B
21,1,"Gielo, Tomasz",25:51,4,1,1,100,0,3,0,2,2,100,3,2,1,0,2,1,0,0,0,0,3,2,7,4,2017-2018,Regular Season,7,05/11/2017,divina seguros joventut - morabanc andorra,103 - 101,Joventut,62,http://www.acb.com/fichas/LACB62062.php,50Q
0,0,"Gudul, Omari",0,0,0,0,0,0,0,0,0,0,0,0,0,0,0,0,0,0,0,0,0,0,0,0,0,2017-2018,Regular Season,7,05/11/2017,divina seguros joventut - morabanc andorra,103 - 101,Joventut,62,http://www.acb.com/fichas/LACB62062.php,0
35,1,"Richard, Patrick",36:55,24,7,11,64,2,5,40,4,5,80,6,4,2,4,2,3,0,0,2,1,4,5,9,24,2017-2018,Regular Season,7,05/11/2017,divina seguros joventut - morabanc andorra,103 - 101,Joventut,62,http://www.acb.com/fichas/LACB62062.php,53U
44,1,"Jordan, Jerome",17:5,19,7,11,64,0,0,0,5,9,56,8,4,4,1,0,1,0,1,1,1,5,7,4,21,2017-2018,Regular Season,7,05/11/2017,divina seguros joventut - morabanc andorra,103 - 101,Joventut,62,http://www.acb.com/fichas/LACB62062.php,D10
0,0,Equipo,0,0,0,0,0,0,0,0,0,0,0,5,2,3,0,0,0,0,0,0,0,0,0,0,5,2017-2018,Regular Season,7,05/11/2017,divina seguros joventut - morabanc andorra,103 - 101,0,62,http://www.acb.com/fichas/LACB62062.php,
3,0,"Fernandez, Jaime",26:28,14,4,9,44,0,4,0,6,8,75,0,0,0,4,2,1,0,0,2,0,1,7,13,12,2017-2018,Regular Season,7,05/11/2017,divina seguros joventut - morabanc andorra,103 - 101,Andorra,62,http://www.acb.com/fichas/LACB62062.php,117
11,1,"Blazic, Jaka",33:18,21,4,8,50,1,6,17,10,15,67,7,6,1,3,0,1,2,0,2,1,3,10,-10,21,2017-2018,Regular Season,7,05/11/2017,divina seguros joventut - morabanc andorra,103 - 101,Andorra,62,http://www.acb.com/fichas/LACB62062.php,FQF
12,0,"Jankovic, Vladimir",18:25,5,1,1,100,1,2,50,0,0,0,2,2,0,0,1,2,0,0,0,0,2,1,9,4,2017-2018,Regular Season,7,05/11/2017,divina seguros joventut - morabanc andorra,103 - 101,Andorra,62,http://www.acb.com/fichas/LACB62062.php,50M
14,0,"Stevic, Oliver",22:49,6,2,6,33,0,0,0,2,2,100,7,6,1,2,1,2,0,3,0,0,2,2,0,13,2017-2018,Regular Season,7,05/11/2017,divina seguros joventut - morabanc andorra,103 - 101,Andorra,62,http://www.acb.com/fichas/LACB62062.php,170
15,0,"Karnowski, Przemek",24:11,17,8,9,89,0,0,0,1,4,25,3,2,1,0,0,1,0,1,0,2,5,3,2,14,2017-2018,Regular Season,7,05/11/2017,divina seguros joventut - morabanc andorra,103 - 101,Andorra,62,http://www.acb.com/fichas/LACB62062.php,53Y
16,1,"Albicy, Andrew",29:10,8,0,3,0,0,2,0,8,8,100,2,2,0,0,1,2,0,0,0,0,2,4,-14,6,2017-2018,Regular Season,7,05/11/2017,divina seguros joventut - morabanc andorra,103 - 101,Andorra,62,http://www.acb.com/fichas/LACB62062.php,502
21,1,"Diagne, Moussa",18:32,7,1,6,17,0,0,0,5,6,83,10,6,4,0,1,3,0,1,1,0,1,3,1,11,2017-2018,Regular Season,7,05/11/2017,divina seguros joventut - morabanc andorra,103 - 101,Andorra,62,http://www.acb.com/fichas/LACB62062.php,17T
22,1,"Shurna, John",30:48,4,1,1,100,0,2,0,2,2,100,5,4,1,0,1,0,0,0,0,0,4,1,-7,5,2017-2018,Regular Season,7,05/11/2017,divina seguros joventut - morabanc andorra,103 - 101,Andorra,62,http://www.acb.com/fichas/LACB62062.php,H36
23,1,"Walker, David",14:59,2,1,3,33,0,0,0,0,0,0,0,0,0,2,1,2,0,0,0,0,3,1,-1,-1,2017-2018,Regular Season,7,05/11/2017,divina seguros joventut - morabanc andorra,103 - 101,Andorra,62,http://www.acb.com/fichas/LACB62062.php,513
24,0,"Colom, Guillem",0:27,0,0,0,0,0,1,0,0,0,0,0,0,0,0,0,0,0,0,0,0,0,0,-2,-1,2017-2018,Regular Season,7,05/11/2017,divina seguros joventut - morabanc andorra,103 - 101,Andorra,62,http://www.acb.com/fichas/LACB62062.php,2A5
25,0,"Jelinek, David",30:53,17,0,2,0,4,7,57,5,6,83,3,3,0,0,0,3,0,0,0,0,2,5,-1,14,2017-2018,Regular Season,7,05/11/2017,divina seguros joventut - morabanc andorra,103 - 101,Andorra,62,http://www.acb.com/fichas/LACB62062.php,Y8C
0,0,Equipo,0,0,0,0,0,0,0,0,0,0,0,3,0,3,0,0,0,0,0,0,0,0,0,0,3,2017-2018,Regular Season,7,05/11/2017,divina seguros joventut - morabanc andorra,103 - 101,0,62,http://www.acb.com/fichas/LACB62062.php,
1,1,"Anosike, Oderah",32:9,16,7,13,54,0,0,0,2,5,40,8,2,6,2,0,0,0,0,2,2,4,5,-11,16,2017-2018,Regular Season,7,05/11/2017,real betis energia plus - movistar estudiantes,81 - 90,Sevilla,63,http://www.acb.com/fichas/LACB62063.php,FPY
5,0,"Sanchez, A.",10:1,3,0,0,0,0,2,0,3,4,75,3,3,0,2,0,0,0,0,0,0,3,2,-3,4,2017-2018,Regular Season,7,05/11/2017,real betis energia plus - movistar estudiantes,81 - 90,Sevilla,63,http://www.acb.com/fichas/LACB62063.php,B44
6,1,"Nelson, Luke",27:19,9,3,3,100,1,3,33,0,0,0,2,2,0,0,2,3,1,1,0,0,1,0,-15,8,2017-2018,Regular Season,7,05/11/2017,real betis energia plus - movistar estudiantes,81 - 90,Sevilla,63,http://www.acb.com/fichas/LACB62063.php,547
7,1,"McGrath, Donnie",18:5,0,0,2,0,0,2,0,0,0,0,2,2,0,1,1,1,0,0,0,0,0,0,-15,-1,2017-2018,Regular Season,7,05/11/2017,real betis energia plus - movistar estudiantes,81 - 90,Sevilla,63,http://www.acb.com/fichas/LACB62063.php,FPO
8,0,"Cruz, Ivan",8:1,5,1,1,100,1,1,100,0,0,0,3,2,1,2,0,0,0,0,0,0,3,0,-2,7,2017-2018,Regular Season,7,05/11/2017,real betis energia plus - movistar estudiantes,81 - 90,Sevilla,63,http://www.acb.com/fichas/LACB62063.php,BLL
11,0,"Uriz, Mikel",7:10,2,1,1,100,0,1,0,0,0,0,1,0,1,0,0,0,0,0,0,0,1,1,-1,2,2017-2018,Regular Season,7,05/11/2017,real betis energia plus - movistar estudiantes,81 - 90,Sevilla,63,http://www.acb.com/fichas/LACB62063.php,742
15,0,"Schilb, Blake",25:33,8,3,4,75,0,2,0,2,2,100,1,1,0,1,0,2,0,0,0,0,1,1,-9,5,2017-2018,Regular Season,7,05/11/2017,real betis energia plus - movistar estudiantes,81 - 90,Sevilla,63,http://www.acb.com/fichas/LACB62063.php,565
16,1,"Boungou-Colo, N.",32:12,8,3,10,30,0,4,0,2,2,100,7,6,1,2,2,3,2,0,0,0,1,6,1,10,2017-2018,Regular Season,7,05/11/2017,real betis energia plus - movistar estudiantes,81 - 90,Sevilla,63,http://www.acb.com/fichas/LACB62063.php,54E
0,0,"Blanco, Saul",0,0,0,0,0,0,0,0,0,0,0,0,0,0,0,0,0,0,0,0,0,0,0,0,0,2017-2018,Regular Season,7,05/11/2017,real betis energia plus - movistar estudiantes,81 - 90,Sevilla,63,http://www.acb.com/fichas/LACB62063.php,0
30,0,"Franch, Josep",13:19,6,0,0,0,2,3,67,0,0,0,1,1,0,4,1,1,0,0,0,0,1,0,8,9,2017-2018,Regular Season,7,05/11/2017,real betis energia plus - movistar estudiantes,81 - 90,Sevilla,63,http://www.acb.com/fichas/LACB62063.php,Y79
32,0,"Golubovic, V.",5:56,9,4,4,100,0,0,0,1,1,100,2,0,2,0,0,0,1,0,0,0,0,3,2,14,2017-2018,Regular Season,7,05/11/2017,real betis energia plus - movistar estudiantes,81 - 90,Sevilla,63,http://www.acb.com/fichas/LACB62063.php,004
34,1,"Kelly, Ryan",20:15,15,4,9,44,1,2,50,4,6,67,5,3,2,0,0,2,0,2,0,1,5,4,0,11,2017-2018,Regular Season,7,05/11/2017,real betis energia plus - movistar estudiantes,81 - 90,Sevilla,63,http://www.acb.com/fichas/LACB62063.php,54V
0,0,Equipo,0,0,0,0,0,0,0,0,0,0,0,2,0,2,0,0,0,0,0,0,0,0,0,0,2,2017-2018,Regular Season,7,05/11/2017,real betis energia plus - movistar estudiantes,81 - 90,0,63,http://www.acb.com/fichas/LACB62063.php,
4,1,"Cvetkovic, A.",23:39,5,0,0,0,1,3,33,2,2,100,2,2,0,1,0,0,0,0,0,0,0,2,17,8,2017-2018,Regular Season,7,05/11/2017,real betis energia plus - movistar estudiantes,81 - 90,Estudiantes,63,http://www.acb.com/fichas/LACB62063.php,50G
6,0,"Hakanson, Ludde",13:51,7,1,4,25,1,2,50,2,2,100,2,1,1,2,1,1,0,0,0,0,1,1,-6,7,2017-2018,Regular Season,7,05/11/2017,real betis energia plus - movistar estudiantes,81 - 90,Estudiantes,63,http://www.acb.com/fichas/LACB62063.php,UAE
8,0,"Brizuela, Dario",11:28,2,1,3,33,0,2,0,0,0,0,1,1,0,1,0,1,0,0,2,0,3,0,-10,-6,2017-2018,Regular Season,7,05/11/2017,real betis energia plus - movistar estudiantes,81 - 90,Estudiantes,63,http://www.acb.com/fichas/LACB62063.php,81E
9,0,"Vicedo, Edgar",12:54,2,1,1,100,0,0,0,0,0,0,2,1,1,0,1,1,0,1,0,0,2,0,3,3,2017-2018,Regular Season,7,05/11/2017,real betis energia plus - movistar estudiantes,81 - 90,Estudiantes,63,http://www.acb.com/fichas/LACB62063.php,SDT
10,1,"Cook, Omar",26:9,12,0,0,0,4,4,100,0,2,0,4,4,0,6,1,2,0,0,0,0,0,3,15,22,2017-2018,Regular Season,7,05/11/2017,real betis energia plus - movistar estudiantes,81 - 90,Estudiantes,63,http://www.acb.com/fichas/LACB62063.php,BFP
0,0,"Pena, Dagoberto",0,0,0,0,0,0,0,0,0,0,0,0,0,0,0,0,0,0,0,0,0,0,0,0,0,2017-2018,Regular Season,7,05/11/2017,real betis energia plus - movistar estudiantes,81 - 90,Estudiantes,63,http://www.acb.com/fichas/LACB62063.php,0
12,0,"Suton, Goran",18:29,0,0,1,0,0,0,0,0,0,0,2,2,0,0,1,2,0,0,0,0,3,1,-5,-2,2017-2018,Regular Season,7,05/11/2017,real betis energia plus - movistar estudiantes,81 - 90,Estudiantes,63,http://www.acb.com/fichas/LACB62063.php,1LM
15,1,"Landesberg, Sylven",31:59,28,7,8,88,4,7,57,2,4,50,3,2,1,1,0,1,0,0,0,0,4,3,8,24,2017-2018,Regular Season,7,05/11/2017,real betis energia plus - movistar estudiantes,81 - 90,Estudiantes,63,http://www.acb.com/fichas/LACB62063.php,541
17,0,"Savane, Sitapha",9:18,3,1,3,33,0,0,0,1,1,100,2,0,2,1,0,2,0,1,1,0,2,2,-2,2,2017-2018,Regular Season,7,05/11/2017,real betis energia plus - movistar estudiantes,81 - 90,Estudiantes,63,http://www.acb.com/fichas/LACB62063.php,B3M
21,1,"Brown, Alec",23:27,9,2,3,67,1,7,14,2,2,100,3,1,2,0,1,1,0,0,0,0,2,5,11,8,2017-2018,Regular Season,7,05/11/2017,real betis energia plus - movistar estudiantes,81 - 90,Estudiantes,63,http://www.acb.com/fichas/LACB62063.php,FO4
22,1,"Caner-Medley,N.",27:33,22,5,8,63,3,6,50,3,3,100,9,8,1,1,1,1,1,0,0,0,3,3,21,26,2017-2018,Regular Season,7,05/11/2017,real betis energia plus - movistar estudiantes,81 - 90,Estudiantes,63,http://www.acb.com/fichas/LACB62063.php,BF4
38,0,"Arteaga, Victor",1:13,0,0,0,0,0,0,0,0,0,0,0,0,0,0,0,1,0,0,0,0,2,0,-7,-3,2017-2018,Regular Season,7,05/11/2017,real betis energia plus - movistar estudiantes,81 - 90,Estudiantes,63,http://www.acb.com/fichas/LACB62063.php,768
0,0,Equipo,0,0,0,0,0,0,0,0,0,0,0,3,1,2,0,0,1,0,0,0,0,0,0,0,2,2017-2018,Regular Season,7,05/11/2017,real betis energia plus - movistar estudiantes,81 - 90,0,63,http://www.acb.com/fichas/LACB62063.php,
1,1,"Causeur, Fabien",19:37,8,2,3,67,1,3,33,1,1,100,3,3,0,0,2,1,1,0,0,0,2,2,-3,9,2017-2018,Regular Season,8,12/11/2017,real madrid - fc barcelona lassa,80 - 84,Real_Madrid,64,http://www.acb.com/fichas/LACB62064.php,218
2,0,"Randle, Chasson",4:22,2,1,1,100,0,0,0,0,0,0,1,1,0,2,0,0,0,0,0,0,1,0,-1,4,2017-2018,Regular Season,8,12/11/2017,real madrid - fc barcelona lassa,80 - 84,Real_Madrid,64,http://www.acb.com/fichas/LACB62064.php,566
3,1,"Randolph, A.",24:25,4,1,7,14,0,4,0,2,2,100,4,3,1,0,0,0,0,1,0,0,0,1,-1,0,2017-2018,Regular Season,8,12/11/2017,real madrid - fc barcelona lassa,80 - 84,Real_Madrid,64,http://www.acb.com/fichas/LACB62064.php,507
5,0,"Fernandez, Rudy",20:49,10,1,2,50,2,3,67,2,2,100,1,1,0,2,1,1,0,2,0,0,2,2,-7,13,2017-2018,Regular Season,8,12/11/2017,real madrid - fc barcelona lassa,80 - 84,Real_Madrid,64,http://www.acb.com/fichas/LACB62064.php,B0X
7,1,"Doncic, Luka",28:59,20,4,10,40,2,7,29,6,7,86,10,8,2,1,2,4,2,0,1,1,2,5,-1,19,2017-2018,Regular Season,8,12/11/2017,real madrid - fc barcelona lassa,80 - 84,Real_Madrid,64,http://www.acb.com/fichas/LACB62064.php,460
0,0,"Maciulis, Jonas",0,0,0,0,0,0,0,0,0,0,0,0,0,0,0,0,0,0,0,0,0,0,0,0,0,2017-2018,Regular Season,8,12/11/2017,real madrid - fc barcelona lassa,80 - 84,Real_Madrid,64,http://www.acb.com/fichas/LACB62064.php,0
9,1,"Reyes, Felipe",22:9,8,2,6,33,0,0,0,4,6,67,10,4,6,2,0,0,0,1,0,0,2,6,6,19,2017-2018,Regular Season,8,12/11/2017,real madrid - fc barcelona lassa,80 - 84,Real_Madrid,64,http://www.acb.com/fichas/LACB62064.php,A1M
11,1,"Campazzo, Facu",25:55,6,3,6,50,0,3,0,0,0,0,1,1,0,3,1,3,0,1,1,0,3,2,-1,1,2017-2018,Regular Season,8,12/11/2017,real madrid - fc barcelona lassa,80 - 84,Real_Madrid,64,http://www.acb.com/fichas/LACB62064.php,1LU
20,0,"Carroll, Jaycee",7:33,7,1,2,50,1,1,100,2,2,100,1,0,1,1,0,0,0,0,0,0,1,1,-1,8,2017-2018,Regular Season,8,12/11/2017,real madrid - fc barcelona lassa,80 - 84,Real_Madrid,64,http://www.acb.com/fichas/LACB62064.php,BGZ
22,0,"Tavares, W.",13:26,4,2,4,50,0,0,0,0,0,0,4,4,0,0,0,2,0,0,1,2,2,2,-8,3,2017-2018,Regular Season,8,12/11/2017,real madrid - fc barcelona lassa,80 - 84,Real_Madrid,64,http://www.acb.com/fichas/LACB62064.php,T2Z
33,0,"Thompkins, Trey",19:55,7,1,4,25,1,2,50,2,2,100,3,3,0,0,0,0,0,0,0,0,3,1,-5,4,2017-2018,Regular Season,8,12/11/2017,real madrid - fc barcelona lassa,80 - 84,Real_Madrid,64,http://www.acb.com/fichas/LACB62064.php,FQ1
44,0,"Taylor, Jeffery",12:50,4,2,2,100,0,0,0,0,0,0,0,0,0,1,0,1,1,0,0,1,2,1,2,3,2017-2018,Regular Season,8,12/11/2017,real madrid - fc barcelona lassa,80 - 84,Real_Madrid,64,http://www.acb.com/fichas/LACB62064.php,FQ3
0,0,Equipo,0,0,0,0,0,0,0,0,0,0,0,4,4,0,0,0,0,0,0,0,0,0,0,0,4,2017-2018,Regular Season,8,12/11/2017,real madrid - fc barcelona lassa,80 - 84,0,64,http://www.acb.com/fichas/LACB62064.php,
1,1,"Seraphin, Kevin",20:1,15,7,12,58,0,0,0,1,2,50,4,4,0,0,1,2,0,0,2,1,3,1,-1,8,2017-2018,Regular Season,8,12/11/2017,real madrid - fc barcelona lassa,80 - 84,FC_Barcelona,64,http://www.acb.com/fichas/LACB62064.php,164
5,0,"Ribas, Pau",19:55,9,0,0,0,3,7,43,0,0,0,5,3,2,0,0,2,0,1,1,0,1,1,-4,8,2017-2018,Regular Season,8,12/11/2017,real madrid - fc barcelona lassa,80 - 84,FC_Barcelona,64,http://www.acb.com/fichas/LACB62064.php,AF1
8,0,"Pressey, Phil",0:34,0,0,0,0,0,0,0,0,0,0,0,0,0,1,0,0,0,0,0,0,0,0,2,1,2017-2018,Regular Season,8,12/11/2017,real madrid - fc barcelona lassa,80 - 84,FC_Barcelona,64,http://www.acb.com/fichas/LACB62064.php,53X
9,1,"Hanga, Adam",25:35,6,2,4,50,0,2,0,2,2,100,5,4,1,1,1,0,1,0,0,1,4,2,5,7,2017-2018,Regular Season,8,12/11/2017,real madrid - fc barcelona lassa,80 - 84,FC_Barcelona,64,http://www.acb.com/fichas/LACB62064.php,125
11,0,"Navarro, J.C.",14:40,6,1,1,100,1,3,33,1,2,50,0,0,0,1,0,1,0,0,0,0,1,1,-1,3,2017-2018,Regular Season,8,12/11/2017,real madrid - fc barcelona lassa,80 - 84,FC_Barcelona,64,http://www.acb.com/fichas/LACB62064.php,A62
13,1,"Heurtel, Thomas",20:43,6,2,7,29,0,1,0,2,2,100,1,1,0,4,1,1,0,0,0,0,2,2,4,5,2017-2018,Regular Season,8,12/11/2017,real madrid - fc barcelona lassa,80 - 84,FC_Barcelona,64,http://www.acb.com/fichas/LACB62064.php,BJP
18,0,"Oriola, Pierre",13:42,3,0,2,0,1,2,50,0,0,0,2,2,0,0,0,2,0,0,1,0,4,0,-5,-5,2017-2018,Regular Season,8,12/11/2017,real madrid - fc barcelona lassa,80 - 84,FC_Barcelona,64,http://www.acb.com/fichas/LACB62064.php,BIQ
21,1,"Sanders, Rakim",24:46,13,3,5,60,1,3,33,4,5,80,5,4,1,1,3,1,1,0,1,0,4,4,-1,15,2017-2018,Regular Season,8,12/11/2017,real madrid - fc barcelona lassa,80 - 84,FC_Barcelona,64,http://www.acb.com/fichas/LACB62064.php,53Z
25,0,"Koponen, Petteri",14:5,0,0,1,0,0,1,0,0,0,0,1,1,0,3,1,0,0,0,0,0,2,0,7,1,2017-2018,Regular Season,8,12/11/2017,real madrid - fc barcelona lassa,80 - 84,FC_Barcelona,64,http://www.acb.com/fichas/LACB62064.php,517
0,0,"Claver, Victor",0,0,0,0,0,0,0,0,0,0,0,0,0,0,0,0,0,0,0,0,0,0,0,0,0,2017-2018,Regular Season,8,12/11/2017,real madrid - fc barcelona lassa,80 - 84,FC_Barcelona,64,http://www.acb.com/fichas/LACB62064.php,0
44,0,"Tomic, Ante",19:2,7,3,9,33,0,0,0,1,1,100,6,3,3,3,0,1,0,2,0,1,2,7,5,16,2017-2018,Regular Season,8,12/11/2017,real madrid - fc barcelona lassa,80 - 84,FC_Barcelona,64,http://www.acb.com/fichas/LACB62064.php,BIY
45,1,"Moerman, Adrien",26:57,19,2,3,67,4,6,67,3,4,75,5,5,0,1,1,1,0,0,0,0,1,2,9,22,2017-2018,Regular Season,8,12/11/2017,real madrid - fc barcelona lassa,80 - 84,FC_Barcelona,64,http://www.acb.com/fichas/LACB62064.php,216
0,0,Equipo,0,0,0,0,0,0,0,0,0,0,0,8,6,2,0,0,1,0,0,0,0,0,0,0,7,2017-2018,Regular Season,8,12/11/2017,real madrid - fc barcelona lassa,80 - 84,0,64,http://www.acb.com/fichas/LACB62064.php,
3,0,"Vildoza, Luca",3:59,0,0,0,0,0,0,0,0,0,0,0,0,0,0,0,1,0,0,0,0,2,1,-7,-2,2017-2018,Regular Season,8,12/11/2017,baskonia - divina seguros joventut,87 - 77,Baskonia,65,http://www.acb.com/fichas/LACB62065.php,53O
6,1,"Timma, Janis",25:26,7,2,3,67,1,3,33,0,0,0,5,4,1,0,1,3,0,0,0,0,4,0,8,3,2017-2018,Regular Season,8,12/11/2017,baskonia - divina seguros joventut,87 - 77,Baskonia,65,http://www.acb.com/fichas/LACB62065.php,536
7,0,"Voigtmann, J.",15:26,5,2,3,67,0,1,0,1,1,100,2,1,1,2,0,1,0,0,0,1,1,1,10,6,2017-2018,Regular Season,8,12/11/2017,baskonia - divina seguros joventut,87 - 77,Baskonia,65,http://www.acb.com/fichas/LACB62065.php,500
8,1,"Malmanis, Rinalds",18:32,7,2,5,40,0,2,0,3,6,50,4,3,1,2,0,0,1,0,1,1,1,3,16,6,2017-2018,Regular Season,8,12/11/2017,baskonia - divina seguros joventut,87 - 77,Baskonia,65,http://www.acb.com/fichas/LACB62065.php,802
9,0,"Huertas, M.",17:15,5,1,2,50,1,2,50,0,0,0,5,5,0,4,0,1,0,0,0,0,1,2,2,12,2017-2018,Regular Season,8,12/11/2017,baskonia - divina seguros joventut,87 - 77,Baskonia,65,http://www.acb.com/fichas/LACB62065.php,B72
10,0,"Beaubois, Rodrigue",19:23,9,3,6,50,1,1,100,0,0,0,2,1,1,0,0,4,0,0,0,0,0,1,7,5,2017-2018,Regular Season,8,12/11/2017,baskonia - divina seguros joventut,87 - 77,Baskonia,65,http://www.acb.com/fichas/LACB62065.php,50C
11,1,"Janning, Matt",27:41,11,1,2,50,3,6,50,0,1,0,2,1,1,0,1,1,0,0,1,0,3,0,6,4,2017-2018,Regular Season,8,12/11/2017,baskonia - divina seguros joventut,87 - 77,Baskonia,65,http://www.acb.com/fichas/LACB62065.php,55A
12,0,"Diop, Ilimane",3:42,4,1,1,100,0,0,0,2,2,100,2,1,1,0,0,0,0,0,0,1,1,1,2,6,2017-2018,Regular Season,8,12/11/2017,baskonia - divina seguros joventut,87 - 77,Baskonia,65,http://www.acb.com/fichas/LACB62065.php,800
15,1,"Granger, Jayson",18:46,8,0,2,0,0,1,0,8,8,100,5,5,0,7,1,1,0,0,0,0,1,5,15,21,2017-2018,Regular Season,8,12/11/2017,baskonia - divina seguros joventut,87 - 77,Baskonia,65,http://www.acb.com/fichas/LACB62065.php,Y6K
17,1,"Poirier, Vincent",20:45,10,5,7,71,0,0,0,0,0,0,7,5,2,2,0,1,0,0,0,2,3,0,0,13,2017-2018,Regular Season,8,12/11/2017,baskonia - divina seguros joventut,87 - 77,Baskonia,65,http://www.acb.com/fichas/LACB62065.php,539
23,0,"Shengelia, T.",21:35,19,6,11,55,1,2,50,4,4,100,2,2,0,0,1,2,1,2,1,2,1,5,-8,19,2017-2018,Regular Season,8,12/11/2017,baskonia - divina seguros joventut,87 - 77,Baskonia,65,http://www.acb.com/fichas/LACB62065.php,105
29,0,"Garino, Patricio",7:30,2,1,1,100,0,0,0,0,0,0,2,2,0,0,0,0,1,0,0,0,0,1,-1,5,2017-2018,Regular Season,8,12/11/2017,baskonia - divina seguros joventut,87 - 77,Baskonia,65,http://www.acb.com/fichas/LACB62065.php,54M
0,0,Equipo,0,0,0,0,0,0,0,0,0,0,0,1,0,1,0,0,0,0,0,0,0,0,0,0,1,2017-2018,Regular Season,8,12/11/2017,baskonia - divina seguros joventut,87 - 77,0,65,http://www.acb.com/fichas/LACB62065.php,
0,0,"Dimitrijevic, N.",20:29,11,5,6,83,0,4,0,1,1,100,1,1,0,1,1,2,1,0,0,0,2,3,0,8,2017-2018,Regular Season,8,12/11/2017,baskonia - divina seguros joventut,87 - 77,Joventut,65,http://www.acb.com/fichas/LACB62065.php,2CP
2,0,"Birgander, Simon",17:58,3,1,4,25,0,0,0,1,2,50,5,2,3,0,0,1,0,1,0,1,2,1,-2,3,2017-2018,Regular Season,8,12/11/2017,baskonia - divina seguros joventut,87 - 77,Joventut,65,http://www.acb.com/fichas/LACB62065.php,53J
6,0,"Lopez-Arostegui, X",9:32,0,0,1,0,0,2,0,0,0,0,2,2,0,1,0,2,0,0,1,0,1,0,-5,-4,2017-2018,Regular Season,8,12/11/2017,baskonia - divina seguros joventut,87 - 77,Joventut,65,http://www.acb.com/fichas/LACB62065.php,1BA
9,1,"Vidal, Sergi",28:40,4,1,2,50,0,4,0,2,2,100,2,1,1,5,2,0,1,0,0,0,1,3,-6,10,2017-2018,Regular Season,8,12/11/2017,baskonia - divina seguros joventut,87 - 77,Joventut,65,http://www.acb.com/fichas/LACB62065.php,A4B
12,0,"Kulvietis, Saulius",12:51,8,1,3,33,2,4,50,0,1,0,2,0,2,0,0,1,0,0,0,0,1,2,-7,5,2017-2018,Regular Season,8,12/11/2017,baskonia - divina seguros joventut,87 - 77,Joventut,65,http://www.acb.com/fichas/LACB62065.php,53V
13,0,"Nogues, Jose I.",1:50,0,0,0,0,0,0,0,0,0,0,0,0,0,0,0,0,0,0,0,0,0,0,-4,0,2017-2018,Regular Season,8,12/11/2017,baskonia - divina seguros joventut,87 - 77,Joventut,65,http://www.acb.com/fichas/LACB62065.php,8C8
14,0,"Ventura, Albert",17:6,0,0,0,0,0,3,0,0,0,0,1,1,0,1,4,0,0,0,0,0,1,1,-9,3,2017-2018,Regular Season,8,12/11/2017,baskonia - divina seguros joventut,87 - 77,Joventut,65,http://www.acb.com/fichas/LACB62065.php,718
18,1,"Wayns, Maalik",13:54,7,2,4,50,1,4,25,0,0,0,2,2,0,2,0,2,0,0,0,0,5,1,-15,0,2017-2018,Regular Season,8,12/11/2017,baskonia - divina seguros joventut,87 - 77,Joventut,65,http://www.acb.com/fichas/LACB62065.php,56B
21,1,"Gielo, Tomasz",25:19,21,3,4,75,5,6,83,0,0,0,1,1,0,1,1,2,0,1,1,0,1,0,1,19,2017-2018,Regular Season,8,12/11/2017,baskonia - divina seguros joventut,87 - 77,Joventut,65,http://www.acb.com/fichas/LACB62065.php,50Q
0,0,"Gudul, Omari",0,0,0,0,0,0,0,0,0,0,0,0,0,0,0,0,0,0,0,0,0,0,0,0,0,2017-2018,Regular Season,8,12/11/2017,baskonia - divina seguros joventut,87 - 77,Joventut,65,http://www.acb.com/fichas/LACB62065.php,0
35,1,"Richard, Patrick",30:26,16,5,6,83,1,4,25,3,3,100,7,7,0,3,0,0,0,0,0,0,3,3,7,22,2017-2018,Regular Season,8,12/11/2017,baskonia - divina seguros joventut,87 - 77,Joventut,65,http://www.acb.com/fichas/LACB62065.php,53U
44,1,"Jordan, Jerome",21:55,7,2,5,40,0,0,0,3,4,75,1,1,0,1,1,0,1,1,0,1,3,4,-10,8,2017-2018,Regular Season,8,12/11/2017,baskonia - divina seguros joventut,87 - 77,Joventut,65,http://www.acb.com/fichas/LACB62065.php,D10
0,0,Equipo,0,0,0,0,0,0,0,0,0,0,0,3,2,1,0,0,1,0,0,0,0,1,0,0,1,2017-2018,Regular Season,8,12/11/2017,baskonia - divina seguros joventut,87 - 77,0,65,http://www.acb.com/fichas/LACB62065.php,
3,0,"Fernandez, Jaime",15:10,9,3,5,60,1,3,33,0,0,0,2,2,0,4,3,1,1,0,0,0,2,2,7,13,2017-2018,Regular Season,8,12/11/2017,morabanc andorra - real betis energia plus,96 - 68,Andorra,66,http://www.acb.com/fichas/LACB62066.php,117
11,1,"Blazic, Jaka",22:21,27,6,7,86,3,6,50,6,9,67,4,3,1,2,1,2,3,0,0,1,1,5,26,29,2017-2018,Regular Season,8,12/11/2017,morabanc andorra - real betis energia plus,96 - 68,Andorra,66,http://www.acb.com/fichas/LACB62066.php,FQF
12,0,"Jankovic, Vladimir",13:33,2,1,1,100,0,2,0,0,0,0,4,4,0,1,1,0,0,0,0,1,1,0,-2,5,2017-2018,Regular Season,8,12/11/2017,morabanc andorra - real betis energia plus,96 - 68,Andorra,66,http://www.acb.com/fichas/LACB62066.php,50M
14,0,"Stevic, Oliver",4:36,0,0,1,0,0,0,0,0,2,0,2,2,0,0,0,1,0,0,0,0,2,1,-1,-3,2017-2018,Regular Season,8,12/11/2017,morabanc andorra - real betis energia plus,96 - 68,Andorra,66,http://www.acb.com/fichas/LACB62066.php,170
15,0,"Karnowski, Przemek",20:11,5,2,4,50,0,0,0,1,1,100,3,3,0,1,0,1,0,0,1,1,3,2,11,4,2017-2018,Regular Season,8,12/11/2017,morabanc andorra - real betis energia plus,96 - 68,Andorra,66,http://www.acb.com/fichas/LACB62066.php,53Y
16,1,"Albicy, Andrew",24:50,6,3,5,60,0,0,0,0,0,0,2,1,1,7,0,2,0,0,0,0,3,3,21,11,2017-2018,Regular Season,8,12/11/2017,morabanc andorra - real betis energia plus,96 - 68,Andorra,66,http://www.acb.com/fichas/LACB62066.php,502
21,1,"Diagne, Moussa",18:4,6,1,1,100,0,0,0,4,4,100,5,4,1,0,0,0,0,0,0,0,3,3,19,11,2017-2018,Regular Season,8,12/11/2017,morabanc andorra - real betis energia plus,96 - 68,Andorra,66,http://www.acb.com/fichas/LACB62066.php,17T
22,1,"Shurna, John",16:37,8,1,1,100,2,6,33,0,0,0,6,3,3,0,0,2,0,0,0,0,3,0,12,5,2017-2018,Regular Season,8,12/11/2017,morabanc andorra - real betis energia plus,96 - 68,Andorra,66,http://www.acb.com/fichas/LACB62066.php,H36
23,1,"Walker, David",27:23,11,4,6,67,1,2,50,0,1,0,4,4,0,1,0,2,0,0,0,1,0,2,25,12,2017-2018,Regular Season,8,12/11/2017,morabanc andorra - real betis energia plus,96 - 68,Andorra,66,http://www.acb.com/fichas/LACB62066.php,513
24,0,"Colom, Guillem",2:8,3,0,0,0,1,1,100,0,0,0,1,0,1,1,0,0,0,0,0,0,1,0,3,4,2017-2018,Regular Season,8,12/11/2017,morabanc andorra - real betis energia plus,96 - 68,Andorra,66,http://www.acb.com/fichas/LACB62066.php,2A5
25,0,"Jelinek, David",18:17,14,3,3,100,2,5,40,2,3,67,5,4,1,1,0,0,0,0,0,0,2,2,9,16,2017-2018,Regular Season,8,12/11/2017,morabanc andorra - real betis energia plus,96 - 68,Andorra,66,http://www.acb.com/fichas/LACB62066.php,Y8C
34,0,"Copeland, Chris",16:50,5,1,2,50,1,2,50,0,0,0,5,5,0,1,0,1,0,1,0,0,0,0,10,9,2017-2018,Regular Season,8,12/11/2017,morabanc andorra - real betis energia plus,96 - 68,Andorra,66,http://www.acb.com/fichas/LACB62066.php,56C
0,0,Equipo,0,0,0,0,0,0,0,0,0,0,0,0,0,0,0,0,1,0,0,0,0,0,0,0,-1,2017-2018,Regular Season,8,12/11/2017,morabanc andorra - real betis energia plus,96 - 68,0,66,http://www.acb.com/fichas/LACB62066.php,
1,1,"Anosike, Oderah",19:34,9,4,8,50,0,0,0,1,3,33,4,1,3,0,1,1,0,0,0,0,3,4,-21,8,2017-2018,Regular Season,8,12/11/2017,morabanc andorra - real betis energia plus,96 - 68,Sevilla,66,http://www.acb.com/fichas/LACB62066.php,FPY
5,1,"Sanchez, A.",17:18,3,0,0,0,1,3,33,0,2,0,1,1,0,0,0,0,0,0,0,0,2,2,-24,0,2017-2018,Regular Season,8,12/11/2017,morabanc andorra - real betis energia plus,96 - 68,Sevilla,66,http://www.acb.com/fichas/LACB62066.php,B44
6,1,"Nelson, Luke",22:54,0,0,7,0,0,1,0,0,0,0,3,3,0,4,1,0,0,0,0,0,5,0,-17,-5,2017-2018,Regular Season,8,12/11/2017,morabanc andorra - real betis energia plus,96 - 68,Sevilla,66,http://www.acb.com/fichas/LACB62066.php,547
7,1,"McGrath, Donnie",15:56,3,0,2,0,1,1,100,0,0,0,0,0,0,2,0,0,0,0,0,0,2,0,-15,1,2017-2018,Regular Season,8,12/11/2017,morabanc andorra - real betis energia plus,96 - 68,Sevilla,66,http://www.acb.com/fichas/LACB62066.php,FPO
8,0,"Cruz, Ivan",14:26,10,0,0,0,3,4,75,1,2,50,6,5,1,0,1,0,0,0,0,0,2,2,-7,15,2017-2018,Regular Season,8,12/11/2017,morabanc andorra - real betis energia plus,96 - 68,Sevilla,66,http://www.acb.com/fichas/LACB62066.php,BLL
11,0,"Uriz, Mikel",18:39,0,0,1,0,0,1,0,0,0,0,1,1,0,4,1,2,0,0,0,0,1,1,-11,2,2017-2018,Regular Season,8,12/11/2017,morabanc andorra - real betis energia plus,96 - 68,Sevilla,66,http://www.acb.com/fichas/LACB62066.php,742
15,0,"Schilb, Blake",7:2,0,0,0,0,0,1,0,0,0,0,1,1,0,0,0,0,0,0,0,0,0,0,1,0,2017-2018,Regular Season,8,12/11/2017,morabanc andorra - real betis energia plus,96 - 68,Sevilla,66,http://www.acb.com/fichas/LACB62066.php,565
16,0,"Boungou-Colo, N.",27:33,17,4,8,50,1,3,33,6,6,100,1,1,0,0,1,2,2,0,0,2,4,5,-7,12,2017-2018,Regular Season,8,12/11/2017,morabanc andorra - real betis energia plus,96 - 68,Sevilla,66,http://www.acb.com/fichas/LACB62066.php,54E
21,0,"Blanco, Saul",5:8,0,0,0,0,0,0,0,0,0,0,0,0,0,2,0,0,0,0,0,0,0,0,-8,2,2017-2018,Regular Season,8,12/11/2017,morabanc andorra - real betis energia plus,96 - 68,Sevilla,66,http://www.acb.com/fichas/LACB62066.php,B8T
30,0,"Franch, Josep",5:30,0,0,1,0,0,0,0,0,0,0,0,0,0,1,0,0,0,0,1,0,0,0,-3,-1,2017-2018,Regular Season,8,12/11/2017,morabanc andorra - real betis energia plus,96 - 68,Sevilla,66,http://www.acb.com/fichas/LACB62066.php,Y79
32,0,"Golubovic, V.",16:51,12,6,9,67,0,0,0,0,0,0,3,2,1,0,0,0,0,1,0,0,0,2,-7,15,2017-2018,Regular Season,8,12/11/2017,morabanc andorra - real betis energia plus,96 - 68,Sevilla,66,http://www.acb.com/fichas/LACB62066.php,004
34,1,"Kelly, Ryan",29:9,14,3,11,27,1,2,50,5,6,83,4,4,0,3,3,4,0,0,0,0,1,5,-21,14,2017-2018,Regular Season,8,12/11/2017,morabanc andorra - real betis energia plus,96 - 68,Sevilla,66,http://www.acb.com/fichas/LACB62066.php,54V
0,0,Equipo,0,0,0,0,0,0,0,0,0,0,0,3,3,0,0,0,1,0,0,0,0,0,0,0,2,2017-2018,Regular Season,8,12/11/2017,morabanc andorra - real betis energia plus,96 - 68,0,66,http://www.acb.com/fichas/LACB62066.php,
4,1,"Cvetkovic, A.",24:46,4,1,2,50,0,2,0,2,2,100,1,0,1,1,0,1,0,0,0,0,3,3,10,2,2017-2018,Regular Season,8,12/11/2017,movistar estudiantes - montakit fuenlabrada,69 - 71,Estudiantes,67,http://www.acb.com/fichas/LACB62067.php,50G
6,0,"Hakanson, Ludde",17:44,8,2,4,50,0,2,0,4,5,80,5,4,1,1,1,0,0,0,0,0,2,4,1,12,2017-2018,Regular Season,8,12/11/2017,movistar estudiantes - montakit fuenlabrada,69 - 71,Estudiantes,67,http://www.acb.com/fichas/LACB62067.php,UAE
8,0,"Brizuela, Dario",10:23,2,0,1,0,0,3,0,2,2,100,0,0,0,0,0,1,0,0,0,0,1,1,-10,-3,2017-2018,Regular Season,8,12/11/2017,movistar estudiantes - montakit fuenlabrada,69 - 71,Estudiantes,67,http://www.acb.com/fichas/LACB62067.php,81E
9,0,"Vicedo, Edgar",15:32,5,1,1,100,1,2,50,0,0,0,4,2,2,0,2,0,0,0,0,0,1,1,-1,10,2017-2018,Regular Season,8,12/11/2017,movistar estudiantes - montakit fuenlabrada,69 - 71,Estudiantes,67,http://www.acb.com/fichas/LACB62067.php,SDT
10,1,"Cook, Omar",27:7,13,1,2,50,3,3,100,2,3,67,1,0,1,3,1,2,0,0,0,0,0,2,-5,16,2017-2018,Regular Season,8,12/11/2017,movistar estudiantes - montakit fuenlabrada,69 - 71,Estudiantes,67,http://www.acb.com/fichas/LACB62067.php,BFP
0,0,"Pena, Dagoberto",0,0,0,0,0,0,0,0,0,0,0,0,0,0,0,0,0,0,0,0,0,0,0,0,0,2017-2018,Regular Season,8,12/11/2017,movistar estudiantes - montakit fuenlabrada,69 - 71,Estudiantes,67,http://www.acb.com/fichas/LACB62067.php,0
12,1,"Suton, Goran",22:42,4,2,2,100,0,1,0,0,0,0,11,11,0,0,1,1,0,0,0,0,5,2,-3,11,2017-2018,Regular Season,8,12/11/2017,movistar estudiantes - montakit fuenlabrada,69 - 71,Estudiantes,67,http://www.acb.com/fichas/LACB62067.php,1LM
15,1,"Landesberg, Sylven",24:28,15,3,9,33,1,7,14,6,9,67,1,0,1,2,0,2,0,0,0,0,3,6,-1,4,2017-2018,Regular Season,8,12/11/2017,movistar estudiantes - montakit fuenlabrada,69 - 71,Estudiantes,67,http://www.acb.com/fichas/LACB62067.php,541
17,0,"Savane, Sitapha",19:32,5,1,3,33,0,0,0,3,6,50,4,3,1,1,0,0,0,2,0,0,3,3,3,7,2017-2018,Regular Season,8,12/11/2017,movistar estudiantes - montakit fuenlabrada,69 - 71,Estudiantes,67,http://www.acb.com/fichas/LACB62067.php,B3M
21,0,"Brown, Alec",16:9,9,1,4,25,1,1,100,4,4,100,4,3,1,0,1,2,0,2,0,0,2,2,-3,11,2017-2018,Regular Season,8,12/11/2017,movistar estudiantes - montakit fuenlabrada,69 - 71,Estudiantes,67,http://www.acb.com/fichas/LACB62067.php,FO4
22,1,"Caner-Medley,N.",21:37,4,1,7,14,0,2,0,2,2,100,3,3,0,0,0,1,0,0,0,0,2,3,-1,-1,2017-2018,Regular Season,8,12/11/2017,movistar estudiantes - montakit fuenlabrada,69 - 71,Estudiantes,67,http://www.acb.com/fichas/LACB62067.php,BF4
0,0,"Arteaga, Victor",0,0,0,0,0,0,0,0,0,0,0,0,0,0,0,0,0,0,0,0,0,0,0,0,0,2017-2018,Regular Season,8,12/11/2017,movistar estudiantes - montakit fuenlabrada,69 - 71,Estudiantes,67,http://www.acb.com/fichas/LACB62067.php,0
0,0,Equipo,0,0,0,0,0,0,0,0,0,0,0,1,1,0,0,0,0,0,0,0,0,0,0,0,1,2017-2018,Regular Season,8,12/11/2017,movistar estudiantes - montakit fuenlabrada,69 - 71,0,67,http://www.acb.com/fichas/LACB62067.php,
0,1,"Olaseni, Gabriel",16:49,14,6,9,67,0,0,0,2,3,67,4,3,1,0,0,2,0,0,0,0,3,2,10,11,2017-2018,Regular Season,8,12/11/2017,movistar estudiantes - montakit fuenlabrada,69 - 71,Fuenlabrada,67,http://www.acb.com/fichas/LACB62067.php,54F
2,1,"Popovic, Marko",26:30,15,2,3,67,3,11,27,2,2,100,4,3,1,2,1,0,0,0,0,0,2,2,7,13,2017-2018,Regular Season,8,12/11/2017,movistar estudiantes - montakit fuenlabrada,69 - 71,Fuenlabrada,67,http://www.acb.com/fichas/LACB62067.php,B4P
4,0,"O'Leary, Ian",21:7,6,3,4,75,0,0,0,0,0,0,4,2,2,1,0,1,0,0,1,2,4,1,-4,5,2017-2018,Regular Season,8,12/11/2017,movistar estudiantes - montakit fuenlabrada,69 - 71,Fuenlabrada,67,http://www.acb.com/fichas/LACB62067.php,258
5,0,"Rupnik, Luka",12:1,0,0,0,0,0,3,0,0,0,0,2,2,0,2,0,1,0,0,0,0,1,4,7,3,2017-2018,Regular Season,8,12/11/2017,movistar estudiantes - montakit fuenlabrada,69 - 71,Fuenlabrada,67,http://www.acb.com/fichas/LACB62067.php,52N
8,0,"Llorca, Alex",13:53,2,0,1,0,0,2,0,2,6,33,7,4,3,0,0,0,0,0,0,0,3,4,16,3,2017-2018,Regular Season,8,12/11/2017,movistar estudiantes - montakit fuenlabrada,69 - 71,Fuenlabrada,67,http://www.acb.com/fichas/LACB62067.php,BFV
9,0,"Sekulic, Blagota",8:23,0,0,1,0,0,0,0,0,0,0,0,0,0,0,0,2,0,0,0,0,1,2,-2,-2,2017-2018,Regular Season,8,12/11/2017,movistar estudiantes - montakit fuenlabrada,69 - 71,Fuenlabrada,67,http://www.acb.com/fichas/LACB62067.php,BD8
11,0,"Cruz, Francisco",21:23,14,3,9,33,2,5,40,2,2,100,3,2,1,2,1,2,0,0,2,0,3,2,-9,6,2017-2018,Regular Season,8,12/11/2017,movistar estudiantes - montakit fuenlabrada,69 - 71,Fuenlabrada,67,http://www.acb.com/fichas/LACB62067.php,516
13,1,"Smits, Rolands",29:17,8,2,3,67,0,2,0,4,5,80,6,4,2,1,0,1,0,0,0,0,2,4,6,12,2017-2018,Regular Season,8,12/11/2017,movistar estudiantes - montakit fuenlabrada,69 - 71,Fuenlabrada,67,http://www.acb.com/fichas/LACB62067.php,862
0,0,"Gonzalez, Jose M.",0,0,0,0,0,0,0,0,0,0,0,0,0,0,0,0,0,0,0,0,0,0,0,0,0,2017-2018,Regular Season,8,12/11/2017,movistar estudiantes - montakit fuenlabrada,69 - 71,Fuenlabrada,67,http://www.acb.com/fichas/LACB62067.php,0
16,1,"Vargas, Gregory",27:19,5,1,3,33,1,2,50,0,0,0,6,6,0,4,0,3,0,0,0,0,5,0,-1,4,2017-2018,Regular Season,8,12/11/2017,movistar estudiantes - montakit fuenlabrada,69 - 71,Fuenlabrada,67,http://www.acb.com/fichas/LACB62067.php,53Q
0,0,"Llorente, Sergio",0,0,0,0,0,0,0,0,0,0,0,0,0,0,0,0,0,0,0,0,0,0,0,0,0,2017-2018,Regular Season,8,12/11/2017,movistar estudiantes - montakit fuenlabrada,69 - 71,Fuenlabrada,67,http://www.acb.com/fichas/LACB62067.php,0
31,1,"Eyenga, C.",23:18,7,2,7,29,1,1,100,0,0,0,7,5,2,1,1,3,0,0,1,0,3,1,-20,5,2017-2018,Regular Season,8,12/11/2017,movistar estudiantes - montakit fuenlabrada,69 - 71,Fuenlabrada,67,http://www.acb.com/fichas/LACB62067.php,Y8D
0,0,Equipo,0,0,0,0,0,0,0,0,0,0,0,1,0,1,0,0,1,0,0,0,0,0,0,0,0,2017-2018,Regular Season,8,12/11/2017,movistar estudiantes - montakit fuenlabrada,69 - 71,0,67,http://www.acb.com/fichas/LACB62067.php,
5,1,"Fischer, Ricardo",14:15,5,1,2,50,0,0,0,3,4,75,0,0,0,4,0,2,0,0,0,0,4,2,6,3,2017-2018,Regular Season,8,12/11/2017,retabet bilbao basket - valencia basket,77 - 81,Bilbao,68,http://www.acb.com/fichas/LACB62068.php,53G
9,0,"Tabu, Jonathan",24:11,9,1,1,100,1,6,17,4,4,100,5,3,2,3,0,4,0,0,0,0,5,3,-5,6,2017-2018,Regular Season,8,12/11/2017,retabet bilbao basket - valencia basket,77 - 81,Bilbao,68,http://www.acb.com/fichas/LACB62068.php,H09
0,0,"Mendia, Borja",0,0,0,0,0,0,0,0,0,0,0,0,0,0,0,0,0,0,0,0,0,0,0,0,0,2017-2018,Regular Season,8,12/11/2017,retabet bilbao basket - valencia basket,77 - 81,Bilbao,68,http://www.acb.com/fichas/LACB62068.php,0
11,1,"Hammink, Shane",12:52,2,1,3,33,0,0,0,0,0,0,2,1,1,2,0,2,0,0,1,1,2,0,0,-1,2017-2018,Regular Season,8,12/11/2017,retabet bilbao basket - valencia basket,77 - 81,Bilbao,68,http://www.acb.com/fichas/LACB62068.php,53H
12,0,"Redivo, Lucio",14:25,4,1,3,33,0,3,0,2,2,100,1,1,0,0,0,0,0,0,1,0,2,2,-9,-1,2017-2018,Regular Season,8,12/11/2017,retabet bilbao basket - valencia basket,77 - 81,Bilbao,68,http://www.acb.com/fichas/LACB62068.php,538
14,0,"Salgado, Javier",1:23,0,0,0,0,0,0,0,0,0,0,0,0,0,0,0,0,0,0,0,0,0,0,-3,0,2017-2018,Regular Season,8,12/11/2017,retabet bilbao basket - valencia basket,77 - 81,Bilbao,68,http://www.acb.com/fichas/LACB62068.php,B1R
15,0,"Mumbru, Alex",17:58,13,2,2,100,2,7,29,3,4,75,3,3,0,3,0,1,0,0,0,0,2,5,-3,15,2017-2018,Regular Season,8,12/11/2017,retabet bilbao basket - valencia basket,77 - 81,Bilbao,68,http://www.acb.com/fichas/LACB62068.php,A46
17,1,"Hervelle, Axel",22:14,2,0,1,0,0,2,0,2,2,100,3,2,1,0,1,1,0,0,0,0,2,1,-4,1,2017-2018,Regular Season,8,12/11/2017,retabet bilbao basket - valencia basket,77 - 81,Bilbao,68,http://www.acb.com/fichas/LACB62068.php,B6Q
19,0,"Tomas, Pere",24:23,7,2,4,50,1,4,25,0,0,0,5,1,4,0,0,1,0,0,0,0,5,1,-3,2,2017-2018,Regular Season,8,12/11/2017,retabet bilbao basket - valencia basket,77 - 81,Bilbao,68,http://www.acb.com/fichas/LACB62068.php,Y3V
20,1,"Todorovic, Dejan",28:29,16,0,5,0,5,9,56,1,2,50,3,3,0,3,2,2,0,0,1,0,3,4,3,12,2017-2018,Regular Season,8,12/11/2017,retabet bilbao basket - valencia basket,77 - 81,Bilbao,68,http://www.acb.com/fichas/LACB62068.php,10D
22,0,"Vucetic, Vasilije",15:42,4,2,4,50,0,1,0,0,0,0,1,0,1,0,0,0,0,0,0,0,4,2,-7,0,2017-2018,Regular Season,8,12/11/2017,retabet bilbao basket - valencia basket,77 - 81,Bilbao,68,http://www.acb.com/fichas/LACB62068.php,51G
32,1,"Gladness, Mickell",24:8,15,6,9,67,0,0,0,3,3,100,8,3,5,0,1,1,1,0,1,4,1,2,5,20,2017-2018,Regular Season,8,12/11/2017,retabet bilbao basket - valencia basket,77 - 81,Bilbao,68,http://www.acb.com/fichas/LACB62068.php,55D
0,0,Equipo,0,0,0,0,0,0,0,0,0,0,0,4,4,0,0,0,0,0,0,0,0,0,0,0,4,2017-2018,Regular Season,8,12/11/2017,retabet bilbao basket - valencia basket,77 - 81,0,68,http://www.acb.com/fichas/LACB62068.php,
0,1,"Thomas, Will",18:18,6,2,2,100,0,1,0,2,2,100,1,0,1,2,1,0,0,0,0,1,2,2,1,9,2017-2018,Regular Season,8,12/11/2017,retabet bilbao basket - valencia basket,77 - 81,Valencia,68,http://www.acb.com/fichas/LACB62068.php,1L5
6,0,"Abalde, Alberto",3:46,0,0,0,0,0,1,0,0,0,0,1,0,1,0,0,0,0,0,0,0,0,0,-6,0,2017-2018,Regular Season,8,12/11/2017,retabet bilbao basket - valencia basket,77 - 81,Valencia,68,http://www.acb.com/fichas/LACB62068.php,8C4
9,0,"Van Rossom, Sam",17:1,4,1,2,50,0,2,0,2,2,100,3,3,0,4,0,1,0,1,0,0,4,2,-2,6,2017-2018,Regular Season,8,12/11/2017,retabet bilbao basket - valencia basket,77 - 81,Valencia,68,http://www.acb.com/fichas/LACB62068.php,BK4
10,0,"Rudez, Damjan",1:47,0,0,0,0,0,0,0,0,0,0,0,0,0,0,0,0,0,0,0,0,1,0,-4,-1,2017-2018,Regular Season,8,12/11/2017,retabet bilbao basket - valencia basket,77 - 81,Valencia,68,http://www.acb.com/fichas/LACB62068.php,249
14,1,"Dubljevic, Bojan",21:47,5,1,1,100,0,3,0,3,6,50,9,8,1,2,1,3,0,1,0,0,1,5,8,13,2017-2018,Regular Season,8,12/11/2017,retabet bilbao basket - valencia basket,77 - 81,Valencia,68,http://www.acb.com/fichas/LACB62068.php,217
16,1,"Vives, Guillem",22:44,8,1,1,100,2,3,67,0,0,0,2,2,0,2,1,1,0,0,0,0,1,2,1,12,2017-2018,Regular Season,8,12/11/2017,retabet bilbao basket - valencia basket,77 - 81,Valencia,68,http://www.acb.com/fichas/LACB62068.php,BLP
17,0,"Martinez, Rafa",8:6,2,1,2,50,0,1,0,0,0,0,2,2,0,1,0,0,0,0,0,0,1,0,2,2,2017-2018,Regular Season,8,12/11/2017,retabet bilbao basket - valencia basket,77 - 81,Valencia,68,http://www.acb.com/fichas/LACB62068.php,A3W
19,1,San Emeterio,26:42,11,2,4,50,1,3,33,4,4,100,0,0,0,2,3,4,1,0,0,0,2,3,15,9,2017-2018,Regular Season,8,12/11/2017,retabet bilbao basket - valencia basket,77 - 81,Valencia,68,http://www.acb.com/fichas/LACB62068.php,A8T
21,0,"Pleiss, Tibor",17:28,4,2,4,50,0,0,0,0,1,0,5,4,1,0,0,2,0,1,0,0,4,3,0,4,2017-2018,Regular Season,8,12/11/2017,retabet bilbao basket - valencia basket,77 - 81,Valencia,68,http://www.acb.com/fichas/LACB62068.php,219
30,0,"Sastre, Joan",16:57,11,1,1,100,1,3,33,6,6,100,2,1,1,1,1,0,0,1,0,0,1,4,1,17,2017-2018,Regular Season,8,12/11/2017,retabet bilbao basket - valencia basket,77 - 81,Valencia,68,http://www.acb.com/fichas/LACB62068.php,Y9O
32,1,"Green, Erick",24:44,19,3,5,60,1,3,33,10,11,91,0,0,0,1,1,3,1,0,0,0,3,7,1,17,2017-2018,Regular Season,8,12/11/2017,retabet bilbao basket - valencia basket,77 - 81,Valencia,68,http://www.acb.com/fichas/LACB62068.php,53P
42,0,"Doornekamp, A.",20:40,11,1,1,100,2,3,67,3,4,75,4,4,0,1,0,2,0,0,0,0,2,2,3,12,2017-2018,Regular Season,8,12/11/2017,retabet bilbao basket - valencia basket,77 - 81,Valencia,68,http://www.acb.com/fichas/LACB62068.php,501
0,0,Equipo,0,0,0,0,0,0,0,0,0,0,0,5,5,0,0,0,1,0,0,0,0,0,0,0,4,2017-2018,Regular Season,8,12/11/2017,retabet bilbao basket - valencia basket,77 - 81,0,68,http://www.acb.com/fichas/LACB62068.php,
1,0,"Agbelese, Danny",14:45,5,2,4,50,0,0,0,1,1,100,4,3,1,2,1,0,0,1,1,0,4,2,2,8,2017-2018,Regular Season,8,12/11/2017,delteco gbc - unicaja,71 - 63,Guipuzcoa,69,http://www.acb.com/fichas/LACB62069.php,D03
3,0,"Chery, Kenny",18:0,0,0,3,0,0,4,0,0,0,0,3,3,0,2,0,2,0,0,0,0,1,1,5,-4,2017-2018,Regular Season,8,12/11/2017,delteco gbc - unicaja,71 - 63,Guipuzcoa,69,http://www.acb.com/fichas/LACB62069.php,51A
4,1,"Van Lacke, Fede",17:40,5,1,1,100,0,1,0,3,4,75,2,2,0,2,2,4,0,0,0,0,0,4,11,9,2017-2018,Regular Season,8,12/11/2017,delteco gbc - unicaja,71 - 63,Guipuzcoa,69,http://www.acb.com/fichas/LACB62069.php,B3K
5,1,"Perez, Daniel",19:45,10,3,5,60,1,2,50,1,1,100,1,1,0,3,0,2,0,0,0,0,0,3,6,12,2017-2018,Regular Season,8,12/11/2017,delteco gbc - unicaja,71 - 63,Guipuzcoa,69,http://www.acb.com/fichas/LACB62069.php,Y84
7,0,"Oroz, Xabi",4:54,0,0,0,0,0,1,0,0,0,0,0,0,0,0,0,0,0,0,0,0,1,0,-6,-2,2017-2018,Regular Season,8,12/11/2017,delteco gbc - unicaja,71 - 63,Guipuzcoa,69,http://www.acb.com/fichas/LACB62069.php,XDP
10,0,"Salvo, Miquel",18:15,2,0,1,0,0,0,0,2,4,50,3,1,2,1,0,0,0,0,0,0,3,5,4,5,2017-2018,Regular Season,8,12/11/2017,delteco gbc - unicaja,71 - 63,Guipuzcoa,69,http://www.acb.com/fichas/LACB62069.php,545
11,1,"Pardina, Joan",16:46,12,0,0,0,4,5,80,0,0,0,0,0,0,0,0,1,0,0,0,0,2,1,1,9,2017-2018,Regular Season,8,12/11/2017,delteco gbc - unicaja,71 - 63,Guipuzcoa,69,http://www.acb.com/fichas/LACB62069.php,782
0,0,"Beraza, Xabi",0,0,0,0,0,0,0,0,0,0,0,0,0,0,0,0,0,0,0,0,0,0,0,0,0,2017-2018,Regular Season,8,12/11/2017,delteco gbc - unicaja,71 - 63,Guipuzcoa,69,http://www.acb.com/fichas/LACB62069.php,0
17,1,"Fakuade, Michael",17:28,5,1,1,100,1,2,50,0,0,0,5,2,3,2,0,2,1,3,0,1,3,0,-3,9,2017-2018,Regular Season,8,12/11/2017,delteco gbc - unicaja,71 - 63,Guipuzcoa,69,http://www.acb.com/fichas/LACB62069.php,54P
44,0,"Swing, Jordan",24:40,5,1,4,25,1,5,20,0,0,0,1,1,0,2,0,3,1,0,1,0,2,2,3,-3,2017-2018,Regular Season,8,12/11/2017,delteco gbc - unicaja,71 - 63,Guipuzcoa,69,http://www.acb.com/fichas/LACB62069.php,D07
64,1,"Norel, Henk",25:15,13,5,7,71,0,0,0,3,4,75,11,9,2,3,0,2,0,0,0,2,3,3,6,22,2017-2018,Regular Season,8,12/11/2017,delteco gbc - unicaja,71 - 63,Guipuzcoa,69,http://www.acb.com/fichas/LACB62069.php,BA0
88,0,"Clark, Daniel",22:32,14,3,7,43,2,5,40,2,2,100,4,2,2,0,1,0,0,1,0,0,4,2,11,11,2017-2018,Regular Season,8,12/11/2017,delteco gbc - unicaja,71 - 63,Guipuzcoa,69,http://www.acb.com/fichas/LACB62069.php,BB8
0,0,Equipo,0,0,0,0,0,0,0,0,0,0,0,6,5,1,0,0,0,0,0,0,0,0,0,0,6,2017-2018,Regular Season,8,12/11/2017,delteco gbc - unicaja,71 - 63,0,69,http://www.acb.com/fichas/LACB62069.php,
0,0,"Okouo, Viny",0,0,0,0,0,0,0,0,0,0,0,0,0,0,0,0,0,0,0,0,0,0,0,0,0,2017-2018,Regular Season,8,12/11/2017,delteco gbc - unicaja,71 - 63,Unicaja,69,http://www.acb.com/fichas/LACB62069.php,0
3,0,"McCallum, Ray",25:31,3,1,3,33,0,0,0,1,2,50,5,4,1,3,0,2,0,0,1,0,2,2,-4,5,2017-2018,Regular Season,8,12/11/2017,delteco gbc - unicaja,71 - 63,Unicaja,69,http://www.acb.com/fichas/LACB62069.php,540
9,1,"Diaz, Alberto",14:21,0,0,2,0,0,2,0,0,0,0,2,1,1,2,0,1,0,0,0,0,2,1,-8,-2,2017-2018,Regular Season,8,12/11/2017,delteco gbc - unicaja,71 - 63,Unicaja,69,http://www.acb.com/fichas/LACB62069.php,SHG
10,1,"Salin, Sasu",13:46,11,1,4,25,3,4,75,0,0,0,0,0,0,1,1,0,1,0,1,0,2,1,5,7,2017-2018,Regular Season,8,12/11/2017,delteco gbc - unicaja,71 - 63,Unicaja,69,http://www.acb.com/fichas/LACB62069.php,2IR
11,0,"Diez, Daniel",13:17,7,1,3,33,1,5,20,2,3,67,5,2,3,0,1,2,0,0,1,0,3,2,3,2,2017-2018,Regular Season,8,12/11/2017,delteco gbc - unicaja,71 - 63,Unicaja,69,http://www.acb.com/fichas/LACB62069.php,BLO
12,0,"Milosavljevic, D.",13:51,5,1,3,33,1,3,33,0,0,0,2,2,0,0,0,1,0,0,0,0,0,3,-9,5,2017-2018,Regular Season,8,12/11/2017,delteco gbc - unicaja,71 - 63,Unicaja,69,http://www.acb.com/fichas/LACB62069.php,53F
16,0,"Nedovic, Nemanja",20:57,7,2,5,40,1,5,20,0,0,0,0,0,0,1,0,1,0,0,1,0,3,1,-13,-3,2017-2018,Regular Season,8,12/11/2017,delteco gbc - unicaja,71 - 63,Unicaja,69,http://www.acb.com/fichas/LACB62069.php,2FY
17,1,"Shermadini, Giorgi",14:10,8,4,5,80,0,0,0,0,0,0,4,2,2,0,0,1,0,2,0,1,2,1,-1,11,2017-2018,Regular Season,8,12/11/2017,delteco gbc - unicaja,71 - 63,Unicaja,69,http://www.acb.com/fichas/LACB62069.php,H18
21,1,"Waczynski, Adam",18:59,4,1,1,100,0,2,0,2,2,100,1,1,0,0,1,1,0,0,0,0,4,1,-2,0,2017-2018,Regular Season,8,12/11/2017,delteco gbc - unicaja,71 - 63,Unicaja,69,http://www.acb.com/fichas/LACB62069.php,1KW
23,1,"Brooks, Jeff",12:42,2,0,2,0,0,1,0,2,2,100,0,0,0,0,0,0,2,0,1,0,1,2,-2,-1,2017-2018,Regular Season,8,12/11/2017,delteco gbc - unicaja,71 - 63,Unicaja,69,http://www.acb.com/fichas/LACB62069.php,505
40,0,"Augustine, James",25:39,2,1,6,17,0,0,0,0,0,0,7,6,1,1,2,0,0,0,0,0,3,2,-5,6,2017-2018,Regular Season,8,12/11/2017,delteco gbc - unicaja,71 - 63,Unicaja,69,http://www.acb.com/fichas/LACB62069.php,BGJ
43,0,"Suarez, Carlos",26:47,14,3,4,75,0,3,0,8,10,80,6,5,1,3,1,1,0,0,0,0,1,7,-4,23,2017-2018,Regular Season,8,12/11/2017,delteco gbc - unicaja,71 - 63,Unicaja,69,http://www.acb.com/fichas/LACB62069.php,B79
0,0,Equipo,0,0,0,0,0,0,0,0,0,0,0,2,1,1,0,0,1,0,0,0,0,0,0,0,1,2017-2018,Regular Season,8,12/11/2017,delteco gbc - unicaja,71 - 63,0,69,http://www.acb.com/fichas/LACB62069.php,
3,0,"Sabat, Albert",19:25,2,0,2,0,0,3,0,2,2,100,1,1,0,5,1,2,0,0,0,0,2,4,6,4,2017-2018,Regular Season,8,11/11/2017,monbus obradoiro - herbalife gran canaria,79 - 65,Obradoiro,70,http://www.acb.com/fichas/LACB62070.php,B2J
0,0,"Simons, Benjamin",0,0,0,0,0,0,0,0,0,0,0,0,0,0,0,0,0,0,0,0,0,0,0,0,0,2017-2018,Regular Season,8,11/11/2017,monbus obradoiro - herbalife gran canaria,79 - 65,Obradoiro,70,http://www.acb.com/fichas/LACB62070.php,0
9,1,"Llovet, Nacho",29:3,6,2,3,67,0,1,0,2,2,100,4,2,2,1,1,3,0,0,0,0,4,3,16,6,2017-2018,Regular Season,8,11/11/2017,monbus obradoiro - herbalife gran canaria,79 - 65,Obradoiro,70,http://www.acb.com/fichas/LACB62070.php,Y7O
11,0,"Radovic, Nemanja",24:3,12,5,9,56,0,2,0,2,2,100,5,2,3,1,0,1,0,0,1,1,4,1,3,7,2017-2018,Regular Season,8,11/11/2017,monbus obradoiro - herbalife gran canaria,79 - 65,Obradoiro,70,http://www.acb.com/fichas/LACB62070.php,H52
13,1,"Pustovyi, Artem",26:54,13,5,9,56,0,0,0,3,4,75,8,3,5,1,0,0,0,4,0,3,3,2,9,20,2017-2018,Regular Season,8,11/11/2017,monbus obradoiro - herbalife gran canaria,79 - 65,Obradoiro,70,http://www.acb.com/fichas/LACB62070.php,FO1
0,0,"Gomez, Rodrigo",0,0,0,0,0,0,0,0,0,0,0,0,0,0,0,0,0,0,0,0,0,0,0,0,0,2017-2018,Regular Season,8,11/11/2017,monbus obradoiro - herbalife gran canaria,79 - 65,Obradoiro,70,http://www.acb.com/fichas/LACB62070.php,0
20,0,"Navarro, David",26:1,13,2,4,50,3,4,75,0,0,0,3,3,0,0,2,1,1,1,0,2,1,1,15,15,2017-2018,Regular Season,8,11/11/2017,monbus obradoiro - herbalife gran canaria,79 - 65,Obradoiro,70,http://www.acb.com/fichas/LACB62070.php,B8L
21,1,"Thomas, Matt",30:11,20,7,12,58,2,6,33,0,0,0,6,4,2,4,2,1,0,0,1,0,2,2,18,21,2017-2018,Regular Season,8,11/11/2017,monbus obradoiro - herbalife gran canaria,79 - 65,Obradoiro,70,http://www.acb.com/fichas/LACB62070.php,53S
22,1,"Bendzius, Eimantas",13:59,2,1,2,50,0,3,0,0,0,0,2,2,0,0,2,1,0,0,0,0,1,1,-1,1,2017-2018,Regular Season,8,11/11/2017,monbus obradoiro - herbalife gran canaria,79 - 65,Obradoiro,70,http://www.acb.com/fichas/LACB62070.php,FO0
33,0,"Corbacho, A.",6:30,2,1,1,100,0,5,0,0,0,0,1,1,0,1,0,0,0,0,0,0,0,2,-6,1,2017-2018,Regular Season,8,11/11/2017,monbus obradoiro - herbalife gran canaria,79 - 65,Obradoiro,70,http://www.acb.com/fichas/LACB62070.php,B5E
44,1,"Pozas, Pepe",18:37,9,2,6,33,1,1,100,2,3,67,1,1,0,7,0,0,0,0,0,0,2,2,4,12,2017-2018,Regular Season,8,11/11/2017,monbus obradoiro - herbalife gran canaria,79 - 65,Obradoiro,70,http://www.acb.com/fichas/LACB62070.php,750
54,0,"Laksa, Martins",5:17,0,0,1,0,0,1,0,0,0,0,1,1,0,0,0,0,0,0,0,0,2,0,6,-3,2017-2018,Regular Season,8,11/11/2017,monbus obradoiro - herbalife gran canaria,79 - 65,Obradoiro,70,http://www.acb.com/fichas/LACB62070.php,53A
0,0,Equipo,0,0,0,0,0,0,0,0,0,0,0,5,3,2,0,0,0,0,0,0,0,0,0,0,5,2017-2018,Regular Season,8,11/11/2017,monbus obradoiro - herbalife gran canaria,79 - 65,0,70,http://www.acb.com/fichas/LACB62070.php,
4,0,"Oliver, Albert",19:58,4,2,5,40,0,2,0,0,0,0,3,3,0,5,0,2,0,0,1,0,1,1,-11,4,2017-2018,Regular Season,8,11/11/2017,monbus obradoiro - herbalife gran canaria,79 - 65,Gran_Canaria,70,http://www.acb.com/fichas/LACB62070.php,A56
8,0,"Eriksson, Marcus",12:14,9,1,1,100,2,3,67,1,1,100,2,2,0,0,0,0,0,0,0,0,0,1,-2,11,2017-2018,Regular Season,8,11/11/2017,monbus obradoiro - herbalife gran canaria,79 - 65,Gran_Canaria,70,http://www.acb.com/fichas/LACB62070.php,118
9,1,"Mekel, Gal",20:2,8,2,4,50,0,2,0,4,6,67,2,2,0,3,0,3,0,0,1,0,3,4,-3,4,2017-2018,Regular Season,8,11/11/2017,monbus obradoiro - herbalife gran canaria,79 - 65,Gran_Canaria,70,http://www.acb.com/fichas/LACB62070.php,53K
11,0,"Seeley, DJ",27:12,7,2,4,50,1,3,33,0,0,0,5,3,2,2,1,1,0,0,0,0,0,0,-14,10,2017-2018,Regular Season,8,11/11/2017,monbus obradoiro - herbalife gran canaria,79 - 65,Gran_Canaria,70,http://www.acb.com/fichas/LACB62070.php,2IW
12,1,"Balvin, Ondrej",24:59,3,1,5,20,0,0,0,1,2,50,5,5,0,0,1,2,0,0,1,0,0,3,-15,4,2017-2018,Regular Season,8,11/11/2017,monbus obradoiro - herbalife gran canaria,79 - 65,Gran_Canaria,70,http://www.acb.com/fichas/LACB62070.php,BLE
13,1,"Baez, Eulis",23:2,13,3,4,75,1,3,33,4,4,100,4,3,1,2,0,4,0,0,0,0,5,3,-7,10,2017-2018,Regular Season,8,11/11/2017,monbus obradoiro - herbalife gran canaria,79 - 65,Gran_Canaria,70,http://www.acb.com/fichas/LACB62070.php,BIH
14,0,"Pasecniks, Anzejs",21:11,4,1,5,20,0,1,0,2,6,33,4,3,1,0,1,1,0,1,1,0,2,4,-8,1,2017-2018,Regular Season,8,11/11/2017,monbus obradoiro - herbalife gran canaria,79 - 65,Gran_Canaria,70,http://www.acb.com/fichas/LACB62070.php,FQH
21,1,"Pauli, Oriol",13:16,8,2,3,67,1,1,100,1,1,100,1,1,0,0,0,3,0,0,0,0,1,2,3,6,2017-2018,Regular Season,8,11/11/2017,monbus obradoiro - herbalife gran canaria,79 - 65,Gran_Canaria,70,http://www.acb.com/fichas/LACB62070.php,SCE
22,0,"Rabaseda, Xavi",7:54,2,1,2,50,0,0,0,0,0,0,1,1,0,0,0,1,0,1,0,0,1,0,-10,1,2017-2018,Regular Season,8,11/11/2017,monbus obradoiro - herbalife gran canaria,79 - 65,Gran_Canaria,70,http://www.acb.com/fichas/LACB62070.php,Y1F
27,1,"McKissic, S.",19:24,5,1,2,50,1,2,50,0,2,0,2,1,1,0,0,1,1,0,0,0,2,2,-5,2,2017-2018,Regular Season,8,11/11/2017,monbus obradoiro - herbalife gran canaria,79 - 65,Gran_Canaria,70,http://www.acb.com/fichas/LACB62070.php,53D
40,0,"Fischer, Luke",10:48,2,1,3,33,0,0,0,0,0,0,5,4,1,1,0,2,0,0,1,0,3,0,2,0,2017-2018,Regular Season,8,11/11/2017,monbus obradoiro - herbalife gran canaria,79 - 65,Gran_Canaria,70,http://www.acb.com/fichas/LACB62070.php,53I
0,0,Equipo,0,0,0,0,0,0,0,0,0,0,0,3,0,3,0,0,0,0,0,0,0,0,0,0,3,2017-2018,Regular Season,8,11/11/2017,monbus obradoiro - herbalife gran canaria,79 - 65,0,70,http://www.acb.com/fichas/LACB62070.php,
0,1,"Fisher, Corey",24:18,16,2,7,29,2,5,40,6,7,86,2,0,2,3,0,2,0,0,0,0,2,5,1,13,2017-2018,Regular Season,8,11/11/2017,san pablo burgos - ucam murcia,89 - 86,Burgos,71,http://www.acb.com/fichas/LACB62071.php,244
5,0,"Schreiner, Thomas",17:38,0,0,2,0,0,4,0,0,0,0,0,0,0,5,0,1,0,0,1,0,2,0,-5,-5,2017-2018,Regular Season,8,11/11/2017,san pablo burgos - ucam murcia,89 - 86,Burgos,71,http://www.acb.com/fichas/LACB62071.php,2A3
8,0,"Sedekerskis, Tadas",13:51,0,0,0,0,0,0,0,0,0,0,2,2,0,0,0,0,0,0,0,0,0,2,-12,4,2017-2018,Regular Season,8,11/11/2017,san pablo burgos - ucam murcia,89 - 86,Burgos,71,http://www.acb.com/fichas/LACB62071.php,1BG
9,0,"Barrera, Alex",10:23,7,2,3,67,1,2,50,0,0,0,1,1,0,1,0,1,0,0,0,0,0,0,-15,6,2017-2018,Regular Season,8,11/11/2017,san pablo burgos - ucam murcia,89 - 86,Burgos,71,http://www.acb.com/fichas/LACB62071.php,717
10,0,"Vega, Javier",11:33,0,0,1,0,0,1,0,0,0,0,2,2,0,0,1,0,0,0,0,0,2,0,-3,-1,2017-2018,Regular Season,8,11/11/2017,san pablo burgos - ucam murcia,89 - 86,Burgos,71,http://www.acb.com/fichas/LACB62071.php,BA6
11,1,"Saiz, Sebas",15:0,8,4,5,80,0,0,0,0,0,0,4,2,2,0,0,4,0,2,0,1,2,1,-11,8,2017-2018,Regular Season,8,11/11/2017,san pablo burgos - ucam murcia,89 - 86,Burgos,71,http://www.acb.com/fichas/LACB62071.php,SDS
0,0,"Jenkins, John",0,0,0,0,0,0,0,0,0,0,0,0,0,0,0,0,0,0,0,0,0,0,0,0,0,2017-2018,Regular Season,8,11/11/2017,san pablo burgos - ucam murcia,89 - 86,Burgos,71,http://www.acb.com/fichas/LACB62071.php,0
13,1,"Gailius, Deividas",24:12,11,3,6,50,1,4,25,2,3,67,4,3,1,1,1,2,0,0,0,0,5,6,22,9,2017-2018,Regular Season,8,11/11/2017,san pablo burgos - ucam murcia,89 - 86,Burgos,71,http://www.acb.com/fichas/LACB62071.php,549
15,0,"Martinez, Edu",9:54,12,0,0,0,3,5,60,3,3,100,1,0,1,0,0,0,0,0,0,0,0,1,3,12,2017-2018,Regular Season,8,11/11/2017,san pablo burgos - ucam murcia,89 - 86,Burgos,71,http://www.acb.com/fichas/LACB62071.php,Y7W
21,1,"Thompson, Deon",29:48,14,4,6,67,1,1,100,3,3,100,5,3,2,2,3,2,0,3,0,1,2,2,9,23,2017-2018,Regular Season,8,11/11/2017,san pablo burgos - ucam murcia,89 - 86,Burgos,71,http://www.acb.com/fichas/LACB62071.php,54C
23,0,"Huskic, Goran",24:20,18,7,9,78,0,1,0,4,4,100,6,1,5,2,1,0,1,2,0,0,2,2,11,26,2017-2018,Regular Season,8,11/11/2017,san pablo burgos - ucam murcia,89 - 86,Burgos,71,http://www.acb.com/fichas/LACB62071.php,H05
25,1,"Lopez, Alex",19:3,3,0,1,0,1,2,50,0,0,0,3,2,1,3,0,1,0,0,0,0,4,2,15,4,2017-2018,Regular Season,8,11/11/2017,san pablo burgos - ucam murcia,89 - 86,Burgos,71,http://www.acb.com/fichas/LACB62071.php,YBF
0,0,Equipo,0,0,0,0,0,0,0,0,0,0,0,4,3,1,0,0,0,0,0,0,0,0,0,0,4,2017-2018,Regular Season,8,11/11/2017,san pablo burgos - ucam murcia,89 - 86,0,71,http://www.acb.com/fichas/LACB62071.php,
0,1,"Soko, Ovie",33:40,12,1,2,50,2,4,50,4,5,80,2,2,0,0,1,1,0,0,0,1,3,3,-5,10,2017-2018,Regular Season,8,11/11/2017,san pablo burgos - ucam murcia,89 - 86,Murcia,71,http://www.acb.com/fichas/LACB62071.php,50S
0,0,"Martin, Alberto",0,0,0,0,0,0,0,0,0,0,0,0,0,0,0,0,0,0,0,0,0,0,0,0,0,2017-2018,Regular Season,8,11/11/2017,san pablo burgos - ucam murcia,89 - 86,Murcia,71,http://www.acb.com/fichas/LACB62071.php,0
8,0,"Benite, Vitor",19:25,8,1,2,50,2,7,29,0,0,0,0,0,0,1,0,2,0,0,1,0,3,0,-10,-3,2017-2018,Regular Season,8,11/11/2017,san pablo burgos - ucam murcia,89 - 86,Murcia,71,http://www.acb.com/fichas/LACB62071.php,FOX
9,0,"Kloof, Charlon",20:35,12,2,3,67,2,5,40,2,2,100,1,1,0,2,0,1,0,0,0,0,2,2,-8,10,2017-2018,Regular Season,8,11/11/2017,san pablo burgos - ucam murcia,89 - 86,Murcia,71,http://www.acb.com/fichas/LACB62071.php,53N
11,1,"Hannah, Clevin",24:27,19,3,5,60,4,5,80,1,2,50,3,3,0,4,0,2,0,0,1,0,1,2,7,20,2017-2018,Regular Season,8,11/11/2017,san pablo burgos - ucam murcia,89 - 86,Murcia,71,http://www.acb.com/fichas/LACB62071.php,1LQ
12,1,"Oleson, Brad",27:6,4,0,0,0,1,3,33,1,1,100,3,2,1,3,1,2,0,0,0,0,4,1,0,4,2017-2018,Regular Season,8,11/11/2017,san pablo burgos - ucam murcia,89 - 86,Murcia,71,http://www.acb.com/fichas/LACB62071.php,BGO
0,0,"Olaizola, Julen",0,0,0,0,0,0,0,0,0,0,0,0,0,0,0,0,0,0,0,0,0,0,0,0,0,2017-2018,Regular Season,8,11/11/2017,san pablo burgos - ucam murcia,89 - 86,Murcia,71,http://www.acb.com/fichas/LACB62071.php,0
16,0,"Delia, Marcos",24:46,14,6,10,60,0,0,0,2,4,50,2,1,1,1,0,1,1,0,4,3,0,4,-5,10,2017-2018,Regular Season,8,11/11/2017,san pablo burgos - ucam murcia,89 - 86,Murcia,71,http://www.acb.com/fichas/LACB62071.php,512
24,1,"Tumba, Kevin",15:14,3,1,2,50,0,0,0,1,2,50,5,2,3,0,0,2,0,2,1,0,3,2,2,4,2017-2018,Regular Season,8,11/11/2017,san pablo burgos - ucam murcia,89 - 86,Murcia,71,http://www.acb.com/fichas/LACB62071.php,52W
27,1,"Rojas, Sadiel",28:27,11,3,3,100,1,4,25,2,2,100,9,7,2,0,1,1,1,0,0,0,5,5,2,17,2017-2018,Regular Season,8,11/11/2017,san pablo burgos - ucam murcia,89 - 86,Murcia,71,http://www.acb.com/fichas/LACB62071.php,1L3
33,0,"Lukovic, Marko",6:20,3,0,1,0,1,1,100,0,0,0,0,0,0,1,2,0,0,0,0,0,1,1,2,5,2017-2018,Regular Season,8,11/11/2017,san pablo burgos - ucam murcia,89 - 86,Murcia,71,http://www.acb.com/fichas/LACB62071.php,53R
0,0,Equipo,0,0,0,0,0,0,0,0,0,0,0,2,1,1,0,0,2,0,0,0,0,0,0,0,0,2017-2018,Regular Season,8,11/11/2017,san pablo burgos - ucam murcia,89 - 86,0,71,http://www.acb.com/fichas/LACB62071.php,
0,0,"Triguero, J.",0,0,0,0,0,0,0,0,0,0,0,0,0,0,0,0,0,0,0,0,0,0,0,0,0,2017-2018,Regular Season,8,12/11/2017,tecnyconta zaragoza - iberostar tenerife,89 - 77,Zaragoza,72,http://www.acb.com/fichas/LACB62072.php,0
7,1,"Barreiro, J.",9:9,0,0,2,0,0,0,0,0,0,0,0,0,0,0,0,0,0,0,0,0,0,0,-11,-2,2017-2018,Regular Season,8,12/11/2017,tecnyconta zaragoza - iberostar tenerife,89 - 77,Zaragoza,72,http://www.acb.com/fichas/LACB62072.php,XEU
9,1,"Dragovic, Nikola",32:6,9,3,4,75,1,4,25,0,2,0,4,4,0,0,2,1,0,0,0,1,3,2,16,7,2017-2018,Regular Season,8,12/11/2017,tecnyconta zaragoza - iberostar tenerife,89 - 77,Zaragoza,72,http://www.acb.com/fichas/LACB62072.php,542
10,0,"Garcia, Sergi",24:38,19,5,8,63,2,3,67,3,3,100,2,1,1,2,1,0,0,1,0,0,0,3,6,24,2017-2018,Regular Season,8,12/11/2017,tecnyconta zaragoza - iberostar tenerife,89 - 77,Zaragoza,72,http://www.acb.com/fichas/LACB62072.php,276
11,1,"Bellas, Tomas",27:15,9,0,2,0,3,7,43,0,0,0,4,2,2,2,0,0,0,0,2,0,3,3,9,7,2017-2018,Regular Season,8,12/11/2017,tecnyconta zaragoza - iberostar tenerife,89 - 77,Zaragoza,72,http://www.acb.com/fichas/LACB62072.php,YEF
13,1,"Neal, Gary",24:1,32,5,10,50,4,6,67,10,11,91,2,2,0,3,0,2,0,0,0,0,3,8,20,32,2017-2018,Regular Season,8,12/11/2017,tecnyconta zaragoza - iberostar tenerife,89 - 77,Zaragoza,72,http://www.acb.com/fichas/LACB62072.php,BFB
0,0,"Mazalin, Lovro",0,0,0,0,0,0,0,0,0,0,0,0,0,0,0,0,0,0,0,0,0,0,0,0,0,2017-2018,Regular Season,8,12/11/2017,tecnyconta zaragoza - iberostar tenerife,89 - 77,Zaragoza,72,http://www.acb.com/fichas/LACB62072.php,0
24,0,"Michalak, Michal",19:12,6,0,3,0,2,4,50,0,0,0,1,1,0,1,0,0,0,0,0,0,2,0,10,1,2017-2018,Regular Season,8,12/11/2017,tecnyconta zaragoza - iberostar tenerife,89 - 77,Zaragoza,72,http://www.acb.com/fichas/LACB62072.php,53M
27,0,"De Jong, Nicolas",15:49,4,1,1,100,0,1,0,2,2,100,2,1,1,0,0,1,0,1,0,0,1,3,0,7,2017-2018,Regular Season,8,12/11/2017,tecnyconta zaragoza - iberostar tenerife,89 - 77,Zaragoza,72,http://www.acb.com/fichas/LACB62072.php,54I
32,1,"Varnado, Jarvis",23:59,8,4,6,67,0,0,0,0,3,0,9,6,3,1,1,1,0,0,0,0,2,4,9,15,2017-2018,Regular Season,8,12/11/2017,tecnyconta zaragoza - iberostar tenerife,89 - 77,Zaragoza,72,http://www.acb.com/fichas/LACB62072.php,544
33,0,"Suarez, Alex",7:54,2,1,1,100,0,1,0,0,0,0,1,1,0,0,0,0,0,0,0,1,0,0,-4,2,2017-2018,Regular Season,8,12/11/2017,tecnyconta zaragoza - iberostar tenerife,89 - 77,Zaragoza,72,http://www.acb.com/fichas/LACB62072.php,BLI
45,0,"Blums, Janis",15:57,0,0,0,0,0,3,0,0,0,0,1,1,0,0,0,0,0,0,0,0,3,1,5,-4,2017-2018,Regular Season,8,12/11/2017,tecnyconta zaragoza - iberostar tenerife,89 - 77,Zaragoza,72,http://www.acb.com/fichas/LACB62072.php,BG3
0,0,Equipo,0,0,0,0,0,0,0,0,0,0,0,6,2,4,0,0,0,0,0,0,0,0,0,0,6,2017-2018,Regular Season,8,12/11/2017,tecnyconta zaragoza - iberostar tenerife,89 - 77,0,72,http://www.acb.com/fichas/LACB62072.php,
0,1,"San Miguel, R.",27:9,7,1,2,50,1,6,17,2,2,100,6,6,0,4,2,3,0,1,1,0,3,1,-11,8,2017-2018,Regular Season,8,12/11/2017,tecnyconta zaragoza - iberostar tenerife,89 - 77,Tenerife,72,http://www.acb.com/fichas/LACB62072.php,B86
5,1,"Richotti, Nicolas",19:14,8,1,5,20,2,5,40,0,0,0,3,0,3,0,0,3,0,1,0,0,5,2,-5,-1,2017-2018,Regular Season,8,12/11/2017,tecnyconta zaragoza - iberostar tenerife,89 - 77,Tenerife,72,http://www.acb.com/fichas/LACB62072.php,T78
0,0,"Niang, Mamadou",0,0,0,0,0,0,0,0,0,0,0,0,0,0,0,0,0,0,0,0,0,0,0,0,0,2017-2018,Regular Season,8,12/11/2017,tecnyconta zaragoza - iberostar tenerife,89 - 77,Tenerife,72,http://www.acb.com/fichas/LACB62072.php,0
9,0,"Llompart, Pedro",12:23,2,1,2,50,0,1,0,0,0,0,2,1,1,2,0,1,0,0,1,0,2,2,-1,2,2017-2018,Regular Season,8,12/11/2017,tecnyconta zaragoza - iberostar tenerife,89 - 77,Tenerife,72,http://www.acb.com/fichas/LACB62072.php,B4R
13,0,"Tobey, Mike",12:39,7,2,3,67,1,4,25,0,0,0,3,3,0,1,0,0,0,0,0,0,5,0,0,2,2017-2018,Regular Season,8,12/11/2017,tecnyconta zaragoza - iberostar tenerife,89 - 77,Tenerife,72,http://www.acb.com/fichas/LACB62072.php,530
17,1,"Vazquez, Fran",27:9,4,2,7,29,0,0,0,0,0,0,3,1,2,4,0,0,0,0,0,0,4,0,-9,2,2017-2018,Regular Season,8,12/11/2017,tecnyconta zaragoza - iberostar tenerife,89 - 77,Tenerife,72,http://www.acb.com/fichas/LACB62072.php,A9S
20,1,"Ponitka, Mateusz",27:38,22,7,7,100,1,2,50,5,8,63,8,5,3,0,0,1,0,0,0,0,1,6,-9,30,2017-2018,Regular Season,8,12/11/2017,tecnyconta zaragoza - iberostar tenerife,89 - 77,Tenerife,72,http://www.acb.com/fichas/LACB62072.php,53W
21,1,"Abromaitis, Tim",28:48,19,5,5,100,3,4,75,0,0,0,9,5,4,2,0,3,0,0,0,0,4,3,-16,25,2017-2018,Regular Season,8,12/11/2017,tecnyconta zaragoza - iberostar tenerife,89 - 77,Tenerife,72,http://www.acb.com/fichas/LACB62072.php,FOI
0,0,"Vrabac, Adin",0,0,0,0,0,0,0,0,0,0,0,0,0,0,0,0,0,0,0,0,0,0,0,0,0,2017-2018,Regular Season,8,12/11/2017,tecnyconta zaragoza - iberostar tenerife,89 - 77,Tenerife,72,http://www.acb.com/fichas/LACB62072.php,0
25,0,"Allen, Rosco",11:24,0,0,0,0,0,2,0,0,0,0,3,3,0,0,0,2,0,0,0,0,1,0,1,-2,2017-2018,Regular Season,8,12/11/2017,tecnyconta zaragoza - iberostar tenerife,89 - 77,Tenerife,72,http://www.acb.com/fichas/LACB62072.php,50I
33,0,"Beiran, Javier",17:6,1,0,0,0,0,2,0,1,2,50,0,0,0,2,0,0,0,0,0,0,0,2,-4,2,2017-2018,Regular Season,8,12/11/2017,tecnyconta zaragoza - iberostar tenerife,89 - 77,Tenerife,72,http://www.acb.com/fichas/LACB62072.php,BB2
34,0,"White, Davin",16:30,7,2,5,40,1,2,50,0,0,0,0,0,0,0,0,1,0,0,0,0,0,1,-6,3,2017-2018,Regular Season,8,12/11/2017,tecnyconta zaragoza - iberostar tenerife,89 - 77,Tenerife,72,http://www.acb.com/fichas/LACB62072.php,2B8
0,0,Equipo,0,0,0,0,0,0,0,0,0,0,0,2,1,1,0,0,0,0,0,0,0,0,0,0,2,2017-2018,Regular Season,8,12/11/2017,tecnyconta zaragoza - iberostar tenerife,89 - 77,0,72,http://www.acb.com/fichas/LACB62072.php,
4,1,"Oliver, Albert",22:17,11,0,2,0,3,5,60,2,2,100,1,1,0,8,0,0,1,0,0,0,1,3,-2,18,2017-2018,Regular Season,9,19/11/2017,herbalife gran canaria - movistar estudiantes,99 - 95,Gran_Canaria,73,http://www.acb.com/fichas/LACB62073.php,A56
0,0,"Lopez, Javi",0,0,0,0,0,0,0,0,0,0,0,0,0,0,0,0,0,0,0,0,0,0,0,0,0,2017-2018,Regular Season,9,19/11/2017,herbalife gran canaria - movistar estudiantes,99 - 95,Gran_Canaria,73,http://www.acb.com/fichas/LACB62073.php,0
9,0,"Mekel, Gal",17:45,9,3,6,50,1,1,100,0,0,0,0,0,0,4,1,3,0,0,0,0,3,1,6,6,2017-2018,Regular Season,9,19/11/2017,herbalife gran canaria - movistar estudiantes,99 - 95,Gran_Canaria,73,http://www.acb.com/fichas/LACB62073.php,53K
11,0,"Seeley, DJ",25:2,20,5,10,50,2,4,50,4,4,100,2,2,0,0,0,0,0,0,2,0,3,4,12,14,2017-2018,Regular Season,9,19/11/2017,herbalife gran canaria - movistar estudiantes,99 - 95,Gran_Canaria,73,http://www.acb.com/fichas/LACB62073.php,2IW
12,0,"Balvin, Ondrej",24:48,10,5,7,71,0,0,0,0,0,0,10,6,4,2,0,1,0,2,0,2,2,1,11,20,2017-2018,Regular Season,9,19/11/2017,herbalife gran canaria - movistar estudiantes,99 - 95,Gran_Canaria,73,http://www.acb.com/fichas/LACB62073.php,BLE
13,1,"Baez, Eulis",24:47,12,1,6,17,3,4,75,1,1,100,5,3,2,2,1,0,0,0,1,0,2,1,-7,12,2017-2018,Regular Season,9,19/11/2017,herbalife gran canaria - movistar estudiantes,99 - 95,Gran_Canaria,73,http://www.acb.com/fichas/LACB62073.php,BIH
14,0,"Pasecniks, Anzejs",20:6,10,4,8,50,0,0,0,2,2,100,2,2,0,0,1,0,0,0,0,1,0,2,5,11,2017-2018,Regular Season,9,19/11/2017,herbalife gran canaria - movistar estudiantes,99 - 95,Gran_Canaria,73,http://www.acb.com/fichas/LACB62073.php,FQH
0,0,"Balcerowski, A.",0,0,0,0,0,0,0,0,0,0,0,0,0,0,0,0,0,0,0,0,0,0,0,0,0,2017-2018,Regular Season,9,19/11/2017,herbalife gran canaria - movistar estudiantes,99 - 95,Gran_Canaria,73,http://www.acb.com/fichas/LACB62073.php,0
21,1,"Pauli, Oriol",15:29,8,3,5,60,0,0,0,2,4,50,1,1,0,2,2,1,0,0,0,0,0,4,-8,12,2017-2018,Regular Season,9,19/11/2017,herbalife gran canaria - movistar estudiantes,99 - 95,Gran_Canaria,73,http://www.acb.com/fichas/LACB62073.php,SCE
22,0,"Rabaseda, Xavi",18:42,3,0,0,0,1,2,50,0,0,0,5,4,1,4,2,1,0,0,0,0,3,0,16,9,2017-2018,Regular Season,9,19/11/2017,herbalife gran canaria - movistar estudiantes,99 - 95,Gran_Canaria,73,http://www.acb.com/fichas/LACB62073.php,Y1F
27,1,"McKissic, S.",20:47,4,2,6,33,0,3,0,0,0,0,1,1,0,1,0,1,0,0,2,1,0,1,-12,-3,2017-2018,Regular Season,9,19/11/2017,herbalife gran canaria - movistar estudiantes,99 - 95,Gran_Canaria,73,http://www.acb.com/fichas/LACB62073.php,53D
40,1,"Fischer, Luke",10:17,12,5,5,100,0,0,0,2,2,100,3,2,1,0,0,1,0,0,0,1,4,1,-1,11,2017-2018,Regular Season,9,19/11/2017,herbalife gran canaria - movistar estudiantes,99 - 95,Gran_Canaria,73,http://www.acb.com/fichas/LACB62073.php,53I
0,0,Equipo,0,0,0,0,0,0,0,0,0,0,0,4,2,2,0,0,0,0,0,0,0,0,0,0,4,2017-2018,Regular Season,9,19/11/2017,herbalife gran canaria - movistar estudiantes,99 - 95,0,73,http://www.acb.com/fichas/LACB62073.php,
6,0,"Hakanson, Ludde",12:28,6,3,5,60,0,1,0,0,1,0,1,0,1,3,0,0,1,0,0,0,3,2,-13,5,2017-2018,Regular Season,9,19/11/2017,herbalife gran canaria - movistar estudiantes,99 - 95,Estudiantes,73,http://www.acb.com/fichas/LACB62073.php,UAE
8,0,"Brizuela, Dario",15:30,11,2,3,67,2,2,100,1,1,100,0,0,0,0,0,0,0,2,0,0,2,2,-14,12,2017-2018,Regular Season,9,19/11/2017,herbalife gran canaria - movistar estudiantes,99 - 95,Estudiantes,73,http://www.acb.com/fichas/LACB62073.php,81E
9,1,"Vicedo, Edgar",25:49,15,1,1,100,4,5,80,1,1,100,6,6,0,0,2,1,1,1,0,0,1,1,11,22,2017-2018,Regular Season,9,19/11/2017,herbalife gran canaria - movistar estudiantes,99 - 95,Estudiantes,73,http://www.acb.com/fichas/LACB62073.php,SDT
10,1,"Cook, Omar",27:32,7,2,2,100,0,1,0,3,4,75,1,1,0,9,1,4,0,0,0,0,3,2,9,11,2017-2018,Regular Season,9,19/11/2017,herbalife gran canaria - movistar estudiantes,99 - 95,Estudiantes,73,http://www.acb.com/fichas/LACB62073.php,BFP
11,1,"Pena, Dagoberto",13:34,7,2,3,67,1,3,33,0,0,0,0,0,0,2,0,0,0,0,0,0,2,0,16,4,2017-2018,Regular Season,9,19/11/2017,herbalife gran canaria - movistar estudiantes,99 - 95,Estudiantes,73,http://www.acb.com/fichas/LACB62073.php,53E
12,1,"Suton, Goran",24:19,11,3,6,50,1,1,100,2,2,100,4,3,1,2,0,1,0,0,0,0,1,2,7,14,2017-2018,Regular Season,9,19/11/2017,herbalife gran canaria - movistar estudiantes,99 - 95,Estudiantes,73,http://www.acb.com/fichas/LACB62073.php,1LM
15,0,"Landesberg, Sylven",25:7,13,4,8,50,1,5,20,2,2,100,4,4,0,1,0,3,0,0,2,0,2,4,-21,7,2017-2018,Regular Season,9,19/11/2017,herbalife gran canaria - movistar estudiantes,99 - 95,Estudiantes,73,http://www.acb.com/fichas/LACB62073.php,541
0,0,"Sola, Adams",0,0,0,0,0,0,0,0,0,0,0,0,0,0,0,0,0,0,0,0,0,0,0,0,0,2017-2018,Regular Season,9,19/11/2017,herbalife gran canaria - movistar estudiantes,99 - 95,Estudiantes,73,http://www.acb.com/fichas/LACB62073.php,0
17,0,"Savane, Sitapha",13:6,7,3,5,60,0,0,0,1,2,50,4,3,1,0,1,0,0,0,0,0,1,1,-15,9,2017-2018,Regular Season,9,19/11/2017,herbalife gran canaria - movistar estudiantes,99 - 95,Estudiantes,73,http://www.acb.com/fichas/LACB62073.php,B3M
21,1,"Brown, Alec",26:54,18,3,6,50,3,6,50,3,4,75,7,5,2,2,0,1,1,2,0,0,2,3,11,22,2017-2018,Regular Season,9,19/11/2017,herbalife gran canaria - movistar estudiantes,99 - 95,Estudiantes,73,http://www.acb.com/fichas/LACB62073.php,FO4
22,0,"Caner-Medley,N.",15:41,0,0,0,0,0,2,0,0,0,0,2,2,0,0,0,3,0,0,0,0,1,1,-11,-3,2017-2018,Regular Season,9,19/11/2017,herbalife gran canaria - movistar estudiantes,99 - 95,Estudiantes,73,http://www.acb.com/fichas/LACB62073.php,BF4
0,0,"Arteaga, Victor",0,0,0,0,0,0,0,0,0,0,0,0,0,0,0,0,0,0,0,0,0,0,0,0,0,2017-2018,Regular Season,9,19/11/2017,herbalife gran canaria - movistar estudiantes,99 - 95,Estudiantes,73,http://www.acb.com/fichas/LACB62073.php,0
0,0,Equipo,0,0,0,0,0,0,0,0,0,0,0,4,2,2,0,0,1,0,0,0,0,0,0,0,3,2017-2018,Regular Season,9,19/11/2017,herbalife gran canaria - movistar estudiantes,99 - 95,0,73,http://www.acb.com/fichas/LACB62073.php,
0,0,"Dimitrijevic, N.",18:31,5,1,1,100,1,3,33,0,0,0,2,2,0,5,1,4,0,0,0,0,3,2,-1,6,2017-2018,Regular Season,9,19/11/2017,divina seguros joventut - delteco gbc,76 - 67,Joventut,74,http://www.acb.com/fichas/LACB62074.php,2CP
2,0,"Birgander, Simon",11:44,2,1,3,33,0,0,0,0,2,0,6,1,5,0,0,1,0,0,0,0,4,1,-13,0,2017-2018,Regular Season,9,19/11/2017,divina seguros joventut - delteco gbc,76 - 67,Joventut,74,http://www.acb.com/fichas/LACB62074.php,53J
6,0,"Lopez-Arostegui, X",14:18,11,1,2,50,3,5,60,0,0,0,1,0,1,0,1,1,1,0,0,0,0,1,0,10,2017-2018,Regular Season,9,19/11/2017,divina seguros joventut - delteco gbc,76 - 67,Joventut,74,http://www.acb.com/fichas/LACB62074.php,1BA
9,1,"Vidal, Sergi",30:30,5,0,0,0,0,1,0,5,6,83,5,4,1,7,2,0,0,0,0,0,4,4,23,17,2017-2018,Regular Season,9,19/11/2017,divina seguros joventut - delteco gbc,76 - 67,Joventut,74,http://www.acb.com/fichas/LACB62074.php,A4B
12,0,"Kulvietis, Saulius",13:35,5,1,2,50,1,3,33,0,0,0,1,1,0,0,0,0,0,0,0,0,0,1,-1,4,2017-2018,Regular Season,9,19/11/2017,divina seguros joventut - delteco gbc,76 - 67,Joventut,74,http://www.acb.com/fichas/LACB62074.php,53V
0,0,"Nogues, Jose I.",0,0,0,0,0,0,0,0,0,0,0,0,0,0,0,0,0,0,0,0,0,0,0,0,0,2017-2018,Regular Season,9,19/11/2017,divina seguros joventut - delteco gbc,76 - 67,Joventut,74,http://www.acb.com/fichas/LACB62074.php,0
14,0,"Ventura, Albert",14:31,2,1,3,33,0,3,0,0,1,0,4,4,0,1,1,2,1,0,1,0,2,3,-2,0,2017-2018,Regular Season,9,19/11/2017,divina seguros joventut - delteco gbc,76 - 67,Joventut,74,http://www.acb.com/fichas/LACB62074.php,718
18,1,"Wayns, Maalik",20:48,6,3,6,50,0,3,0,0,0,0,2,2,0,2,0,0,3,0,0,0,0,2,7,6,2017-2018,Regular Season,9,19/11/2017,divina seguros joventut - delteco gbc,76 - 67,Joventut,74,http://www.acb.com/fichas/LACB62074.php,56B
21,1,"Gielo, Tomasz",26:41,21,3,7,43,4,6,67,3,4,75,5,4,1,0,1,1,0,1,0,1,1,3,10,22,2017-2018,Regular Season,9,19/11/2017,divina seguros joventut - delteco gbc,76 - 67,Joventut,74,http://www.acb.com/fichas/LACB62074.php,50Q
23,0,"Gudul, Omari",4:48,0,0,1,0,0,0,0,0,0,0,0,0,0,0,2,0,0,1,0,0,2,0,2,0,2017-2018,Regular Season,9,19/11/2017,divina seguros joventut - delteco gbc,76 - 67,Joventut,74,http://www.acb.com/fichas/LACB62074.php,54B
35,1,"Richard, Patrick",21:44,9,2,4,50,0,1,0,5,6,83,3,2,1,1,2,0,2,0,1,0,0,4,0,14,2017-2018,Regular Season,9,19/11/2017,divina seguros joventut - delteco gbc,76 - 67,Joventut,74,http://www.acb.com/fichas/LACB62074.php,53U
44,1,"Jordan, Jerome",22:50,10,3,9,33,0,0,0,4,4,100,3,1,2,2,1,1,1,1,0,3,4,3,20,9,2017-2018,Regular Season,9,19/11/2017,divina seguros joventut - delteco gbc,76 - 67,Joventut,74,http://www.acb.com/fichas/LACB62074.php,D10
0,0,Equipo,0,0,0,0,0,0,0,0,0,0,0,1,0,1,0,0,0,0,0,0,0,0,0,0,1,2017-2018,Regular Season,9,19/11/2017,divina seguros joventut - delteco gbc,76 - 67,0,74,http://www.acb.com/fichas/LACB62074.php,
1,0,"Agbelese, Danny",13:54,14,6,7,86,0,0,0,2,4,50,3,1,2,1,0,0,0,0,0,1,2,3,2,16,2017-2018,Regular Season,9,19/11/2017,divina seguros joventut - delteco gbc,76 - 67,Guipuzcoa,74,http://www.acb.com/fichas/LACB62074.php,D03
3,1,"Chery, Kenny",11:43,9,2,5,40,1,2,50,2,2,100,2,2,0,0,0,0,0,0,0,0,0,1,-8,8,2017-2018,Regular Season,9,19/11/2017,divina seguros joventut - delteco gbc,76 - 67,Guipuzcoa,74,http://www.acb.com/fichas/LACB62074.php,51A
4,0,"Van Lacke, Fede",29:5,10,2,5,40,1,4,25,3,4,75,4,4,0,0,1,3,0,0,0,0,3,4,-4,6,2017-2018,Regular Season,9,19/11/2017,divina seguros joventut - delteco gbc,76 - 67,Guipuzcoa,74,http://www.acb.com/fichas/LACB62074.php,B3K
5,0,"Perez, Daniel",29:4,2,1,2,50,0,1,0,0,0,0,0,0,0,6,1,2,0,0,0,0,2,4,-5,7,2017-2018,Regular Season,9,19/11/2017,divina seguros joventut - delteco gbc,76 - 67,Guipuzcoa,74,http://www.acb.com/fichas/LACB62074.php,Y84
7,0,"Oroz, Xabi",7:7,0,0,1,0,0,1,0,0,0,0,1,1,0,0,0,0,0,0,0,0,1,0,4,-2,2017-2018,Regular Season,9,19/11/2017,divina seguros joventut - delteco gbc,76 - 67,Guipuzcoa,74,http://www.acb.com/fichas/LACB62074.php,XDP
10,1,"Salvo, Miquel",15:0,0,0,0,0,0,0,0,0,0,0,1,1,0,0,0,0,0,0,0,0,2,3,-7,2,2017-2018,Regular Season,9,19/11/2017,divina seguros joventut - delteco gbc,76 - 67,Guipuzcoa,74,http://www.acb.com/fichas/LACB62074.php,545
11,0,"Pardina, Joan",15:48,3,1,1,100,0,3,0,1,1,100,2,0,2,1,0,0,0,0,0,0,2,1,11,2,2017-2018,Regular Season,9,19/11/2017,divina seguros joventut - delteco gbc,76 - 67,Guipuzcoa,74,http://www.acb.com/fichas/LACB62074.php,782
17,1,"Fakuade, Michael",12:8,5,1,2,50,1,1,100,0,2,0,1,0,1,0,0,2,0,1,1,0,4,1,-7,-2,2017-2018,Regular Season,9,19/11/2017,divina seguros joventut - delteco gbc,76 - 67,Guipuzcoa,74,http://www.acb.com/fichas/LACB62074.php,54P
44,1,"Swing, Jordan",18:35,0,0,4,0,0,1,0,0,0,0,0,0,0,2,0,3,0,0,0,0,5,0,-16,-11,2017-2018,Regular Season,9,19/11/2017,divina seguros joventut - delteco gbc,76 - 67,Guipuzcoa,74,http://www.acb.com/fichas/LACB62074.php,D07
64,1,"Norel, Henk",22:32,10,5,8,63,0,0,0,0,2,0,9,5,4,2,1,3,0,1,1,0,0,3,-9,17,2017-2018,Regular Season,9,19/11/2017,divina seguros joventut - delteco gbc,76 - 67,Guipuzcoa,74,http://www.acb.com/fichas/LACB62074.php,BA0
88,0,"Clark, Daniel",25:4,14,7,9,78,0,5,0,0,0,0,12,9,3,1,0,4,0,0,1,0,3,0,-6,12,2017-2018,Regular Season,9,19/11/2017,divina seguros joventut - delteco gbc,76 - 67,Guipuzcoa,74,http://www.acb.com/fichas/LACB62074.php,BB8
0,0,Equipo,0,0,0,0,0,0,0,0,0,0,0,5,4,1,0,0,0,0,0,0,0,0,0,0,5,2017-2018,Regular Season,9,19/11/2017,divina seguros joventut - delteco gbc,76 - 67,0,74,http://www.acb.com/fichas/LACB62074.php,
0,1,"Olaseni, Gabriel",15:0,0,0,1,0,0,0,0,0,0,0,2,1,1,0,0,0,0,0,0,0,0,0,-2,1,2017-2018,Regular Season,9,18/11/2017,montakit fuenlabrada - tecnyconta zaragoza,88 - 82,Fuenlabrada,75,http://www.acb.com/fichas/LACB62075.php,54F
2,1,"Popovic, Marko",22:38,19,3,3,100,3,6,50,4,5,80,1,1,0,2,0,2,0,0,0,0,4,9,2,21,2017-2018,Regular Season,9,18/11/2017,montakit fuenlabrada - tecnyconta zaragoza,88 - 82,Fuenlabrada,75,http://www.acb.com/fichas/LACB62075.php,B4P
4,1,"O'Leary, Ian",19:28,9,4,8,50,0,1,0,1,4,25,3,1,2,0,0,1,0,0,0,1,0,2,2,5,2017-2018,Regular Season,9,18/11/2017,montakit fuenlabrada - tecnyconta zaragoza,88 - 82,Fuenlabrada,75,http://www.acb.com/fichas/LACB62075.php,258
5,0,"Rupnik, Luka",9:16,0,0,0,0,0,2,0,0,0,0,1,1,0,0,0,0,0,0,0,0,3,3,2,-1,2017-2018,Regular Season,9,18/11/2017,montakit fuenlabrada - tecnyconta zaragoza,88 - 82,Fuenlabrada,75,http://www.acb.com/fichas/LACB62075.php,52N
8,0,"Llorca, Alex",9:58,2,0,0,0,0,0,0,2,2,100,3,2,1,1,0,1,0,0,0,0,1,3,-4,7,2017-2018,Regular Season,9,18/11/2017,montakit fuenlabrada - tecnyconta zaragoza,88 - 82,Fuenlabrada,75,http://www.acb.com/fichas/LACB62075.php,BFV
9,0,"Sekulic, Blagota",24:11,8,2,7,29,0,2,0,4,4,100,5,1,4,3,1,1,0,0,1,0,4,4,10,8,2017-2018,Regular Season,9,18/11/2017,montakit fuenlabrada - tecnyconta zaragoza,88 - 82,Fuenlabrada,75,http://www.acb.com/fichas/LACB62075.php,BD8
11,0,"Cruz, Francisco",26:33,20,7,11,64,1,1,100,3,4,75,2,1,1,5,0,0,1,0,2,0,1,2,9,21,2017-2018,Regular Season,9,18/11/2017,montakit fuenlabrada - tecnyconta zaragoza,88 - 82,Fuenlabrada,75,http://www.acb.com/fichas/LACB62075.php,516
13,0,"Smits, Rolands",19:35,5,0,0,0,1,4,25,2,2,100,3,3,0,0,0,0,0,0,0,0,4,1,8,2,2017-2018,Regular Season,9,18/11/2017,montakit fuenlabrada - tecnyconta zaragoza,88 - 82,Fuenlabrada,75,http://www.acb.com/fichas/LACB62075.php,862
0,0,"Gonzalez, Jose M.",0,0,0,0,0,0,0,0,0,0,0,0,0,0,0,0,0,0,0,0,0,0,0,0,0,2017-2018,Regular Season,9,18/11/2017,montakit fuenlabrada - tecnyconta zaragoza,88 - 82,Fuenlabrada,75,http://www.acb.com/fichas/LACB62075.php,0
16,1,"Vargas, Gregory",24:50,8,1,2,50,2,2,100,0,0,0,5,4,1,2,1,1,1,0,0,0,4,0,7,10,2017-2018,Regular Season,9,18/11/2017,montakit fuenlabrada - tecnyconta zaragoza,88 - 82,Fuenlabrada,75,http://www.acb.com/fichas/LACB62075.php,53Q
19,0,"Llorente, Sergio",3:21,0,0,0,0,0,0,0,0,0,0,0,0,0,1,0,0,0,0,0,0,1,0,-1,0,2017-2018,Regular Season,9,18/11/2017,montakit fuenlabrada - tecnyconta zaragoza,88 - 82,Fuenlabrada,75,http://www.acb.com/fichas/LACB62075.php,721
31,1,"Eyenga, C.",25:10,17,7,13,54,1,5,20,0,0,0,4,4,0,0,0,1,1,0,0,1,5,0,-3,5,2017-2018,Regular Season,9,18/11/2017,montakit fuenlabrada - tecnyconta zaragoza,88 - 82,Fuenlabrada,75,http://www.acb.com/fichas/LACB62075.php,Y8D
0,0,Equipo,0,0,0,0,0,0,0,0,0,0,0,6,3,3,0,0,0,0,0,0,0,0,0,0,6,2017-2018,Regular Season,9,18/11/2017,montakit fuenlabrada - tecnyconta zaragoza,88 - 82,0,75,http://www.acb.com/fichas/LACB62075.php,
0,0,"Triguero, J.",0,0,0,0,0,0,0,0,0,0,0,0,0,0,0,0,0,0,0,0,0,0,0,0,0,2017-2018,Regular Season,9,18/11/2017,montakit fuenlabrada - tecnyconta zaragoza,88 - 82,Zaragoza,75,http://www.acb.com/fichas/LACB62075.php,0
7,1,"Barreiro, J.",21:40,3,0,1,0,1,1,100,0,0,0,6,6,0,0,0,0,0,0,0,0,2,1,0,7,2017-2018,Regular Season,9,18/11/2017,montakit fuenlabrada - tecnyconta zaragoza,88 - 82,Zaragoza,75,http://www.acb.com/fichas/LACB62075.php,XEU
9,1,"Dragovic, Nikola",30:52,3,0,1,0,1,5,20,0,0,0,3,2,1,0,1,0,0,0,0,0,3,1,-16,0,2017-2018,Regular Season,9,18/11/2017,montakit fuenlabrada - tecnyconta zaragoza,88 - 82,Zaragoza,75,http://www.acb.com/fichas/LACB62075.php,542
10,0,"Garcia, Sergi",22:47,18,3,3,100,4,6,67,0,0,0,4,3,1,1,1,1,0,0,0,0,3,2,9,20,2017-2018,Regular Season,9,18/11/2017,montakit fuenlabrada - tecnyconta zaragoza,88 - 82,Zaragoza,75,http://www.acb.com/fichas/LACB62075.php,276
11,1,"Bellas, Tomas",29:54,13,4,5,80,0,1,0,5,5,100,6,5,1,6,0,1,0,0,0,0,0,6,-9,28,2017-2018,Regular Season,9,18/11/2017,montakit fuenlabrada - tecnyconta zaragoza,88 - 82,Zaragoza,75,http://www.acb.com/fichas/LACB62075.php,YEF
13,1,"Neal, Gary",29:6,22,6,10,60,0,1,0,10,10,100,2,2,0,5,0,4,0,0,0,0,3,6,-3,23,2017-2018,Regular Season,9,18/11/2017,montakit fuenlabrada - tecnyconta zaragoza,88 - 82,Zaragoza,75,http://www.acb.com/fichas/LACB62075.php,BFB
14,0,"Mazalin, Lovro",2:13,0,0,0,0,0,0,0,0,0,0,0,0,0,0,0,0,0,0,0,0,2,1,-2,-1,2017-2018,Regular Season,9,18/11/2017,montakit fuenlabrada - tecnyconta zaragoza,88 - 82,Zaragoza,75,http://www.acb.com/fichas/LACB62075.php,53C
24,0,"Michalak, Michal",1:44,0,0,0,0,0,0,0,0,0,0,0,0,0,0,0,1,0,0,0,0,1,0,-2,-2,2017-2018,Regular Season,9,18/11/2017,montakit fuenlabrada - tecnyconta zaragoza,88 - 82,Zaragoza,75,http://www.acb.com/fichas/LACB62075.php,53M
27,0,"De Jong, Nicolas",19:15,11,5,6,83,0,0,0,1,5,20,1,1,0,0,0,1,0,1,0,0,3,5,-3,9,2017-2018,Regular Season,9,18/11/2017,montakit fuenlabrada - tecnyconta zaragoza,88 - 82,Zaragoza,75,http://www.acb.com/fichas/LACB62075.php,54I
32,1,"Varnado, Jarvis",20:23,9,3,6,50,0,0,0,3,5,60,2,2,0,1,0,2,0,2,0,1,5,3,-3,5,2017-2018,Regular Season,9,18/11/2017,montakit fuenlabrada - tecnyconta zaragoza,88 - 82,Zaragoza,75,http://www.acb.com/fichas/LACB62075.php,544
33,0,"Suarez, Alex",6:17,0,0,0,0,0,0,0,0,0,0,2,1,1,0,1,0,0,0,0,0,0,0,2,3,2017-2018,Regular Season,9,18/11/2017,montakit fuenlabrada - tecnyconta zaragoza,88 - 82,Zaragoza,75,http://www.acb.com/fichas/LACB62075.php,BLI
45,0,"Blums, Janis",15:49,3,1,2,50,0,3,0,1,2,50,0,0,0,1,1,1,1,0,0,0,3,1,-3,-3,2017-2018,Regular Season,9,18/11/2017,montakit fuenlabrada - tecnyconta zaragoza,88 - 82,Zaragoza,75,http://www.acb.com/fichas/LACB62075.php,BG3
0,0,Equipo,0,0,0,0,0,0,0,0,0,0,0,0,0,0,0,0,1,0,0,0,0,0,0,0,-1,2017-2018,Regular Season,9,18/11/2017,montakit fuenlabrada - tecnyconta zaragoza,88 - 82,0,75,http://www.acb.com/fichas/LACB62075.php,
1,1,"Seraphin, Kevin",22:4,19,8,13,62,0,0,0,3,3,100,3,2,1,2,0,1,0,1,1,2,2,2,3,18,2017-2018,Regular Season,9,19/11/2017,fc barcelona lassa - valencia basket,79 - 74,FC_Barcelona,76,http://www.acb.com/fichas/LACB62076.php,164
5,0,"Ribas, Pau",10:39,0,0,1,0,0,2,0,0,0,0,0,0,0,1,0,0,0,0,0,0,1,1,3,-2,2017-2018,Regular Season,9,19/11/2017,fc barcelona lassa - valencia basket,79 - 74,FC_Barcelona,76,http://www.acb.com/fichas/LACB62076.php,AF1
8,0,"Pressey, Phil",13:12,4,2,2,100,0,1,0,0,1,0,1,1,0,3,0,1,0,0,0,0,2,1,-5,4,2017-2018,Regular Season,9,19/11/2017,fc barcelona lassa - valencia basket,79 - 74,FC_Barcelona,76,http://www.acb.com/fichas/LACB62076.php,53X
9,1,"Hanga, Adam",24:32,4,2,3,67,0,2,0,0,0,0,3,2,1,4,1,2,1,0,0,0,1,1,3,7,2017-2018,Regular Season,9,19/11/2017,fc barcelona lassa - valencia basket,79 - 74,FC_Barcelona,76,http://www.acb.com/fichas/LACB62076.php,125
0,0,"Navarro, J.C.",0,0,0,0,0,0,0,0,0,0,0,0,0,0,0,0,0,0,0,0,0,0,0,0,0,2017-2018,Regular Season,9,19/11/2017,fc barcelona lassa - valencia basket,79 - 74,FC_Barcelona,76,http://www.acb.com/fichas/LACB62076.php,0
13,1,"Heurtel, Thomas",26:48,12,2,7,29,2,3,67,2,2,100,5,4,1,5,1,3,1,0,1,0,3,4,10,14,2017-2018,Regular Season,9,19/11/2017,fc barcelona lassa - valencia basket,79 - 74,FC_Barcelona,76,http://www.acb.com/fichas/LACB62076.php,BJP
18,0,"Oriola, Pierre",20:37,2,0,0,0,0,1,0,2,2,100,3,3,0,0,1,0,2,0,0,0,1,3,0,7,2017-2018,Regular Season,9,19/11/2017,fc barcelona lassa - valencia basket,79 - 74,FC_Barcelona,76,http://www.acb.com/fichas/LACB62076.php,BIQ
21,1,"Sanders, Rakim",26:56,16,3,4,75,3,4,75,1,1,100,4,2,2,2,1,3,1,0,0,0,3,2,2,17,2017-2018,Regular Season,9,19/11/2017,fc barcelona lassa - valencia basket,79 - 74,FC_Barcelona,76,http://www.acb.com/fichas/LACB62076.php,53Z
25,0,"Koponen, Petteri",17:53,9,3,5,60,1,2,50,0,0,0,3,3,0,1,1,2,2,0,0,0,2,1,2,8,2017-2018,Regular Season,9,19/11/2017,fc barcelona lassa - valencia basket,79 - 74,FC_Barcelona,76,http://www.acb.com/fichas/LACB62076.php,517
0,0,"Claver, Victor",0,0,0,0,0,0,0,0,0,0,0,0,0,0,0,0,0,0,0,0,0,0,0,0,0,2017-2018,Regular Season,9,19/11/2017,fc barcelona lassa - valencia basket,79 - 74,FC_Barcelona,76,http://www.acb.com/fichas/LACB62076.php,0
44,0,"Tomic, Ante",17:50,8,4,7,57,0,0,0,0,1,0,4,2,2,2,2,3,0,1,0,1,2,2,4,10,2017-2018,Regular Season,9,19/11/2017,fc barcelona lassa - valencia basket,79 - 74,FC_Barcelona,76,http://www.acb.com/fichas/LACB62076.php,BIY
45,1,"Moerman, Adrien",19:29,5,1,1,100,1,4,25,0,0,0,2,2,0,0,1,0,0,0,0,0,0,0,3,5,2017-2018,Regular Season,9,19/11/2017,fc barcelona lassa - valencia basket,79 - 74,FC_Barcelona,76,http://www.acb.com/fichas/LACB62076.php,216
0,0,Equipo,0,0,0,0,0,0,0,0,0,0,0,3,2,1,0,0,0,0,0,0,0,0,0,0,3,2017-2018,Regular Season,9,19/11/2017,fc barcelona lassa - valencia basket,79 - 74,0,76,http://www.acb.com/fichas/LACB62076.php,
0,0,"Thomas, Will",21:52,2,1,3,33,0,2,0,0,0,0,3,2,1,2,2,0,0,0,0,1,2,1,-5,4,2017-2018,Regular Season,9,19/11/2017,fc barcelona lassa - valencia basket,79 - 74,Valencia,76,http://www.acb.com/fichas/LACB62076.php,1L5
9,0,"Van Rossom, Sam",18:10,6,0,3,0,2,3,67,0,0,0,1,1,0,1,0,2,0,0,1,0,2,0,0,-1,2017-2018,Regular Season,9,19/11/2017,fc barcelona lassa - valencia basket,79 - 74,Valencia,76,http://www.acb.com/fichas/LACB62076.php,BK4
10,0,"Rudez, Damjan",4:36,0,0,0,0,0,0,0,0,0,0,0,0,0,0,0,1,0,0,0,0,1,0,-6,-2,2017-2018,Regular Season,9,19/11/2017,fc barcelona lassa - valencia basket,79 - 74,Valencia,76,http://www.acb.com/fichas/LACB62076.php,249
14,0,"Dubljevic, Bojan",9:52,2,0,2,0,0,1,0,2,2,100,2,2,0,0,0,1,0,0,0,0,2,2,-6,0,2017-2018,Regular Season,9,19/11/2017,fc barcelona lassa - valencia basket,79 - 74,Valencia,76,http://www.acb.com/fichas/LACB62076.php,217
16,1,"Vives, Guillem",21:50,3,0,2,0,1,1,100,0,0,0,4,2,2,5,1,2,0,0,1,0,3,2,-5,7,2017-2018,Regular Season,9,19/11/2017,fc barcelona lassa - valencia basket,79 - 74,Valencia,76,http://www.acb.com/fichas/LACB62076.php,BLP
17,0,"Martinez, Rafa",4:57,0,0,0,0,0,2,0,0,0,0,1,1,0,1,0,1,0,0,0,0,0,0,-6,-1,2017-2018,Regular Season,9,19/11/2017,fc barcelona lassa - valencia basket,79 - 74,Valencia,76,http://www.acb.com/fichas/LACB62076.php,A3W
19,1,San Emeterio,23:25,13,3,7,43,1,2,50,4,4,100,4,3,1,1,1,2,0,0,0,0,0,4,3,16,2017-2018,Regular Season,9,19/11/2017,fc barcelona lassa - valencia basket,79 - 74,Valencia,76,http://www.acb.com/fichas/LACB62076.php,A8T
21,1,"Pleiss, Tibor",30:8,14,7,10,70,0,0,0,0,0,0,10,7,3,1,1,0,1,2,0,6,3,1,1,23,2017-2018,Regular Season,9,19/11/2017,fc barcelona lassa - valencia basket,79 - 74,Valencia,76,http://www.acb.com/fichas/LACB62076.php,219
30,0,"Sastre, Joan",18:16,8,1,3,33,2,4,50,0,0,0,3,1,2,2,1,1,0,0,0,0,1,1,-8,9,2017-2018,Regular Season,9,19/11/2017,fc barcelona lassa - valencia basket,79 - 74,Valencia,76,http://www.acb.com/fichas/LACB62076.php,Y9O
32,1,"Green, Erick",28:49,24,5,8,63,4,7,57,2,2,100,2,1,1,1,2,1,1,0,0,0,0,5,0,27,2017-2018,Regular Season,9,19/11/2017,fc barcelona lassa - valencia basket,79 - 74,Valencia,76,http://www.acb.com/fichas/LACB62076.php,53P
42,1,"Doornekamp, A.",18:5,2,1,2,50,0,2,0,0,0,0,1,1,0,2,0,2,0,0,0,0,3,1,7,-2,2017-2018,Regular Season,9,19/11/2017,fc barcelona lassa - valencia basket,79 - 74,Valencia,76,http://www.acb.com/fichas/LACB62076.php,501
0,0,"Hlinason, T.",0,0,0,0,0,0,0,0,0,0,0,0,0,0,0,0,0,0,0,0,0,0,0,0,0,2017-2018,Regular Season,9,19/11/2017,fc barcelona lassa - valencia basket,79 - 74,Valencia,76,http://www.acb.com/fichas/LACB62076.php,0
0,0,Equipo,0,0,0,0,0,0,0,0,0,0,0,2,2,0,0,0,2,0,0,0,0,0,0,0,0,2017-2018,Regular Season,9,19/11/2017,fc barcelona lassa - valencia basket,79 - 74,0,76,http://www.acb.com/fichas/LACB62076.php,
1,1,"Anosike, Oderah",27:59,13,6,7,86,0,0,0,1,3,33,10,7,3,1,0,1,0,0,0,2,2,3,-19,21,2017-2018,Regular Season,9,18/11/2017,real betis energia plus - real madrid,63 - 98,Sevilla,77,http://www.acb.com/fichas/LACB62077.php,FPY
4,1,"Draper, Dontaye",19:19,4,2,3,67,0,2,0,0,2,0,1,0,1,4,0,2,1,0,0,0,3,1,-22,0,2017-2018,Regular Season,9,18/11/2017,real betis energia plus - real madrid,63 - 98,Sevilla,77,http://www.acb.com/fichas/LACB62077.php,243
5,0,"Sanchez, A.",3:56,0,0,0,0,0,1,0,0,0,0,1,0,1,1,0,0,0,0,0,0,0,1,-9,2,2017-2018,Regular Season,9,18/11/2017,real betis energia plus - real madrid,63 - 98,Sevilla,77,http://www.acb.com/fichas/LACB62077.php,B44
6,1,"Nelson, Luke",25:43,6,3,6,50,0,3,0,0,0,0,2,2,0,2,2,2,2,0,1,0,3,1,-19,1,2017-2018,Regular Season,9,18/11/2017,real betis energia plus - real madrid,63 - 98,Sevilla,77,http://www.acb.com/fichas/LACB62077.php,547
7,0,"McGrath, Donnie",21:41,3,0,1,0,1,4,25,0,0,0,0,0,0,0,1,2,0,0,0,0,2,1,-21,-3,2017-2018,Regular Season,9,18/11/2017,real betis energia plus - real madrid,63 - 98,Sevilla,77,http://www.acb.com/fichas/LACB62077.php,FPO
8,0,"Cruz, Ivan",10:22,5,1,2,50,1,4,25,0,2,0,3,2,1,2,0,0,0,0,0,0,1,1,-6,4,2017-2018,Regular Season,9,18/11/2017,real betis energia plus - real madrid,63 - 98,Sevilla,77,http://www.acb.com/fichas/LACB62077.php,BLL
11,0,"Uriz, Mikel",9:21,6,0,1,0,1,2,50,3,4,75,1,1,0,1,1,2,0,0,0,0,1,2,1,5,2017-2018,Regular Season,9,18/11/2017,real betis energia plus - real madrid,63 - 98,Sevilla,77,http://www.acb.com/fichas/LACB62077.php,742
15,1,"Schilb, Blake",30:32,6,2,4,50,0,2,0,2,2,100,1,1,0,3,0,1,0,0,0,0,0,2,-22,7,2017-2018,Regular Season,9,18/11/2017,real betis energia plus - real madrid,63 - 98,Sevilla,77,http://www.acb.com/fichas/LACB62077.php,565
16,0,"Boungou-Colo, N.",11:42,0,0,1,0,0,5,0,0,0,0,0,0,0,0,0,1,0,0,1,0,2,0,-16,-10,2017-2018,Regular Season,9,18/11/2017,real betis energia plus - real madrid,63 - 98,Sevilla,77,http://www.acb.com/fichas/LACB62077.php,54E
0,0,"Franch, Josep",0,0,0,0,0,0,0,0,0,0,0,0,0,0,0,0,0,0,0,0,0,0,0,0,0,2017-2018,Regular Season,9,18/11/2017,real betis energia plus - real madrid,63 - 98,Sevilla,77,http://www.acb.com/fichas/LACB62077.php,0
32,0,"Golubovic, V.",12:1,6,2,5,40,0,0,0,2,2,100,5,4,1,0,1,0,0,0,1,0,0,3,-14,11,2017-2018,Regular Season,9,18/11/2017,real betis energia plus - real madrid,63 - 98,Sevilla,77,http://www.acb.com/fichas/LACB62077.php,004
34,1,"Kelly, Ryan",27:24,14,5,10,50,0,4,0,4,4,100,3,2,1,1,0,2,0,0,0,0,3,3,-26,7,2017-2018,Regular Season,9,18/11/2017,real betis energia plus - real madrid,63 - 98,Sevilla,77,http://www.acb.com/fichas/LACB62077.php,54V
0,0,Equipo,0,0,0,0,0,0,0,0,0,0,0,8,5,3,0,0,0,0,0,0,0,0,0,0,8,2017-2018,Regular Season,9,18/11/2017,real betis energia plus - real madrid,63 - 98,0,77,http://www.acb.com/fichas/LACB62077.php,
2,0,"Randle, Chasson",22:18,12,1,4,25,2,3,67,4,4,100,1,1,0,2,0,1,1,0,0,0,3,3,34,10,2017-2018,Regular Season,9,18/11/2017,real betis energia plus - real madrid,63 - 98,Real_Madrid,77,http://www.acb.com/fichas/LACB62077.php,566
5,0,"Fernandez, Rudy",8:44,9,0,0,0,3,4,75,0,0,0,0,0,0,0,0,1,0,0,0,0,1,0,9,6,2017-2018,Regular Season,9,18/11/2017,real betis energia plus - real madrid,63 - 98,Real_Madrid,77,http://www.acb.com/fichas/LACB62077.php,B0X
6,0,"Radoncic, Dino",13:10,4,1,2,50,0,0,0,2,2,100,5,5,0,0,0,1,1,0,0,0,4,1,4,4,2017-2018,Regular Season,9,18/11/2017,real betis energia plus - real madrid,63 - 98,Real_Madrid,77,http://www.acb.com/fichas/LACB62077.php,FQI
7,1,"Doncic, Luka",22:46,13,1,2,50,3,5,60,2,2,100,5,4,1,8,2,2,0,0,0,0,0,1,27,24,2017-2018,Regular Season,9,18/11/2017,real betis energia plus - real madrid,63 - 98,Real_Madrid,77,http://www.acb.com/fichas/LACB62077.php,460
8,0,"Maciulis, Jonas",17:30,8,0,0,0,2,4,50,2,2,100,4,4,0,2,1,0,0,0,0,0,0,1,33,14,2017-2018,Regular Season,9,18/11/2017,real betis energia plus - real madrid,63 - 98,Real_Madrid,77,http://www.acb.com/fichas/LACB62077.php,1L9
9,0,"Reyes, Felipe",7:6,2,1,1,100,0,0,0,0,0,0,2,2,0,0,0,1,0,0,0,0,0,1,-1,4,2017-2018,Regular Season,9,18/11/2017,real betis energia plus - real madrid,63 - 98,Real_Madrid,77,http://www.acb.com/fichas/LACB62077.php,A1M
11,1,"Campazzo, Facu",17:42,5,1,1,100,1,3,33,0,1,0,1,1,0,1,2,1,0,0,0,0,1,3,1,7,2017-2018,Regular Season,9,18/11/2017,real betis energia plus - real madrid,63 - 98,Real_Madrid,77,http://www.acb.com/fichas/LACB62077.php,1LU
16,1,"Yusta, Santiago",21:41,7,2,2,100,1,2,50,0,0,0,0,0,0,1,1,2,0,0,0,1,1,0,17,5,2017-2018,Regular Season,9,18/11/2017,real betis energia plus - real madrid,63 - 98,Real_Madrid,77,http://www.acb.com/fichas/LACB62077.php,1E4
20,0,"Carroll, Jaycee",10:32,7,1,4,25,1,2,50,2,2,100,1,1,0,0,0,0,0,0,0,0,0,1,-1,5,2017-2018,Regular Season,9,18/11/2017,real betis energia plus - real madrid,63 - 98,Real_Madrid,77,http://www.acb.com/fichas/LACB62077.php,BGZ
22,1,"Tavares, W.",32:7,8,3,8,38,0,1,0,2,6,33,15,13,2,0,0,2,0,4,0,2,3,4,36,16,2017-2018,Regular Season,9,18/11/2017,real betis energia plus - real madrid,63 - 98,Real_Madrid,77,http://www.acb.com/fichas/LACB62077.php,T2Z
33,1,"Thompkins, Trey",16:24,13,4,4,100,1,3,33,2,2,100,4,3,1,0,0,1,0,0,0,0,5,1,5,10,2017-2018,Regular Season,9,18/11/2017,real betis energia plus - real madrid,63 - 98,Real_Madrid,77,http://www.acb.com/fichas/LACB62077.php,FQ1
44,0,"Taylor, Jeffery",10:0,10,1,2,50,2,3,67,2,2,100,1,0,1,0,0,0,0,0,0,0,0,1,11,10,2017-2018,Regular Season,9,18/11/2017,real betis energia plus - real madrid,63 - 98,Real_Madrid,77,http://www.acb.com/fichas/LACB62077.php,FQ3
0,0,Equipo,0,0,0,0,0,0,0,0,0,0,0,2,0,2,0,0,1,0,0,0,0,0,0,0,1,2017-2018,Regular Season,9,18/11/2017,real betis energia plus - real madrid,63 - 98,0,77,http://www.acb.com/fichas/LACB62077.php,
0,1,"Fisher, Corey",21:58,0,0,1,0,0,2,0,0,2,0,1,1,0,1,1,3,0,0,0,0,1,3,-11,-3,2017-2018,Regular Season,9,19/11/2017,san pablo burgos - baskonia,76 - 100,Burgos,78,http://www.acb.com/fichas/LACB62078.php,244
5,0,"Schreiner, Thomas",18:2,4,2,3,67,0,3,0,0,0,0,1,0,1,3,2,0,0,0,0,0,2,0,-13,4,2017-2018,Regular Season,9,19/11/2017,san pablo burgos - baskonia,76 - 100,Burgos,78,http://www.acb.com/fichas/LACB62078.php,2A3
8,1,"Sedekerskis, Tadas",9:31,2,0,1,0,0,0,0,2,2,100,2,2,0,2,1,0,0,0,0,0,0,1,-7,7,2017-2018,Regular Season,9,19/11/2017,san pablo burgos - baskonia,76 - 100,Burgos,78,http://www.acb.com/fichas/LACB62078.php,1BG
0,0,"Barrera, Alex",0,0,0,0,0,0,0,0,0,0,0,0,0,0,0,0,0,0,0,0,0,0,0,0,0,2017-2018,Regular Season,9,19/11/2017,san pablo burgos - baskonia,76 - 100,Burgos,78,http://www.acb.com/fichas/LACB62078.php,0
10,0,"Vega, Javier",14:56,2,1,3,33,0,3,0,0,0,0,4,2,2,1,0,2,0,0,0,0,2,1,-5,-1,2017-2018,Regular Season,9,19/11/2017,san pablo burgos - baskonia,76 - 100,Burgos,78,http://www.acb.com/fichas/LACB62078.php,BA6
11,0,"Saiz, Sebas",15:1,9,2,5,40,0,0,0,5,5,100,3,2,1,0,0,0,0,0,1,0,2,3,-11,9,2017-2018,Regular Season,9,19/11/2017,san pablo burgos - baskonia,76 - 100,Burgos,78,http://www.acb.com/fichas/LACB62078.php,SDS
12,1,"Jenkins, John",23:32,13,3,5,60,1,6,17,4,4,100,3,3,0,0,1,2,0,0,0,0,0,2,-13,10,2017-2018,Regular Season,9,19/11/2017,san pablo burgos - baskonia,76 - 100,Burgos,78,http://www.acb.com/fichas/LACB62078.php,56D
13,0,"Gailius, Deividas",18:51,15,1,1,100,3,5,60,4,4,100,4,1,3,2,1,3,0,0,0,0,3,4,-12,18,2017-2018,Regular Season,9,19/11/2017,san pablo burgos - baskonia,76 - 100,Burgos,78,http://www.acb.com/fichas/LACB62078.php,549
15,0,"Martinez, Edu",11:14,0,0,0,0,0,3,0,0,0,0,0,0,0,2,0,0,0,0,0,0,0,0,-5,-1,2017-2018,Regular Season,9,19/11/2017,san pablo burgos - baskonia,76 - 100,Burgos,78,http://www.acb.com/fichas/LACB62078.php,Y7W
21,1,"Thompson, Deon",25:4,13,4,6,67,1,1,100,2,2,100,5,2,3,1,0,2,1,1,0,0,3,2,-19,15,2017-2018,Regular Season,9,19/11/2017,san pablo burgos - baskonia,76 - 100,Burgos,78,http://www.acb.com/fichas/LACB62078.php,54C
23,1,"Huskic, Goran",24:59,14,7,9,78,0,1,0,0,1,0,6,4,2,2,0,2,1,0,0,0,1,3,-13,18,2017-2018,Regular Season,9,19/11/2017,san pablo burgos - baskonia,76 - 100,Burgos,78,http://www.acb.com/fichas/LACB62078.php,H05
25,0,"Lopez, Alex",16:52,4,0,1,0,0,1,0,4,5,80,0,0,0,3,1,0,0,0,0,0,2,2,-11,5,2017-2018,Regular Season,9,19/11/2017,san pablo burgos - baskonia,76 - 100,Burgos,78,http://www.acb.com/fichas/LACB62078.php,YBF
0,0,Equipo,0,0,0,0,0,0,0,0,0,0,0,1,1,0,0,0,0,0,0,0,0,0,0,0,1,2017-2018,Regular Season,9,19/11/2017,san pablo burgos - baskonia,76 - 100,0,78,http://www.acb.com/fichas/LACB62078.php,
3,0,"Vildoza, Luca",6:44,3,1,1,100,0,1,0,1,2,50,1,1,0,1,1,1,0,0,0,0,2,1,4,2,2017-2018,Regular Season,9,19/11/2017,san pablo burgos - baskonia,76 - 100,Baskonia,78,http://www.acb.com/fichas/LACB62078.php,53O
5,0,"Gonzalez, Miguel",5:26,0,0,0,0,0,1,0,0,0,0,1,1,0,0,0,0,0,0,0,0,1,1,3,0,2017-2018,Regular Season,9,19/11/2017,san pablo burgos - baskonia,76 - 100,Baskonia,78,http://www.acb.com/fichas/LACB62078.php,55Y
6,1,"Timma, Janis",26:17,17,3,5,60,3,8,38,2,2,100,4,2,2,2,2,1,1,0,0,1,3,1,10,15,2017-2018,Regular Season,9,19/11/2017,san pablo burgos - baskonia,76 - 100,Baskonia,78,http://www.acb.com/fichas/LACB62078.php,536
7,0,"Voigtmann, J.",17:57,15,2,4,50,1,1,100,8,8,100,3,2,1,1,2,1,0,0,0,1,2,5,12,21,2017-2018,Regular Season,9,19/11/2017,san pablo burgos - baskonia,76 - 100,Baskonia,78,http://www.acb.com/fichas/LACB62078.php,500
8,0,"Malmanis, Rinalds",14:43,0,0,2,0,0,1,0,0,0,0,2,1,1,1,1,1,0,0,1,0,2,0,8,-3,2017-2018,Regular Season,9,19/11/2017,san pablo burgos - baskonia,76 - 100,Baskonia,78,http://www.acb.com/fichas/LACB62078.php,802
9,0,"Huertas, M.",13:18,8,1,3,33,2,2,100,0,0,0,0,0,0,5,0,0,0,0,0,0,0,1,8,12,2017-2018,Regular Season,9,19/11/2017,san pablo burgos - baskonia,76 - 100,Baskonia,78,http://www.acb.com/fichas/LACB62078.php,B72
10,0,"Beaubois, Rodrigue",25:9,13,2,3,67,3,8,38,0,0,0,5,4,1,3,1,0,1,0,0,0,2,1,16,15,2017-2018,Regular Season,9,19/11/2017,san pablo burgos - baskonia,76 - 100,Baskonia,78,http://www.acb.com/fichas/LACB62078.php,50C
11,1,"Janning, Matt",21:53,13,2,3,67,3,5,60,0,0,0,0,0,0,1,1,2,0,0,0,0,2,0,21,8,2017-2018,Regular Season,9,19/11/2017,san pablo burgos - baskonia,76 - 100,Baskonia,78,http://www.acb.com/fichas/LACB62078.php,55A
15,1,"Granger, Jayson",20:4,9,0,1,0,3,4,75,0,0,0,3,3,0,9,0,2,0,0,0,0,2,0,10,15,2017-2018,Regular Season,9,19/11/2017,san pablo burgos - baskonia,76 - 100,Baskonia,78,http://www.acb.com/fichas/LACB62078.php,Y6K
17,1,"Poirier, Vincent",22:3,4,2,3,67,0,0,0,0,0,0,8,5,3,1,0,1,0,1,0,2,3,1,12,10,2017-2018,Regular Season,9,19/11/2017,san pablo burgos - baskonia,76 - 100,Baskonia,78,http://www.acb.com/fichas/LACB62078.php,539
19,0,"Martinez, Ivan",1:9,0,0,0,0,0,0,0,0,0,0,0,0,0,0,0,0,0,0,0,0,0,0,0,0,2017-2018,Regular Season,9,19/11/2017,san pablo burgos - baskonia,76 - 100,Baskonia,78,http://www.acb.com/fichas/LACB62078.php,Y7X
23,1,"Shengelia, T.",25:17,18,7,8,88,0,2,0,4,4,100,8,5,3,3,1,3,1,0,0,1,2,5,16,27,2017-2018,Regular Season,9,19/11/2017,san pablo burgos - baskonia,76 - 100,Baskonia,78,http://www.acb.com/fichas/LACB62078.php,105
0,0,Equipo,0,0,0,0,0,0,0,0,0,0,0,2,0,2,0,0,2,0,0,0,0,0,0,0,0,2017-2018,Regular Season,9,19/11/2017,san pablo burgos - baskonia,76 - 100,0,78,http://www.acb.com/fichas/LACB62078.php,
3,0,"Fernandez, Jaime",20:13,12,2,5,40,0,3,0,8,8,100,2,1,1,1,2,0,0,0,0,0,3,5,15,13,2017-2018,Regular Season,9,19/11/2017,morabanc andorra - unicaja,66 - 60,Andorra,79,http://www.acb.com/fichas/LACB62079.php,117
11,1,"Blazic, Jaka",29:24,7,1,5,20,1,7,14,2,2,100,3,1,2,2,1,2,0,1,0,0,1,1,16,2,2017-2018,Regular Season,9,19/11/2017,morabanc andorra - unicaja,66 - 60,Andorra,79,http://www.acb.com/fichas/LACB62079.php,FQF
14,1,"Stevic, Oliver",20:17,6,2,3,67,0,0,0,2,2,100,7,3,4,3,0,1,1,1,0,0,3,4,15,16,2017-2018,Regular Season,9,19/11/2017,morabanc andorra - unicaja,66 - 60,Andorra,79,http://www.acb.com/fichas/LACB62079.php,170
15,0,"Karnowski, Przemek",12:41,2,1,1,100,0,0,0,0,0,0,4,2,2,1,0,0,0,0,0,0,3,1,-3,5,2017-2018,Regular Season,9,19/11/2017,morabanc andorra - unicaja,66 - 60,Andorra,79,http://www.acb.com/fichas/LACB62079.php,53Y
16,1,"Albicy, Andrew",20:41,5,1,3,33,1,3,33,0,0,0,1,1,0,3,0,2,0,1,0,0,1,1,-10,4,2017-2018,Regular Season,9,19/11/2017,morabanc andorra - unicaja,66 - 60,Andorra,79,http://www.acb.com/fichas/LACB62079.php,502
21,1,"Diagne, Moussa",18:8,6,3,4,75,0,0,0,0,1,0,8,4,4,0,0,2,0,0,0,0,2,3,0,11,2017-2018,Regular Season,9,19/11/2017,morabanc andorra - unicaja,66 - 60,Andorra,79,http://www.acb.com/fichas/LACB62079.php,17T
0,0,"Shurna, John",0,0,0,0,0,0,0,0,0,0,0,0,0,0,0,0,0,0,0,0,0,0,0,0,0,2017-2018,Regular Season,9,19/11/2017,morabanc andorra - unicaja,66 - 60,Andorra,79,http://www.acb.com/fichas/LACB62079.php,0
23,1,"Walker, David",26:20,8,1,3,33,2,4,50,0,0,0,6,5,1,0,0,3,0,0,0,1,2,2,-5,7,2017-2018,Regular Season,9,19/11/2017,morabanc andorra - unicaja,66 - 60,Andorra,79,http://www.acb.com/fichas/LACB62079.php,513
24,0,"Colom, Guillem",6:33,3,0,0,0,1,2,50,0,0,0,4,3,1,0,0,2,0,0,0,0,1,1,3,4,2017-2018,Regular Season,9,19/11/2017,morabanc andorra - unicaja,66 - 60,Andorra,79,http://www.acb.com/fichas/LACB62079.php,2A5
25,0,"Jelinek, David",16:49,6,2,3,67,0,3,0,2,3,67,1,1,0,1,0,4,0,0,1,0,3,2,-1,-3,2017-2018,Regular Season,9,19/11/2017,morabanc andorra - unicaja,66 - 60,Andorra,79,http://www.acb.com/fichas/LACB62079.php,Y8C
0,0,"Schneider, Hugo",0,0,0,0,0,0,0,0,0,0,0,0,0,0,0,0,0,0,0,0,0,0,0,0,0,2017-2018,Regular Season,9,19/11/2017,morabanc andorra - unicaja,66 - 60,Andorra,79,http://www.acb.com/fichas/LACB62079.php,0
34,0,"Copeland, Chris",28:54,11,1,2,50,3,8,38,0,0,0,5,5,0,2,0,2,0,0,0,0,2,2,0,10,2017-2018,Regular Season,9,19/11/2017,morabanc andorra - unicaja,66 - 60,Andorra,79,http://www.acb.com/fichas/LACB62079.php,56C
0,0,Equipo,0,0,0,0,0,0,0,0,0,0,0,2,0,2,0,0,2,0,0,0,0,0,0,0,0,2017-2018,Regular Season,9,19/11/2017,morabanc andorra - unicaja,66 - 60,0,79,http://www.acb.com/fichas/LACB62079.php,
0,0,"Okouo, Viny",0,0,0,0,0,0,0,0,0,0,0,0,0,0,0,0,0,0,0,0,0,0,0,0,0,2017-2018,Regular Season,9,19/11/2017,morabanc andorra - unicaja,66 - 60,Unicaja,79,http://www.acb.com/fichas/LACB62079.php,0
3,1,"McCallum, Ray",19:22,10,3,8,38,0,1,0,4,6,67,1,1,0,0,1,2,0,0,1,0,4,4,-18,1,2017-2018,Regular Season,9,19/11/2017,morabanc andorra - unicaja,66 - 60,Unicaja,79,http://www.acb.com/fichas/LACB62079.php,540
9,0,"Diaz, Alberto",22:29,4,2,3,67,0,2,0,0,0,0,2,2,0,2,1,0,0,0,0,0,1,1,15,6,2017-2018,Regular Season,9,19/11/2017,morabanc andorra - unicaja,66 - 60,Unicaja,79,http://www.acb.com/fichas/LACB62079.php,SHG
10,1,"Salin, Sasu",20:2,9,0,3,0,3,7,43,0,0,0,3,3,0,2,2,0,0,0,1,0,1,2,2,9,2017-2018,Regular Season,9,19/11/2017,morabanc andorra - unicaja,66 - 60,Unicaja,79,http://www.acb.com/fichas/LACB62079.php,2IR
11,0,"Diez, Daniel",7:43,0,0,1,0,0,0,0,0,0,0,1,0,1,0,0,0,0,1,0,0,0,0,-5,1,2017-2018,Regular Season,9,19/11/2017,morabanc andorra - unicaja,66 - 60,Unicaja,79,http://www.acb.com/fichas/LACB62079.php,BLO
12,1,"Milosavljevic, D.",23:32,7,2,3,67,0,2,0,3,5,60,3,2,1,0,0,1,0,0,0,0,2,3,-3,5,2017-2018,Regular Season,9,19/11/2017,morabanc andorra - unicaja,66 - 60,Unicaja,79,http://www.acb.com/fichas/LACB62079.php,53F
0,0,"Nedovic, Nemanja",0,0,0,0,0,0,0,0,0,0,0,0,0,0,0,0,0,0,0,0,0,0,0,0,0,2017-2018,Regular Season,9,19/11/2017,morabanc andorra - unicaja,66 - 60,Unicaja,79,http://www.acb.com/fichas/LACB62079.php,0
17,0,"Shermadini, Giorgi",21:47,8,2,5,40,0,0,0,4,4,100,8,6,2,2,1,2,0,0,0,0,4,4,11,14,2017-2018,Regular Season,9,19/11/2017,morabanc andorra - unicaja,66 - 60,Unicaja,79,http://www.acb.com/fichas/LACB62079.php,H18
21,0,"Waczynski, Adam",26:52,14,4,6,67,2,2,100,0,2,0,1,1,0,0,1,0,0,0,0,0,2,3,-9,13,2017-2018,Regular Season,9,19/11/2017,morabanc andorra - unicaja,66 - 60,Unicaja,79,http://www.acb.com/fichas/LACB62079.php,1KW
23,0,"Brooks, Jeff",14:0,0,0,4,0,0,2,0,0,0,0,3,1,2,2,0,0,0,0,1,0,4,0,15,-6,2017-2018,Regular Season,9,19/11/2017,morabanc andorra - unicaja,66 - 60,Unicaja,79,http://www.acb.com/fichas/LACB62079.php,505
40,1,"Augustine, James",23:10,4,2,5,40,0,0,0,0,2,0,3,1,2,0,0,2,0,0,0,0,2,2,-15,0,2017-2018,Regular Season,9,19/11/2017,morabanc andorra - unicaja,66 - 60,Unicaja,79,http://www.acb.com/fichas/LACB62079.php,BGJ
43,1,"Suarez, Carlos",21:3,4,2,4,50,0,3,0,0,0,0,3,0,3,0,2,1,0,0,0,0,2,2,-23,3,2017-2018,Regular Season,9,19/11/2017,morabanc andorra - unicaja,66 - 60,Unicaja,79,http://www.acb.com/fichas/LACB62079.php,B79
0,0,Equipo,0,0,0,0,0,0,0,0,0,0,0,3,1,2,0,0,2,0,0,0,0,0,0,0,1,2017-2018,Regular Season,9,19/11/2017,morabanc andorra - unicaja,66 - 60,0,79,http://www.acb.com/fichas/LACB62079.php,
0,1,"Soko, Ovie",24:5,20,5,6,83,1,4,25,7,8,88,5,2,3,0,5,2,0,0,0,1,4,4,11,23,2017-2018,Regular Season,9,19/11/2017,ucam murcia - retabet bilbao basket,82 - 71,Murcia,80,http://www.acb.com/fichas/LACB62080.php,50S
5,0,"Martin, Alberto",5:34,0,0,0,0,0,0,0,0,0,0,0,0,0,1,0,0,0,0,0,0,0,2,5,3,2017-2018,Regular Season,9,19/11/2017,ucam murcia - retabet bilbao basket,82 - 71,Murcia,80,http://www.acb.com/fichas/LACB62080.php,858
8,0,"Benite, Vitor",18:0,11,3,5,60,0,1,0,5,6,83,4,4,0,1,3,1,1,0,0,0,2,5,-1,17,2017-2018,Regular Season,9,19/11/2017,ucam murcia - retabet bilbao basket,82 - 71,Murcia,80,http://www.acb.com/fichas/LACB62080.php,FOX
9,0,"Kloof, Charlon",22:46,12,4,9,44,1,5,20,1,2,50,4,4,0,1,1,1,1,0,0,0,1,2,15,8,2017-2018,Regular Season,9,19/11/2017,ucam murcia - retabet bilbao basket,82 - 71,Murcia,80,http://www.acb.com/fichas/LACB62080.php,53N
11,1,"Hannah, Clevin",21:50,6,1,2,50,0,2,0,4,4,100,0,0,0,4,1,0,0,0,0,0,4,4,-4,8,2017-2018,Regular Season,9,19/11/2017,ucam murcia - retabet bilbao basket,82 - 71,Murcia,80,http://www.acb.com/fichas/LACB62080.php,1LQ
12,1,"Oleson, Brad",33:19,19,1,3,33,4,5,80,5,5,100,3,3,0,3,2,0,1,0,0,0,3,4,19,25,2017-2018,Regular Season,9,19/11/2017,ucam murcia - retabet bilbao basket,82 - 71,Murcia,80,http://www.acb.com/fichas/LACB62080.php,BGO
0,0,"Olaizola, Julen",0,0,0,0,0,0,0,0,0,0,0,0,0,0,0,0,0,0,0,0,0,0,0,0,0,2017-2018,Regular Season,9,19/11/2017,ucam murcia - retabet bilbao basket,82 - 71,Murcia,80,http://www.acb.com/fichas/LACB62080.php,0
16,0,"Delia, Marcos",29:45,7,3,8,38,0,0,0,1,1,100,1,1,0,0,0,3,0,2,0,0,2,4,18,4,2017-2018,Regular Season,9,19/11/2017,ucam murcia - retabet bilbao basket,82 - 71,Murcia,80,http://www.acb.com/fichas/LACB62080.php,512
24,1,"Tumba, Kevin",21:8,2,0,2,0,0,0,0,2,6,33,5,1,4,0,0,2,0,1,0,0,1,4,-8,3,2017-2018,Regular Season,9,19/11/2017,ucam murcia - retabet bilbao basket,82 - 71,Murcia,80,http://www.acb.com/fichas/LACB62080.php,52W
27,1,"Rojas, Sadiel",18:31,5,0,3,0,1,4,25,2,2,100,9,5,4,0,1,1,0,1,0,0,4,2,-1,7,2017-2018,Regular Season,9,19/11/2017,ucam murcia - retabet bilbao basket,82 - 71,Murcia,80,http://www.acb.com/fichas/LACB62080.php,1L3
33,0,"Lukovic, Marko",5:2,0,0,0,0,0,2,0,0,0,0,0,0,0,0,1,0,0,0,0,0,2,0,1,-3,2017-2018,Regular Season,9,19/11/2017,ucam murcia - retabet bilbao basket,82 - 71,Murcia,80,http://www.acb.com/fichas/LACB62080.php,53R
0,0,Equipo,0,0,0,0,0,0,0,0,0,0,0,1,0,1,0,0,1,0,0,0,0,1,0,0,-1,2017-2018,Regular Season,9,19/11/2017,ucam murcia - retabet bilbao basket,82 - 71,0,80,http://www.acb.com/fichas/LACB62080.php,
5,0,"Fischer, Ricardo",8:2,0,0,1,0,0,1,0,0,0,0,0,0,0,1,0,3,0,0,1,0,3,0,-4,-8,2017-2018,Regular Season,9,19/11/2017,ucam murcia - retabet bilbao basket,82 - 71,Bilbao,80,http://www.acb.com/fichas/LACB62080.php,53G
9,1,"Tabu, Jonathan",11:35,5,1,1,100,1,2,50,0,0,0,1,1,0,2,0,1,0,0,0,0,2,1,5,5,2017-2018,Regular Season,9,19/11/2017,ucam murcia - retabet bilbao basket,82 - 71,Bilbao,80,http://www.acb.com/fichas/LACB62080.php,H09
0,0,"Mendia, Borja",0,0,0,0,0,0,0,0,0,0,0,0,0,0,0,0,0,0,0,0,0,0,0,0,0,2017-2018,Regular Season,9,19/11/2017,ucam murcia - retabet bilbao basket,82 - 71,Bilbao,80,http://www.acb.com/fichas/LACB62080.php,0
11,0,"Hammink, Shane",11:37,4,0,1,0,1,1,100,1,2,50,1,1,0,0,0,0,0,0,0,0,4,2,-8,1,2017-2018,Regular Season,9,19/11/2017,ucam murcia - retabet bilbao basket,82 - 71,Bilbao,80,http://www.acb.com/fichas/LACB62080.php,53H
12,1,"Redivo, Lucio",12:47,5,1,2,50,1,4,25,0,0,0,2,2,0,1,2,2,1,0,0,0,4,0,1,0,2017-2018,Regular Season,9,19/11/2017,ucam murcia - retabet bilbao basket,82 - 71,Bilbao,80,http://www.acb.com/fichas/LACB62080.php,538
14,0,"Salgado, Javier",20:1,1,0,2,0,0,4,0,1,1,100,0,0,0,2,1,3,0,0,1,0,2,0,-11,-8,2017-2018,Regular Season,9,19/11/2017,ucam murcia - retabet bilbao basket,82 - 71,Bilbao,80,http://www.acb.com/fichas/LACB62080.php,B1R
15,0,"Mumbru, Alex",25:45,17,3,5,60,3,7,43,2,5,40,4,3,1,0,2,4,0,0,2,0,1,7,-5,14,2017-2018,Regular Season,9,19/11/2017,ucam murcia - retabet bilbao basket,82 - 71,Bilbao,80,http://www.acb.com/fichas/LACB62080.php,A46
17,1,"Hervelle, Axel",25:24,5,1,4,25,1,2,50,0,0,0,6,5,1,0,1,5,0,0,0,0,4,2,-7,1,2017-2018,Regular Season,9,19/11/2017,ucam murcia - retabet bilbao basket,82 - 71,Bilbao,80,http://www.acb.com/fichas/LACB62080.php,B6Q
19,1,"Tomas, Pere",34:23,17,1,2,50,2,5,40,9,9,100,6,3,3,0,0,3,0,0,0,0,3,6,-3,19,2017-2018,Regular Season,9,19/11/2017,ucam murcia - retabet bilbao basket,82 - 71,Bilbao,80,http://www.acb.com/fichas/LACB62080.php,Y3V
20,0,"Todorovic, Dejan",21:35,7,2,4,50,1,2,50,0,0,0,0,0,0,0,0,2,0,0,0,0,1,2,-13,3,2017-2018,Regular Season,9,19/11/2017,ucam murcia - retabet bilbao basket,82 - 71,Bilbao,80,http://www.acb.com/fichas/LACB62080.php,10D
22,0,"Vucetic, Vasilije",7:43,2,1,2,50,0,0,0,0,0,0,1,0,1,0,0,1,0,0,0,0,4,0,-9,-3,2017-2018,Regular Season,9,19/11/2017,ucam murcia - retabet bilbao basket,82 - 71,Bilbao,80,http://www.acb.com/fichas/LACB62080.php,51G
32,1,"Gladness, Mickell",21:8,8,3,3,100,0,0,0,2,2,100,7,6,1,1,0,0,0,0,0,2,3,3,-1,16,2017-2018,Regular Season,9,19/11/2017,ucam murcia - retabet bilbao basket,82 - 71,Bilbao,80,http://www.acb.com/fichas/LACB62080.php,55D
0,0,Equipo,0,0,0,0,0,0,0,0,0,0,0,4,1,3,0,0,0,0,0,0,0,0,0,0,4,2017-2018,Regular Season,9,19/11/2017,ucam murcia - retabet bilbao basket,82 - 71,0,80,http://www.acb.com/fichas/LACB62080.php,
3,0,"Sabat, Albert",23:52,6,3,6,50,0,4,0,0,0,0,1,1,0,3,0,1,0,0,1,0,1,0,11,0,2017-2018,Regular Season,9,19/11/2017,monbus obradoiro - iberostar tenerife,75 - 64,Obradoiro,81,http://www.acb.com/fichas/LACB62081.php,B2J
7,1,"Simons, Benjamin",12:54,5,1,2,50,1,4,25,0,0,0,0,0,0,0,0,0,0,0,0,0,2,0,2,-1,2017-2018,Regular Season,9,19/11/2017,monbus obradoiro - iberostar tenerife,75 - 64,Obradoiro,81,http://www.acb.com/fichas/LACB62081.php,548
9,0,"Llovet, Nacho",20:35,7,3,5,60,0,2,0,1,1,100,4,3,1,0,0,3,0,0,0,0,2,5,6,7,2017-2018,Regular Season,9,19/11/2017,monbus obradoiro - iberostar tenerife,75 - 64,Obradoiro,81,http://www.acb.com/fichas/LACB62081.php,Y7O
11,0,"Radovic, Nemanja",26:46,17,5,7,71,1,2,50,4,5,80,12,9,3,1,1,0,0,0,0,0,1,3,7,29,2017-2018,Regular Season,9,19/11/2017,monbus obradoiro - iberostar tenerife,75 - 64,Obradoiro,81,http://www.acb.com/fichas/LACB62081.php,H52
13,1,"Pustovyi, Artem",19:6,6,3,3,100,0,0,0,0,2,0,5,3,2,0,0,1,0,0,0,2,3,4,5,9,2017-2018,Regular Season,9,19/11/2017,monbus obradoiro - iberostar tenerife,75 - 64,Obradoiro,81,http://www.acb.com/fichas/LACB62081.php,FO1
0,0,"Gomez, Rodrigo",0,0,0,0,0,0,0,0,0,0,0,0,0,0,0,0,0,0,0,0,0,0,0,0,0,2017-2018,Regular Season,9,19/11/2017,monbus obradoiro - iberostar tenerife,75 - 64,Obradoiro,81,http://www.acb.com/fichas/LACB62081.php,0
20,0,"Navarro, David",19:47,10,2,3,67,2,4,50,0,0,0,2,2,0,2,0,0,1,0,0,0,4,0,13,7,2017-2018,Regular Season,9,19/11/2017,monbus obradoiro - iberostar tenerife,75 - 64,Obradoiro,81,http://www.acb.com/fichas/LACB62081.php,B8L
21,1,"Thomas, Matt",32:9,11,3,5,60,1,4,25,2,2,100,0,0,0,3,0,2,0,0,2,0,4,5,10,6,2017-2018,Regular Season,9,19/11/2017,monbus obradoiro - iberostar tenerife,75 - 64,Obradoiro,81,http://www.acb.com/fichas/LACB62081.php,53S
22,1,"Bendzius, Eimantas",22:34,11,0,4,0,3,3,100,2,2,100,5,1,4,1,0,0,0,0,0,0,1,1,5,13,2017-2018,Regular Season,9,19/11/2017,monbus obradoiro - iberostar tenerife,75 - 64,Obradoiro,81,http://www.acb.com/fichas/LACB62081.php,FO0
0,0,"Corbacho, A.",0,0,0,0,0,0,0,0,0,0,0,0,0,0,0,0,0,0,0,0,0,0,0,0,0,2017-2018,Regular Season,9,19/11/2017,monbus obradoiro - iberostar tenerife,75 - 64,Obradoiro,81,http://www.acb.com/fichas/LACB62081.php,0
44,1,"Pozas, Pepe",16:8,2,0,2,0,0,1,0,2,2,100,4,3,1,2,0,1,0,0,0,0,1,1,0,4,2017-2018,Regular Season,9,19/11/2017,monbus obradoiro - iberostar tenerife,75 - 64,Obradoiro,81,http://www.acb.com/fichas/LACB62081.php,750
54,0,"Laksa, Martins",6:9,0,0,1,0,0,1,0,0,0,0,0,0,0,0,0,0,0,0,0,0,2,0,-4,-4,2017-2018,Regular Season,9,19/11/2017,monbus obradoiro - iberostar tenerife,75 - 64,Obradoiro,81,http://www.acb.com/fichas/LACB62081.php,53A
0,0,Equipo,0,0,0,0,0,0,0,0,0,0,0,4,4,0,0,0,0,0,0,0,0,0,0,0,4,2017-2018,Regular Season,9,19/11/2017,monbus obradoiro - iberostar tenerife,75 - 64,0,81,http://www.acb.com/fichas/LACB62081.php,
0,1,"San Miguel, R.",22:6,4,2,3,67,0,2,0,0,0,0,4,4,0,4,1,0,0,0,0,0,2,1,-6,9,2017-2018,Regular Season,9,19/11/2017,monbus obradoiro - iberostar tenerife,75 - 64,Tenerife,81,http://www.acb.com/fichas/LACB62081.php,B86
5,1,"Richotti, Nicolas",22:33,12,3,4,75,0,4,0,6,6,100,1,1,0,4,1,1,1,0,0,1,3,5,0,14,2017-2018,Regular Season,9,19/11/2017,monbus obradoiro - iberostar tenerife,75 - 64,Tenerife,81,http://www.acb.com/fichas/LACB62081.php,T78
7,0,"Niang, Mamadou",5:52,0,0,0,0,0,0,0,0,2,0,3,2,1,1,0,0,0,1,0,0,1,1,1,3,2017-2018,Regular Season,9,19/11/2017,monbus obradoiro - iberostar tenerife,75 - 64,Tenerife,81,http://www.acb.com/fichas/LACB62081.php,SHU
9,0,"Llompart, Pedro",18:8,12,1,1,100,3,6,50,1,1,100,1,0,1,1,0,1,0,0,0,0,0,1,-5,11,2017-2018,Regular Season,9,19/11/2017,monbus obradoiro - iberostar tenerife,75 - 64,Tenerife,81,http://www.acb.com/fichas/LACB62081.php,B4R
13,1,"Tobey, Mike",23:25,14,7,10,70,0,0,0,0,0,0,6,5,1,0,0,0,0,0,0,2,3,1,-12,15,2017-2018,Regular Season,9,19/11/2017,monbus obradoiro - iberostar tenerife,75 - 64,Tenerife,81,http://www.acb.com/fichas/LACB62081.php,530
17,0,"Vazquez, Fran",9:58,0,0,2,0,0,0,0,0,0,0,2,2,0,0,0,0,0,0,0,0,1,2,2,1,2017-2018,Regular Season,9,19/11/2017,monbus obradoiro - iberostar tenerife,75 - 64,Tenerife,81,http://www.acb.com/fichas/LACB62081.php,A9S
20,1,"Ponitka, Mateusz",30:48,15,4,6,67,0,0,0,7,9,78,3,3,0,0,0,1,0,1,0,1,3,7,-5,18,2017-2018,Regular Season,9,19/11/2017,monbus obradoiro - iberostar tenerife,75 - 64,Tenerife,81,http://www.acb.com/fichas/LACB62081.php,53W
21,1,"Abromaitis, Tim",23:41,0,0,0,0,0,4,0,0,0,0,4,4,0,0,1,3,0,1,0,0,3,0,-5,-4,2017-2018,Regular Season,9,19/11/2017,monbus obradoiro - iberostar tenerife,75 - 64,Tenerife,81,http://www.acb.com/fichas/LACB62081.php,FOI
24,0,"Vrabac, Adin",9:15,0,0,1,0,0,0,0,0,0,0,0,0,0,0,1,0,0,0,0,0,0,1,-6,1,2017-2018,Regular Season,9,19/11/2017,monbus obradoiro - iberostar tenerife,75 - 64,Tenerife,81,http://www.acb.com/fichas/LACB62081.php,546
25,0,"Allen, Rosco",16:50,5,1,5,20,1,2,50,0,0,0,3,2,1,0,0,0,0,0,0,0,2,0,-8,1,2017-2018,Regular Season,9,19/11/2017,monbus obradoiro - iberostar tenerife,75 - 64,Tenerife,81,http://www.acb.com/fichas/LACB62081.php,50I
34,0,"White, Davin",17:24,2,0,1,0,0,2,0,2,2,100,0,0,0,4,1,2,0,1,0,0,1,2,-11,4,2017-2018,Regular Season,9,19/11/2017,monbus obradoiro - iberostar tenerife,75 - 64,Tenerife,81,http://www.acb.com/fichas/LACB62081.php,2B8
0,0,Equipo,0,0,0,0,0,0,0,0,0,0,0,3,1,2,0,0,0,0,0,0,0,0,0,0,3,2017-2018,Regular Season,9,19/11/2017,monbus obradoiro - iberostar tenerife,75 - 64,0,81,http://www.acb.com/fichas/LACB62081.php,
0,1,"Thomas, Will",28:28,8,1,1,100,1,3,33,3,4,75,6,5,1,1,1,2,0,0,0,1,1,4,-6,14,2017-2018,Regular Season,10,03/12/2017,valencia basket - morabanc andorra,89 - 87,Valencia,82,http://www.acb.com/fichas/LACB62082.php,1L5
0,0,"Puerto, Josep",0,0,0,0,0,0,0,0,0,0,0,0,0,0,0,0,0,0,0,0,0,0,0,0,0,2017-2018,Regular Season,10,03/12/2017,valencia basket - morabanc andorra,89 - 87,Valencia,82,http://www.acb.com/fichas/LACB62082.php,0
9,0,"Van Rossom, Sam",27:36,9,2,5,40,1,3,33,2,2,100,3,3,0,4,0,1,1,0,0,0,1,4,-9,13,2017-2018,Regular Season,10,03/12/2017,valencia basket - morabanc andorra,89 - 87,Valencia,82,http://www.acb.com/fichas/LACB62082.php,BK4
10,0,"Rudez, Damjan",13:37,4,1,2,50,0,0,0,2,2,100,0,0,0,0,0,0,0,0,0,0,1,1,4,3,2017-2018,Regular Season,10,03/12/2017,valencia basket - morabanc andorra,89 - 87,Valencia,82,http://www.acb.com/fichas/LACB62082.php,249
0,0,"Ferrando, Luis",0,0,0,0,0,0,0,0,0,0,0,0,0,0,0,0,0,0,0,0,0,0,0,0,0,2017-2018,Regular Season,10,03/12/2017,valencia basket - morabanc andorra,89 - 87,Valencia,82,http://www.acb.com/fichas/LACB62082.php,0
16,1,"Vives, Guillem",15:4,2,0,0,0,0,2,0,2,2,100,3,1,2,0,1,3,0,0,0,0,5,1,13,-3,2017-2018,Regular Season,10,03/12/2017,valencia basket - morabanc andorra,89 - 87,Valencia,82,http://www.acb.com/fichas/LACB62082.php,BLP
17,0,"Martinez, Rafa",11:35,0,0,3,0,0,3,0,0,0,0,2,1,1,3,0,1,0,0,0,0,2,0,0,-4,2017-2018,Regular Season,10,03/12/2017,valencia basket - morabanc andorra,89 - 87,Valencia,82,http://www.acb.com/fichas/LACB62082.php,A3W
19,0,San Emeterio,28:58,35,7,9,78,5,7,71,6,7,86,9,8,1,2,2,5,0,0,0,0,1,5,-10,42,2017-2018,Regular Season,10,03/12/2017,valencia basket - morabanc andorra,89 - 87,Valencia,82,http://www.acb.com/fichas/LACB62082.php,A8T
21,1,"Pleiss, Tibor",32:51,11,4,8,50,0,0,0,3,4,75,10,9,1,1,2,2,1,4,1,1,3,2,8,19,2017-2018,Regular Season,10,03/12/2017,valencia basket - morabanc andorra,89 - 87,Valencia,82,http://www.acb.com/fichas/LACB62082.php,219
32,1,"Green, Erick",29:55,8,2,6,33,1,3,33,1,2,50,1,1,0,2,0,1,0,0,0,0,0,4,12,7,2017-2018,Regular Season,10,03/12/2017,valencia basket - morabanc andorra,89 - 87,Valencia,82,http://www.acb.com/fichas/LACB62082.php,53P
42,1,"Doornekamp, A.",34:31,12,3,6,50,2,3,67,0,0,0,2,1,1,1,2,0,1,0,0,1,2,1,2,12,2017-2018,Regular Season,10,03/12/2017,valencia basket - morabanc andorra,89 - 87,Valencia,82,http://www.acb.com/fichas/LACB62082.php,501
51,0,"Hlinason, T.",2:25,0,0,0,0,0,0,0,0,0,0,0,0,0,0,0,0,0,0,0,0,0,0,-4,0,2017-2018,Regular Season,10,03/12/2017,valencia basket - morabanc andorra,89 - 87,Valencia,82,http://www.acb.com/fichas/LACB62082.php,55F
0,0,Equipo,0,0,0,0,0,0,0,0,0,0,0,2,2,0,0,0,0,0,0,0,0,0,0,0,2,2017-2018,Regular Season,10,03/12/2017,valencia basket - morabanc andorra,89 - 87,0,82,http://www.acb.com/fichas/LACB62082.php,
3,0,"Fernandez, Jaime",31:16,19,4,6,67,3,9,33,2,4,50,1,1,0,4,3,0,2,0,0,0,4,3,10,16,2017-2018,Regular Season,10,03/12/2017,valencia basket - morabanc andorra,89 - 87,Andorra,82,http://www.acb.com/fichas/LACB62082.php,117
11,1,"Blazic, Jaka",30:33,22,5,9,56,4,4,100,0,0,0,7,7,0,4,1,3,3,0,1,0,3,1,2,24,2017-2018,Regular Season,10,03/12/2017,valencia basket - morabanc andorra,89 - 87,Andorra,82,http://www.acb.com/fichas/LACB62082.php,FQF
14,0,"Stevic, Oliver",31:36,5,2,5,40,0,0,0,1,2,50,10,5,5,1,1,1,1,0,0,1,2,2,6,12,2017-2018,Regular Season,10,03/12/2017,valencia basket - morabanc andorra,89 - 87,Andorra,82,http://www.acb.com/fichas/LACB62082.php,170
15,1,"Karnowski, Przemek",22:15,9,4,7,57,0,0,0,1,1,100,0,0,0,1,3,0,0,0,0,1,0,1,-9,11,2017-2018,Regular Season,10,03/12/2017,valencia basket - morabanc andorra,89 - 87,Andorra,82,http://www.acb.com/fichas/LACB62082.php,53Y
16,1,"Albicy, Andrew",29:31,8,0,3,0,2,7,29,2,2,100,1,1,0,4,2,1,0,0,1,0,3,2,-3,4,2017-2018,Regular Season,10,03/12/2017,valencia basket - morabanc andorra,89 - 87,Andorra,82,http://www.acb.com/fichas/LACB62082.php,502
21,0,"Diagne, Moussa",13:18,9,4,5,80,0,1,0,1,5,20,7,3,4,0,0,1,0,1,1,1,3,4,-3,10,2017-2018,Regular Season,10,03/12/2017,valencia basket - morabanc andorra,89 - 87,Andorra,82,http://www.acb.com/fichas/LACB62082.php,17T
0,0,"Shurna, John",0,0,0,0,0,0,0,0,0,0,0,0,0,0,0,0,0,0,0,0,0,0,0,0,0,2017-2018,Regular Season,10,03/12/2017,valencia basket - morabanc andorra,89 - 87,Andorra,82,http://www.acb.com/fichas/LACB62082.php,0
23,1,"Walker, David",16:18,0,0,2,0,0,2,0,0,0,0,3,2,1,1,0,1,0,0,0,0,2,0,-12,-3,2017-2018,Regular Season,10,03/12/2017,valencia basket - morabanc andorra,89 - 87,Andorra,82,http://www.acb.com/fichas/LACB62082.php,513
24,0,"Colom, Guillem",6:26,0,0,0,0,0,1,0,0,0,0,0,0,0,1,0,0,0,0,0,0,0,1,-4,1,2017-2018,Regular Season,10,03/12/2017,valencia basket - morabanc andorra,89 - 87,Andorra,82,http://www.acb.com/fichas/LACB62082.php,2A5
25,0,"Jelinek, David",20:56,10,2,4,50,1,3,33,3,5,60,4,4,0,0,0,3,0,0,0,0,3,2,1,4,2017-2018,Regular Season,10,03/12/2017,valencia basket - morabanc andorra,89 - 87,Andorra,82,http://www.acb.com/fichas/LACB62082.php,Y8C
34,1,"Copeland, Chris",22:51,5,1,2,50,1,4,25,0,0,0,1,1,0,2,1,1,1,0,1,0,2,0,2,1,2017-2018,Regular Season,10,03/12/2017,valencia basket - morabanc andorra,89 - 87,Andorra,82,http://www.acb.com/fichas/LACB62082.php,56C
0,0,Equipo,0,0,0,0,0,0,0,0,0,0,0,4,1,3,0,0,0,0,0,0,0,0,0,0,4,2017-2018,Regular Season,10,03/12/2017,valencia basket - morabanc andorra,89 - 87,0,82,http://www.acb.com/fichas/LACB62082.php,
1,0,"Causeur, Fabien",21:44,4,2,2,100,0,1,0,0,0,0,2,2,0,6,3,1,1,0,0,0,2,0,18,11,2017-2018,Regular Season,10,03/12/2017,real madrid - herbalife gran canaria,96 - 72,Real_Madrid,83,http://www.acb.com/fichas/LACB62083.php,218
2,0,"Randle, Chasson",12:19,5,2,2,100,0,2,0,1,2,50,1,1,0,1,0,0,0,0,1,0,4,1,7,0,2017-2018,Regular Season,10,03/12/2017,real madrid - herbalife gran canaria,96 - 72,Real_Madrid,83,http://www.acb.com/fichas/LACB62083.php,566
5,1,"Fernandez, Rudy",23:28,11,1,4,25,3,7,43,0,0,0,3,3,0,2,0,0,0,0,0,0,2,1,15,8,2017-2018,Regular Season,10,03/12/2017,real madrid - herbalife gran canaria,96 - 72,Real_Madrid,83,http://www.acb.com/fichas/LACB62083.php,B0X
6,0,"Radoncic, Dino",3:12,3,0,0,0,1,1,100,0,0,0,0,0,0,0,0,0,0,0,0,0,1,0,-3,2,2017-2018,Regular Season,10,03/12/2017,real madrid - herbalife gran canaria,96 - 72,Real_Madrid,83,http://www.acb.com/fichas/LACB62083.php,FQI
7,1,"Doncic, Luka",20:31,16,3,3,100,2,5,40,4,4,100,4,2,2,5,2,4,1,0,0,0,3,4,17,21,2017-2018,Regular Season,10,03/12/2017,real madrid - herbalife gran canaria,96 - 72,Real_Madrid,83,http://www.acb.com/fichas/LACB62083.php,460
8,0,"Maciulis, Jonas",20:50,3,0,0,0,1,5,20,0,0,0,3,2,1,0,0,0,0,0,0,0,2,0,14,0,2017-2018,Regular Season,10,03/12/2017,real madrid - herbalife gran canaria,96 - 72,Real_Madrid,83,http://www.acb.com/fichas/LACB62083.php,1L9
9,0,"Reyes, Felipe",18:49,10,3,3,100,0,0,0,4,5,80,4,3,1,1,3,1,0,0,0,0,2,5,21,19,2017-2018,Regular Season,10,03/12/2017,real madrid - herbalife gran canaria,96 - 72,Real_Madrid,83,http://www.acb.com/fichas/LACB62083.php,A1M
11,1,"Campazzo, Facu",22:35,7,2,3,67,1,5,20,0,1,0,2,2,0,5,2,1,1,0,1,0,4,1,8,5,2017-2018,Regular Season,10,03/12/2017,real madrid - herbalife gran canaria,96 - 72,Real_Madrid,83,http://www.acb.com/fichas/LACB62083.php,1LU
16,0,"Yusta, Santiago",2:51,2,1,1,100,0,0,0,0,0,0,1,1,0,0,0,0,0,0,0,0,0,0,-2,3,2017-2018,Regular Season,10,03/12/2017,real madrid - herbalife gran canaria,96 - 72,Real_Madrid,83,http://www.acb.com/fichas/LACB62083.php,1E4
20,0,"Carroll, Jaycee",17:46,14,2,3,67,2,6,33,4,6,67,3,3,0,1,1,1,3,1,0,0,2,3,11,13,2017-2018,Regular Season,10,03/12/2017,real madrid - herbalife gran canaria,96 - 72,Real_Madrid,83,http://www.acb.com/fichas/LACB62083.php,BGZ
22,1,"Tavares, W.",18:37,8,3,7,43,0,0,0,2,3,67,2,2,0,0,0,1,0,4,0,0,2,3,9,9,2017-2018,Regular Season,10,03/12/2017,real madrid - herbalife gran canaria,96 - 72,Real_Madrid,83,http://www.acb.com/fichas/LACB62083.php,T2Z
33,1,"Thompkins, Trey",17:18,13,4,6,67,1,2,50,2,2,100,6,3,3,0,2,0,0,1,0,0,4,1,5,16,2017-2018,Regular Season,10,03/12/2017,real madrid - herbalife gran canaria,96 - 72,Real_Madrid,83,http://www.acb.com/fichas/LACB62083.php,FQ1
0,0,Equipo,0,0,0,0,0,0,0,0,0,0,0,1,0,1,0,0,0,0,0,0,0,0,0,0,1,2017-2018,Regular Season,10,03/12/2017,real madrid - herbalife gran canaria,96 - 72,0,83,http://www.acb.com/fichas/LACB62083.php,
4,1,"Oliver, Albert",20:20,10,2,4,50,2,5,40,0,0,0,3,1,2,1,0,3,0,0,0,0,1,2,-7,7,2017-2018,Regular Season,10,03/12/2017,real madrid - herbalife gran canaria,96 - 72,Gran_Canaria,83,http://www.acb.com/fichas/LACB62083.php,A56
8,0,"Eriksson, Marcus",20:52,12,1,3,33,2,5,40,4,4,100,2,2,0,2,1,2,0,0,0,0,3,5,-6,12,2017-2018,Regular Season,10,03/12/2017,real madrid - herbalife gran canaria,96 - 72,Gran_Canaria,83,http://www.acb.com/fichas/LACB62083.php,118
9,0,"Mekel, Gal",19:40,10,3,5,60,0,2,0,4,6,67,1,1,0,4,0,2,1,0,1,0,1,3,-17,8,2017-2018,Regular Season,10,03/12/2017,real madrid - herbalife gran canaria,96 - 72,Gran_Canaria,83,http://www.acb.com/fichas/LACB62083.php,53K
11,0,"Seeley, DJ",20:55,11,3,5,60,1,2,50,2,4,50,1,1,0,1,0,3,1,0,0,0,3,3,-13,5,2017-2018,Regular Season,10,03/12/2017,real madrid - herbalife gran canaria,96 - 72,Gran_Canaria,83,http://www.acb.com/fichas/LACB62083.php,2IW
12,0,"Balvin, Ondrej",25:35,5,2,6,33,0,0,0,1,4,25,10,5,5,0,1,0,0,1,2,2,5,3,-3,6,2017-2018,Regular Season,10,03/12/2017,real madrid - herbalife gran canaria,96 - 72,Gran_Canaria,83,http://www.acb.com/fichas/LACB62083.php,BLE
13,1,"Baez, Eulis",28:17,8,2,4,50,1,3,33,1,2,50,3,3,0,2,0,1,1,1,2,0,1,4,-13,9,2017-2018,Regular Season,10,03/12/2017,real madrid - herbalife gran canaria,96 - 72,Gran_Canaria,83,http://www.acb.com/fichas/LACB62083.php,BIH
14,0,"Pasecniks, Anzejs",14:28,4,2,5,40,0,0,0,0,0,0,9,5,4,0,0,1,0,0,0,0,2,0,-13,7,2017-2018,Regular Season,10,03/12/2017,real madrid - herbalife gran canaria,96 - 72,Gran_Canaria,83,http://www.acb.com/fichas/LACB62083.php,FQH
15,0,"Balcerowski, Olek",1:27,0,0,0,0,0,0,0,0,0,0,1,1,0,0,0,0,0,0,0,0,0,0,-2,1,2017-2018,Regular Season,10,03/12/2017,real madrid - herbalife gran canaria,96 - 72,Gran_Canaria,83,http://www.acb.com/fichas/LACB62083.php,51K
21,1,"Pauli, Oriol",18:26,7,2,5,40,0,1,0,3,6,50,3,3,0,2,1,4,0,0,1,0,1,4,-15,4,2017-2018,Regular Season,10,03/12/2017,real madrid - herbalife gran canaria,96 - 72,Gran_Canaria,83,http://www.acb.com/fichas/LACB62083.php,SCE
0,0,"Kljajic, Jovan",0,0,0,0,0,0,0,0,0,0,0,0,0,0,0,0,0,0,0,0,0,0,0,0,0,2017-2018,Regular Season,10,03/12/2017,real madrid - herbalife gran canaria,96 - 72,Gran_Canaria,83,http://www.acb.com/fichas/LACB62083.php,0
27,1,"McKissic, S.",19:47,2,1,1,100,0,2,0,0,0,0,1,0,1,5,3,3,0,0,0,1,2,2,-14,6,2017-2018,Regular Season,10,03/12/2017,real madrid - herbalife gran canaria,96 - 72,Gran_Canaria,83,http://www.acb.com/fichas/LACB62083.php,53D
40,1,"Fischer, Luke",10:13,3,1,2,50,0,0,0,1,1,100,2,0,2,0,0,1,0,0,0,0,1,1,-17,3,2017-2018,Regular Season,10,03/12/2017,real madrid - herbalife gran canaria,96 - 72,Gran_Canaria,83,http://www.acb.com/fichas/LACB62083.php,53I
0,0,Equipo,0,0,0,0,0,0,0,0,0,0,0,6,5,1,0,0,0,0,0,0,0,0,0,0,6,2017-2018,Regular Season,10,03/12/2017,real madrid - herbalife gran canaria,96 - 72,0,83,http://www.acb.com/fichas/LACB62083.php,
3,0,"Vildoza, Luca",0:5,0,0,0,0,0,0,0,0,0,0,0,0,0,0,0,0,0,0,0,0,0,0,0,0,2017-2018,Regular Season,10,03/12/2017,baskonia - monbus obradoiro,85 - 78,Baskonia,84,http://www.acb.com/fichas/LACB62084.php,53O
6,0,"Timma, Janis",18:37,4,0,0,0,1,3,33,1,1,100,1,0,1,1,1,0,1,0,0,0,3,2,1,4,2017-2018,Regular Season,10,03/12/2017,baskonia - monbus obradoiro,85 - 78,Baskonia,84,http://www.acb.com/fichas/LACB62084.php,536
7,0,"Voigtmann, J.",18:16,4,2,3,67,0,0,0,0,0,0,2,2,0,0,1,0,0,0,0,0,2,0,6,4,2017-2018,Regular Season,10,03/12/2017,baskonia - monbus obradoiro,85 - 78,Baskonia,84,http://www.acb.com/fichas/LACB62084.php,500
8,1,"Malmanis, Rinalds",17:26,8,1,1,100,2,2,100,0,0,0,2,2,0,0,0,0,0,0,0,1,1,0,1,9,2017-2018,Regular Season,10,03/12/2017,baskonia - monbus obradoiro,85 - 78,Baskonia,84,http://www.acb.com/fichas/LACB62084.php,802
9,1,"Huertas, M.",25:6,16,5,5,100,0,2,0,6,6,100,2,2,0,9,0,1,0,0,0,0,3,3,4,24,2017-2018,Regular Season,10,03/12/2017,baskonia - monbus obradoiro,85 - 78,Baskonia,84,http://www.acb.com/fichas/LACB62084.php,B72
10,0,"Beaubois, Rodrigue",16:5,4,2,3,67,0,1,0,0,0,0,2,2,0,3,1,2,0,0,0,0,2,0,8,4,2017-2018,Regular Season,10,03/12/2017,baskonia - monbus obradoiro,85 - 78,Baskonia,84,http://www.acb.com/fichas/LACB62084.php,50C
11,1,"Janning, Matt",27:10,15,1,4,25,3,5,60,4,4,100,2,2,0,0,1,2,0,0,0,0,0,2,2,13,2017-2018,Regular Season,10,03/12/2017,baskonia - monbus obradoiro,85 - 78,Baskonia,84,http://www.acb.com/fichas/LACB62084.php,55A
15,0,"Granger, Jayson",15:31,4,1,3,33,0,1,0,2,2,100,0,0,0,4,0,0,0,0,1,0,2,1,5,3,2017-2018,Regular Season,10,03/12/2017,baskonia - monbus obradoiro,85 - 78,Baskonia,84,http://www.acb.com/fichas/LACB62084.php,Y6K
17,1,"Poirier, Vincent",21:44,10,3,6,50,0,0,0,4,4,100,6,3,3,3,0,2,0,0,1,1,3,3,1,13,2017-2018,Regular Season,10,03/12/2017,baskonia - monbus obradoiro,85 - 78,Baskonia,84,http://www.acb.com/fichas/LACB62084.php,539
0,0,"Martinez, Ivan",0,0,0,0,0,0,0,0,0,0,0,0,0,0,0,0,0,0,0,0,0,0,0,0,0,2017-2018,Regular Season,10,03/12/2017,baskonia - monbus obradoiro,85 - 78,Baskonia,84,http://www.acb.com/fichas/LACB62084.php,0
21,0,"Jones, Kevin",8:36,2,1,3,33,0,1,0,0,0,0,2,1,1,0,0,0,0,0,0,0,0,0,5,1,2017-2018,Regular Season,10,03/12/2017,baskonia - monbus obradoiro,85 - 78,Baskonia,84,http://www.acb.com/fichas/LACB62084.php,56F
23,1,"Shengelia, T.",31:24,18,5,10,50,1,4,25,5,7,71,8,7,1,3,2,2,1,1,2,1,2,7,2,23,2017-2018,Regular Season,10,03/12/2017,baskonia - monbus obradoiro,85 - 78,Baskonia,84,http://www.acb.com/fichas/LACB62084.php,105
0,0,Equipo,0,0,0,0,0,0,0,0,0,0,0,6,3,3,0,0,0,0,0,0,0,0,0,0,6,2017-2018,Regular Season,10,03/12/2017,baskonia - monbus obradoiro,85 - 78,0,84,http://www.acb.com/fichas/LACB62084.php,
3,0,"Sabat, Albert",20:58,13,0,2,0,3,5,60,4,4,100,3,0,3,4,0,3,0,0,0,0,3,4,-3,14,2017-2018,Regular Season,10,03/12/2017,baskonia - monbus obradoiro,85 - 78,Obradoiro,84,http://www.acb.com/fichas/LACB62084.php,B2J
7,1,"Simons, Benjamin",7:56,3,0,0,0,1,5,20,0,0,0,0,0,0,0,0,0,0,0,0,0,2,0,-5,-3,2017-2018,Regular Season,10,03/12/2017,baskonia - monbus obradoiro,85 - 78,Obradoiro,84,http://www.acb.com/fichas/LACB62084.php,548
9,0,"Llovet, Nacho",13:25,6,1,3,33,1,1,100,1,2,50,0,0,0,0,0,1,0,0,0,0,3,4,-3,3,2017-2018,Regular Season,10,03/12/2017,baskonia - monbus obradoiro,85 - 78,Obradoiro,84,http://www.acb.com/fichas/LACB62084.php,Y7O
11,0,"Radovic, Nemanja",25:14,6,3,6,50,0,1,0,0,0,0,4,3,1,0,0,2,0,0,0,0,1,1,-10,4,2017-2018,Regular Season,10,03/12/2017,baskonia - monbus obradoiro,85 - 78,Obradoiro,84,http://www.acb.com/fichas/LACB62084.php,H52
13,1,"Pustovyi, Artem",33:10,16,7,14,50,0,0,0,2,2,100,5,2,3,1,0,1,0,4,0,3,2,4,6,20,2017-2018,Regular Season,10,03/12/2017,baskonia - monbus obradoiro,85 - 78,Obradoiro,84,http://www.acb.com/fichas/LACB62084.php,FO1
0,0,"Spires, Nick",0,0,0,0,0,0,0,0,0,0,0,0,0,0,0,0,0,0,0,0,0,0,0,0,0,2017-2018,Regular Season,10,03/12/2017,baskonia - monbus obradoiro,85 - 78,Obradoiro,84,http://www.acb.com/fichas/LACB62084.php,0
20,0,"Navarro, David",10:0,0,0,0,0,0,1,0,0,0,0,0,0,0,1,0,0,0,0,0,0,1,0,1,-1,2017-2018,Regular Season,10,03/12/2017,baskonia - monbus obradoiro,85 - 78,Obradoiro,84,http://www.acb.com/fichas/LACB62084.php,B8L
21,1,"Thomas, Matt",25:43,10,2,5,40,1,4,25,3,3,100,3,2,1,4,1,1,0,0,0,0,2,2,-9,11,2017-2018,Regular Season,10,03/12/2017,baskonia - monbus obradoiro,85 - 78,Obradoiro,84,http://www.acb.com/fichas/LACB62084.php,53S
22,1,"Bendzius, Eimantas",20:24,5,1,3,33,1,5,20,0,0,0,7,4,3,1,2,2,1,0,1,0,4,0,-4,2,2017-2018,Regular Season,10,03/12/2017,baskonia - monbus obradoiro,85 - 78,Obradoiro,84,http://www.acb.com/fichas/LACB62084.php,FO0
33,0,"Corbacho, A.",9:36,0,0,0,0,0,2,0,0,0,0,2,2,0,2,1,0,0,0,0,0,0,0,-1,3,2017-2018,Regular Season,10,03/12/2017,baskonia - monbus obradoiro,85 - 78,Obradoiro,84,http://www.acb.com/fichas/LACB62084.php,B5E
44,1,"Pozas, Pepe",19:2,10,1,1,100,2,3,67,2,2,100,2,2,0,4,1,2,1,0,0,0,0,2,-4,16,2017-2018,Regular Season,10,03/12/2017,baskonia - monbus obradoiro,85 - 78,Obradoiro,84,http://www.acb.com/fichas/LACB62084.php,750
54,0,"Laksa, Martins",14:32,9,1,1,100,2,4,50,1,2,50,1,1,0,0,1,0,0,0,0,0,1,1,-3,8,2017-2018,Regular Season,10,03/12/2017,baskonia - monbus obradoiro,85 - 78,Obradoiro,84,http://www.acb.com/fichas/LACB62084.php,53A
0,0,Equipo,0,0,0,0,0,0,0,0,0,0,0,4,3,1,0,0,0,0,0,0,0,0,0,0,4,2017-2018,Regular Season,10,03/12/2017,baskonia - monbus obradoiro,85 - 78,0,84,http://www.acb.com/fichas/LACB62084.php,
0,0,"Okouo, Viny",0,0,0,0,0,0,0,0,0,0,0,0,0,0,0,0,0,0,0,0,0,0,0,0,0,2017-2018,Regular Season,10,03/12/2017,unicaja - divina seguros joventut,86 - 74,Unicaja,85,http://www.acb.com/fichas/LACB62085.php,0
3,1,"McCallum, Ray",15:21,0,0,2,0,0,0,0,0,0,0,1,1,0,3,1,1,0,0,1,0,0,2,5,3,2017-2018,Regular Season,10,03/12/2017,unicaja - divina seguros joventut,86 - 74,Unicaja,85,http://www.acb.com/fichas/LACB62085.php,540
9,0,"Diaz, Alberto",24:39,8,1,2,50,2,4,50,0,0,0,2,1,1,6,1,2,0,0,0,0,1,0,7,11,2017-2018,Regular Season,10,03/12/2017,unicaja - divina seguros joventut,86 - 74,Unicaja,85,http://www.acb.com/fichas/LACB62085.php,SHG
10,0,"Salin, Sasu",16:23,13,1,3,33,3,5,60,2,2,100,1,1,0,2,0,1,0,0,0,0,0,3,5,14,2017-2018,Regular Season,10,03/12/2017,unicaja - divina seguros joventut,86 - 74,Unicaja,85,http://www.acb.com/fichas/LACB62085.php,2IR
11,1,"Diez, Daniel",13:51,5,1,2,50,1,1,100,0,0,0,2,1,1,1,1,0,0,0,0,0,0,0,9,8,2017-2018,Regular Season,10,03/12/2017,unicaja - divina seguros joventut,86 - 74,Unicaja,85,http://www.acb.com/fichas/LACB62085.php,BLO
12,0,"Milosavljevic, D.",19:22,9,4,5,80,0,1,0,1,1,100,1,1,0,1,0,2,0,0,0,1,4,1,2,4,2017-2018,Regular Season,10,03/12/2017,unicaja - divina seguros joventut,86 - 74,Unicaja,85,http://www.acb.com/fichas/LACB62085.php,53F
16,1,"Nedovic, Nemanja",14:10,16,6,8,75,1,1,100,1,2,50,0,0,0,2,0,2,1,0,0,0,2,4,6,15,2017-2018,Regular Season,10,03/12/2017,unicaja - divina seguros joventut,86 - 74,Unicaja,85,http://www.acb.com/fichas/LACB62085.php,2FY
17,0,"Shermadini, Giorgi",18:15,11,2,3,67,0,0,0,7,8,88,5,2,3,1,0,2,0,1,0,1,2,4,2,16,2017-2018,Regular Season,10,03/12/2017,unicaja - divina seguros joventut,86 - 74,Unicaja,85,http://www.acb.com/fichas/LACB62085.php,H18
21,0,"Waczynski, Adam",16:14,2,1,2,50,0,2,0,0,0,0,0,0,0,2,1,0,0,0,0,0,1,2,2,3,2017-2018,Regular Season,10,03/12/2017,unicaja - divina seguros joventut,86 - 74,Unicaja,85,http://www.acb.com/fichas/LACB62085.php,1KW
23,1,"Brooks, Jeff",16:0,6,1,4,25,0,1,0,4,4,100,6,3,3,1,0,2,1,1,0,0,2,2,6,8,2017-2018,Regular Season,10,03/12/2017,unicaja - divina seguros joventut,86 - 74,Unicaja,85,http://www.acb.com/fichas/LACB62085.php,505
40,1,"Augustine, James",20:24,5,2,4,50,0,0,0,1,2,50,9,7,2,1,0,0,0,0,0,0,4,1,10,9,2017-2018,Regular Season,10,03/12/2017,unicaja - divina seguros joventut,86 - 74,Unicaja,85,http://www.acb.com/fichas/LACB62085.php,BGJ
43,0,"Suarez, Carlos",25:21,11,2,5,40,1,3,33,4,4,100,6,4,2,2,0,0,0,0,0,0,0,3,6,17,2017-2018,Regular Season,10,03/12/2017,unicaja - divina seguros joventut,86 - 74,Unicaja,85,http://www.acb.com/fichas/LACB62085.php,B79
0,0,Equipo,0,0,0,0,0,0,0,0,0,0,0,0,0,0,0,0,0,0,0,0,0,0,0,0,0,2017-2018,Regular Season,10,03/12/2017,unicaja - divina seguros joventut,86 - 74,0,85,http://www.acb.com/fichas/LACB62085.php,
0,0,"Dimitrijevic, N.",3:16,0,0,0,0,0,1,0,0,0,0,1,1,0,0,0,2,0,0,0,0,2,0,2,-4,2017-2018,Regular Season,10,03/12/2017,unicaja - divina seguros joventut,86 - 74,Joventut,85,http://www.acb.com/fichas/LACB62085.php,2CP
6,1,"Lopez-Arostegui, X",26:47,2,1,3,33,0,5,0,0,0,0,7,3,4,3,2,3,0,0,0,0,1,3,-6,6,2017-2018,Regular Season,10,03/12/2017,unicaja - divina seguros joventut,86 - 74,Joventut,85,http://www.acb.com/fichas/LACB62085.php,1BA
9,1,"Vidal, Sergi",31:31,8,0,0,0,2,8,25,2,2,100,5,3,2,3,0,1,0,0,0,0,1,3,-10,11,2017-2018,Regular Season,10,03/12/2017,unicaja - divina seguros joventut,86 - 74,Joventut,85,http://www.acb.com/fichas/LACB62085.php,A4B
11,0,"Parra, Joel",3:21,0,0,0,0,0,1,0,0,0,0,0,0,0,0,0,0,0,0,0,0,0,0,-11,-1,2017-2018,Regular Season,10,03/12/2017,unicaja - divina seguros joventut,86 - 74,Joventut,85,http://www.acb.com/fichas/LACB62085.php,526
12,0,"Kulvietis, Saulius",24:30,17,4,5,80,3,4,75,0,0,0,1,0,1,2,0,1,0,1,0,0,2,0,0,16,2017-2018,Regular Season,10,03/12/2017,unicaja - divina seguros joventut,86 - 74,Joventut,85,http://www.acb.com/fichas/LACB62085.php,53V
13,0,"Nogues, Jose I.",3:35,0,0,0,0,0,0,0,0,0,0,1,0,1,0,0,0,0,0,0,0,1,0,1,0,2017-2018,Regular Season,10,03/12/2017,unicaja - divina seguros joventut,86 - 74,Joventut,85,http://www.acb.com/fichas/LACB62085.php,8C8
14,0,"Ventura, Albert",17:17,7,2,5,40,1,4,25,0,0,0,2,0,2,2,2,0,0,0,0,0,3,0,-3,4,2017-2018,Regular Season,10,03/12/2017,unicaja - divina seguros joventut,86 - 74,Joventut,85,http://www.acb.com/fichas/LACB62085.php,718
18,1,"Wayns, Maalik",34:13,15,6,9,67,1,3,33,0,0,0,2,2,0,4,0,3,0,0,0,0,1,2,-9,14,2017-2018,Regular Season,10,03/12/2017,unicaja - divina seguros joventut,86 - 74,Joventut,85,http://www.acb.com/fichas/LACB62085.php,56B
21,1,"Gielo, Tomasz",27:23,10,3,4,75,1,5,20,1,1,100,7,5,2,0,1,0,1,1,0,1,4,1,-12,11,2017-2018,Regular Season,10,03/12/2017,unicaja - divina seguros joventut,86 - 74,Joventut,85,http://www.acb.com/fichas/LACB62085.php,50Q
23,0,"Gudul, Omari",5:18,2,1,1,100,0,0,0,0,0,0,1,0,1,0,0,3,0,0,0,0,4,0,-15,-4,2017-2018,Regular Season,10,03/12/2017,unicaja - divina seguros joventut,86 - 74,Joventut,85,http://www.acb.com/fichas/LACB62085.php,54B
44,1,"Jordan, Jerome",22:49,13,5,12,42,0,0,0,3,4,75,4,2,2,4,2,2,0,0,2,2,3,7,3,15,2017-2018,Regular Season,10,03/12/2017,unicaja - divina seguros joventut,86 - 74,Joventut,85,http://www.acb.com/fichas/LACB62085.php,D10
0,0,Equipo,0,0,0,0,0,0,0,0,0,0,0,3,1,2,0,0,0,0,0,0,0,0,0,0,3,2017-2018,Regular Season,10,03/12/2017,unicaja - divina seguros joventut,86 - 74,0,85,http://www.acb.com/fichas/LACB62085.php,
2,0,"Thomas, Devin",15:58,8,3,4,75,0,0,0,2,2,100,2,1,1,1,2,0,0,0,0,1,4,1,-1,9,2017-2018,Regular Season,10,03/12/2017,retabet bilbao basket - san pablo burgos,62 - 78,Bilbao,86,http://www.acb.com/fichas/LACB62086.php,56E
5,1,"Fischer, Ricardo",23:23,9,3,5,60,1,3,33,0,0,0,2,2,0,3,0,4,0,0,0,0,1,1,-7,6,2017-2018,Regular Season,10,03/12/2017,retabet bilbao basket - san pablo burgos,62 - 78,Bilbao,86,http://www.acb.com/fichas/LACB62086.php,53G
0,0,"Mendia, Borja",0,0,0,0,0,0,0,0,0,0,0,0,0,0,0,0,0,0,0,0,0,0,0,0,0,2017-2018,Regular Season,10,03/12/2017,retabet bilbao basket - san pablo burgos,62 - 78,Bilbao,86,http://www.acb.com/fichas/LACB62086.php,0
11,0,"Hammink, Shane",6:1,0,0,1,0,0,0,0,0,0,0,0,0,0,0,0,1,0,0,0,0,1,0,-10,-3,2017-2018,Regular Season,10,03/12/2017,retabet bilbao basket - san pablo burgos,62 - 78,Bilbao,86,http://www.acb.com/fichas/LACB62086.php,53H
12,0,"Redivo, Lucio",13:31,2,0,2,0,0,4,0,2,2,100,0,0,0,0,0,2,0,0,0,0,0,3,-2,-3,2017-2018,Regular Season,10,03/12/2017,retabet bilbao basket - san pablo burgos,62 - 78,Bilbao,86,http://www.acb.com/fichas/LACB62086.php,538
14,0,"Salgado, Javier",14:7,2,0,0,0,0,2,0,2,2,100,1,1,0,2,0,1,0,0,0,0,0,1,-6,3,2017-2018,Regular Season,10,03/12/2017,retabet bilbao basket - san pablo burgos,62 - 78,Bilbao,86,http://www.acb.com/fichas/LACB62086.php,B1R
15,0,"Mumbru, Alex",25:51,16,1,4,25,4,9,44,2,2,100,7,7,0,0,0,4,0,0,2,0,4,5,-10,10,2017-2018,Regular Season,10,03/12/2017,retabet bilbao basket - san pablo burgos,62 - 78,Bilbao,86,http://www.acb.com/fichas/LACB62086.php,A46
17,1,"Hervelle, Axel",23:21,6,3,5,60,0,1,0,0,0,0,5,3,2,0,1,0,0,0,0,0,2,0,-7,7,2017-2018,Regular Season,10,03/12/2017,retabet bilbao basket - san pablo burgos,62 - 78,Bilbao,86,http://www.acb.com/fichas/LACB62086.php,B6Q
19,1,"Tomas, Pere",27:17,7,2,3,67,0,1,0,3,4,75,7,3,4,2,0,0,1,0,0,0,1,3,-11,15,2017-2018,Regular Season,10,03/12/2017,retabet bilbao basket - san pablo burgos,62 - 78,Bilbao,86,http://www.acb.com/fichas/LACB62086.php,Y3V
20,1,"Todorovic, Dejan",26:29,9,1,5,20,2,6,33,1,3,33,4,3,1,0,0,2,0,0,2,0,1,5,-15,3,2017-2018,Regular Season,10,03/12/2017,retabet bilbao basket - san pablo burgos,62 - 78,Bilbao,86,http://www.acb.com/fichas/LACB62086.php,10D
0,0,"Vucetic, Vasilije",0,0,0,0,0,0,0,0,0,0,0,0,0,0,0,0,0,0,0,0,0,0,0,0,0,2017-2018,Regular Season,10,03/12/2017,retabet bilbao basket - san pablo burgos,62 - 78,Bilbao,86,http://www.acb.com/fichas/LACB62086.php,0
32,1,"Gladness, Mickell",24:2,3,1,3,33,0,0,0,1,2,50,6,5,1,1,0,1,0,4,0,0,4,1,-16,7,2017-2018,Regular Season,10,03/12/2017,retabet bilbao basket - san pablo burgos,62 - 78,Bilbao,86,http://www.acb.com/fichas/LACB62086.php,55D
0,0,Equipo,0,0,0,0,0,0,0,0,0,0,0,4,2,2,0,0,1,0,0,0,0,0,0,0,3,2017-2018,Regular Season,10,03/12/2017,retabet bilbao basket - san pablo burgos,62 - 78,0,86,http://www.acb.com/fichas/LACB62086.php,
0,0,"Fisher, Corey",25:13,24,6,6,100,3,5,60,3,3,100,3,2,1,0,2,1,3,0,0,0,3,3,15,26,2017-2018,Regular Season,10,03/12/2017,retabet bilbao basket - san pablo burgos,62 - 78,Burgos,86,http://www.acb.com/fichas/LACB62086.php,244
5,1,"Schreiner, Thomas",14:47,0,0,0,0,0,5,0,0,0,0,1,1,0,1,0,1,0,0,0,0,1,0,2,-5,2017-2018,Regular Season,10,03/12/2017,retabet bilbao basket - san pablo burgos,62 - 78,Burgos,86,http://www.acb.com/fichas/LACB62086.php,2A3
0,0,"Sedekerskis, Tadas",0,0,0,0,0,0,0,0,0,0,0,0,0,0,0,0,0,0,0,0,0,0,0,0,0,2017-2018,Regular Season,10,03/12/2017,retabet bilbao basket - san pablo burgos,62 - 78,Burgos,86,http://www.acb.com/fichas/LACB62086.php,0
9,0,"Barrera, Alex",1:52,1,0,0,0,0,0,0,1,2,50,0,0,0,0,0,0,0,0,0,0,1,1,3,0,2017-2018,Regular Season,10,03/12/2017,retabet bilbao basket - san pablo burgos,62 - 78,Burgos,86,http://www.acb.com/fichas/LACB62086.php,717
10,0,"Vega, Javier",13:1,2,1,1,100,0,1,0,0,0,0,3,3,0,0,0,0,0,0,0,0,1,0,10,3,2017-2018,Regular Season,10,03/12/2017,retabet bilbao basket - san pablo burgos,62 - 78,Burgos,86,http://www.acb.com/fichas/LACB62086.php,BA6
11,0,"Saiz, Sebas",19:57,10,3,4,75,0,0,0,4,6,67,5,3,2,0,1,1,1,1,1,0,2,4,11,14,2017-2018,Regular Season,10,03/12/2017,retabet bilbao basket - san pablo burgos,62 - 78,Burgos,86,http://www.acb.com/fichas/LACB62086.php,SDS
12,1,"Jenkins, John",16:34,7,2,4,50,1,1,100,0,0,0,3,3,0,0,1,1,1,1,0,0,2,1,2,8,2017-2018,Regular Season,10,03/12/2017,retabet bilbao basket - san pablo burgos,62 - 78,Burgos,86,http://www.acb.com/fichas/LACB62086.php,56D
13,1,"Gailius, Deividas",27:17,11,3,6,50,1,5,20,2,2,100,3,3,0,0,2,0,0,0,1,1,2,1,11,7,2017-2018,Regular Season,10,03/12/2017,retabet bilbao basket - san pablo burgos,62 - 78,Burgos,86,http://www.acb.com/fichas/LACB62086.php,549
15,0,"Martinez, Edu",12:4,0,0,0,0,0,3,0,0,0,0,1,1,0,0,1,1,0,0,0,0,1,1,4,-2,2017-2018,Regular Season,10,03/12/2017,retabet bilbao basket - san pablo burgos,62 - 78,Burgos,86,http://www.acb.com/fichas/LACB62086.php,Y7W
21,1,"Thompson, Deon",27:38,9,4,7,57,0,2,0,1,1,100,5,3,2,0,0,1,0,1,0,0,2,1,9,8,2017-2018,Regular Season,10,03/12/2017,retabet bilbao basket - san pablo burgos,62 - 78,Burgos,86,http://www.acb.com/fichas/LACB62086.php,54C
23,1,"Huskic, Goran",20:3,9,3,7,43,0,0,0,3,3,100,3,3,0,3,0,1,0,1,2,0,3,4,6,10,2017-2018,Regular Season,10,03/12/2017,retabet bilbao basket - san pablo burgos,62 - 78,Burgos,86,http://www.acb.com/fichas/LACB62086.php,H05
25,0,"Lopez, Alex",21:34,5,0,2,0,1,4,25,2,2,100,5,4,1,2,3,0,0,0,0,0,2,2,12,10,2017-2018,Regular Season,10,03/12/2017,retabet bilbao basket - san pablo burgos,62 - 78,Burgos,86,http://www.acb.com/fichas/LACB62086.php,YBF
0,0,Equipo,0,0,0,0,0,0,0,0,0,0,0,3,1,2,0,0,0,0,0,0,0,0,0,0,3,2017-2018,Regular Season,10,03/12/2017,retabet bilbao basket - san pablo burgos,62 - 78,0,86,http://www.acb.com/fichas/LACB62086.php,
0,1,"San Miguel, R.",24:20,14,1,1,100,4,6,67,0,0,0,3,3,0,6,1,2,0,1,0,0,0,1,23,22,2017-2018,Regular Season,10,02/12/2017,iberostar tenerife - real betis energia plus,87 - 70,Tenerife,87,http://www.acb.com/fichas/LACB62087.php,B86
5,1,"Richotti, Nicolas",19:33,5,1,1,100,1,3,33,0,0,0,4,4,0,4,1,1,0,0,0,0,0,2,22,13,2017-2018,Regular Season,10,02/12/2017,iberostar tenerife - real betis energia plus,87 - 70,Tenerife,87,http://www.acb.com/fichas/LACB62087.php,T78
7,0,"Niang, Mamadou",4:31,4,2,2,100,0,0,0,0,0,0,1,0,1,0,0,0,0,0,0,0,5,0,5,0,2017-2018,Regular Season,10,02/12/2017,iberostar tenerife - real betis energia plus,87 - 70,Tenerife,87,http://www.acb.com/fichas/LACB62087.php,SHU
10,0,"Bassas, Ferran",20:52,6,0,1,0,2,3,67,0,0,0,0,0,0,3,1,1,0,0,0,0,1,0,1,6,2017-2018,Regular Season,10,02/12/2017,iberostar tenerife - real betis energia plus,87 - 70,Tenerife,87,http://www.acb.com/fichas/LACB62087.php,714
13,0,"Tobey, Mike",14:27,2,1,4,25,0,1,0,0,0,0,9,8,1,1,0,0,1,3,0,1,4,2,11,9,2017-2018,Regular Season,10,02/12/2017,iberostar tenerife - real betis energia plus,87 - 70,Tenerife,87,http://www.acb.com/fichas/LACB62087.php,530
14,0,"Bonde Sturup, Mads",0:12,0,0,0,0,0,0,0,0,0,0,0,0,0,0,0,0,0,0,0,0,0,0,0,0,2017-2018,Regular Season,10,02/12/2017,iberostar tenerife - real betis energia plus,87 - 70,Tenerife,87,http://www.acb.com/fichas/LACB62087.php,55I
17,1,"Vazquez, Fran",20:52,10,5,7,71,0,0,0,0,0,0,3,2,1,1,0,5,0,0,0,2,3,0,4,4,2017-2018,Regular Season,10,02/12/2017,iberostar tenerife - real betis energia plus,87 - 70,Tenerife,87,http://www.acb.com/fichas/LACB62087.php,A9S
20,1,"Ponitka, Mateusz",28:57,19,5,5,100,0,1,0,9,12,75,7,4,3,2,0,1,0,0,0,1,1,7,16,29,2017-2018,Regular Season,10,02/12/2017,iberostar tenerife - real betis energia plus,87 - 70,Tenerife,87,http://www.acb.com/fichas/LACB62087.php,53W
21,1,"Abromaitis, Tim",24:12,11,5,5,100,0,4,0,1,1,100,6,3,3,1,3,2,1,0,0,1,1,1,12,15,2017-2018,Regular Season,10,02/12/2017,iberostar tenerife - real betis energia plus,87 - 70,Tenerife,87,http://www.acb.com/fichas/LACB62087.php,FOI
24,0,"Vrabac, Adin",7:23,4,2,3,67,0,0,0,0,0,0,0,0,0,0,0,0,0,0,1,0,1,0,-3,1,2017-2018,Regular Season,10,02/12/2017,iberostar tenerife - real betis energia plus,87 - 70,Tenerife,87,http://www.acb.com/fichas/LACB62087.php,546
25,0,"Allen, Rosco",15:58,8,0,3,0,2,3,67,2,2,100,4,2,2,1,0,1,0,0,1,0,0,1,2,8,2017-2018,Regular Season,10,02/12/2017,iberostar tenerife - real betis energia plus,87 - 70,Tenerife,87,http://www.acb.com/fichas/LACB62087.php,50I
34,0,"White, Davin",18:43,4,2,4,50,0,0,0,0,0,0,3,2,1,2,1,3,0,0,0,0,2,2,-8,5,2017-2018,Regular Season,10,02/12/2017,iberostar tenerife - real betis energia plus,87 - 70,Tenerife,87,http://www.acb.com/fichas/LACB62087.php,2B8
0,0,Equipo,0,0,0,0,0,0,0,0,0,0,0,2,1,1,0,0,2,0,0,0,0,0,0,0,0,2017-2018,Regular Season,10,02/12/2017,iberostar tenerife - real betis energia plus,87 - 70,0,87,http://www.acb.com/fichas/LACB62087.php,
1,1,"Anosike, Oderah",24:16,3,1,8,13,0,0,0,1,4,25,6,3,3,1,1,1,0,0,3,0,2,3,-17,-2,2017-2018,Regular Season,10,02/12/2017,iberostar tenerife - real betis energia plus,87 - 70,Sevilla,87,http://www.acb.com/fichas/LACB62087.php,FPY
4,1,"Draper, Dontaye",18:14,12,1,3,33,3,5,60,1,1,100,1,1,0,0,0,0,2,0,0,0,1,1,-13,9,2017-2018,Regular Season,10,02/12/2017,iberostar tenerife - real betis energia plus,87 - 70,Sevilla,87,http://www.acb.com/fichas/LACB62087.php,243
5,0,"Sanchez, A.",15:43,5,1,3,33,1,3,33,0,0,0,1,0,1,2,1,1,0,0,0,0,3,0,5,1,2017-2018,Regular Season,10,02/12/2017,iberostar tenerife - real betis energia plus,87 - 70,Sevilla,87,http://www.acb.com/fichas/LACB62087.php,B44
6,0,"Nelson, Luke",22:8,10,4,5,80,0,2,0,2,4,50,3,3,0,2,1,1,3,0,0,0,2,4,-1,12,2017-2018,Regular Season,10,02/12/2017,iberostar tenerife - real betis energia plus,87 - 70,Sevilla,87,http://www.acb.com/fichas/LACB62087.php,547
7,1,"McGrath, Donnie",16:26,2,1,3,33,0,0,0,0,0,0,0,0,0,2,0,1,0,0,0,0,0,1,-17,2,2017-2018,Regular Season,10,02/12/2017,iberostar tenerife - real betis energia plus,87 - 70,Sevilla,87,http://www.acb.com/fichas/LACB62087.php,FPO
8,0,"Cruz, Ivan",9:34,2,1,2,50,0,1,0,0,0,0,0,0,0,0,0,0,0,0,0,0,1,0,3,-1,2017-2018,Regular Season,10,02/12/2017,iberostar tenerife - real betis energia plus,87 - 70,Sevilla,87,http://www.acb.com/fichas/LACB62087.php,BLL
11,0,"Uriz, Mikel",15:19,7,1,1,100,1,1,100,2,2,100,1,1,0,1,1,2,0,0,0,0,4,1,-6,5,2017-2018,Regular Season,10,02/12/2017,iberostar tenerife - real betis energia plus,87 - 70,Sevilla,87,http://www.acb.com/fichas/LACB62087.php,742
15,1,"Schilb, Blake",22:18,6,0,1,0,2,4,50,0,0,0,2,1,1,0,1,1,0,0,1,0,0,0,-19,4,2017-2018,Regular Season,10,02/12/2017,iberostar tenerife - real betis energia plus,87 - 70,Sevilla,87,http://www.acb.com/fichas/LACB62087.php,565
25,0,"Zagorac, Rade",3:4,3,0,0,0,1,1,100,0,0,0,0,0,0,0,0,0,0,0,0,0,1,0,2,2,2017-2018,Regular Season,10,02/12/2017,iberostar tenerife - real betis energia plus,87 - 70,Sevilla,87,http://www.acb.com/fichas/LACB62087.php,56G
30,0,"Franch, Josep",9:38,3,0,0,0,1,3,33,0,0,0,1,1,0,2,0,0,0,0,0,0,0,1,-1,5,2017-2018,Regular Season,10,02/12/2017,iberostar tenerife - real betis energia plus,87 - 70,Sevilla,87,http://www.acb.com/fichas/LACB62087.php,Y79
32,0,"Golubovic, V.",12:47,3,1,2,50,0,0,0,1,2,50,2,1,1,2,1,1,0,1,0,0,1,3,-4,8,2017-2018,Regular Season,10,02/12/2017,iberostar tenerife - real betis energia plus,87 - 70,Sevilla,87,http://www.acb.com/fichas/LACB62087.php,004
34,1,"Kelly, Ryan",30:33,14,3,11,27,1,4,25,5,6,83,3,1,2,2,2,2,0,1,0,1,1,4,-17,11,2017-2018,Regular Season,10,02/12/2017,iberostar tenerife - real betis energia plus,87 - 70,Sevilla,87,http://www.acb.com/fichas/LACB62087.php,54V
0,0,Equipo,0,0,0,0,0,0,0,0,0,0,0,2,0,2,0,0,1,0,0,0,0,0,0,0,1,2017-2018,Regular Season,10,02/12/2017,iberostar tenerife - real betis energia plus,87 - 70,0,87,http://www.acb.com/fichas/LACB62087.php,
0,0,"Triguero, J.",0,0,0,0,0,0,0,0,0,0,0,0,0,0,0,0,0,0,0,0,0,0,0,0,0,2017-2018,Regular Season,10,03/12/2017,tecnyconta zaragoza - fc barcelona lassa,86 - 99,Zaragoza,88,http://www.acb.com/fichas/LACB62088.php,0
7,1,"Barreiro, J.",17:6,6,3,5,60,0,0,0,0,0,0,5,5,0,0,0,2,0,0,0,0,3,1,-4,5,2017-2018,Regular Season,10,03/12/2017,tecnyconta zaragoza - fc barcelona lassa,86 - 99,Zaragoza,88,http://www.acb.com/fichas/LACB62088.php,XEU
9,1,"Dragovic, Nikola",17:15,0,0,0,0,0,1,0,0,0,0,4,4,0,1,0,1,0,0,0,0,0,1,-9,4,2017-2018,Regular Season,10,03/12/2017,tecnyconta zaragoza - fc barcelona lassa,86 - 99,Zaragoza,88,http://www.acb.com/fichas/LACB62088.php,542
11,1,"Bellas, Tomas",20:15,6,0,1,0,0,2,0,6,6,100,0,0,0,4,0,1,0,0,0,0,2,3,-12,7,2017-2018,Regular Season,10,03/12/2017,tecnyconta zaragoza - fc barcelona lassa,86 - 99,Zaragoza,88,http://www.acb.com/fichas/LACB62088.php,YEF
12,0,"Alocen, Carlos",19:45,6,3,4,75,0,0,0,0,1,0,4,4,0,4,0,3,1,0,0,0,0,2,-1,11,2017-2018,Regular Season,10,03/12/2017,tecnyconta zaragoza - fc barcelona lassa,86 - 99,Zaragoza,88,http://www.acb.com/fichas/LACB62088.php,I3D
13,1,"Neal, Gary",28:9,23,2,7,29,2,4,50,13,13,100,3,2,1,3,0,5,3,0,0,0,1,6,-13,22,2017-2018,Regular Season,10,03/12/2017,tecnyconta zaragoza - fc barcelona lassa,86 - 99,Zaragoza,88,http://www.acb.com/fichas/LACB62088.php,BFB
14,0,"Mazalin, Lovro",2:31,0,0,1,0,0,0,0,0,0,0,1,1,0,0,1,1,0,0,0,0,1,0,-4,-1,2017-2018,Regular Season,10,03/12/2017,tecnyconta zaragoza - fc barcelona lassa,86 - 99,Zaragoza,88,http://www.acb.com/fichas/LACB62088.php,53C
24,0,"Michalak, Michal",11:17,10,3,5,60,1,2,50,1,1,100,0,0,0,0,0,0,2,0,0,0,1,1,1,7,2017-2018,Regular Season,10,03/12/2017,tecnyconta zaragoza - fc barcelona lassa,86 - 99,Zaragoza,88,http://www.acb.com/fichas/LACB62088.php,53M
27,0,"De Jong, Nicolas",19:14,13,4,6,67,1,2,50,2,2,100,3,2,1,0,0,0,2,1,0,0,2,5,-13,17,2017-2018,Regular Season,10,03/12/2017,tecnyconta zaragoza - fc barcelona lassa,86 - 99,Zaragoza,88,http://www.acb.com/fichas/LACB62088.php,54I
32,1,"Varnado, Jarvis",20:46,11,3,8,38,0,0,0,5,8,63,9,5,4,1,1,2,0,0,0,1,2,5,0,15,2017-2018,Regular Season,10,03/12/2017,tecnyconta zaragoza - fc barcelona lassa,86 - 99,Zaragoza,88,http://www.acb.com/fichas/LACB62088.php,544
33,0,"Suarez, Alex",22:45,5,1,2,50,1,4,25,0,0,0,2,2,0,1,0,3,0,0,0,1,2,0,-4,-1,2017-2018,Regular Season,10,03/12/2017,tecnyconta zaragoza - fc barcelona lassa,86 - 99,Zaragoza,88,http://www.acb.com/fichas/LACB62088.php,BLI
45,0,"Blums, Janis",20:57,6,1,3,33,1,4,25,1,1,100,5,5,0,0,0,0,1,0,1,0,2,2,-6,5,2017-2018,Regular Season,10,03/12/2017,tecnyconta zaragoza - fc barcelona lassa,86 - 99,Zaragoza,88,http://www.acb.com/fichas/LACB62088.php,BG3
0,0,Equipo,0,0,0,0,0,0,0,0,0,0,0,3,2,1,0,0,0,0,0,0,0,0,0,0,3,2017-2018,Regular Season,10,03/12/2017,tecnyconta zaragoza - fc barcelona lassa,86 - 99,0,88,http://www.acb.com/fichas/LACB62088.php,
1,1,"Seraphin, Kevin",23:29,12,6,13,46,0,0,0,0,0,0,5,3,2,2,1,2,0,0,0,2,4,0,5,7,2017-2018,Regular Season,10,03/12/2017,tecnyconta zaragoza - fc barcelona lassa,86 - 99,FC_Barcelona,88,http://www.acb.com/fichas/LACB62088.php,164
5,0,"Ribas, Pau",10:41,6,0,0,0,2,2,100,0,0,0,3,3,0,3,0,0,0,0,0,0,1,0,-2,11,2017-2018,Regular Season,10,03/12/2017,tecnyconta zaragoza - fc barcelona lassa,86 - 99,FC_Barcelona,88,http://www.acb.com/fichas/LACB62088.php,AF1
8,0,"Pressey, Phil",18:9,6,3,6,50,0,2,0,0,0,0,2,2,0,5,2,0,0,0,0,0,4,0,13,6,2017-2018,Regular Season,10,03/12/2017,tecnyconta zaragoza - fc barcelona lassa,86 - 99,FC_Barcelona,88,http://www.acb.com/fichas/LACB62088.php,53X
9,1,"Hanga, Adam",16:33,11,4,7,57,1,3,33,0,0,0,1,1,0,0,3,0,1,0,0,0,1,2,0,11,2017-2018,Regular Season,10,03/12/2017,tecnyconta zaragoza - fc barcelona lassa,86 - 99,FC_Barcelona,88,http://www.acb.com/fichas/LACB62088.php,125
11,0,"Navarro, J.C.",15:59,15,3,4,75,3,5,60,0,0,0,1,1,0,5,1,0,0,0,0,0,1,3,19,21,2017-2018,Regular Season,10,03/12/2017,tecnyconta zaragoza - fc barcelona lassa,86 - 99,FC_Barcelona,88,http://www.acb.com/fichas/LACB62088.php,A62
13,1,"Heurtel, Thomas",16:22,7,2,5,40,1,4,25,0,0,0,0,0,0,5,3,1,1,0,0,0,1,0,-4,7,2017-2018,Regular Season,10,03/12/2017,tecnyconta zaragoza - fc barcelona lassa,86 - 99,FC_Barcelona,88,http://www.acb.com/fichas/LACB62088.php,BJP
18,0,"Oriola, Pierre",22:5,13,5,5,100,0,2,0,3,5,60,5,3,2,0,1,0,0,0,0,0,2,4,16,17,2017-2018,Regular Season,10,03/12/2017,tecnyconta zaragoza - fc barcelona lassa,86 - 99,FC_Barcelona,88,http://www.acb.com/fichas/LACB62088.php,BIQ
21,1,"Sanders, Rakim",22:59,12,3,7,43,2,6,33,0,0,0,4,4,0,0,1,1,0,1,0,0,3,3,1,9,2017-2018,Regular Season,10,03/12/2017,tecnyconta zaragoza - fc barcelona lassa,86 - 99,FC_Barcelona,88,http://www.acb.com/fichas/LACB62088.php,53Z
25,0,"Koponen, Petteri",19:17,6,0,2,0,2,3,67,0,0,0,1,0,1,2,0,0,0,0,0,0,1,1,12,6,2017-2018,Regular Season,10,03/12/2017,tecnyconta zaragoza - fc barcelona lassa,86 - 99,FC_Barcelona,88,http://www.acb.com/fichas/LACB62088.php,517
30,0,"Claver, Victor",7:5,0,0,0,0,0,0,0,0,0,0,1,1,0,0,0,0,0,0,0,0,1,0,4,0,2017-2018,Regular Season,10,03/12/2017,tecnyconta zaragoza - fc barcelona lassa,86 - 99,FC_Barcelona,88,http://www.acb.com/fichas/LACB62088.php,BAZ
44,0,"Tomic, Ante",12:11,7,2,4,50,0,0,0,3,4,75,1,1,0,2,0,0,0,0,1,0,5,2,3,3,2017-2018,Regular Season,10,03/12/2017,tecnyconta zaragoza - fc barcelona lassa,86 - 99,FC_Barcelona,88,http://www.acb.com/fichas/LACB62088.php,BIY
45,1,"Moerman, Adrien",15:10,4,1,2,50,0,2,0,2,2,100,7,4,3,0,1,0,0,0,0,0,2,1,-2,8,2017-2018,Regular Season,10,03/12/2017,tecnyconta zaragoza - fc barcelona lassa,86 - 99,FC_Barcelona,88,http://www.acb.com/fichas/LACB62088.php,216
0,0,Equipo,0,0,0,0,0,0,0,0,0,0,0,5,4,1,0,0,0,0,0,0,0,0,0,0,5,2017-2018,Regular Season,10,03/12/2017,tecnyconta zaragoza - fc barcelona lassa,86 - 99,0,88,http://www.acb.com/fichas/LACB62088.php,
4,0,"Cvetkovic, A.",6:43,0,0,0,0,0,0,0,0,0,0,1,1,0,0,0,0,0,0,0,0,4,0,-4,-3,2017-2018,Regular Season,10,03/12/2017,movistar estudiantes - ucam murcia,79 - 91,Estudiantes,89,http://www.acb.com/fichas/LACB62089.php,50G
6,0,"Hakanson, Ludde",15:43,10,2,4,50,1,3,33,3,4,75,1,1,0,1,0,0,0,0,0,0,1,4,1,10,2017-2018,Regular Season,10,03/12/2017,movistar estudiantes - ucam murcia,79 - 91,Estudiantes,89,http://www.acb.com/fichas/LACB62089.php,UAE
8,0,"Brizuela, Dario",12:29,0,0,0,0,0,2,0,0,0,0,2,2,0,2,1,0,0,0,0,0,2,0,4,1,2017-2018,Regular Season,10,03/12/2017,movistar estudiantes - ucam murcia,79 - 91,Estudiantes,89,http://www.acb.com/fichas/LACB62089.php,81E
9,1,"Vicedo, Edgar",29:33,4,2,5,40,0,0,0,0,0,0,4,3,1,1,2,1,2,0,2,0,1,1,-8,5,2017-2018,Regular Season,10,03/12/2017,movistar estudiantes - ucam murcia,79 - 91,Estudiantes,89,http://www.acb.com/fichas/LACB62089.php,SDT
10,1,"Cook, Omar",25:29,5,1,3,33,1,6,17,0,0,0,1,1,0,6,1,3,0,0,0,0,3,0,-16,0,2017-2018,Regular Season,10,03/12/2017,movistar estudiantes - ucam murcia,79 - 91,Estudiantes,89,http://www.acb.com/fichas/LACB62089.php,BFP
0,0,"Pena, Dagoberto",0,0,0,0,0,0,0,0,0,0,0,0,0,0,0,0,0,0,0,0,0,0,0,0,0,2017-2018,Regular Season,10,03/12/2017,movistar estudiantes - ucam murcia,79 - 91,Estudiantes,89,http://www.acb.com/fichas/LACB62089.php,0
12,1,"Suton, Goran",25:11,5,1,5,20,0,2,0,3,4,75,11,7,4,1,2,1,0,2,0,0,3,3,-9,13,2017-2018,Regular Season,10,03/12/2017,movistar estudiantes - ucam murcia,79 - 91,Estudiantes,89,http://www.acb.com/fichas/LACB62089.php,1LM
15,1,"Landesberg, Sylven",30:5,29,5,5,100,2,7,29,13,18,72,6,5,1,2,0,6,1,0,0,0,4,11,-11,28,2017-2018,Regular Season,10,03/12/2017,movistar estudiantes - ucam murcia,79 - 91,Estudiantes,89,http://www.acb.com/fichas/LACB62089.php,541
17,0,"Savane, Sitapha",14:12,2,1,1,100,0,0,0,0,2,0,4,2,2,0,0,1,0,1,0,0,3,2,-9,3,2017-2018,Regular Season,10,03/12/2017,movistar estudiantes - ucam murcia,79 - 91,Estudiantes,89,http://www.acb.com/fichas/LACB62089.php,B3M
21,1,"Brown, Alec",15:19,7,1,4,25,1,3,33,2,2,100,4,3,1,0,0,3,0,0,0,0,5,2,8,0,2017-2018,Regular Season,10,03/12/2017,movistar estudiantes - ucam murcia,79 - 91,Estudiantes,89,http://www.acb.com/fichas/LACB62089.php,FO4
22,0,"Caner-Medley,N.",17:39,11,1,2,50,3,9,33,0,0,0,5,4,1,0,0,0,0,0,0,1,1,0,-9,8,2017-2018,Regular Season,10,03/12/2017,movistar estudiantes - ucam murcia,79 - 91,Estudiantes,89,http://www.acb.com/fichas/LACB62089.php,BF4
38,0,"Arteaga, Victor",7:37,6,3,5,60,0,0,0,0,0,0,1,1,0,0,0,0,0,0,0,1,3,0,-7,2,2017-2018,Regular Season,10,03/12/2017,movistar estudiantes - ucam murcia,79 - 91,Estudiantes,89,http://www.acb.com/fichas/LACB62089.php,768
0,0,Equipo,0,0,0,0,0,0,0,0,0,0,0,3,1,2,0,0,0,0,0,0,0,0,0,0,3,2017-2018,Regular Season,10,03/12/2017,movistar estudiantes - ucam murcia,79 - 91,0,89,http://www.acb.com/fichas/LACB62089.php,
0,1,"Soko, Ovie",25:9,18,7,9,78,1,1,100,1,3,33,3,1,2,1,1,2,1,1,2,2,3,2,10,15,2017-2018,Regular Season,10,03/12/2017,movistar estudiantes - ucam murcia,79 - 91,Murcia,89,http://www.acb.com/fichas/LACB62089.php,50S
3,0,"Urtasun, Alex",8:48,0,0,1,0,0,1,0,0,0,0,0,0,0,0,0,0,0,0,0,0,1,3,-2,0,2017-2018,Regular Season,10,03/12/2017,movistar estudiantes - ucam murcia,79 - 91,Murcia,89,http://www.acb.com/fichas/LACB62089.php,BA3
5,0,"Martin, Alberto",2:28,0,0,0,0,0,0,0,0,0,0,0,0,0,0,1,0,0,0,0,0,0,0,-4,1,2017-2018,Regular Season,10,03/12/2017,movistar estudiantes - ucam murcia,79 - 91,Murcia,89,http://www.acb.com/fichas/LACB62089.php,858
8,0,"Benite, Vitor",18:17,13,3,8,38,2,4,50,1,1,100,2,2,0,0,1,0,0,0,0,0,0,1,-5,10,2017-2018,Regular Season,10,03/12/2017,movistar estudiantes - ucam murcia,79 - 91,Murcia,89,http://www.acb.com/fichas/LACB62089.php,FOX
9,0,"Kloof, Charlon",11:10,6,1,5,20,0,0,0,4,4,100,2,1,1,1,0,1,0,0,0,0,4,4,-3,4,2017-2018,Regular Season,10,03/12/2017,movistar estudiantes - ucam murcia,79 - 91,Murcia,89,http://www.acb.com/fichas/LACB62089.php,53N
11,1,"Hannah, Clevin",26:22,21,6,7,86,2,4,50,3,3,100,2,2,0,7,0,3,0,0,0,0,3,7,19,28,2017-2018,Regular Season,10,03/12/2017,movistar estudiantes - ucam murcia,79 - 91,Murcia,89,http://www.acb.com/fichas/LACB62089.php,1LQ
12,1,"Oleson, Brad",30:6,11,2,4,50,2,5,40,1,2,50,6,5,1,1,0,2,0,1,0,0,1,2,16,12,2017-2018,Regular Season,10,03/12/2017,movistar estudiantes - ucam murcia,79 - 91,Murcia,89,http://www.acb.com/fichas/LACB62089.php,BGO
0,0,"Olaizola, Julen",0,0,0,0,0,0,0,0,0,0,0,0,0,0,0,0,0,0,0,0,0,0,0,0,0,2017-2018,Regular Season,10,03/12/2017,movistar estudiantes - ucam murcia,79 - 91,Murcia,89,http://www.acb.com/fichas/LACB62089.php,0
16,1,"Delia, Marcos",29:19,3,1,4,25,0,0,0,1,2,50,3,3,0,1,3,0,0,0,1,0,2,1,20,4,2017-2018,Regular Season,10,03/12/2017,movistar estudiantes - ucam murcia,79 - 91,Murcia,89,http://www.acb.com/fichas/LACB62089.php,512
24,0,"Tumba, Kevin",11:41,0,0,0,0,0,0,0,0,2,0,3,3,0,0,0,1,0,0,0,0,4,2,-10,-2,2017-2018,Regular Season,10,03/12/2017,movistar estudiantes - ucam murcia,79 - 91,Murcia,89,http://www.acb.com/fichas/LACB62089.php,52W
27,1,"Rojas, Sadiel",22:49,10,1,1,100,1,5,20,5,7,71,8,7,1,0,1,1,0,0,0,0,3,6,15,15,2017-2018,Regular Season,10,03/12/2017,movistar estudiantes - ucam murcia,79 - 91,Murcia,89,http://www.acb.com/fichas/LACB62089.php,1L3
33,0,"Lukovic, Marko",13:51,9,2,3,67,1,3,33,2,2,100,4,4,0,1,0,0,0,0,0,0,2,1,4,10,2017-2018,Regular Season,10,03/12/2017,movistar estudiantes - ucam murcia,79 - 91,Murcia,89,http://www.acb.com/fichas/LACB62089.php,53R
0,0,Equipo,0,0,0,0,0,0,0,0,0,0,0,1,1,0,0,0,0,0,0,0,0,0,0,0,1,2017-2018,Regular Season,10,03/12/2017,movistar estudiantes - ucam murcia,79 - 91,0,89,http://www.acb.com/fichas/LACB62089.php,
1,0,"Agbelese, Danny",18:35,11,5,8,63,0,0,0,1,2,50,6,3,3,1,0,1,0,2,0,4,1,2,1,16,2017-2018,Regular Season,10,02/12/2017,delteco gbc - montakit fuenlabrada,81 - 76,Guipuzcoa,90,http://www.acb.com/fichas/LACB62090.php,D03
3,0,"Chery, Kenny",21:31,13,3,5,60,2,4,50,1,1,100,2,2,0,2,0,2,1,0,0,0,3,1,5,9,2017-2018,Regular Season,10,02/12/2017,delteco gbc - montakit fuenlabrada,81 - 76,Guipuzcoa,90,http://www.acb.com/fichas/LACB62090.php,51A
4,0,"Van Lacke, Fede",25:24,7,1,5,20,1,1,100,2,4,50,3,2,1,0,2,2,0,0,0,0,3,3,2,4,2017-2018,Regular Season,10,02/12/2017,delteco gbc - montakit fuenlabrada,81 - 76,Guipuzcoa,90,http://www.acb.com/fichas/LACB62090.php,B3K
5,1,"Perez, Daniel",8:41,2,1,1,100,0,1,0,0,0,0,1,1,0,3,1,0,0,0,0,0,1,0,8,5,2017-2018,Regular Season,10,02/12/2017,delteco gbc - montakit fuenlabrada,81 - 76,Guipuzcoa,90,http://www.acb.com/fichas/LACB62090.php,Y84
7,0,"Oroz, Xabi",10:55,1,0,1,0,0,0,0,1,2,50,0,0,0,1,0,0,0,0,0,0,1,2,-9,1,2017-2018,Regular Season,10,02/12/2017,delteco gbc - montakit fuenlabrada,81 - 76,Guipuzcoa,90,http://www.acb.com/fichas/LACB62090.php,XDP
10,1,"Salvo, Miquel",26:9,4,2,3,67,0,3,0,0,0,0,4,4,0,1,1,1,0,0,0,0,3,3,-3,5,2017-2018,Regular Season,10,02/12/2017,delteco gbc - montakit fuenlabrada,81 - 76,Guipuzcoa,90,http://www.acb.com/fichas/LACB62090.php,545
0,0,"Pardina, Joan",0,0,0,0,0,0,0,0,0,0,0,0,0,0,0,0,0,0,0,0,0,0,0,0,0,2017-2018,Regular Season,10,02/12/2017,delteco gbc - montakit fuenlabrada,81 - 76,Guipuzcoa,90,http://www.acb.com/fichas/LACB62090.php,0
17,1,"Fakuade, Michael",13:17,2,1,1,100,0,1,0,0,0,0,0,0,0,0,0,2,0,0,0,0,2,2,1,-1,2017-2018,Regular Season,10,02/12/2017,delteco gbc - montakit fuenlabrada,81 - 76,Guipuzcoa,90,http://www.acb.com/fichas/LACB62090.php,54P
44,1,"Swing, Jordan",27:26,16,2,3,67,3,3,100,3,4,75,6,5,1,2,0,3,1,0,0,0,2,4,12,21,2017-2018,Regular Season,10,02/12/2017,delteco gbc - montakit fuenlabrada,81 - 76,Guipuzcoa,90,http://www.acb.com/fichas/LACB62090.php,D07
64,1,"Norel, Henk",21:18,18,7,10,70,0,1,0,4,8,50,4,2,2,1,0,0,0,1,0,2,1,8,5,23,2017-2018,Regular Season,10,02/12/2017,delteco gbc - montakit fuenlabrada,81 - 76,Guipuzcoa,90,http://www.acb.com/fichas/LACB62090.php,BA0
88,0,"Clark, Daniel",26:44,7,2,7,29,1,4,25,0,0,0,3,1,2,2,2,1,0,0,0,0,2,1,3,4,2017-2018,Regular Season,10,02/12/2017,delteco gbc - montakit fuenlabrada,81 - 76,Guipuzcoa,90,http://www.acb.com/fichas/LACB62090.php,BB8
0,0,Equipo,0,0,0,0,0,0,0,0,0,0,0,4,2,2,0,0,1,0,0,0,0,0,0,0,3,2017-2018,Regular Season,10,02/12/2017,delteco gbc - montakit fuenlabrada,81 - 76,0,90,http://www.acb.com/fichas/LACB62090.php,
0,1,"Olaseni, Gabriel",11:11,8,3,3,100,0,0,0,2,2,100,2,0,2,0,0,0,0,0,0,0,3,1,-1,8,2017-2018,Regular Season,10,02/12/2017,delteco gbc - montakit fuenlabrada,81 - 76,Fuenlabrada,90,http://www.acb.com/fichas/LACB62090.php,54F
2,1,"Popovic, Marko",29:53,20,2,3,67,4,9,44,4,4,100,2,2,0,4,1,2,0,0,0,0,3,8,-1,24,2017-2018,Regular Season,10,02/12/2017,delteco gbc - montakit fuenlabrada,81 - 76,Fuenlabrada,90,http://www.acb.com/fichas/LACB62090.php,B4P
4,1,"O'Leary, Ian",19:22,4,2,3,67,0,2,0,0,0,0,3,2,1,0,0,1,0,0,0,1,1,0,3,2,2017-2018,Regular Season,10,02/12/2017,delteco gbc - montakit fuenlabrada,81 - 76,Fuenlabrada,90,http://www.acb.com/fichas/LACB62090.php,258
5,0,"Rupnik, Luka",11:19,0,0,2,0,0,1,0,0,0,0,1,1,0,1,0,0,0,0,0,0,1,0,-4,-2,2017-2018,Regular Season,10,02/12/2017,delteco gbc - montakit fuenlabrada,81 - 76,Fuenlabrada,90,http://www.acb.com/fichas/LACB62090.php,52N
8,0,"Llorca, Alex",8:14,0,0,2,0,0,2,0,0,0,0,3,1,2,1,0,0,0,0,1,0,0,0,-10,-1,2017-2018,Regular Season,10,02/12/2017,delteco gbc - montakit fuenlabrada,81 - 76,Fuenlabrada,90,http://www.acb.com/fichas/LACB62090.php,BFV
9,0,"Sekulic, Blagota",18:5,6,2,5,40,0,0,0,2,2,100,5,0,5,0,0,3,0,0,1,1,2,1,-7,3,2017-2018,Regular Season,10,02/12/2017,delteco gbc - montakit fuenlabrada,81 - 76,Fuenlabrada,90,http://www.acb.com/fichas/LACB62090.php,BD8
11,0,"Cruz, Francisco",28:55,15,5,7,71,1,4,25,2,3,67,5,5,0,4,1,3,2,0,0,0,3,3,-1,16,2017-2018,Regular Season,10,02/12/2017,delteco gbc - montakit fuenlabrada,81 - 76,Fuenlabrada,90,http://www.acb.com/fichas/LACB62090.php,516
13,0,"Smits, Rolands",29:17,16,5,6,83,2,5,40,0,0,0,8,5,3,0,0,0,1,0,0,0,4,1,-1,17,2017-2018,Regular Season,10,02/12/2017,delteco gbc - montakit fuenlabrada,81 - 76,Fuenlabrada,90,http://www.acb.com/fichas/LACB62090.php,862
0,0,"Gonzalez, Jose M.",0,0,0,0,0,0,0,0,0,0,0,0,0,0,0,0,0,0,0,0,0,0,0,0,0,2017-2018,Regular Season,10,02/12/2017,delteco gbc - montakit fuenlabrada,81 - 76,Fuenlabrada,90,http://www.acb.com/fichas/LACB62090.php,0
16,1,"Vargas, Gregory",26:59,0,0,2,0,0,1,0,0,0,0,1,1,0,5,2,1,0,0,0,0,5,1,-1,0,2017-2018,Regular Season,10,02/12/2017,delteco gbc - montakit fuenlabrada,81 - 76,Fuenlabrada,90,http://www.acb.com/fichas/LACB62090.php,53Q
19,0,"Llorente, Sergio",0:16,0,0,0,0,0,0,0,0,0,0,0,0,0,0,0,0,0,0,0,0,0,0,0,0,2017-2018,Regular Season,10,02/12/2017,delteco gbc - montakit fuenlabrada,81 - 76,Fuenlabrada,90,http://www.acb.com/fichas/LACB62090.php,721
31,1,"Eyenga, C.",16:29,7,1,4,25,1,3,33,2,6,33,2,2,0,1,1,1,0,0,1,0,4,4,-2,0,2017-2018,Regular Season,10,02/12/2017,delteco gbc - montakit fuenlabrada,81 - 76,Fuenlabrada,90,http://www.acb.com/fichas/LACB62090.php,Y8D
0,0,Equipo,0,0,0,0,0,0,0,0,0,0,0,1,0,1,0,0,0,0,0,0,0,0,0,0,1,2017-2018,Regular Season,10,02/12/2017,delteco gbc - montakit fuenlabrada,81 - 76,0,90,http://www.acb.com/fichas/LACB62090.php,
1,0,"Causeur, Fabien",23:22,5,1,7,14,1,2,50,0,0,0,4,3,1,2,1,1,0,0,0,0,5,1,-8,0,2017-2018,Regular Season,11,10/12/2017,real madrid - ucam murcia,87 - 85,Real_Madrid,91,http://www.acb.com/fichas/LACB62091.php,218
2,0,"Randle, Chasson",8:34,0,0,2,0,0,2,0,0,0,0,1,0,1,1,0,1,0,0,0,0,1,0,-12,-4,2017-2018,Regular Season,11,10/12/2017,real madrid - ucam murcia,87 - 85,Real_Madrid,91,http://www.acb.com/fichas/LACB62091.php,566
6,0,"Radoncic, Dino",9:37,7,2,2,100,1,1,100,0,0,0,1,0,1,0,0,0,0,0,0,1,0,0,4,8,2017-2018,Regular Season,11,10/12/2017,real madrid - ucam murcia,87 - 85,Real_Madrid,91,http://www.acb.com/fichas/LACB62091.php,FQI
7,0,"Doncic, Luka",32:30,16,1,3,33,2,6,33,8,10,80,7,7,0,4,2,5,1,0,1,0,4,11,12,22,2017-2018,Regular Season,11,10/12/2017,real madrid - ucam murcia,87 - 85,Real_Madrid,91,http://www.acb.com/fichas/LACB62091.php,460
8,0,"Maciulis, Jonas",16:8,0,0,0,0,0,2,0,0,0,0,1,1,0,0,2,0,0,0,0,0,1,1,-19,1,2017-2018,Regular Season,11,10/12/2017,real madrid - ucam murcia,87 - 85,Real_Madrid,91,http://www.acb.com/fichas/LACB62091.php,1L9
9,0,"Reyes, Felipe",22:58,8,1,3,33,0,0,0,6,10,60,8,4,4,1,0,2,0,0,0,0,4,6,5,11,2017-2018,Regular Season,11,10/12/2017,real madrid - ucam murcia,87 - 85,Real_Madrid,91,http://www.acb.com/fichas/LACB62091.php,A1M
11,1,"Campazzo, Facu",4:15,2,0,0,0,0,0,0,2,2,100,1,1,0,1,3,1,0,0,0,0,0,1,2,7,2017-2018,Regular Season,11,10/12/2017,real madrid - ucam murcia,87 - 85,Real_Madrid,91,http://www.acb.com/fichas/LACB62091.php,1LU
16,0,"Yusta, Santiago",10:49,2,1,1,100,0,1,0,0,0,0,1,1,0,1,0,1,0,0,0,0,1,1,1,2,2017-2018,Regular Season,11,10/12/2017,real madrid - ucam murcia,87 - 85,Real_Madrid,91,http://www.acb.com/fichas/LACB62091.php,1E4
20,1,"Carroll, Jaycee",29:56,17,2,7,29,3,5,60,4,5,80,1,1,0,1,2,3,0,0,1,0,2,4,0,11,2017-2018,Regular Season,11,10/12/2017,real madrid - ucam murcia,87 - 85,Real_Madrid,91,http://www.acb.com/fichas/LACB62091.php,BGZ
22,1,"Tavares, W.",24:13,8,3,6,50,0,0,0,2,2,100,6,4,2,0,0,2,0,1,0,2,3,2,-4,9,2017-2018,Regular Season,11,10/12/2017,real madrid - ucam murcia,87 - 85,Real_Madrid,91,http://www.acb.com/fichas/LACB62091.php,T2Z
33,1,"Thompkins, Trey",12:42,13,2,2,100,3,4,75,0,0,0,2,2,0,1,0,0,1,1,0,0,4,0,12,12,2017-2018,Regular Season,11,10/12/2017,real madrid - ucam murcia,87 - 85,Real_Madrid,91,http://www.acb.com/fichas/LACB62091.php,FQ1
44,1,"Taylor, Jeffery",29:56,9,4,6,67,0,3,0,1,2,50,4,2,2,3,1,1,1,0,1,3,4,2,17,7,2017-2018,Regular Season,11,10/12/2017,real madrid - ucam murcia,87 - 85,Real_Madrid,91,http://www.acb.com/fichas/LACB62091.php,FQ3
0,0,Equipo,0,0,0,0,0,0,0,0,0,0,0,4,1,3,0,0,0,0,0,0,0,0,0,0,4,2017-2018,Regular Season,11,10/12/2017,real madrid - ucam murcia,87 - 85,0,91,http://www.acb.com/fichas/LACB62091.php,
0,1,"Soko, Ovie",25:1,12,5,6,83,0,3,0,2,3,67,5,4,1,1,0,4,0,0,0,0,4,3,-7,8,2017-2018,Regular Season,11,10/12/2017,real madrid - ucam murcia,87 - 85,Murcia,91,http://www.acb.com/fichas/LACB62091.php,50S
3,0,"Urtasun, Alex",5:8,0,0,1,0,0,1,0,0,0,0,0,0,0,0,0,1,0,0,0,0,0,0,-4,-3,2017-2018,Regular Season,11,10/12/2017,real madrid - ucam murcia,87 - 85,Murcia,91,http://www.acb.com/fichas/LACB62091.php,BA3
5,0,"Martin, Alberto",0:19,0,0,0,0,0,0,0,0,0,0,0,0,0,0,0,0,0,0,0,0,0,0,0,0,2017-2018,Regular Season,11,10/12/2017,real madrid - ucam murcia,87 - 85,Murcia,91,http://www.acb.com/fichas/LACB62091.php,858
8,0,"Benite, Vitor",27:24,10,2,3,67,1,4,25,3,3,100,2,2,0,1,1,1,1,0,1,0,2,2,9,8,2017-2018,Regular Season,11,10/12/2017,real madrid - ucam murcia,87 - 85,Murcia,91,http://www.acb.com/fichas/LACB62091.php,FOX
9,0,"Kloof, Charlon",30:15,19,2,5,40,3,6,50,6,6,100,1,0,1,0,1,2,0,1,0,1,4,3,-2,13,2017-2018,Regular Season,11,10/12/2017,real madrid - ucam murcia,87 - 85,Murcia,91,http://www.acb.com/fichas/LACB62091.php,53N
11,1,"Hannah, Clevin",30:7,16,1,3,33,3,7,43,5,6,83,2,2,0,5,2,3,0,1,0,0,4,5,-6,17,2017-2018,Regular Season,11,10/12/2017,real madrid - ucam murcia,87 - 85,Murcia,91,http://www.acb.com/fichas/LACB62091.php,1LQ
12,1,"Oleson, Brad",27:14,9,1,1,100,1,3,33,4,4,100,1,1,0,1,1,3,0,0,0,0,4,3,2,6,2017-2018,Regular Season,11,10/12/2017,real madrid - ucam murcia,87 - 85,Murcia,91,http://www.acb.com/fichas/LACB62091.php,BGO
0,0,"Olaizola, Julen",0,0,0,0,0,0,0,0,0,0,0,0,0,0,0,0,0,0,0,0,0,0,0,0,0,2017-2018,Regular Season,11,10/12/2017,real madrid - ucam murcia,87 - 85,Murcia,91,http://www.acb.com/fichas/LACB62091.php,0
16,0,"Delia, Marcos",20:19,4,2,4,50,0,0,0,0,0,0,6,6,0,1,0,1,0,0,0,0,3,0,2,5,2017-2018,Regular Season,11,10/12/2017,real madrid - ucam murcia,87 - 85,Murcia,91,http://www.acb.com/fichas/LACB62091.php,512
24,1,"Tumba, Kevin",19:39,2,1,2,50,0,0,0,0,1,0,6,2,4,1,1,0,0,1,0,0,3,2,-4,8,2017-2018,Regular Season,11,10/12/2017,real madrid - ucam murcia,87 - 85,Murcia,91,http://www.acb.com/fichas/LACB62091.php,52W
27,1,"Rojas, Sadiel",24:56,9,0,3,0,2,8,25,3,6,50,9,6,3,1,4,3,0,1,1,0,4,8,-3,12,2017-2018,Regular Season,11,10/12/2017,real madrid - ucam murcia,87 - 85,Murcia,91,http://www.acb.com/fichas/LACB62091.php,1L3
33,0,"Lukovic, Marko",14:38,4,2,5,40,0,3,0,0,0,0,7,2,5,0,1,0,0,0,0,0,1,2,3,7,2017-2018,Regular Season,11,10/12/2017,real madrid - ucam murcia,87 - 85,Murcia,91,http://www.acb.com/fichas/LACB62091.php,53R
0,0,Equipo,0,0,0,0,0,0,0,0,0,0,0,5,4,1,0,0,1,0,0,0,0,0,0,0,4,2017-2018,Regular Season,11,10/12/2017,real madrid - ucam murcia,87 - 85,0,91,http://www.acb.com/fichas/LACB62091.php,
0,0,"Vildoza, Luca",0,0,0,0,0,0,0,0,0,0,0,0,0,0,0,0,0,0,0,0,0,0,0,0,0,2017-2018,Regular Season,11,09/12/2017,baskonia - retabet bilbao basket,94 - 71,Baskonia,92,http://www.acb.com/fichas/LACB62092.php,0
6,1,"Timma, Janis",26:44,11,1,1,100,2,5,40,3,3,100,2,2,0,3,3,1,1,0,0,0,2,2,16,15,2017-2018,Regular Season,11,09/12/2017,baskonia - retabet bilbao basket,94 - 71,Baskonia,92,http://www.acb.com/fichas/LACB62092.php,536
7,0,"Voigtmann, J.",22:27,10,2,3,67,1,3,33,3,4,75,9,8,1,4,0,0,0,1,0,0,0,4,15,24,2017-2018,Regular Season,11,09/12/2017,baskonia - retabet bilbao basket,94 - 71,Baskonia,92,http://www.acb.com/fichas/LACB62092.php,500
8,0,"Malmanis, Rinalds",11:49,0,0,1,0,0,2,0,0,0,0,2,1,1,0,0,1,0,0,0,0,2,1,4,-3,2017-2018,Regular Season,11,09/12/2017,baskonia - retabet bilbao basket,94 - 71,Baskonia,92,http://www.acb.com/fichas/LACB62092.php,802
9,1,"Huertas, M.",23:26,11,1,3,33,3,3,100,0,0,0,2,2,0,6,0,2,0,0,0,0,0,2,20,17,2017-2018,Regular Season,11,09/12/2017,baskonia - retabet bilbao basket,94 - 71,Baskonia,92,http://www.acb.com/fichas/LACB62092.php,B72
10,0,"Beaubois, Rodrigue",20:56,8,3,6,50,0,0,0,2,5,40,3,3,0,4,2,1,0,0,0,0,0,4,15,14,2017-2018,Regular Season,11,09/12/2017,baskonia - retabet bilbao basket,94 - 71,Baskonia,92,http://www.acb.com/fichas/LACB62092.php,50C
11,1,"Janning, Matt",20:31,20,1,1,100,6,7,86,0,0,0,0,0,0,2,0,2,0,0,0,0,1,1,11,19,2017-2018,Regular Season,11,09/12/2017,baskonia - retabet bilbao basket,94 - 71,Baskonia,92,http://www.acb.com/fichas/LACB62092.php,55A
15,0,"Granger, Jayson",16:34,1,0,4,0,0,2,0,1,2,50,3,2,1,6,1,1,0,0,0,0,1,2,3,4,2017-2018,Regular Season,11,09/12/2017,baskonia - retabet bilbao basket,94 - 71,Baskonia,92,http://www.acb.com/fichas/LACB62092.php,Y6K
17,1,"Poirier, Vincent",17:33,9,4,9,44,0,0,0,1,2,50,8,6,2,2,2,0,0,0,0,3,2,1,8,14,2017-2018,Regular Season,11,09/12/2017,baskonia - retabet bilbao basket,94 - 71,Baskonia,92,http://www.acb.com/fichas/LACB62092.php,539
0,0,"Martinez, Ivan",0,0,0,0,0,0,0,0,0,0,0,0,0,0,0,0,0,0,0,0,0,0,0,0,0,2017-2018,Regular Season,11,09/12/2017,baskonia - retabet bilbao basket,94 - 71,Baskonia,92,http://www.acb.com/fichas/LACB62092.php,0
21,0,"Jones, Kevin",18:19,12,3,4,75,2,5,40,0,0,0,4,2,2,1,0,1,1,0,0,1,2,0,10,10,2017-2018,Regular Season,11,09/12/2017,baskonia - retabet bilbao basket,94 - 71,Baskonia,92,http://www.acb.com/fichas/LACB62092.php,56F
23,1,"Shengelia, T.",21:41,12,3,5,60,2,3,67,0,0,0,3,3,0,1,2,1,1,0,1,0,2,2,13,13,2017-2018,Regular Season,11,09/12/2017,baskonia - retabet bilbao basket,94 - 71,Baskonia,92,http://www.acb.com/fichas/LACB62092.php,105
0,0,Equipo,0,0,0,0,0,0,0,0,0,0,0,4,2,2,0,0,1,0,0,0,0,0,0,0,3,2017-2018,Regular Season,11,09/12/2017,baskonia - retabet bilbao basket,94 - 71,0,92,http://www.acb.com/fichas/LACB62092.php,
2,0,"Thomas, Devin",8:39,0,0,1,0,0,0,0,0,0,0,3,3,0,0,1,1,0,0,0,0,1,0,-2,1,2017-2018,Regular Season,11,09/12/2017,baskonia - retabet bilbao basket,94 - 71,Bilbao,92,http://www.acb.com/fichas/LACB62092.php,56E
5,1,"Fischer, Ricardo",26:57,10,5,8,63,0,1,0,0,0,0,5,5,0,4,1,3,0,0,0,0,1,2,-11,14,2017-2018,Regular Season,11,09/12/2017,baskonia - retabet bilbao basket,94 - 71,Bilbao,92,http://www.acb.com/fichas/LACB62092.php,53G
0,0,"Mendia, Borja",0,0,0,0,0,0,0,0,0,0,0,0,0,0,0,0,0,0,0,0,0,0,0,0,0,2017-2018,Regular Season,11,09/12/2017,baskonia - retabet bilbao basket,94 - 71,Bilbao,92,http://www.acb.com/fichas/LACB62092.php,0
11,1,"Hammink, Shane",20:14,4,1,2,50,0,1,0,2,2,100,1,1,0,2,1,0,3,0,0,0,2,2,-11,6,2017-2018,Regular Season,11,09/12/2017,baskonia - retabet bilbao basket,94 - 71,Bilbao,92,http://www.acb.com/fichas/LACB62092.php,53H
12,0,"Redivo, Lucio",19:35,10,2,4,50,2,4,50,0,0,0,0,0,0,0,1,0,1,0,0,0,4,0,-16,3,2017-2018,Regular Season,11,09/12/2017,baskonia - retabet bilbao basket,94 - 71,Bilbao,92,http://www.acb.com/fichas/LACB62092.php,538
14,0,"Salgado, Javier",13:3,3,0,0,0,1,3,33,0,0,0,1,1,0,1,0,3,0,0,0,0,2,0,-12,-2,2017-2018,Regular Season,11,09/12/2017,baskonia - retabet bilbao basket,94 - 71,Bilbao,92,http://www.acb.com/fichas/LACB62092.php,B1R
15,1,"Mumbru, Alex",28:13,21,2,4,50,4,7,57,5,6,83,0,0,0,2,1,1,0,0,0,0,3,4,-14,18,2017-2018,Regular Season,11,09/12/2017,baskonia - retabet bilbao basket,94 - 71,Bilbao,92,http://www.acb.com/fichas/LACB62092.php,A46
17,1,"Hervelle, Axel",22:43,7,2,3,67,1,5,20,0,0,0,6,6,0,2,0,1,0,0,0,0,3,0,-22,6,2017-2018,Regular Season,11,09/12/2017,baskonia - retabet bilbao basket,94 - 71,Bilbao,92,http://www.acb.com/fichas/LACB62092.php,B6Q
0,0,"Tomas, Pere",0,0,0,0,0,0,0,0,0,0,0,0,0,0,0,0,0,0,0,0,0,0,0,0,0,2017-2018,Regular Season,11,09/12/2017,baskonia - retabet bilbao basket,94 - 71,Bilbao,92,http://www.acb.com/fichas/LACB62092.php,0
20,0,"Todorovic, Dejan",24:24,8,1,2,50,2,6,33,0,0,0,3,3,0,4,0,2,0,0,0,0,0,3,-10,11,2017-2018,Regular Season,11,09/12/2017,baskonia - retabet bilbao basket,94 - 71,Bilbao,92,http://www.acb.com/fichas/LACB62092.php,10D
22,0,"Vucetic, Vasilije",12:23,0,0,2,0,0,0,0,0,0,0,0,0,0,0,0,0,0,0,0,0,1,0,-12,-3,2017-2018,Regular Season,11,09/12/2017,baskonia - retabet bilbao basket,94 - 71,Bilbao,92,http://www.acb.com/fichas/LACB62092.php,51G
32,1,"Gladness, Mickell",23:49,8,3,8,38,0,0,0,2,2,100,7,4,3,0,0,1,0,1,1,2,2,1,-5,8,2017-2018,Regular Season,11,09/12/2017,baskonia - retabet bilbao basket,94 - 71,Bilbao,92,http://www.acb.com/fichas/LACB62092.php,55D
0,0,Equipo,0,0,0,0,0,0,0,0,0,0,0,2,1,1,0,0,1,0,0,0,0,0,0,0,1,2017-2018,Regular Season,11,09/12/2017,baskonia - retabet bilbao basket,94 - 71,0,92,http://www.acb.com/fichas/LACB62092.php,
1,1,"Seraphin, Kevin",27:36,12,4,6,67,0,0,0,4,6,67,0,0,0,1,1,3,0,2,0,2,4,4,5,9,2017-2018,Regular Season,11,10/12/2017,fc barcelona lassa - iberostar tenerife,91 - 93,FC_Barcelona,93,http://www.acb.com/fichas/LACB62093.php,164
5,0,"Ribas, Pau",22:28,9,0,1,0,3,4,75,0,0,0,0,0,0,4,1,3,0,0,0,0,2,1,3,8,2017-2018,Regular Season,11,10/12/2017,fc barcelona lassa - iberostar tenerife,91 - 93,FC_Barcelona,93,http://www.acb.com/fichas/LACB62093.php,AF1
8,1,"Pressey, Phil",27:17,6,1,5,20,0,2,0,4,6,67,2,2,0,3,2,0,1,0,1,0,2,5,-3,7,2017-2018,Regular Season,11,10/12/2017,fc barcelona lassa - iberostar tenerife,91 - 93,FC_Barcelona,93,http://www.acb.com/fichas/LACB62093.php,53X
9,1,"Hanga, Adam",31:7,12,5,10,50,0,2,0,2,2,100,5,3,2,1,3,2,2,1,1,2,3,2,-1,11,2017-2018,Regular Season,11,10/12/2017,fc barcelona lassa - iberostar tenerife,91 - 93,FC_Barcelona,93,http://www.acb.com/fichas/LACB62093.php,125
11,0,"Navarro, J.C.",18:51,22,1,1,100,4,9,44,8,9,89,3,3,0,0,0,0,0,0,0,0,1,4,6,22,2017-2018,Regular Season,11,10/12/2017,fc barcelona lassa - iberostar tenerife,91 - 93,FC_Barcelona,93,http://www.acb.com/fichas/LACB62093.php,A62
0,0,"Kurucs, Rodions",0,0,0,0,0,0,0,0,0,0,0,0,0,0,0,0,0,0,0,0,0,0,0,0,0,2017-2018,Regular Season,11,10/12/2017,fc barcelona lassa - iberostar tenerife,91 - 93,FC_Barcelona,93,http://www.acb.com/fichas/LACB62093.php,0
18,0,"Oriola, Pierre",21:26,1,0,0,0,0,0,0,1,2,50,4,3,1,1,0,0,0,0,0,0,2,1,-3,4,2017-2018,Regular Season,11,10/12/2017,fc barcelona lassa - iberostar tenerife,91 - 93,FC_Barcelona,93,http://www.acb.com/fichas/LACB62093.php,BIQ
21,0,"Sanders, Rakim",20:4,14,3,5,60,2,2,100,2,2,100,5,5,0,0,3,1,0,2,0,2,5,3,9,19,2017-2018,Regular Season,11,10/12/2017,fc barcelona lassa - iberostar tenerife,91 - 93,FC_Barcelona,93,http://www.acb.com/fichas/LACB62093.php,53Z
25,1,"Koponen, Petteri",15:14,2,1,1,100,0,3,0,0,0,0,0,0,0,1,0,1,0,0,0,0,2,0,-7,-3,2017-2018,Regular Season,11,10/12/2017,fc barcelona lassa - iberostar tenerife,91 - 93,FC_Barcelona,93,http://www.acb.com/fichas/LACB62093.php,517
30,0,"Claver, Victor",9:43,3,0,1,0,1,3,33,0,0,0,1,1,0,3,1,0,0,0,0,0,0,1,0,6,2017-2018,Regular Season,11,10/12/2017,fc barcelona lassa - iberostar tenerife,91 - 93,FC_Barcelona,93,http://www.acb.com/fichas/LACB62093.php,BAZ
44,0,"Tomic, Ante",7:10,2,1,2,50,0,0,0,0,0,0,1,0,1,0,0,1,0,0,0,0,0,2,5,3,2017-2018,Regular Season,11,10/12/2017,fc barcelona lassa - iberostar tenerife,91 - 93,FC_Barcelona,93,http://www.acb.com/fichas/LACB62093.php,BIY
45,1,"Moerman, Adrien",24:4,8,3,5,60,0,4,0,2,3,67,8,5,3,0,1,0,0,0,0,0,1,2,-3,11,2017-2018,Regular Season,11,10/12/2017,fc barcelona lassa - iberostar tenerife,91 - 93,FC_Barcelona,93,http://www.acb.com/fichas/LACB62093.php,216
0,0,Equipo,0,0,0,0,0,0,0,0,0,0,0,5,2,3,0,0,0,0,0,0,0,0,0,0,5,2017-2018,Regular Season,11,10/12/2017,fc barcelona lassa - iberostar tenerife,91 - 93,0,93,http://www.acb.com/fichas/LACB62093.php,
0,1,"San Miguel, R.",29:12,5,2,4,50,0,1,0,1,2,50,1,1,0,1,2,5,0,0,1,0,4,3,-2,-2,2017-2018,Regular Season,11,10/12/2017,fc barcelona lassa - iberostar tenerife,91 - 93,Tenerife,93,http://www.acb.com/fichas/LACB62093.php,B86
5,1,"Richotti, Nicolas",18:13,9,3,5,60,0,2,0,3,4,75,1,1,0,2,0,2,0,0,1,0,4,3,-2,3,2017-2018,Regular Season,11,10/12/2017,fc barcelona lassa - iberostar tenerife,91 - 93,Tenerife,93,http://www.acb.com/fichas/LACB62093.php,T78
0,0,"Niang, Mamadou",0,0,0,0,0,0,0,0,0,0,0,0,0,0,0,0,0,0,0,0,0,0,0,0,0,2017-2018,Regular Season,11,10/12/2017,fc barcelona lassa - iberostar tenerife,91 - 93,Tenerife,93,http://www.acb.com/fichas/LACB62093.php,0
10,0,"Bassas, Ferran",15:28,0,0,0,0,0,3,0,0,0,0,0,0,0,2,1,1,0,0,0,0,1,1,-4,-1,2017-2018,Regular Season,11,10/12/2017,fc barcelona lassa - iberostar tenerife,91 - 93,Tenerife,93,http://www.acb.com/fichas/LACB62093.php,714
13,1,"Tobey, Mike",22:29,11,5,11,45,0,2,0,1,1,100,6,3,3,0,1,0,0,2,0,1,4,1,8,9,2017-2018,Regular Season,11,10/12/2017,fc barcelona lassa - iberostar tenerife,91 - 93,Tenerife,93,http://www.acb.com/fichas/LACB62093.php,530
17,0,"Vazquez, Fran",22:31,2,0,3,0,0,0,0,2,2,100,2,2,0,1,1,0,0,0,0,0,1,1,-6,3,2017-2018,Regular Season,11,10/12/2017,fc barcelona lassa - iberostar tenerife,91 - 93,Tenerife,93,http://www.acb.com/fichas/LACB62093.php,A9S
18,0,"Vasileiadis, K.",21:56,10,1,1,100,2,4,50,2,2,100,6,5,1,2,0,1,0,0,1,0,1,1,6,14,2017-2018,Regular Season,11,10/12/2017,fc barcelona lassa - iberostar tenerife,91 - 93,Tenerife,93,http://www.acb.com/fichas/LACB62093.php,BBE
20,1,"Ponitka, Mateusz",29:4,28,9,11,82,1,2,50,7,7,100,10,5,5,2,1,4,0,0,1,1,3,8,12,38,2017-2018,Regular Season,11,10/12/2017,fc barcelona lassa - iberostar tenerife,91 - 93,Tenerife,93,http://www.acb.com/fichas/LACB62093.php,53W
21,1,"Abromaitis, Tim",33:25,17,4,5,80,3,4,75,0,0,0,4,3,1,2,1,2,0,0,0,0,2,0,9,18,2017-2018,Regular Season,11,10/12/2017,fc barcelona lassa - iberostar tenerife,91 - 93,Tenerife,93,http://www.acb.com/fichas/LACB62093.php,FOI
25,0,"Allen, Rosco",11:35,5,1,2,50,0,2,0,3,4,75,2,1,1,0,0,0,0,0,0,0,2,3,-7,4,2017-2018,Regular Season,11,10/12/2017,fc barcelona lassa - iberostar tenerife,91 - 93,Tenerife,93,http://www.acb.com/fichas/LACB62093.php,50I
33,0,"Beiran, Javier",10:27,3,0,0,0,1,2,50,0,0,0,1,0,1,1,0,0,0,0,1,0,1,0,-7,2,2017-2018,Regular Season,11,10/12/2017,fc barcelona lassa - iberostar tenerife,91 - 93,Tenerife,93,http://www.acb.com/fichas/LACB62093.php,BB2
34,0,"White, Davin",10:40,3,1,2,50,0,3,0,1,2,50,1,1,0,0,0,0,0,0,0,0,2,1,-5,-2,2017-2018,Regular Season,11,10/12/2017,fc barcelona lassa - iberostar tenerife,91 - 93,Tenerife,93,http://www.acb.com/fichas/LACB62093.php,2B8
0,0,Equipo,0,0,0,0,0,0,0,0,0,0,0,4,3,1,0,0,0,0,0,0,0,0,0,0,4,2017-2018,Regular Season,11,10/12/2017,fc barcelona lassa - iberostar tenerife,91 - 93,0,93,http://www.acb.com/fichas/LACB62093.php,
4,0,"Oliver, Albert",18:51,2,1,1,100,0,2,0,0,0,0,0,0,0,2,1,4,0,0,0,0,1,0,5,-2,2017-2018,Regular Season,11,10/12/2017,herbalife gran canaria - san pablo burgos,87 - 80,Gran_Canaria,94,http://www.acb.com/fichas/LACB62094.php,A56
8,1,"Eriksson, Marcus",27:51,17,2,2,100,4,9,44,1,2,50,2,2,0,3,0,0,0,1,0,0,1,1,10,17,2017-2018,Regular Season,11,10/12/2017,herbalife gran canaria - san pablo burgos,87 - 80,Gran_Canaria,94,http://www.acb.com/fichas/LACB62094.php,118
9,1,"Mekel, Gal",21:9,6,3,4,75,0,2,0,0,0,0,1,1,0,3,1,1,0,0,0,0,1,2,2,8,2017-2018,Regular Season,11,10/12/2017,herbalife gran canaria - san pablo burgos,87 - 80,Gran_Canaria,94,http://www.acb.com/fichas/LACB62094.php,53K
11,0,"Seeley, DJ",22:5,11,3,6,50,1,4,25,2,2,100,4,2,2,3,1,1,1,0,0,0,1,6,9,17,2017-2018,Regular Season,11,10/12/2017,herbalife gran canaria - san pablo burgos,87 - 80,Gran_Canaria,94,http://www.acb.com/fichas/LACB62094.php,2IW
12,1,"Balvin, Ondrej",31:5,13,6,6,100,0,0,0,1,3,33,8,5,3,4,0,4,0,0,0,4,1,7,10,25,2017-2018,Regular Season,11,10/12/2017,herbalife gran canaria - san pablo burgos,87 - 80,Gran_Canaria,94,http://www.acb.com/fichas/LACB62094.php,BLE
13,1,"Baez, Eulis",25:7,8,4,7,57,0,2,0,0,0,0,4,2,2,2,3,2,0,1,0,0,3,0,3,8,2017-2018,Regular Season,11,10/12/2017,herbalife gran canaria - san pablo burgos,87 - 80,Gran_Canaria,94,http://www.acb.com/fichas/LACB62094.php,BIH
14,0,"Pasecniks, Anzejs",17:13,12,4,4,100,1,3,33,1,2,50,1,1,0,0,1,2,0,1,0,3,4,2,-1,8,2017-2018,Regular Season,11,10/12/2017,herbalife gran canaria - san pablo burgos,87 - 80,Gran_Canaria,94,http://www.acb.com/fichas/LACB62094.php,FQH
0,0,"Balcerowski, Olek",0,0,0,0,0,0,0,0,0,0,0,0,0,0,0,0,0,0,0,0,0,0,0,0,0,2017-2018,Regular Season,11,10/12/2017,herbalife gran canaria - san pablo burgos,87 - 80,Gran_Canaria,94,http://www.acb.com/fichas/LACB62094.php,0
21,1,"Pauli, Oriol",16:46,9,3,3,100,1,1,100,0,0,0,3,3,0,5,4,3,0,0,0,2,3,0,0,15,2017-2018,Regular Season,11,10/12/2017,herbalife gran canaria - san pablo burgos,87 - 80,Gran_Canaria,94,http://www.acb.com/fichas/LACB62094.php,SCE
22,0,"Rabaseda, Xavi",13:18,5,1,1,100,1,2,50,0,0,0,3,3,0,1,1,0,0,0,0,0,1,0,-5,8,2017-2018,Regular Season,11,10/12/2017,herbalife gran canaria - san pablo burgos,87 - 80,Gran_Canaria,94,http://www.acb.com/fichas/LACB62094.php,Y1F
0,0,"Kljajic, Jovan",0,0,0,0,0,0,0,0,0,0,0,0,0,0,0,0,0,0,0,0,0,0,0,0,0,2017-2018,Regular Season,11,10/12/2017,herbalife gran canaria - san pablo burgos,87 - 80,Gran_Canaria,94,http://www.acb.com/fichas/LACB62094.php,0
40,0,"Fischer, Luke",6:35,4,2,2,100,0,0,0,0,0,0,0,0,0,0,0,0,0,0,0,0,1,0,2,3,2017-2018,Regular Season,11,10/12/2017,herbalife gran canaria - san pablo burgos,87 - 80,Gran_Canaria,94,http://www.acb.com/fichas/LACB62094.php,53I
0,0,Equipo,0,0,0,0,0,0,0,0,0,0,0,2,2,0,0,0,0,0,0,0,0,0,0,0,2,2017-2018,Regular Season,11,10/12/2017,herbalife gran canaria - san pablo burgos,87 - 80,0,94,http://www.acb.com/fichas/LACB62094.php,
0,1,"Fisher, Corey",25:59,12,3,4,75,2,3,67,0,1,0,0,0,0,1,0,2,1,0,0,0,0,2,-5,10,2017-2018,Regular Season,11,10/12/2017,herbalife gran canaria - san pablo burgos,87 - 80,Burgos,94,http://www.acb.com/fichas/LACB62094.php,244
5,0,"Schreiner, Thomas",14:1,0,0,0,0,0,3,0,0,0,0,0,0,0,6,0,2,0,0,0,0,0,0,-2,1,2017-2018,Regular Season,11,10/12/2017,herbalife gran canaria - san pablo burgos,87 - 80,Burgos,94,http://www.acb.com/fichas/LACB62094.php,2A3
0,0,"Sedekerskis, Tadas",0,0,0,0,0,0,0,0,0,0,0,0,0,0,0,0,0,0,0,0,0,0,0,0,0,2017-2018,Regular Season,11,10/12/2017,herbalife gran canaria - san pablo burgos,87 - 80,Burgos,94,http://www.acb.com/fichas/LACB62094.php,0
9,0,"Barrera, Alex",19:49,15,4,5,80,2,2,100,1,1,100,2,2,0,1,0,1,0,0,1,0,1,2,-8,16,2017-2018,Regular Season,11,10/12/2017,herbalife gran canaria - san pablo burgos,87 - 80,Burgos,94,http://www.acb.com/fichas/LACB62094.php,717
10,0,"Vega, Javier",13:6,0,0,1,0,0,1,0,0,0,0,0,0,0,0,0,0,0,0,0,0,1,0,-4,-3,2017-2018,Regular Season,11,10/12/2017,herbalife gran canaria - san pablo burgos,87 - 80,Burgos,94,http://www.acb.com/fichas/LACB62094.php,BA6
11,0,"Saiz, Sebas",15:1,9,3,5,60,0,0,0,3,3,100,3,2,1,0,1,2,0,0,0,1,3,3,-6,9,2017-2018,Regular Season,11,10/12/2017,herbalife gran canaria - san pablo burgos,87 - 80,Burgos,94,http://www.acb.com/fichas/LACB62094.php,SDS
12,1,"Jenkins, John",29:27,25,9,10,90,1,1,100,4,4,100,2,2,0,2,1,1,0,0,0,0,2,2,-11,28,2017-2018,Regular Season,11,10/12/2017,herbalife gran canaria - san pablo burgos,87 - 80,Burgos,94,http://www.acb.com/fichas/LACB62094.php,56D
13,1,"Gailius, Deividas",17:24,3,1,4,25,0,1,0,1,1,100,2,1,1,0,0,2,0,0,1,0,3,2,-1,-3,2017-2018,Regular Season,11,10/12/2017,herbalife gran canaria - san pablo burgos,87 - 80,Burgos,94,http://www.acb.com/fichas/LACB62094.php,549
0,0,"Martinez, Edu",0,0,0,0,0,0,0,0,0,0,0,0,0,0,0,0,0,0,0,0,0,0,0,0,0,2017-2018,Regular Season,11,10/12/2017,herbalife gran canaria - san pablo burgos,87 - 80,Burgos,94,http://www.acb.com/fichas/LACB62094.php,0
21,1,"Thompson, Deon",27:55,4,2,9,22,0,0,0,0,0,0,7,3,4,1,2,6,0,0,0,0,1,2,-3,2,2017-2018,Regular Season,11,10/12/2017,herbalife gran canaria - san pablo burgos,87 - 80,Burgos,94,http://www.acb.com/fichas/LACB62094.php,54C
23,1,"Huskic, Goran",23:58,11,3,6,50,1,1,100,2,4,50,3,3,0,5,5,2,0,0,1,0,2,2,-1,16,2017-2018,Regular Season,11,10/12/2017,herbalife gran canaria - san pablo burgos,87 - 80,Burgos,94,http://www.acb.com/fichas/LACB62094.php,H05
25,0,"Lopez, Alex",13:20,1,0,0,0,0,2,0,1,2,50,1,1,0,4,1,1,0,0,0,0,5,2,6,0,2017-2018,Regular Season,11,10/12/2017,herbalife gran canaria - san pablo burgos,87 - 80,Burgos,94,http://www.acb.com/fichas/LACB62094.php,YBF
0,0,Equipo,0,0,0,0,0,0,0,0,0,0,0,5,3,2,0,0,0,0,0,0,0,0,0,0,5,2017-2018,Regular Season,11,10/12/2017,herbalife gran canaria - san pablo burgos,87 - 80,0,94,http://www.acb.com/fichas/LACB62094.php,
4,1,"Cvetkovic, A.",21:20,6,2,2,100,0,1,0,2,2,100,2,1,1,1,0,0,0,0,0,0,3,1,9,6,2017-2018,Regular Season,11,10/12/2017,movistar estudiantes - valencia basket club,73 - 71,Estudiantes,95,http://www.acb.com/fichas/LACB62095.php,50G
6,0,"Hakanson, Ludde",16:8,4,2,2,100,0,3,0,0,2,0,3,3,0,4,0,0,0,0,0,0,2,2,3,6,2017-2018,Regular Season,11,10/12/2017,movistar estudiantes - valencia basket club,73 - 71,Estudiantes,95,http://www.acb.com/fichas/LACB62095.php,UAE
8,0,"Brizuela, Dario",18:37,5,2,3,67,0,1,0,1,2,50,1,0,1,0,0,2,0,0,0,0,2,3,-5,2,2017-2018,Regular Season,11,10/12/2017,movistar estudiantes - valencia basket club,73 - 71,Estudiantes,95,http://www.acb.com/fichas/LACB62095.php,81E
9,1,"Vicedo, Edgar",32:27,11,5,5,100,0,4,0,1,1,100,9,6,3,1,0,1,0,1,0,2,3,4,2,18,2017-2018,Regular Season,11,10/12/2017,movistar estudiantes - valencia basket club,73 - 71,Estudiantes,95,http://www.acb.com/fichas/LACB62095.php,SDT
10,1,"Cook, Omar",25:46,8,1,1,100,2,3,67,0,0,0,3,3,0,3,1,1,0,0,0,0,1,3,0,15,2017-2018,Regular Season,11,10/12/2017,movistar estudiantes - valencia basket club,73 - 71,Estudiantes,95,http://www.acb.com/fichas/LACB62095.php,BFP
11,0,"Pena, Dagoberto",5:42,2,1,1,100,0,2,0,0,0,0,0,0,0,0,0,0,0,0,0,0,2,0,-3,-2,2017-2018,Regular Season,11,10/12/2017,movistar estudiantes - valencia basket club,73 - 71,Estudiantes,95,http://www.acb.com/fichas/LACB62095.php,53E
12,1,"Suton, Goran",24:1,15,3,5,60,3,12,25,0,0,0,7,6,1,0,1,1,0,1,0,0,2,0,-6,10,2017-2018,Regular Season,11,10/12/2017,movistar estudiantes - valencia basket club,73 - 71,Estudiantes,95,http://www.acb.com/fichas/LACB62095.php,1LM
0,0,"Sola, Adams",0,0,0,0,0,0,0,0,0,0,0,0,0,0,0,0,0,0,0,0,0,0,0,0,0,2017-2018,Regular Season,11,10/12/2017,movistar estudiantes - valencia basket club,73 - 71,Estudiantes,95,http://www.acb.com/fichas/LACB62095.php,0
17,0,"Savane, Sitapha",4:38,0,0,2,0,0,0,0,0,0,0,0,0,0,0,0,2,0,0,1,0,1,0,-4,-6,2017-2018,Regular Season,11,10/12/2017,movistar estudiantes - valencia basket club,73 - 71,Estudiantes,95,http://www.acb.com/fichas/LACB62095.php,B3M
21,1,"Brown, Alec",28:13,15,3,5,60,3,6,50,0,0,0,3,3,0,2,1,0,0,2,0,0,1,0,15,17,2017-2018,Regular Season,11,10/12/2017,movistar estudiantes - valencia basket club,73 - 71,Estudiantes,95,http://www.acb.com/fichas/LACB62095.php,FO4
22,0,"Caner-Medley,N.",23:8,7,3,5,60,0,1,0,1,1,100,4,2,2,3,0,0,0,1,0,0,2,1,-1,11,2017-2018,Regular Season,11,10/12/2017,movistar estudiantes - valencia basket club,73 - 71,Estudiantes,95,http://www.acb.com/fichas/LACB62095.php,BF4
0,0,"Arteaga, Victor",0,0,0,0,0,0,0,0,0,0,0,0,0,0,0,0,0,0,0,0,0,0,0,0,0,2017-2018,Regular Season,11,10/12/2017,movistar estudiantes - valencia basket club,73 - 71,Estudiantes,95,http://www.acb.com/fichas/LACB62095.php,0
0,0,Equipo,0,0,0,0,0,0,0,0,0,0,0,2,2,0,0,0,0,0,0,0,0,0,0,0,2,2017-2018,Regular Season,11,10/12/2017,movistar estudiantes - valencia basket club,73 - 71,0,95,http://www.acb.com/fichas/LACB62095.php,
0,1,"Thomas, Will",29:11,6,0,3,0,1,2,50,3,4,75,6,3,3,2,2,0,0,0,0,0,0,2,-2,13,2017-2018,Regular Season,11,10/12/2017,movistar estudiantes - valencia basket club,73 - 71,Valencia,95,http://www.acb.com/fichas/LACB62095.php,1L5
0,0,"Puerto, Josep",0,0,0,0,0,0,0,0,0,0,0,0,0,0,0,0,0,0,0,0,0,0,0,0,0,2017-2018,Regular Season,11,10/12/2017,movistar estudiantes - valencia basket club,73 - 71,Valencia,95,http://www.acb.com/fichas/LACB62095.php,0
9,0,"Van Rossom, Sam",20:45,8,1,3,33,2,4,50,0,0,0,3,2,1,2,1,1,0,0,1,0,2,0,-1,6,2017-2018,Regular Season,11,10/12/2017,movistar estudiantes - valencia basket club,73 - 71,Valencia,95,http://www.acb.com/fichas/LACB62095.php,BK4
10,0,"Rudez, Damjan",3:50,0,0,1,0,0,0,0,0,0,0,1,1,0,0,0,1,0,0,0,0,2,0,-1,-3,2017-2018,Regular Season,11,10/12/2017,movistar estudiantes - valencia basket club,73 - 71,Valencia,95,http://www.acb.com/fichas/LACB62095.php,249
16,1,"Vives, Guillem",19:15,3,0,1,0,1,2,50,0,0,0,2,1,1,4,0,0,0,0,0,0,3,0,-1,4,2017-2018,Regular Season,11,10/12/2017,movistar estudiantes - valencia basket club,73 - 71,Valencia,95,http://www.acb.com/fichas/LACB62095.php,BLP
17,0,"Martinez, Rafa",20:35,6,0,1,0,2,4,50,0,0,0,4,4,0,0,1,0,0,0,0,0,1,2,-12,9,2017-2018,Regular Season,11,10/12/2017,movistar estudiantes - valencia basket club,73 - 71,Valencia,95,http://www.acb.com/fichas/LACB62095.php,A3W
19,0,San Emeterio,31:19,11,3,9,33,0,0,0,5,5,100,4,4,0,2,0,2,0,0,2,0,0,7,-2,14,2017-2018,Regular Season,11,10/12/2017,movistar estudiantes - valencia basket club,73 - 71,Valencia,95,http://www.acb.com/fichas/LACB62095.php,A8T
21,1,"Pleiss, Tibor",30:22,21,10,16,63,0,0,0,1,2,50,12,6,6,1,0,1,0,0,1,1,1,2,5,26,2017-2018,Regular Season,11,10/12/2017,movistar estudiantes - valencia basket club,73 - 71,Valencia,95,http://www.acb.com/fichas/LACB62095.php,219
32,1,"Green, Erick",21:16,13,5,10,50,0,2,0,3,3,100,1,0,1,0,0,0,0,0,0,0,2,3,5,8,2017-2018,Regular Season,11,10/12/2017,movistar estudiantes - valencia basket club,73 - 71,Valencia,95,http://www.acb.com/fichas/LACB62095.php,53P
42,1,"Doornekamp, A.",19:59,3,1,3,33,0,3,0,1,2,50,2,2,0,0,0,1,0,0,1,0,2,2,-3,-3,2017-2018,Regular Season,11,10/12/2017,movistar estudiantes - valencia basket club,73 - 71,Valencia,95,http://www.acb.com/fichas/LACB62095.php,501
51,0,"Hlinason, T.",3:28,0,0,1,0,0,0,0,0,0,0,0,0,0,0,0,1,0,1,0,0,1,1,2,-1,2017-2018,Regular Season,11,10/12/2017,movistar estudiantes - valencia basket club,73 - 71,Valencia,95,http://www.acb.com/fichas/LACB62095.php,55F
0,0,Equipo,0,0,0,0,0,0,0,0,0,0,0,3,2,1,0,0,0,0,0,0,0,0,0,0,3,2017-2018,Regular Season,11,10/12/2017,movistar estudiantes - valencia basket club,73 - 71,0,95,http://www.acb.com/fichas/LACB62095.php,
5,0,"Triguero, J.",5:39,2,1,1,100,0,0,0,0,0,0,2,2,0,0,0,0,0,0,0,0,0,0,1,4,2017-2018,Regular Season,11,10/12/2017,tecnyconta zaragoza - unicaja,77 - 102,Zaragoza,96,http://www.acb.com/fichas/LACB62096.php,BCC
7,1,"Barreiro, J.",8:20,2,1,2,50,0,1,0,0,0,0,1,0,1,0,0,1,0,1,0,0,1,0,-5,0,2017-2018,Regular Season,11,10/12/2017,tecnyconta zaragoza - unicaja,77 - 102,Zaragoza,96,http://www.acb.com/fichas/LACB62096.php,XEU
9,1,"Dragovic, Nikola",20:18,9,3,4,75,1,4,25,0,0,0,6,5,1,2,2,2,0,0,0,1,4,1,-21,10,2017-2018,Regular Season,11,10/12/2017,tecnyconta zaragoza - unicaja,77 - 102,Zaragoza,96,http://www.acb.com/fichas/LACB62096.php,542
11,1,"Bellas, Tomas",27:49,2,1,1,100,0,2,0,0,0,0,0,0,0,3,0,0,0,0,0,0,3,3,-27,3,2017-2018,Regular Season,11,10/12/2017,tecnyconta zaragoza - unicaja,77 - 102,Zaragoza,96,http://www.acb.com/fichas/LACB62096.php,YEF
12,0,"Alocen, Carlos",21:34,0,0,1,0,0,2,0,0,2,0,3,3,0,3,0,1,0,0,0,0,0,4,-7,4,2017-2018,Regular Season,11,10/12/2017,tecnyconta zaragoza - unicaja,77 - 102,Zaragoza,96,http://www.acb.com/fichas/LACB62096.php,I3D
13,1,"Neal, Gary",24:43,16,2,5,40,2,4,50,6,6,100,0,0,0,2,1,2,0,0,0,0,1,4,-19,15,2017-2018,Regular Season,11,10/12/2017,tecnyconta zaragoza - unicaja,77 - 102,Zaragoza,96,http://www.acb.com/fichas/LACB62096.php,BFB
14,0,"Mazalin, Lovro",7:0,2,1,2,50,0,0,0,0,0,0,1,1,0,0,0,0,0,0,0,0,2,1,-4,1,2017-2018,Regular Season,11,10/12/2017,tecnyconta zaragoza - unicaja,77 - 102,Zaragoza,96,http://www.acb.com/fichas/LACB62096.php,53C
24,0,"Michalak, Michal",12:27,17,4,4,100,3,6,50,0,0,0,1,1,0,1,1,1,0,0,0,0,3,0,2,13,2017-2018,Regular Season,11,10/12/2017,tecnyconta zaragoza - unicaja,77 - 102,Zaragoza,96,http://www.acb.com/fichas/LACB62096.php,53M
27,1,"De Jong, Nicolas",18:22,12,3,6,50,0,0,0,6,8,75,5,2,3,0,0,0,0,0,1,0,1,6,-15,16,2017-2018,Regular Season,11,10/12/2017,tecnyconta zaragoza - unicaja,77 - 102,Zaragoza,96,http://www.acb.com/fichas/LACB62096.php,54I
32,0,"Varnado, Jarvis",15:40,2,1,2,50,0,0,0,0,2,0,2,2,0,0,1,1,0,1,0,1,2,1,-10,1,2017-2018,Regular Season,11,10/12/2017,tecnyconta zaragoza - unicaja,77 - 102,Zaragoza,96,http://www.acb.com/fichas/LACB62096.php,544
33,0,"Suarez, Alex",20:1,8,1,2,50,2,5,40,0,0,0,2,2,0,0,0,0,0,0,0,0,2,0,-5,4,2017-2018,Regular Season,11,10/12/2017,tecnyconta zaragoza - unicaja,77 - 102,Zaragoza,96,http://www.acb.com/fichas/LACB62096.php,BLI
45,0,"Blums, Janis",18:7,5,1,2,50,1,6,17,0,0,0,2,2,0,2,0,1,0,0,0,0,1,0,-15,1,2017-2018,Regular Season,11,10/12/2017,tecnyconta zaragoza - unicaja,77 - 102,Zaragoza,96,http://www.acb.com/fichas/LACB62096.php,BG3
0,0,Equipo,0,0,0,0,0,0,0,0,0,0,0,3,3,0,0,0,1,0,0,0,0,0,0,0,2,2017-2018,Regular Season,11,10/12/2017,tecnyconta zaragoza - unicaja,77 - 102,0,96,http://www.acb.com/fichas/LACB62096.php,
0,0,"Okouo, Viny",0,0,0,0,0,0,0,0,0,0,0,0,0,0,0,0,0,0,0,0,0,0,0,0,0,2017-2018,Regular Season,11,10/12/2017,tecnyconta zaragoza - unicaja,77 - 102,Unicaja,96,http://www.acb.com/fichas/LACB62096.php,0
3,1,"McCallum, Ray",18:38,11,3,7,43,1,2,50,2,3,67,4,4,0,3,0,2,0,0,0,0,2,3,6,11,2017-2018,Regular Season,11,10/12/2017,tecnyconta zaragoza - unicaja,77 - 102,Unicaja,96,http://www.acb.com/fichas/LACB62096.php,540
9,0,"Diaz, Alberto",21:55,8,1,2,50,2,4,50,0,0,0,5,5,0,7,0,0,0,0,0,0,3,0,20,14,2017-2018,Regular Season,11,10/12/2017,tecnyconta zaragoza - unicaja,77 - 102,Unicaja,96,http://www.acb.com/fichas/LACB62096.php,SHG
10,0,"Salin, Sasu",13:10,3,0,1,0,1,2,50,0,0,0,3,2,1,1,0,1,0,0,0,0,4,2,6,2,2017-2018,Regular Season,11,10/12/2017,tecnyconta zaragoza - unicaja,77 - 102,Unicaja,96,http://www.acb.com/fichas/LACB62096.php,2IR
0,0,"Diez, Daniel",0,0,0,0,0,0,0,0,0,0,0,0,0,0,0,0,0,0,0,0,0,0,0,0,0,2017-2018,Regular Season,11,10/12/2017,tecnyconta zaragoza - unicaja,77 - 102,Unicaja,96,http://www.acb.com/fichas/LACB62096.php,0
12,1,"Milosavljevic, D.",20:28,6,0,0,0,2,3,67,0,0,0,1,1,0,1,0,2,0,0,0,0,3,0,13,2,2017-2018,Regular Season,11,10/12/2017,tecnyconta zaragoza - unicaja,77 - 102,Unicaja,96,http://www.acb.com/fichas/LACB62096.php,53F
16,1,"Nedovic, Nemanja",27:56,17,3,6,50,3,8,38,2,2,100,2,2,0,5,0,1,0,0,1,0,2,2,20,14,2017-2018,Regular Season,11,10/12/2017,tecnyconta zaragoza - unicaja,77 - 102,Unicaja,96,http://www.acb.com/fichas/LACB62096.php,2FY
17,0,"Shermadini, Giorgi",22:36,15,4,6,67,0,0,0,7,7,100,4,3,1,0,2,1,0,0,1,0,2,6,6,21,2017-2018,Regular Season,11,10/12/2017,tecnyconta zaragoza - unicaja,77 - 102,Unicaja,96,http://www.acb.com/fichas/LACB62096.php,H18
21,0,"Waczynski, Adam",17:53,16,1,2,50,4,5,80,2,2,100,2,1,1,1,0,0,0,0,0,0,2,1,10,16,2017-2018,Regular Season,11,10/12/2017,tecnyconta zaragoza - unicaja,77 - 102,Unicaja,96,http://www.acb.com/fichas/LACB62096.php,1KW
23,1,"Brooks, Jeff",24:18,9,3,5,60,1,1,100,0,0,0,6,5,1,1,1,1,0,0,0,0,1,0,13,13,2017-2018,Regular Season,11,10/12/2017,tecnyconta zaragoza - unicaja,77 - 102,Unicaja,96,http://www.acb.com/fichas/LACB62096.php,505
40,1,"Augustine, James",17:5,8,4,5,80,0,0,0,0,1,0,5,5,0,0,0,0,0,1,0,0,1,2,18,13,2017-2018,Regular Season,11,10/12/2017,tecnyconta zaragoza - unicaja,77 - 102,Unicaja,96,http://www.acb.com/fichas/LACB62096.php,BGJ
43,0,"Suarez, Carlos",16:1,9,1,2,50,2,3,67,1,2,50,3,3,0,1,0,1,0,0,0,0,0,3,13,12,2017-2018,Regular Season,11,10/12/2017,tecnyconta zaragoza - unicaja,77 - 102,Unicaja,96,http://www.acb.com/fichas/LACB62096.php,B79
0,0,Equipo,0,0,0,0,0,0,0,0,0,0,0,2,0,2,0,0,0,0,0,0,0,0,0,0,2,2017-2018,Regular Season,11,10/12/2017,tecnyconta zaragoza - unicaja,77 - 102,0,96,http://www.acb.com/fichas/LACB62096.php,
1,0,"Agbelese, Danny",14:5,2,1,2,50,0,0,0,0,0,0,5,2,3,1,0,1,0,2,0,0,1,0,-10,7,2017-2018,Regular Season,11,09/12/2017,delteco gbc - morabanc andorra,60 - 64,Guipuzcoa,97,http://www.acb.com/fichas/LACB62097.php,D03
3,0,"Chery, Kenny",27:20,13,2,7,29,2,8,25,3,3,100,1,1,0,0,1,2,3,0,0,0,2,2,-8,2,2017-2018,Regular Season,11,09/12/2017,delteco gbc - morabanc andorra,60 - 64,Guipuzcoa,97,http://www.acb.com/fichas/LACB62097.php,51A
4,0,"Van Lacke, Fede",18:47,2,0,2,0,0,2,0,2,4,50,4,4,0,0,1,3,0,0,1,0,3,4,-10,-2,2017-2018,Regular Season,11,09/12/2017,delteco gbc - morabanc andorra,60 - 64,Guipuzcoa,97,http://www.acb.com/fichas/LACB62097.php,B3K
5,1,"Perez, Daniel",22:22,6,1,4,25,1,6,17,1,2,50,3,3,0,5,0,0,0,0,0,0,2,3,6,6,2017-2018,Regular Season,11,09/12/2017,delteco gbc - morabanc andorra,60 - 64,Guipuzcoa,97,http://www.acb.com/fichas/LACB62097.php,Y84
7,0,"Oroz, Xabi",7:29,0,0,0,0,0,0,0,0,0,0,2,1,1,0,0,0,0,0,0,0,0,0,-8,2,2017-2018,Regular Season,11,09/12/2017,delteco gbc - morabanc andorra,60 - 64,Guipuzcoa,97,http://www.acb.com/fichas/LACB62097.php,XDP
10,1,"Salvo, Miquel",11:34,0,0,1,0,0,2,0,0,0,0,2,2,0,0,0,1,0,0,0,0,0,0,-2,-2,2017-2018,Regular Season,11,09/12/2017,delteco gbc - morabanc andorra,60 - 64,Guipuzcoa,97,http://www.acb.com/fichas/LACB62097.php,545
11,0,"Pardina, Joan",11:23,3,0,0,0,1,2,50,0,0,0,4,3,1,1,1,3,0,0,0,0,5,1,1,1,2017-2018,Regular Season,11,09/12/2017,delteco gbc - morabanc andorra,60 - 64,Guipuzcoa,97,http://www.acb.com/fichas/LACB62097.php,782
17,1,"Fakuade, Michael",10:4,7,2,4,50,1,1,100,0,0,0,3,1,2,1,0,2,0,0,1,0,1,1,2,6,2017-2018,Regular Season,11,09/12/2017,delteco gbc - morabanc andorra,60 - 64,Guipuzcoa,97,http://www.acb.com/fichas/LACB62097.php,54P
44,1,"Swing, Jordan",26:14,5,0,4,0,1,5,20,2,2,100,4,4,0,0,2,4,0,1,1,0,4,1,4,-4,2017-2018,Regular Season,11,09/12/2017,delteco gbc - morabanc andorra,60 - 64,Guipuzcoa,97,http://www.acb.com/fichas/LACB62097.php,D07
64,1,"Norel, Henk",25:55,12,4,7,57,0,0,0,4,4,100,12,5,7,0,0,3,1,0,0,1,4,6,6,20,2017-2018,Regular Season,11,09/12/2017,delteco gbc - morabanc andorra,60 - 64,Guipuzcoa,97,http://www.acb.com/fichas/LACB62097.php,BA0
88,0,"Clark, Daniel",24:47,10,3,6,50,1,5,20,1,2,50,5,4,1,3,2,2,1,0,0,0,3,2,-1,9,2017-2018,Regular Season,11,09/12/2017,delteco gbc - morabanc andorra,60 - 64,Guipuzcoa,97,http://www.acb.com/fichas/LACB62097.php,BB8
0,0,Equipo,0,0,0,0,0,0,0,0,0,0,0,5,4,1,0,0,0,0,0,0,0,0,0,0,5,2017-2018,Regular Season,11,09/12/2017,delteco gbc - morabanc andorra,60 - 64,0,97,http://www.acb.com/fichas/LACB62097.php,
3,0,"Fernandez, Jaime",18:46,12,3,3,100,1,5,20,3,4,75,2,2,0,4,0,2,0,1,0,0,3,4,12,13,2017-2018,Regular Season,11,09/12/2017,delteco gbc - morabanc andorra,60 - 64,Andorra,97,http://www.acb.com/fichas/LACB62097.php,117
11,0,"Blazic, Jaka",26:41,12,3,7,43,0,3,0,6,13,46,11,10,1,1,3,1,1,0,2,0,1,7,-2,16,2017-2018,Regular Season,11,09/12/2017,delteco gbc - morabanc andorra,60 - 64,Andorra,97,http://www.acb.com/fichas/LACB62097.php,FQF
0,0,"Jankovic, Vladimir",0,0,0,0,0,0,0,0,0,0,0,0,0,0,0,0,0,0,0,0,0,0,0,0,0,2017-2018,Regular Season,11,09/12/2017,delteco gbc - morabanc andorra,60 - 64,Andorra,97,http://www.acb.com/fichas/LACB62097.php,0
14,0,"Stevic, Oliver",24:24,13,6,8,75,0,1,0,1,1,100,3,2,1,0,2,0,2,0,0,1,1,5,15,19,2017-2018,Regular Season,11,09/12/2017,delteco gbc - morabanc andorra,60 - 64,Andorra,97,http://www.acb.com/fichas/LACB62097.php,170
15,0,"Karnowski, Przemek",14:33,7,3,4,75,0,0,0,1,3,33,6,4,2,0,0,2,0,1,0,0,1,2,4,10,2017-2018,Regular Season,11,09/12/2017,delteco gbc - morabanc andorra,60 - 64,Andorra,97,http://www.acb.com/fichas/LACB62097.php,53Y
16,1,"Albicy, Andrew",28:6,1,0,1,0,0,4,0,1,2,50,0,0,0,3,3,1,0,0,0,0,3,4,3,1,2017-2018,Regular Season,11,09/12/2017,delteco gbc - morabanc andorra,60 - 64,Andorra,97,http://www.acb.com/fichas/LACB62097.php,502
21,1,"Diagne, Moussa",13:59,2,1,3,33,0,0,0,0,0,0,2,2,0,0,0,0,0,0,0,0,5,0,-6,-3,2017-2018,Regular Season,11,09/12/2017,delteco gbc - morabanc andorra,60 - 64,Andorra,97,http://www.acb.com/fichas/LACB62097.php,17T
22,1,"Shurna, John",18:12,2,0,0,0,0,5,0,2,2,100,2,1,1,1,1,0,0,1,0,0,1,1,6,2,2017-2018,Regular Season,11,09/12/2017,delteco gbc - morabanc andorra,60 - 64,Andorra,97,http://www.acb.com/fichas/LACB62097.php,H36
23,1,"Walker, David",19:22,3,0,0,0,1,4,25,0,0,0,4,3,1,0,2,0,0,0,0,0,2,1,-4,5,2017-2018,Regular Season,11,09/12/2017,delteco gbc - morabanc andorra,60 - 64,Andorra,97,http://www.acb.com/fichas/LACB62097.php,513
0,0,"Colom, Guillem",0,0,0,0,0,0,0,0,0,0,0,0,0,0,0,0,0,0,0,0,0,0,0,0,0,2017-2018,Regular Season,11,09/12/2017,delteco gbc - morabanc andorra,60 - 64,Andorra,97,http://www.acb.com/fichas/LACB62097.php,0
25,1,"Jelinek, David",27:5,10,2,4,50,2,4,50,0,0,0,2,2,0,3,1,2,0,0,1,0,1,1,3,9,2017-2018,Regular Season,11,09/12/2017,delteco gbc - morabanc andorra,60 - 64,Andorra,97,http://www.acb.com/fichas/LACB62097.php,Y8C
34,0,"Copeland, Chris",8:52,2,1,1,100,0,5,0,0,0,0,1,1,0,0,0,2,0,0,0,0,2,0,-11,-6,2017-2018,Regular Season,11,09/12/2017,delteco gbc - morabanc andorra,60 - 64,Andorra,97,http://www.acb.com/fichas/LACB62097.php,56C
0,0,Equipo,0,0,0,0,0,0,0,0,0,0,0,2,2,0,0,0,1,0,0,0,0,0,0,0,1,2017-2018,Regular Season,11,09/12/2017,delteco gbc - morabanc andorra,60 - 64,0,97,http://www.acb.com/fichas/LACB62097.php,
0,1,"Olaseni, Gabriel",15:12,6,3,5,60,0,0,0,0,0,0,2,0,2,0,0,0,0,0,0,1,3,1,-5,4,2017-2018,Regular Season,11,10/12/2017,montakit fuenlabrada - divina seguros joventut,83 - 78,Fuenlabrada,98,http://www.acb.com/fichas/LACB62098.php,54F
2,1,"Popovic, Marko",26:45,22,5,5,100,3,8,38,3,5,60,1,1,0,4,0,1,0,0,0,0,4,8,-5,23,2017-2018,Regular Season,11,10/12/2017,montakit fuenlabrada - divina seguros joventut,83 - 78,Fuenlabrada,98,http://www.acb.com/fichas/LACB62098.php,B4P
4,1,"O'Leary, Ian",29:4,5,1,2,50,0,1,0,3,4,75,7,6,1,1,0,1,0,0,0,0,3,3,-2,9,2017-2018,Regular Season,11,10/12/2017,montakit fuenlabrada - divina seguros joventut,83 - 78,Fuenlabrada,98,http://www.acb.com/fichas/LACB62098.php,258
5,0,"Rupnik, Luka",10:30,1,0,0,0,0,2,0,1,2,50,0,0,0,0,1,1,0,0,0,0,0,2,-8,0,2017-2018,Regular Season,11,10/12/2017,montakit fuenlabrada - divina seguros joventut,83 - 78,Fuenlabrada,98,http://www.acb.com/fichas/LACB62098.php,52N
8,0,"Llorca, Alex",6:21,2,1,1,100,0,0,0,0,0,0,2,2,0,0,1,0,0,0,0,0,0,0,4,5,2017-2018,Regular Season,11,10/12/2017,montakit fuenlabrada - divina seguros joventut,83 - 78,Fuenlabrada,98,http://www.acb.com/fichas/LACB62098.php,BFV
9,0,"Sekulic, Blagota",1:47,0,0,0,0,0,0,0,0,0,0,1,1,0,0,0,0,0,0,0,0,1,0,-7,0,2017-2018,Regular Season,11,10/12/2017,montakit fuenlabrada - divina seguros joventut,83 - 78,Fuenlabrada,98,http://www.acb.com/fichas/LACB62098.php,BD8
11,0,"Cruz, Francisco",25:40,3,0,3,0,1,2,50,0,0,0,1,1,0,5,0,2,0,0,1,0,3,1,14,0,2017-2018,Regular Season,11,10/12/2017,montakit fuenlabrada - divina seguros joventut,83 - 78,Fuenlabrada,98,http://www.acb.com/fichas/LACB62098.php,516
0,0,"Ehigiator, Osas",0,0,0,0,0,0,0,0,0,0,0,0,0,0,0,0,0,0,0,0,0,0,0,0,0,2017-2018,Regular Season,11,10/12/2017,montakit fuenlabrada - divina seguros joventut,83 - 78,Fuenlabrada,98,http://www.acb.com/fichas/LACB62098.php,0
13,0,"Smits, Rolands",24:32,17,5,7,71,1,2,50,4,4,100,5,2,3,0,1,2,1,1,0,1,3,3,20,19,2017-2018,Regular Season,11,10/12/2017,montakit fuenlabrada - divina seguros joventut,83 - 78,Fuenlabrada,98,http://www.acb.com/fichas/LACB62098.php,862
16,1,"Vargas, Gregory",23:24,6,1,2,50,0,2,0,4,4,100,0,0,0,2,0,1,0,0,0,0,4,2,4,2,2017-2018,Regular Season,11,10/12/2017,montakit fuenlabrada - divina seguros joventut,83 - 78,Fuenlabrada,98,http://www.acb.com/fichas/LACB62098.php,53Q
0,0,"Llorente, Sergio",0,0,0,0,0,0,0,0,0,0,0,0,0,0,0,0,0,0,0,0,0,0,0,0,0,2017-2018,Regular Season,11,10/12/2017,montakit fuenlabrada - divina seguros joventut,83 - 78,Fuenlabrada,98,http://www.acb.com/fichas/LACB62098.php,0
31,1,"Eyenga, C.",36:45,21,5,10,50,1,3,33,8,11,73,9,7,2,0,1,4,0,2,0,0,4,8,10,23,2017-2018,Regular Season,11,10/12/2017,montakit fuenlabrada - divina seguros joventut,83 - 78,Fuenlabrada,98,http://www.acb.com/fichas/LACB62098.php,Y8D
0,0,Equipo,0,0,0,0,0,0,0,0,0,0,0,2,1,1,0,0,0,0,0,0,0,0,0,0,2,2017-2018,Regular Season,11,10/12/2017,montakit fuenlabrada - divina seguros joventut,83 - 78,0,98,http://www.acb.com/fichas/LACB62098.php,
0,0,"Dimitrijevic, N.",11:53,4,2,3,67,0,1,0,0,0,0,1,1,0,0,1,1,0,0,0,0,3,0,2,0,2017-2018,Regular Season,11,10/12/2017,montakit fuenlabrada - divina seguros joventut,83 - 78,Joventut,98,http://www.acb.com/fichas/LACB62098.php,2CP
0,0,"Birgander, Simon",0,0,0,0,0,0,0,0,0,0,0,0,0,0,0,0,0,0,0,0,0,0,0,0,0,2017-2018,Regular Season,11,10/12/2017,montakit fuenlabrada - divina seguros joventut,83 - 78,Joventut,98,http://www.acb.com/fichas/LACB62098.php,0
6,1,"Lopez-Arostegui, X",21:48,8,2,3,67,1,2,50,1,2,50,5,3,2,4,1,0,0,0,0,0,4,3,1,14,2017-2018,Regular Season,11,10/12/2017,montakit fuenlabrada - divina seguros joventut,83 - 78,Joventut,98,http://www.acb.com/fichas/LACB62098.php,1BA
9,1,"Vidal, Sergi",32:54,12,2,4,50,2,5,40,2,2,100,3,2,1,1,1,1,1,0,0,0,2,4,6,13,2017-2018,Regular Season,11,10/12/2017,montakit fuenlabrada - divina seguros joventut,83 - 78,Joventut,98,http://www.acb.com/fichas/LACB62098.php,A4B
12,0,"Kulvietis, Saulius",18:28,8,1,6,17,1,1,100,3,4,75,2,1,1,2,0,2,0,0,1,0,3,3,-13,3,2017-2018,Regular Season,11,10/12/2017,montakit fuenlabrada - divina seguros joventut,83 - 78,Joventut,98,http://www.acb.com/fichas/LACB62098.php,53V
13,0,"Nogues, Jose I.",5:4,0,0,0,0,0,1,0,0,0,0,0,0,0,0,0,0,0,0,0,0,0,0,5,-1,2017-2018,Regular Season,11,10/12/2017,montakit fuenlabrada - divina seguros joventut,83 - 78,Joventut,98,http://www.acb.com/fichas/LACB62098.php,8C8
14,0,"Ventura, Albert",6:24,0,0,1,0,0,0,0,0,0,0,3,3,0,0,0,2,0,0,0,0,3,0,-4,-3,2017-2018,Regular Season,11,10/12/2017,montakit fuenlabrada - divina seguros joventut,83 - 78,Joventut,98,http://www.acb.com/fichas/LACB62098.php,718
18,1,"Wayns, Maalik",28:7,15,5,7,71,1,3,33,2,5,40,2,2,0,2,1,2,2,0,2,0,1,7,-7,15,2017-2018,Regular Season,11,10/12/2017,montakit fuenlabrada - divina seguros joventut,83 - 78,Joventut,98,http://www.acb.com/fichas/LACB62098.php,56B
21,1,"Gielo, Tomasz",28:39,7,2,6,33,1,1,100,0,0,0,5,3,2,0,1,2,0,1,0,1,4,0,-10,4,2017-2018,Regular Season,11,10/12/2017,montakit fuenlabrada - divina seguros joventut,83 - 78,Joventut,98,http://www.acb.com/fichas/LACB62098.php,50Q
0,0,"Gudul, Omari",0,0,0,0,0,0,0,0,0,0,0,0,0,0,0,0,0,0,0,0,0,0,0,0,0,2017-2018,Regular Season,11,10/12/2017,montakit fuenlabrada - divina seguros joventut,83 - 78,Joventut,98,http://www.acb.com/fichas/LACB62098.php,0
35,0,"Richard, Patrick",22:10,11,3,3,100,1,3,33,2,2,100,0,0,0,2,2,1,1,0,0,1,3,2,-15,11,2017-2018,Regular Season,11,10/12/2017,montakit fuenlabrada - divina seguros joventut,83 - 78,Joventut,98,http://www.acb.com/fichas/LACB62098.php,53U
44,1,"Jordan, Jerome",24:33,13,4,8,50,0,0,0,5,6,83,5,2,3,1,1,2,0,0,0,1,5,6,10,14,2017-2018,Regular Season,11,10/12/2017,montakit fuenlabrada - divina seguros joventut,83 - 78,Joventut,98,http://www.acb.com/fichas/LACB62098.php,D10
0,0,Equipo,0,0,0,0,0,0,0,0,0,0,0,3,1,2,0,0,0,0,0,0,0,0,0,0,3,2017-2018,Regular Season,11,10/12/2017,montakit fuenlabrada - divina seguros joventut,83 - 78,0,98,http://www.acb.com/fichas/LACB62098.php,
1,1,"Anosike, Oderah",17:59,3,1,3,33,0,0,0,1,4,25,2,2,0,0,0,2,0,0,1,0,4,4,-12,-3,2017-2018,Regular Season,11,10/12/2017,real betis energia plus - monbus obradoiro,83 - 77,Sevilla,99,http://www.acb.com/fichas/LACB62099.php,FPY
4,1,"Draper, Dontaye",19:56,5,1,1,100,1,3,33,0,0,0,3,3,0,2,0,1,0,0,0,0,3,0,-8,4,2017-2018,Regular Season,11,10/12/2017,real betis energia plus - monbus obradoiro,83 - 77,Sevilla,99,http://www.acb.com/fichas/LACB62099.php,243
5,0,"Sanchez, A.",15:14,0,0,0,0,0,2,0,0,0,0,2,2,0,5,0,0,0,0,0,0,2,1,17,4,2017-2018,Regular Season,11,10/12/2017,real betis energia plus - monbus obradoiro,83 - 77,Sevilla,99,http://www.acb.com/fichas/LACB62099.php,B44
6,1,"Nelson, Luke",19:45,2,1,4,25,0,1,0,0,0,0,0,0,0,1,2,1,0,0,0,0,2,2,1,0,2017-2018,Regular Season,11,10/12/2017,real betis energia plus - monbus obradoiro,83 - 77,Sevilla,99,http://www.acb.com/fichas/LACB62099.php,547
7,0,"McGrath, Donnie",13:43,5,0,0,0,1,2,50,2,2,100,1,1,0,0,2,0,0,0,0,0,2,1,-2,6,2017-2018,Regular Season,11,10/12/2017,real betis energia plus - monbus obradoiro,83 - 77,Sevilla,99,http://www.acb.com/fichas/LACB62099.php,FPO
8,0,"Cruz, Ivan",12:42,5,1,2,50,1,2,50,0,0,0,4,3,1,0,0,0,0,0,0,0,2,2,10,7,2017-2018,Regular Season,11,10/12/2017,real betis energia plus - monbus obradoiro,83 - 77,Sevilla,99,http://www.acb.com/fichas/LACB62099.php,BLL
11,0,"Uriz, Mikel",20:46,9,2,2,100,1,2,50,2,2,100,2,2,0,1,2,1,0,0,0,0,1,3,13,14,2017-2018,Regular Season,11,10/12/2017,real betis energia plus - monbus obradoiro,83 - 77,Sevilla,99,http://www.acb.com/fichas/LACB62099.php,742
15,1,"Schilb, Blake",31:18,23,7,11,64,3,5,60,0,0,0,3,2,1,4,1,4,2,0,0,1,0,1,-4,22,2017-2018,Regular Season,11,10/12/2017,real betis energia plus - monbus obradoiro,83 - 77,Sevilla,99,http://www.acb.com/fichas/LACB62099.php,565
0,0,"Zagorac, Rade",0,0,0,0,0,0,0,0,0,0,0,0,0,0,0,0,0,0,0,0,0,0,0,0,0,2017-2018,Regular Season,11,10/12/2017,real betis energia plus - monbus obradoiro,83 - 77,Sevilla,99,http://www.acb.com/fichas/LACB62099.php,0
0,0,"Franch, Josep",0,0,0,0,0,0,0,0,0,0,0,0,0,0,0,0,0,0,0,0,0,0,0,0,0,2017-2018,Regular Season,11,10/12/2017,real betis energia plus - monbus obradoiro,83 - 77,Sevilla,99,http://www.acb.com/fichas/LACB62099.php,0
32,0,"Golubovic, V.",19:3,10,3,7,43,0,0,0,4,4,100,3,3,0,0,0,1,0,0,1,0,3,4,18,8,2017-2018,Regular Season,11,10/12/2017,real betis energia plus - monbus obradoiro,83 - 77,Sevilla,99,http://www.acb.com/fichas/LACB62099.php,004
34,1,"Kelly, Ryan",29:34,21,3,5,60,3,3,100,6,6,100,3,3,0,1,1,2,0,1,0,1,2,5,-3,26,2017-2018,Regular Season,11,10/12/2017,real betis energia plus - monbus obradoiro,83 - 77,Sevilla,99,http://www.acb.com/fichas/LACB62099.php,54V
0,0,Equipo,0,0,0,0,0,0,0,0,0,0,0,4,3,1,0,0,1,0,0,0,0,0,0,0,3,2017-2018,Regular Season,11,10/12/2017,real betis energia plus - monbus obradoiro,83 - 77,0,99,http://www.acb.com/fichas/LACB62099.php,
3,0,"Sabat, Albert",12:24,3,0,0,0,1,2,50,0,0,0,1,1,0,2,0,2,0,0,0,0,4,0,-13,-1,2017-2018,Regular Season,11,10/12/2017,real betis energia plus - monbus obradoiro,83 - 77,Obradoiro,99,http://www.acb.com/fichas/LACB62099.php,B2J
7,0,"Simons, Benjamin",12:13,3,0,1,0,1,3,33,0,0,0,1,1,0,0,0,0,0,0,0,0,1,0,-10,0,2017-2018,Regular Season,11,10/12/2017,real betis energia plus - monbus obradoiro,83 - 77,Obradoiro,99,http://www.acb.com/fichas/LACB62099.php,548
9,1,"Llovet, Nacho",28:37,16,4,5,80,1,1,100,5,7,71,4,3,1,2,2,2,0,0,0,1,2,4,4,21,2017-2018,Regular Season,11,10/12/2017,real betis energia plus - monbus obradoiro,83 - 77,Obradoiro,99,http://www.acb.com/fichas/LACB62099.php,Y7O
11,0,"Radovic, Nemanja",14:16,4,2,5,40,0,0,0,0,2,0,3,3,0,0,1,2,0,0,1,0,5,1,-1,-4,2017-2018,Regular Season,11,10/12/2017,real betis energia plus - monbus obradoiro,83 - 77,Obradoiro,99,http://www.acb.com/fichas/LACB62099.php,H52
13,1,"Pustovyi, Artem",21:57,10,5,6,83,0,0,0,0,0,0,2,1,1,0,0,2,0,0,0,0,5,3,-2,7,2017-2018,Regular Season,11,10/12/2017,real betis energia plus - monbus obradoiro,83 - 77,Obradoiro,99,http://www.acb.com/fichas/LACB62099.php,FO1
16,0,"Spires, Nick",2:58,0,0,1,0,0,0,0,0,0,0,0,0,0,0,0,0,0,1,0,0,2,0,-3,-2,2017-2018,Regular Season,11,10/12/2017,real betis energia plus - monbus obradoiro,83 - 77,Obradoiro,99,http://www.acb.com/fichas/LACB62099.php,SCH
20,0,"Navarro, David",9:36,0,0,1,0,0,1,0,0,0,0,2,1,1,0,0,1,0,0,0,0,1,0,-7,-2,2017-2018,Regular Season,11,10/12/2017,real betis energia plus - monbus obradoiro,83 - 77,Obradoiro,99,http://www.acb.com/fichas/LACB62099.php,B8L
21,1,"Thomas, Matt",33:24,17,2,4,50,2,5,40,7,7,100,1,1,0,5,0,1,0,0,0,0,3,5,0,19,2017-2018,Regular Season,11,10/12/2017,real betis energia plus - monbus obradoiro,83 - 77,Obradoiro,99,http://www.acb.com/fichas/LACB62099.php,53S
22,1,"Bendzius, Eimantas",30:24,9,3,3,100,1,6,17,0,0,0,8,8,0,1,0,0,0,1,0,0,0,2,1,16,2017-2018,Regular Season,11,10/12/2017,real betis energia plus - monbus obradoiro,83 - 77,Obradoiro,99,http://www.acb.com/fichas/LACB62099.php,FO0
33,0,"Corbacho, A.",5:0,3,0,0,0,1,3,33,0,0,0,0,0,0,0,0,0,0,0,0,0,0,0,3,1,2017-2018,Regular Season,11,10/12/2017,real betis energia plus - monbus obradoiro,83 - 77,Obradoiro,99,http://www.acb.com/fichas/LACB62099.php,B5E
44,1,"Pozas, Pepe",27:35,12,2,3,67,2,4,50,2,4,50,4,4,0,2,3,4,0,0,0,0,0,6,7,18,2017-2018,Regular Season,11,10/12/2017,real betis energia plus - monbus obradoiro,83 - 77,Obradoiro,99,http://www.acb.com/fichas/LACB62099.php,750
54,0,"Laksa, Martins",1:36,0,0,0,0,0,0,0,0,0,0,0,0,0,0,0,0,0,0,0,0,0,0,-9,0,2017-2018,Regular Season,11,10/12/2017,real betis energia plus - monbus obradoiro,83 - 77,Obradoiro,99,http://www.acb.com/fichas/LACB62099.php,53A
0,0,Equipo,0,0,0,0,0,0,0,0,0,0,0,1,1,0,0,0,1,0,0,0,0,0,0,0,0,2017-2018,Regular Season,11,10/12/2017,real betis energia plus - monbus obradoiro,83 - 77,0,99,http://www.acb.com/fichas/LACB62099.php,
0,1,"Thomas, Will",21:40,9,2,3,67,1,4,25,2,3,67,2,0,2,1,2,2,1,0,1,0,2,2,4,6,2017-2018,Regular Season,12,17/12/2017,valencia basket club - delteco gbc,86 - 64,Valencia,100,http://www.acb.com/fichas/LACB62100.php,1L5
6,0,"Abalde, Alberto",15:57,5,0,2,0,1,4,25,2,2,100,2,1,1,2,1,0,0,0,0,0,2,1,5,4,2017-2018,Regular Season,12,17/12/2017,valencia basket club - delteco gbc,86 - 64,Valencia,100,http://www.acb.com/fichas/LACB62100.php,8C4
9,0,"Van Rossom, Sam",19:40,2,0,0,0,0,3,0,2,2,100,4,3,1,8,1,0,0,0,0,0,2,1,19,11,2017-2018,Regular Season,12,17/12/2017,valencia basket club - delteco gbc,86 - 64,Valencia,100,http://www.acb.com/fichas/LACB62100.php,BK4
0,0,"Rudez, Damjan",0,0,0,0,0,0,0,0,0,0,0,0,0,0,0,0,0,0,0,0,0,0,0,0,0,2017-2018,Regular Season,12,17/12/2017,valencia basket club - delteco gbc,86 - 64,Valencia,100,http://www.acb.com/fichas/LACB62100.php,0
14,0,"Dubljevic, Bojan",26:52,12,4,7,57,1,3,33,1,4,25,7,3,4,2,1,4,0,0,0,0,3,7,14,14,2017-2018,Regular Season,12,17/12/2017,valencia basket club - delteco gbc,86 - 64,Valencia,100,http://www.acb.com/fichas/LACB62100.php,217
16,1,"Vives, Guillem",21:14,6,0,0,0,2,5,40,0,0,0,1,1,0,1,1,1,0,0,0,0,1,0,6,4,2017-2018,Regular Season,12,17/12/2017,valencia basket club - delteco gbc,86 - 64,Valencia,100,http://www.acb.com/fichas/LACB62100.php,BLP
17,0,"Martinez, Rafa",21:9,24,1,1,100,6,7,86,4,4,100,1,1,0,2,1,1,0,0,0,0,2,2,14,26,2017-2018,Regular Season,12,17/12/2017,valencia basket club - delteco gbc,86 - 64,Valencia,100,http://www.acb.com/fichas/LACB62100.php,A3W
19,1,San Emeterio,24:46,13,4,6,67,1,4,25,2,2,100,2,2,0,2,1,3,2,0,2,0,1,4,12,11,2017-2018,Regular Season,12,17/12/2017,valencia basket club - delteco gbc,86 - 64,Valencia,100,http://www.acb.com/fichas/LACB62100.php,A8T
21,1,"Pleiss, Tibor",13:8,5,1,1,100,1,1,100,0,0,0,4,3,1,1,0,1,0,0,0,1,2,1,8,8,2017-2018,Regular Season,12,17/12/2017,valencia basket club - delteco gbc,86 - 64,Valencia,100,http://www.acb.com/fichas/LACB62100.php,219
32,1,"Green, Erick",14:11,4,2,4,50,0,1,0,0,0,0,1,1,0,3,1,0,1,0,0,1,2,0,3,4,2017-2018,Regular Season,12,17/12/2017,valencia basket club - delteco gbc,86 - 64,Valencia,100,http://www.acb.com/fichas/LACB62100.php,53P
42,0,"Doornekamp, A.",20:29,6,0,2,0,2,3,67,0,0,0,3,3,0,1,3,1,0,0,1,0,3,2,22,7,2017-2018,Regular Season,12,17/12/2017,valencia basket club - delteco gbc,86 - 64,Valencia,100,http://www.acb.com/fichas/LACB62100.php,501
51,0,"Hlinason, T.",0:54,0,0,0,0,0,0,0,0,0,0,0,0,0,0,0,0,0,0,0,0,0,0,3,0,2017-2018,Regular Season,12,17/12/2017,valencia basket club - delteco gbc,86 - 64,Valencia,100,http://www.acb.com/fichas/LACB62100.php,55F
0,0,Equipo,0,0,0,0,0,0,0,0,0,0,0,1,1,0,0,0,0,0,0,0,0,0,0,0,1,2017-2018,Regular Season,12,17/12/2017,valencia basket club - delteco gbc,86 - 64,0,100,http://www.acb.com/fichas/LACB62100.php,
1,0,"Agbelese, Danny",13:32,2,1,1,100,0,0,0,0,2,0,0,0,0,0,0,2,0,1,0,0,3,2,-17,-2,2017-2018,Regular Season,12,17/12/2017,valencia basket club - delteco gbc,86 - 64,Guipuzcoa,100,http://www.acb.com/fichas/LACB62100.php,D03
3,0,"Chery, Kenny",21:34,4,2,4,50,0,1,0,0,0,0,4,4,0,2,1,3,0,0,0,0,1,2,-16,6,2017-2018,Regular Season,12,17/12/2017,valencia basket club - delteco gbc,86 - 64,Guipuzcoa,100,http://www.acb.com/fichas/LACB62100.php,51A
4,1,"Van Lacke, Fede",25:2,7,0,3,0,2,4,50,1,2,50,3,2,1,0,0,2,0,0,0,0,0,2,-21,4,2017-2018,Regular Season,12,17/12/2017,valencia basket club - delteco gbc,86 - 64,Guipuzcoa,100,http://www.acb.com/fichas/LACB62100.php,B3K
5,1,"Perez, Daniel",31:13,12,4,5,80,1,2,50,1,2,50,3,2,1,3,0,0,1,0,0,0,1,5,-6,19,2017-2018,Regular Season,12,17/12/2017,valencia basket club - delteco gbc,86 - 64,Guipuzcoa,100,http://www.acb.com/fichas/LACB62100.php,Y84
7,0,"Oroz, Xabi",3:22,0,0,0,0,0,0,0,0,0,0,0,0,0,0,0,1,0,0,0,0,1,0,-5,-2,2017-2018,Regular Season,12,17/12/2017,valencia basket club - delteco gbc,86 - 64,Guipuzcoa,100,http://www.acb.com/fichas/LACB62100.php,XDP
10,0,"Salvo, Miquel",14:52,5,2,2,100,0,0,0,1,1,100,2,1,1,0,1,2,0,0,0,0,2,1,-16,5,2017-2018,Regular Season,12,17/12/2017,valencia basket club - delteco gbc,86 - 64,Guipuzcoa,100,http://www.acb.com/fichas/LACB62100.php,545
17,0,"Fakuade, Michael",15:24,7,3,4,75,0,0,0,1,2,50,1,1,0,2,1,2,0,1,0,0,2,1,-17,7,2017-2018,Regular Season,12,17/12/2017,valencia basket club - delteco gbc,86 - 64,Guipuzcoa,100,http://www.acb.com/fichas/LACB62100.php,54P
44,1,"Swing, Jordan",23:57,8,1,3,33,2,7,29,0,0,0,4,4,0,2,0,3,0,0,0,0,5,0,-2,-1,2017-2018,Regular Season,12,17/12/2017,valencia basket club - delteco gbc,86 - 64,Guipuzcoa,100,http://www.acb.com/fichas/LACB62100.php,D07
64,1,"Norel, Henk",24:49,7,2,5,40,0,0,0,3,4,75,5,3,2,1,1,1,0,1,0,0,3,6,-6,13,2017-2018,Regular Season,12,17/12/2017,valencia basket club - delteco gbc,86 - 64,Guipuzcoa,100,http://www.acb.com/fichas/LACB62100.php,BA0
88,1,"Clark, Daniel",26:15,12,2,3,67,2,6,33,2,2,100,5,3,2,1,0,5,1,1,0,0,2,1,-4,8,2017-2018,Regular Season,12,17/12/2017,valencia basket club - delteco gbc,86 - 64,Guipuzcoa,100,http://www.acb.com/fichas/LACB62100.php,BB8
0,0,Equipo,0,0,0,0,0,0,0,0,0,0,0,3,1,2,0,0,0,0,0,0,0,0,0,0,3,2017-2018,Regular Season,12,17/12/2017,valencia basket club - delteco gbc,86 - 64,0,100,http://www.acb.com/fichas/LACB62100.php,
1,0,"Seraphin, Kevin",19:5,10,4,11,36,0,0,0,2,2,100,8,4,4,0,3,0,0,1,0,0,3,2,1,14,2017-2018,Regular Season,12,17/12/2017,fc barcelona lassa - herbalife gran canaria,77 - 88,FC_Barcelona,101,http://www.acb.com/fichas/LACB62101.php,164
5,1,"Ribas, Pau",25:13,10,2,2,100,2,5,40,0,0,0,1,0,1,4,0,0,0,0,0,0,1,1,-12,12,2017-2018,Regular Season,12,17/12/2017,fc barcelona lassa - herbalife gran canaria,77 - 88,FC_Barcelona,101,http://www.acb.com/fichas/LACB62101.php,AF1
8,0,"Pressey, Phil",13:56,2,1,4,25,0,5,0,0,2,0,2,1,1,0,0,0,0,0,0,0,2,3,-6,-5,2017-2018,Regular Season,12,17/12/2017,fc barcelona lassa - herbalife gran canaria,77 - 88,FC_Barcelona,101,http://www.acb.com/fichas/LACB62101.php,53X
9,0,"Hanga, Adam",21:11,4,2,5,40,0,4,0,0,0,0,7,4,3,1,1,0,0,1,0,1,2,1,0,6,2017-2018,Regular Season,12,17/12/2017,fc barcelona lassa - herbalife gran canaria,77 - 88,FC_Barcelona,101,http://www.acb.com/fichas/LACB62101.php,125
11,0,"Navarro, J.C.",14:38,0,0,3,0,0,1,0,0,0,0,2,2,0,3,0,1,0,0,1,0,4,1,3,-4,2017-2018,Regular Season,12,17/12/2017,fc barcelona lassa - herbalife gran canaria,77 - 88,FC_Barcelona,101,http://www.acb.com/fichas/LACB62101.php,A62
13,1,"Heurtel, Thomas",26:4,24,8,10,80,2,6,33,2,2,100,4,2,2,6,0,2,1,0,0,0,3,2,-5,25,2017-2018,Regular Season,12,17/12/2017,fc barcelona lassa - herbalife gran canaria,77 - 88,FC_Barcelona,101,http://www.acb.com/fichas/LACB62101.php,BJP
18,0,"Oriola, Pierre",13:26,6,3,4,75,0,0,0,0,2,0,4,2,2,0,0,0,0,0,0,0,3,2,0,6,2017-2018,Regular Season,12,17/12/2017,fc barcelona lassa - herbalife gran canaria,77 - 88,FC_Barcelona,101,http://www.acb.com/fichas/LACB62101.php,BIQ
21,1,"Sanders, Rakim",18:58,9,3,6,50,1,3,33,0,1,0,0,0,0,0,0,1,0,0,0,0,1,2,-13,3,2017-2018,Regular Season,12,17/12/2017,fc barcelona lassa - herbalife gran canaria,77 - 88,FC_Barcelona,101,http://www.acb.com/fichas/LACB62101.php,53Z
0,0,"Koponen, Petteri",0,0,0,0,0,0,0,0,0,0,0,0,0,0,0,0,0,0,0,0,0,0,0,0,0,2017-2018,Regular Season,12,17/12/2017,fc barcelona lassa - herbalife gran canaria,77 - 88,FC_Barcelona,101,http://www.acb.com/fichas/LACB62101.php,0
30,0,"Claver, Victor",17:20,1,0,1,0,0,0,0,1,2,50,2,1,1,0,1,1,0,1,0,0,2,1,6,1,2017-2018,Regular Season,12,17/12/2017,fc barcelona lassa - herbalife gran canaria,77 - 88,FC_Barcelona,101,http://www.acb.com/fichas/LACB62101.php,BAZ
44,1,"Tomic, Ante",10:40,2,1,4,25,0,0,0,0,0,0,3,0,3,3,1,1,0,0,0,0,1,0,-9,4,2017-2018,Regular Season,12,17/12/2017,fc barcelona lassa - herbalife gran canaria,77 - 88,FC_Barcelona,101,http://www.acb.com/fichas/LACB62101.php,BIY
45,1,"Moerman, Adrien",19:29,9,1,1,100,2,3,67,1,6,17,1,1,0,1,4,1,0,0,0,0,2,3,-20,9,2017-2018,Regular Season,12,17/12/2017,fc barcelona lassa - herbalife gran canaria,77 - 88,FC_Barcelona,101,http://www.acb.com/fichas/LACB62101.php,216
0,0,Equipo,0,0,0,0,0,0,0,0,0,0,0,3,1,2,0,0,0,0,0,0,0,0,0,0,3,2017-2018,Regular Season,12,17/12/2017,fc barcelona lassa - herbalife gran canaria,77 - 88,0,101,http://www.acb.com/fichas/LACB62101.php,
4,0,"Oliver, Albert",20:52,9,3,5,60,1,1,100,0,0,0,2,1,1,1,0,2,0,0,1,0,0,0,-7,7,2017-2018,Regular Season,12,17/12/2017,fc barcelona lassa - herbalife gran canaria,77 - 88,Gran_Canaria,101,http://www.acb.com/fichas/LACB62101.php,A56
8,1,"Eriksson, Marcus",23:4,13,1,4,25,3,5,60,2,4,50,3,3,0,2,0,1,0,0,0,0,2,5,11,13,2017-2018,Regular Season,12,17/12/2017,fc barcelona lassa - herbalife gran canaria,77 - 88,Gran_Canaria,101,http://www.acb.com/fichas/LACB62101.php,118
9,1,"Mekel, Gal",19:12,12,2,3,67,1,1,100,5,6,83,1,1,0,3,0,4,0,0,0,0,5,3,18,8,2017-2018,Regular Season,12,17/12/2017,fc barcelona lassa - herbalife gran canaria,77 - 88,Gran_Canaria,101,http://www.acb.com/fichas/LACB62101.php,53K
11,0,"Seeley, DJ",19:19,5,1,5,20,1,3,33,0,0,0,1,1,0,3,2,0,0,0,0,0,2,3,-4,6,2017-2018,Regular Season,12,17/12/2017,fc barcelona lassa - herbalife gran canaria,77 - 88,Gran_Canaria,101,http://www.acb.com/fichas/LACB62101.php,2IW
12,1,"Balvin, Ondrej",24:9,17,7,8,88,0,0,0,3,3,100,4,2,2,2,0,2,0,0,0,4,3,3,14,20,2017-2018,Regular Season,12,17/12/2017,fc barcelona lassa - herbalife gran canaria,77 - 88,Gran_Canaria,101,http://www.acb.com/fichas/LACB62101.php,BLE
13,1,"Baez, Eulis",28:9,12,4,5,80,1,3,33,1,1,100,8,6,2,2,0,2,0,0,0,0,1,4,17,20,2017-2018,Regular Season,12,17/12/2017,fc barcelona lassa - herbalife gran canaria,77 - 88,Gran_Canaria,101,http://www.acb.com/fichas/LACB62101.php,BIH
14,0,"Pasecniks, Anzejs",15:47,5,2,3,67,0,1,0,1,2,50,3,2,1,0,0,1,0,1,0,0,2,2,-3,5,2017-2018,Regular Season,12,17/12/2017,fc barcelona lassa - herbalife gran canaria,77 - 88,Gran_Canaria,101,http://www.acb.com/fichas/LACB62101.php,FQH
21,1,"Pauli, Oriol",22:36,10,1,2,50,1,2,50,5,6,83,6,6,0,3,0,1,0,0,1,0,1,4,6,17,2017-2018,Regular Season,12,17/12/2017,fc barcelona lassa - herbalife gran canaria,77 - 88,Gran_Canaria,101,http://www.acb.com/fichas/LACB62101.php,SCE
22,0,"Rabaseda, Xavi",15:1,5,1,2,50,1,1,100,0,0,0,2,2,0,2,1,1,0,0,0,0,2,0,9,6,2017-2018,Regular Season,12,17/12/2017,fc barcelona lassa - herbalife gran canaria,77 - 88,Gran_Canaria,101,http://www.acb.com/fichas/LACB62101.php,Y1F
34,0,"Aguilar, Pablo",11:51,0,0,1,0,0,1,0,0,0,0,2,1,1,0,0,0,0,0,1,0,0,0,-6,-1,2017-2018,Regular Season,12,17/12/2017,fc barcelona lassa - herbalife gran canaria,77 - 88,Gran_Canaria,101,http://www.acb.com/fichas/LACB62101.php,Y49
0,0,"Fischer, Luke",0,0,0,0,0,0,0,0,0,0,0,0,0,0,0,0,0,0,0,0,0,0,0,0,0,2017-2018,Regular Season,12,17/12/2017,fc barcelona lassa - herbalife gran canaria,77 - 88,Gran_Canaria,101,http://www.acb.com/fichas/LACB62101.php,0
0,0,Equipo,0,0,0,0,0,0,0,0,0,0,0,6,4,2,0,0,0,0,0,0,0,0,0,0,6,2017-2018,Regular Season,12,17/12/2017,fc barcelona lassa - herbalife gran canaria,77 - 88,0,101,http://www.acb.com/fichas/LACB62101.php,
2,0,"Thomas, Devin",24:32,10,3,4,75,0,0,0,4,6,67,7,6,1,2,2,2,0,2,0,0,2,3,11,19,2017-2018,Regular Season,12,17/12/2017,retabet bilbao basket - movistar estudiantes,87 - 77,Bilbao,102,http://www.acb.com/fichas/LACB62102.php,56E
5,1,"Fischer, Ricardo",18:49,16,6,6,100,0,1,0,4,4,100,1,1,0,1,0,3,0,0,0,0,0,4,-14,18,2017-2018,Regular Season,12,17/12/2017,retabet bilbao basket - movistar estudiantes,87 - 77,Bilbao,102,http://www.acb.com/fichas/LACB62102.php,53G
0,0,"Mendia, Borja",0,0,0,0,0,0,0,0,0,0,0,0,0,0,0,0,0,0,0,0,0,0,0,0,0,2017-2018,Regular Season,12,17/12/2017,retabet bilbao basket - movistar estudiantes,87 - 77,Bilbao,102,http://www.acb.com/fichas/LACB62102.php,0
11,0,"Hammink, Shane",18:54,2,0,0,0,0,0,0,2,2,100,1,1,0,2,1,0,0,0,0,0,3,1,6,4,2017-2018,Regular Season,12,17/12/2017,retabet bilbao basket - movistar estudiantes,87 - 77,Bilbao,102,http://www.acb.com/fichas/LACB62102.php,53H
12,0,"Redivo, Lucio",27:50,12,6,7,86,0,5,0,0,0,0,0,0,0,1,0,1,2,0,0,0,1,0,20,5,2017-2018,Regular Season,12,17/12/2017,retabet bilbao basket - movistar estudiantes,87 - 77,Bilbao,102,http://www.acb.com/fichas/LACB62102.php,538
14,0,"Salgado, Javier",21:11,13,1,2,50,3,3,100,2,2,100,0,0,0,7,1,2,0,0,0,0,2,3,24,19,2017-2018,Regular Season,12,17/12/2017,retabet bilbao basket - movistar estudiantes,87 - 77,Bilbao,102,http://www.acb.com/fichas/LACB62102.php,B1R
15,1,"Mumbru, Alex",22:34,7,1,1,100,1,7,14,2,2,100,2,2,0,2,1,2,0,0,0,0,1,3,-2,6,2017-2018,Regular Season,12,17/12/2017,retabet bilbao basket - movistar estudiantes,87 - 77,Bilbao,102,http://www.acb.com/fichas/LACB62102.php,A46
17,1,"Hervelle, Axel",25:35,7,2,4,50,1,3,33,0,0,0,10,9,1,1,0,0,0,0,0,0,5,0,7,9,2017-2018,Regular Season,12,17/12/2017,retabet bilbao basket - movistar estudiantes,87 - 77,Bilbao,102,http://www.acb.com/fichas/LACB62102.php,B6Q
0,0,"Tomas, Pere",0,0,0,0,0,0,0,0,0,0,0,0,0,0,0,0,0,0,0,0,0,0,0,0,0,2017-2018,Regular Season,12,17/12/2017,retabet bilbao basket - movistar estudiantes,87 - 77,Bilbao,102,http://www.acb.com/fichas/LACB62102.php,0
20,1,"Todorovic, Dejan",26:12,19,1,3,33,4,5,80,5,6,83,6,5,1,2,1,0,0,1,0,0,3,4,-1,26,2017-2018,Regular Season,12,17/12/2017,retabet bilbao basket - movistar estudiantes,87 - 77,Bilbao,102,http://www.acb.com/fichas/LACB62102.php,10D
0,0,"Vucetic, Vasilije",0,0,0,0,0,0,0,0,0,0,0,0,0,0,0,0,0,0,0,0,0,0,0,0,0,2017-2018,Regular Season,12,17/12/2017,retabet bilbao basket - movistar estudiantes,87 - 77,Bilbao,102,http://www.acb.com/fichas/LACB62102.php,0
32,1,"Gladness, Mickell",14:23,1,0,1,0,0,0,0,1,2,50,2,2,0,1,0,2,0,0,1,0,0,1,-1,0,2017-2018,Regular Season,12,17/12/2017,retabet bilbao basket - movistar estudiantes,87 - 77,Bilbao,102,http://www.acb.com/fichas/LACB62102.php,55D
0,0,Equipo,0,0,0,0,0,0,0,0,0,0,0,6,5,1,0,0,0,0,0,0,0,0,0,0,6,2017-2018,Regular Season,12,17/12/2017,retabet bilbao basket - movistar estudiantes,87 - 77,0,102,http://www.acb.com/fichas/LACB62102.php,
4,1,"Cvetkovic, A.",24:52,11,0,1,0,3,5,60,2,2,100,1,0,1,2,0,1,0,0,0,0,2,1,-2,9,2017-2018,Regular Season,12,17/12/2017,retabet bilbao basket - movistar estudiantes,87 - 77,Estudiantes,102,http://www.acb.com/fichas/LACB62102.php,50G
6,0,"Hakanson, Ludde",10:6,0,0,2,0,0,2,0,0,0,0,0,0,0,0,0,2,0,0,0,0,0,2,-14,-4,2017-2018,Regular Season,12,17/12/2017,retabet bilbao basket - movistar estudiantes,87 - 77,Estudiantes,102,http://www.acb.com/fichas/LACB62102.php,UAE
8,0,"Brizuela, Dario",10:37,0,0,1,0,0,1,0,0,0,0,0,0,0,1,1,0,0,0,0,0,1,0,-15,-1,2017-2018,Regular Season,12,17/12/2017,retabet bilbao basket - movistar estudiantes,87 - 77,Estudiantes,102,http://www.acb.com/fichas/LACB62102.php,81E
9,1,"Vicedo, Edgar",20:53,11,2,2,100,2,3,67,1,2,50,3,2,1,2,2,0,2,0,0,0,0,1,1,17,2017-2018,Regular Season,12,17/12/2017,retabet bilbao basket - movistar estudiantes,87 - 77,Estudiantes,102,http://www.acb.com/fichas/LACB62102.php,SDT
10,1,"Cook, Omar",29:54,3,0,2,0,1,7,14,0,0,0,3,3,0,11,2,3,0,0,1,0,1,1,4,7,2017-2018,Regular Season,12,17/12/2017,retabet bilbao basket - movistar estudiantes,87 - 77,Estudiantes,102,http://www.acb.com/fichas/LACB62102.php,BFP
0,0,"Pena, Dagoberto",0,0,0,0,0,0,0,0,0,0,0,0,0,0,0,0,0,0,0,0,0,0,0,0,0,2017-2018,Regular Season,12,17/12/2017,retabet bilbao basket - movistar estudiantes,87 - 77,Estudiantes,102,http://www.acb.com/fichas/LACB62102.php,0
12,1,"Suton, Goran",22:40,7,0,0,0,2,6,33,1,3,33,2,1,1,2,1,1,0,1,0,0,3,2,-2,5,2017-2018,Regular Season,12,17/12/2017,retabet bilbao basket - movistar estudiantes,87 - 77,Estudiantes,102,http://www.acb.com/fichas/LACB62102.php,1LM
15,0,"Landesberg, Sylven",23:38,23,6,6,100,3,5,60,2,2,100,4,3,1,1,1,1,1,0,0,0,5,3,-4,24,2017-2018,Regular Season,12,17/12/2017,retabet bilbao basket - movistar estudiantes,87 - 77,Estudiantes,102,http://www.acb.com/fichas/LACB62102.php,541
17,0,"Savane, Sitapha",13:14,4,2,3,67,0,0,0,0,1,0,4,3,1,0,0,0,0,0,1,0,2,2,7,5,2017-2018,Regular Season,12,17/12/2017,retabet bilbao basket - movistar estudiantes,87 - 77,Estudiantes,102,http://www.acb.com/fichas/LACB62102.php,B3M
21,1,"Brown, Alec",22:12,9,1,2,50,1,6,17,4,4,100,1,1,0,0,2,0,0,0,1,0,4,2,-10,3,2017-2018,Regular Season,12,17/12/2017,retabet bilbao basket - movistar estudiantes,87 - 77,Estudiantes,102,http://www.acb.com/fichas/LACB62102.php,FO4
22,0,"Caner-Medley,N.",21:54,9,1,3,33,1,5,20,4,4,100,3,1,2,3,0,0,0,0,0,0,1,3,-15,11,2017-2018,Regular Season,12,17/12/2017,retabet bilbao basket - movistar estudiantes,87 - 77,Estudiantes,102,http://www.acb.com/fichas/LACB62102.php,BF4
0,0,"Arteaga, Victor",0,0,0,0,0,0,0,0,0,0,0,0,0,0,0,0,0,0,0,0,0,0,0,0,0,2017-2018,Regular Season,12,17/12/2017,retabet bilbao basket - movistar estudiantes,87 - 77,Estudiantes,102,http://www.acb.com/fichas/LACB62102.php,0
0,0,Equipo,0,0,0,0,0,0,0,0,0,0,0,3,2,1,0,0,1,0,0,0,0,0,0,0,2,2017-2018,Regular Season,12,17/12/2017,retabet bilbao basket - movistar estudiantes,87 - 77,0,102,http://www.acb.com/fichas/LACB62102.php,
0,1,"Soko, Ovie",19:30,6,3,6,50,0,2,0,0,0,0,5,3,2,0,0,3,0,0,1,1,5,0,-9,-3,2017-2018,Regular Season,12,17/12/2017,ucam murcia - real betis energia plus,63 - 70,Murcia,103,http://www.acb.com/fichas/LACB62103.php,50S
3,0,"Urtasun, Alex",14:43,7,1,2,50,1,7,14,2,2,100,2,0,2,1,0,1,0,0,0,0,0,3,-6,5,2017-2018,Regular Season,12,17/12/2017,ucam murcia - real betis energia plus,63 - 70,Murcia,103,http://www.acb.com/fichas/LACB62103.php,BA3
0,0,"Martin, Alberto",0,0,0,0,0,0,0,0,0,0,0,0,0,0,0,0,0,0,0,0,0,0,0,0,0,2017-2018,Regular Season,12,17/12/2017,ucam murcia - real betis energia plus,63 - 70,Murcia,103,http://www.acb.com/fichas/LACB62103.php,0
8,0,"Benite, Vitor",21:37,9,1,2,50,2,8,25,1,1,100,1,0,1,1,0,1,0,0,0,0,1,1,0,3,2017-2018,Regular Season,12,17/12/2017,ucam murcia - real betis energia plus,63 - 70,Murcia,103,http://www.acb.com/fichas/LACB62103.php,FOX
9,0,"Kloof, Charlon",8:28,0,0,2,0,0,0,0,0,2,0,2,2,0,0,1,1,0,1,0,0,1,1,-11,-1,2017-2018,Regular Season,12,17/12/2017,ucam murcia - real betis energia plus,63 - 70,Murcia,103,http://www.acb.com/fichas/LACB62103.php,53N
11,1,"Hannah, Clevin",32:27,17,1,2,50,3,5,60,6,8,75,1,1,0,5,2,2,0,0,0,0,2,6,4,22,2017-2018,Regular Season,12,17/12/2017,ucam murcia - real betis energia plus,63 - 70,Murcia,103,http://www.acb.com/fichas/LACB62103.php,1LQ
12,1,"Oleson, Brad",22:2,4,1,4,25,0,5,0,2,2,100,4,2,2,1,0,3,0,0,0,0,1,2,3,-1,2017-2018,Regular Season,12,17/12/2017,ucam murcia - real betis energia plus,63 - 70,Murcia,103,http://www.acb.com/fichas/LACB62103.php,BGO
0,0,"Olaizola, Julen",0,0,0,0,0,0,0,0,0,0,0,0,0,0,0,0,0,0,0,0,0,0,0,0,0,2017-2018,Regular Season,12,17/12/2017,ucam murcia - real betis energia plus,63 - 70,Murcia,103,http://www.acb.com/fichas/LACB62103.php,0
16,1,"Delia, Marcos",31:6,7,2,9,22,0,0,0,3,5,60,11,5,6,2,1,2,0,0,1,0,2,3,2,10,2017-2018,Regular Season,12,17/12/2017,ucam murcia - real betis energia plus,63 - 70,Murcia,103,http://www.acb.com/fichas/LACB62103.php,512
24,0,"Tumba, Kevin",14:47,2,1,1,100,0,0,0,0,2,0,2,1,1,0,1,3,0,0,0,1,3,1,-11,-2,2017-2018,Regular Season,12,17/12/2017,ucam murcia - real betis energia plus,63 - 70,Murcia,103,http://www.acb.com/fichas/LACB62103.php,52W
27,1,"Rojas, Sadiel",20:43,4,2,3,67,0,4,0,0,0,0,5,3,2,0,3,0,0,0,0,0,3,3,-11,7,2017-2018,Regular Season,12,17/12/2017,ucam murcia - real betis energia plus,63 - 70,Murcia,103,http://www.acb.com/fichas/LACB62103.php,1L3
33,0,"Lukovic, Marko",14:37,7,1,2,50,1,2,50,2,2,100,4,4,0,0,1,0,0,1,0,0,1,3,4,13,2017-2018,Regular Season,12,17/12/2017,ucam murcia - real betis energia plus,63 - 70,Murcia,103,http://www.acb.com/fichas/LACB62103.php,53R
0,0,Equipo,0,0,0,0,0,0,0,0,0,0,0,3,1,2,0,0,2,0,0,0,0,1,0,0,0,2017-2018,Regular Season,12,17/12/2017,ucam murcia - real betis energia plus,63 - 70,0,103,http://www.acb.com/fichas/LACB62103.php,
1,1,"Anosike, Oderah",20:39,6,2,7,29,0,0,0,2,2,100,9,4,5,1,1,3,0,0,0,0,1,6,11,14,2017-2018,Regular Season,12,17/12/2017,ucam murcia - real betis energia plus,63 - 70,Sevilla,103,http://www.acb.com/fichas/LACB62103.php,FPY
4,1,"Draper, Dontaye",13:25,2,1,2,50,0,2,0,0,0,0,2,2,0,0,1,2,0,0,0,0,2,1,-11,-1,2017-2018,Regular Season,12,17/12/2017,ucam murcia - real betis energia plus,63 - 70,Sevilla,103,http://www.acb.com/fichas/LACB62103.php,243
5,0,"Sanchez, A.",10:49,6,0,1,0,2,2,100,0,0,0,0,0,0,0,0,2,0,0,0,0,2,0,2,1,2017-2018,Regular Season,12,17/12/2017,ucam murcia - real betis energia plus,63 - 70,Sevilla,103,http://www.acb.com/fichas/LACB62103.php,B44
6,1,"Nelson, Luke",26:27,2,1,2,50,0,2,0,0,0,0,4,4,0,2,1,4,0,0,0,0,4,2,9,0,2017-2018,Regular Season,12,17/12/2017,ucam murcia - real betis energia plus,63 - 70,Sevilla,103,http://www.acb.com/fichas/LACB62103.php,547
7,0,"McGrath, Donnie",22:51,3,0,0,0,1,3,33,0,0,0,0,0,0,0,1,0,0,0,0,0,2,0,-1,0,2017-2018,Regular Season,12,17/12/2017,ucam murcia - real betis energia plus,63 - 70,Sevilla,103,http://www.acb.com/fichas/LACB62103.php,FPO
8,0,"Cruz, Ivan",11:21,2,1,2,50,0,2,0,0,0,0,4,4,0,0,0,0,0,0,0,0,4,0,11,-1,2017-2018,Regular Season,12,17/12/2017,ucam murcia - real betis energia plus,63 - 70,Sevilla,103,http://www.acb.com/fichas/LACB62103.php,BLL
11,0,"Uriz, Mikel",20:38,7,2,4,50,1,1,100,0,0,0,3,3,0,1,1,2,0,0,1,0,0,4,13,11,2017-2018,Regular Season,12,17/12/2017,ucam murcia - real betis energia plus,63 - 70,Sevilla,103,http://www.acb.com/fichas/LACB62103.php,742
15,1,"Schilb, Blake",28:8,13,3,7,43,2,3,67,1,1,100,6,5,1,2,1,0,0,0,0,0,1,1,7,17,2017-2018,Regular Season,12,17/12/2017,ucam murcia - real betis energia plus,63 - 70,Sevilla,103,http://www.acb.com/fichas/LACB62103.php,565
0,0,"Blanco, Saul",0,0,0,0,0,0,0,0,0,0,0,0,0,0,0,0,0,0,0,0,0,0,0,0,0,2017-2018,Regular Season,12,17/12/2017,ucam murcia - real betis energia plus,63 - 70,Sevilla,103,http://www.acb.com/fichas/LACB62103.php,0
0,0,"Franch, Josep",0,0,0,0,0,0,0,0,0,0,0,0,0,0,0,0,0,0,0,0,0,0,0,0,0,2017-2018,Regular Season,12,17/12/2017,ucam murcia - real betis energia plus,63 - 70,Sevilla,103,http://www.acb.com/fichas/LACB62103.php,0
32,0,"Golubovic, V.",17:3,8,3,5,60,0,0,0,2,4,50,1,0,1,0,0,2,0,0,1,0,4,3,-2,1,2017-2018,Regular Season,12,17/12/2017,ucam murcia - real betis energia plus,63 - 70,Sevilla,103,http://www.acb.com/fichas/LACB62103.php,004
34,1,"Kelly, Ryan",28:39,21,6,10,60,2,4,50,3,3,100,4,3,1,2,1,3,0,2,0,1,3,2,-4,20,2017-2018,Regular Season,12,17/12/2017,ucam murcia - real betis energia plus,63 - 70,Sevilla,103,http://www.acb.com/fichas/LACB62103.php,54V
0,0,Equipo,0,0,0,0,0,0,0,0,0,0,0,0,0,0,0,0,1,0,0,0,0,1,0,0,-2,2017-2018,Regular Season,12,17/12/2017,ucam murcia - real betis energia plus,63 - 70,0,103,http://www.acb.com/fichas/LACB62103.php,
0,0,"Dimitrijevic, N.",14:38,7,2,5,40,1,3,33,0,0,0,2,2,0,2,0,1,1,0,1,1,2,1,17,3,2017-2018,Regular Season,12,17/12/2017,divina seguros joventut - tecnyconta zaragoza,94 - 83,Joventut,104,http://www.acb.com/fichas/LACB62104.php,2CP
2,0,"Birgander, Simon",6:6,1,0,1,0,0,0,0,1,2,50,0,0,0,0,0,1,0,0,0,0,3,1,-4,-4,2017-2018,Regular Season,12,17/12/2017,divina seguros joventut - tecnyconta zaragoza,94 - 83,Joventut,104,http://www.acb.com/fichas/LACB62104.php,53J
9,1,"Vidal, Sergi",20:43,17,2,4,50,2,5,40,7,7,100,1,1,0,3,0,1,0,0,0,0,4,5,11,16,2017-2018,Regular Season,12,17/12/2017,divina seguros joventut - tecnyconta zaragoza,94 - 83,Joventut,104,http://www.acb.com/fichas/LACB62104.php,A4B
0,0,"Parra, Joel",0,0,0,0,0,0,0,0,0,0,0,0,0,0,0,0,0,0,0,0,0,0,0,0,0,2017-2018,Regular Season,12,17/12/2017,divina seguros joventut - tecnyconta zaragoza,94 - 83,Joventut,104,http://www.acb.com/fichas/LACB62104.php,0
12,0,"Kulvietis, Saulius",10:56,3,0,1,0,1,3,33,0,0,0,5,3,2,2,0,0,0,0,0,0,0,1,16,8,2017-2018,Regular Season,12,17/12/2017,divina seguros joventut - tecnyconta zaragoza,94 - 83,Joventut,104,http://www.acb.com/fichas/LACB62104.php,53V
13,0,"Nogues, Jose I.",7:21,0,0,0,0,0,0,0,0,0,0,2,2,0,0,0,0,0,0,0,0,1,0,16,1,2017-2018,Regular Season,12,17/12/2017,divina seguros joventut - tecnyconta zaragoza,94 - 83,Joventut,104,http://www.acb.com/fichas/LACB62104.php,8C8
14,0,"Ventura, Albert",33:37,12,4,7,57,0,2,0,4,5,80,5,3,2,2,3,0,1,0,0,0,3,3,16,16,2017-2018,Regular Season,12,17/12/2017,divina seguros joventut - tecnyconta zaragoza,94 - 83,Joventut,104,http://www.acb.com/fichas/LACB62104.php,718
18,1,"Wayns, Maalik",25:22,18,3,8,38,3,6,50,3,3,100,0,0,0,2,2,0,0,0,2,0,1,3,-6,14,2017-2018,Regular Season,12,17/12/2017,divina seguros joventut - tecnyconta zaragoza,94 - 83,Joventut,104,http://www.acb.com/fichas/LACB62104.php,56B
21,1,"Gielo, Tomasz",27:32,6,1,1,100,1,7,14,1,2,50,8,7,1,0,2,1,0,0,0,0,3,5,-2,10,2017-2018,Regular Season,12,17/12/2017,divina seguros joventut - tecnyconta zaragoza,94 - 83,Joventut,104,http://www.acb.com/fichas/LACB62104.php,50Q
0,0,"Gudul, Omari",0,0,0,0,0,0,0,0,0,0,0,0,0,0,0,0,0,0,0,0,0,0,0,0,0,2017-2018,Regular Season,12,17/12/2017,divina seguros joventut - tecnyconta zaragoza,94 - 83,Joventut,104,http://www.acb.com/fichas/LACB62104.php,0
35,1,"Richard, Patrick",25:40,23,5,8,63,3,6,50,4,6,67,5,3,2,0,2,3,2,0,1,0,2,4,-5,20,2017-2018,Regular Season,12,17/12/2017,divina seguros joventut - tecnyconta zaragoza,94 - 83,Joventut,104,http://www.acb.com/fichas/LACB62104.php,53U
44,1,"Jordan, Jerome",28:5,7,3,5,60,0,0,0,1,2,50,9,6,3,1,0,2,0,0,0,1,2,1,-4,11,2017-2018,Regular Season,12,17/12/2017,divina seguros joventut - tecnyconta zaragoza,94 - 83,Joventut,104,http://www.acb.com/fichas/LACB62104.php,D10
0,0,Equipo,0,0,0,0,0,0,0,0,0,0,0,2,1,1,0,0,0,0,0,0,0,0,0,0,2,2017-2018,Regular Season,12,17/12/2017,divina seguros joventut - tecnyconta zaragoza,94 - 83,0,104,http://www.acb.com/fichas/LACB62104.php,
4,0,"McCalebb, Bo",10:44,6,3,8,38,0,0,0,0,1,0,1,1,0,3,0,1,0,0,0,0,2,1,-12,2,2017-2018,Regular Season,12,17/12/2017,divina seguros joventut - tecnyconta zaragoza,94 - 83,Zaragoza,104,http://www.acb.com/fichas/LACB62104.php,519
0,0,"Triguero, J.",0,0,0,0,0,0,0,0,0,0,0,0,0,0,0,0,0,0,0,0,0,0,0,0,0,2017-2018,Regular Season,12,17/12/2017,divina seguros joventut - tecnyconta zaragoza,94 - 83,Zaragoza,104,http://www.acb.com/fichas/LACB62104.php,0
7,1,"Barreiro, J.",16:27,2,1,2,50,0,2,0,0,0,0,4,2,2,0,0,1,0,0,0,0,2,1,-2,1,2017-2018,Regular Season,12,17/12/2017,divina seguros joventut - tecnyconta zaragoza,94 - 83,Zaragoza,104,http://www.acb.com/fichas/LACB62104.php,XEU
9,1,"Dragovic, Nikola",23:46,14,4,7,57,0,2,0,6,11,55,13,10,3,1,1,2,0,1,0,2,3,7,4,22,2017-2018,Regular Season,12,17/12/2017,divina seguros joventut - tecnyconta zaragoza,94 - 83,Zaragoza,104,http://www.acb.com/fichas/LACB62104.php,542
11,1,"Bellas, Tomas",33:44,19,0,4,0,5,6,83,4,4,100,2,2,0,7,1,1,0,0,0,0,3,4,-9,24,2017-2018,Regular Season,12,17/12/2017,divina seguros joventut - tecnyconta zaragoza,94 - 83,Zaragoza,104,http://www.acb.com/fichas/LACB62104.php,YEF
13,1,"Neal, Gary",31:12,15,7,13,54,0,2,0,1,1,100,7,6,1,2,0,8,1,0,0,1,5,2,-7,5,2017-2018,Regular Season,12,17/12/2017,divina seguros joventut - tecnyconta zaragoza,94 - 83,Zaragoza,104,http://www.acb.com/fichas/LACB62104.php,BFB
0,0,"Alocen, Carlos",0,0,0,0,0,0,0,0,0,0,0,0,0,0,0,0,0,0,0,0,0,0,0,0,0,2017-2018,Regular Season,12,17/12/2017,divina seguros joventut - tecnyconta zaragoza,94 - 83,Zaragoza,104,http://www.acb.com/fichas/LACB62104.php,0
0,0,"Michalak, Michal",0,0,0,0,0,0,0,0,0,0,0,0,0,0,0,0,0,0,0,0,0,0,0,0,0,2017-2018,Regular Season,12,17/12/2017,divina seguros joventut - tecnyconta zaragoza,94 - 83,Zaragoza,104,http://www.acb.com/fichas/LACB62104.php,0
27,0,"De Jong, Nicolas",6:6,5,0,2,0,1,1,100,2,2,100,0,0,0,0,0,2,0,0,0,0,2,1,-12,0,2017-2018,Regular Season,12,17/12/2017,divina seguros joventut - tecnyconta zaragoza,94 - 83,Zaragoza,104,http://www.acb.com/fichas/LACB62104.php,54I
32,1,"Varnado, Jarvis",33:54,8,4,5,80,0,0,0,0,0,0,6,6,0,1,1,1,0,3,0,1,2,2,1,17,2017-2018,Regular Season,12,17/12/2017,divina seguros joventut - tecnyconta zaragoza,94 - 83,Zaragoza,104,http://www.acb.com/fichas/LACB62104.php,544
33,0,"Suarez, Alex",15:47,3,0,0,0,1,2,50,0,0,0,3,2,1,1,0,0,0,0,0,0,3,2,-12,5,2017-2018,Regular Season,12,17/12/2017,divina seguros joventut - tecnyconta zaragoza,94 - 83,Zaragoza,104,http://www.acb.com/fichas/LACB62104.php,BLI
45,0,"Blums, Janis",28:20,11,1,3,33,3,6,50,0,0,0,1,1,0,3,1,0,0,0,0,0,3,0,-6,8,2017-2018,Regular Season,12,17/12/2017,divina seguros joventut - tecnyconta zaragoza,94 - 83,Zaragoza,104,http://www.acb.com/fichas/LACB62104.php,BG3
0,0,Equipo,0,0,0,0,0,0,0,0,0,0,0,2,2,0,0,0,3,0,0,0,0,3,0,0,-4,2017-2018,Regular Season,12,17/12/2017,divina seguros joventut - tecnyconta zaragoza,94 - 83,0,104,http://www.acb.com/fichas/LACB62104.php,
3,0,"Sabat, Albert",6:57,3,0,0,0,1,2,50,0,0,0,0,0,0,1,0,1,0,0,0,0,0,1,-14,3,2017-2018,Regular Season,12,17/12/2017,monbus obradoiro - real madrid,93 - 102,Obradoiro,105,http://www.acb.com/fichas/LACB62105.php,B2J
7,1,"Simons, Benjamin",30:0,21,0,1,0,7,10,70,0,0,0,3,2,1,1,1,1,0,0,1,0,3,0,9,17,2017-2018,Regular Season,12,17/12/2017,monbus obradoiro - real madrid,93 - 102,Obradoiro,105,http://www.acb.com/fichas/LACB62105.php,548
9,0,"Llovet, Nacho",9:24,0,0,1,0,0,2,0,0,0,0,2,1,1,1,0,1,0,1,0,0,2,0,-10,-2,2017-2018,Regular Season,12,17/12/2017,monbus obradoiro - real madrid,93 - 102,Obradoiro,105,http://www.acb.com/fichas/LACB62105.php,Y7O
11,0,"Radovic, Nemanja",10:0,7,3,4,75,0,0,0,1,3,33,2,1,1,0,0,0,0,0,0,0,0,3,-18,9,2017-2018,Regular Season,12,17/12/2017,monbus obradoiro - real madrid,93 - 102,Obradoiro,105,http://www.acb.com/fichas/LACB62105.php,H52
13,1,"Pustovyi, Artem",19:43,4,1,1,100,0,0,0,2,2,100,2,2,0,1,0,0,0,0,0,0,4,4,-9,7,2017-2018,Regular Season,12,17/12/2017,monbus obradoiro - real madrid,93 - 102,Obradoiro,105,http://www.acb.com/fichas/LACB62105.php,FO1
16,0,"Spires, Nick",10:53,12,5,7,71,0,0,0,2,3,67,4,2,2,1,0,0,0,0,2,2,1,3,10,14,2017-2018,Regular Season,12,17/12/2017,monbus obradoiro - real madrid,93 - 102,Obradoiro,105,http://www.acb.com/fichas/LACB62105.php,SCH
20,0,"Navarro, David",19:11,0,0,2,0,0,0,0,0,0,0,1,1,0,7,0,0,0,0,1,0,1,0,-23,4,2017-2018,Regular Season,12,17/12/2017,monbus obradoiro - real madrid,93 - 102,Obradoiro,105,http://www.acb.com/fichas/LACB62105.php,B8L
21,1,"Thomas, Matt",25:59,14,2,5,40,2,6,33,4,4,100,3,3,0,1,1,2,0,0,3,0,1,4,-4,10,2017-2018,Regular Season,12,17/12/2017,monbus obradoiro - real madrid,93 - 102,Obradoiro,105,http://www.acb.com/fichas/LACB62105.php,53S
22,1,"Bendzius, Eimantas",31:21,18,0,2,0,6,9,67,0,2,0,8,6,2,1,0,0,0,0,0,0,2,2,15,20,2017-2018,Regular Season,12,17/12/2017,monbus obradoiro - real madrid,93 - 102,Obradoiro,105,http://www.acb.com/fichas/LACB62105.php,FO0
0,0,"Corbacho, A.",0,0,0,0,0,0,0,0,0,0,0,0,0,0,0,0,0,0,0,0,0,0,0,0,0,2017-2018,Regular Season,12,17/12/2017,monbus obradoiro - real madrid,93 - 102,Obradoiro,105,http://www.acb.com/fichas/LACB62105.php,0
44,1,"Pozas, Pepe",22:31,3,1,3,33,0,1,0,1,2,50,1,1,0,8,0,1,0,0,0,0,3,3,4,7,2017-2018,Regular Season,12,17/12/2017,monbus obradoiro - real madrid,93 - 102,Obradoiro,105,http://www.acb.com/fichas/LACB62105.php,750
54,0,"Laksa, Martins",14:1,11,3,4,75,1,3,33,2,2,100,1,1,0,2,0,1,0,0,1,0,3,1,-5,7,2017-2018,Regular Season,12,17/12/2017,monbus obradoiro - real madrid,93 - 102,Obradoiro,105,http://www.acb.com/fichas/LACB62105.php,53A
0,0,Equipo,0,0,0,0,0,0,0,0,0,0,0,3,1,2,0,0,1,0,0,0,0,0,0,0,2,2017-2018,Regular Season,12,17/12/2017,monbus obradoiro - real madrid,93 - 102,0,105,http://www.acb.com/fichas/LACB62105.php,
0,0,"Causeur, Fabien",0,0,0,0,0,0,0,0,0,0,0,0,0,0,0,0,0,0,0,0,0,0,0,0,0,2017-2018,Regular Season,12,17/12/2017,monbus obradoiro - real madrid,93 - 102,Real_Madrid,105,http://www.acb.com/fichas/LACB62105.php,0
0,0,"Randle, Chasson",0,0,0,0,0,0,0,0,0,0,0,0,0,0,0,0,0,0,0,0,0,0,0,0,0,2017-2018,Regular Season,12,17/12/2017,monbus obradoiro - real madrid,93 - 102,Real_Madrid,105,http://www.acb.com/fichas/LACB62105.php,0
5,1,"Fernandez, Rudy",22:8,9,0,0,0,3,6,50,0,0,0,3,2,1,0,0,1,0,2,0,0,0,1,-1,11,2017-2018,Regular Season,12,17/12/2017,monbus obradoiro - real madrid,93 - 102,Real_Madrid,105,http://www.acb.com/fichas/LACB62105.php,B0X
7,0,"Doncic, Luka",22:29,11,2,3,67,1,6,17,4,6,67,5,5,0,5,1,1,0,1,0,0,0,6,11,20,2017-2018,Regular Season,12,17/12/2017,monbus obradoiro - real madrid,93 - 102,Real_Madrid,105,http://www.acb.com/fichas/LACB62105.php,460
8,0,"Maciulis, Jonas",16:8,11,1,1,100,3,5,60,0,0,0,2,2,0,2,0,0,0,0,0,0,4,0,12,9,2017-2018,Regular Season,12,17/12/2017,monbus obradoiro - real madrid,93 - 102,Real_Madrid,105,http://www.acb.com/fichas/LACB62105.php,1L9
9,0,"Reyes, Felipe",24:15,12,4,6,67,0,0,0,4,5,80,9,7,2,4,1,1,0,1,1,0,2,4,16,24,2017-2018,Regular Season,12,17/12/2017,monbus obradoiro - real madrid,93 - 102,Real_Madrid,105,http://www.acb.com/fichas/LACB62105.php,A1M
11,1,"Campazzo, Facu",25:44,15,3,5,60,2,5,40,3,4,75,2,2,0,6,0,0,0,0,0,0,3,3,-6,17,2017-2018,Regular Season,12,17/12/2017,monbus obradoiro - real madrid,93 - 102,Real_Madrid,105,http://www.acb.com/fichas/LACB62105.php,1LU
16,1,"Yusta, Santiago",12:16,2,1,2,50,0,0,0,0,0,0,1,0,1,0,0,0,0,1,0,0,3,0,-9,0,2017-2018,Regular Season,12,17/12/2017,monbus obradoiro - real madrid,93 - 102,Real_Madrid,105,http://www.acb.com/fichas/LACB62105.php,1E4
20,0,"Carroll, Jaycee",17:19,18,0,0,0,6,9,67,0,0,0,0,0,0,0,0,0,0,1,0,0,0,1,15,17,2017-2018,Regular Season,12,17/12/2017,monbus obradoiro - real madrid,93 - 102,Real_Madrid,105,http://www.acb.com/fichas/LACB62105.php,BGZ
22,1,"Tavares, W.",14:13,4,1,3,33,0,0,0,2,3,67,4,2,2,0,0,1,0,2,0,1,3,4,-4,7,2017-2018,Regular Season,12,17/12/2017,monbus obradoiro - real madrid,93 - 102,Real_Madrid,105,http://www.acb.com/fichas/LACB62105.php,T2Z
33,1,"Thompkins, Trey",21:52,8,1,4,25,2,3,67,0,0,0,3,3,0,1,1,0,0,0,0,0,3,0,-5,6,2017-2018,Regular Season,12,17/12/2017,monbus obradoiro - real madrid,93 - 102,Real_Madrid,105,http://www.acb.com/fichas/LACB62105.php,FQ1
44,0,"Taylor, Jeffery",23:36,12,2,2,100,2,2,100,2,2,100,1,1,0,5,0,0,0,0,0,1,3,1,16,16,2017-2018,Regular Season,12,17/12/2017,monbus obradoiro - real madrid,93 - 102,Real_Madrid,105,http://www.acb.com/fichas/LACB62105.php,FQ3
0,0,Equipo,0,0,0,0,0,0,0,0,0,0,0,3,2,1,0,0,0,0,0,0,0,0,0,0,3,2017-2018,Regular Season,12,17/12/2017,monbus obradoiro - real madrid,93 - 102,0,105,http://www.acb.com/fichas/LACB62105.php,
3,1,"Fernandez, Jaime",20:47,21,8,10,80,0,2,0,5,5,100,2,2,0,1,2,2,3,0,0,0,4,7,0,23,2017-2018,Regular Season,12,17/12/2017,morabanc andorra - baskonia,94 - 97,Andorra,106,http://www.acb.com/fichas/LACB62106.php,117
11,0,"Blazic, Jaka",24:21,10,3,6,50,0,5,0,4,4,100,6,5,1,1,0,3,0,0,1,0,4,3,-6,4,2017-2018,Regular Season,12,17/12/2017,morabanc andorra - baskonia,94 - 97,Andorra,106,http://www.acb.com/fichas/LACB62106.php,FQF
12,1,"Jankovic, Vladimir",4:39,0,0,1,0,0,1,0,0,0,0,1,0,1,0,0,0,0,0,0,0,0,0,-9,-1,2017-2018,Regular Season,12,17/12/2017,morabanc andorra - baskonia,94 - 97,Andorra,106,http://www.acb.com/fichas/LACB62106.php,50M
14,1,"Stevic, Oliver",20:9,0,0,1,0,0,0,0,0,0,0,1,1,0,0,0,0,0,0,0,0,3,1,-17,-2,2017-2018,Regular Season,12,17/12/2017,morabanc andorra - baskonia,94 - 97,Andorra,106,http://www.acb.com/fichas/LACB62106.php,170
15,1,"Karnowski, Przemek",18:37,8,4,6,67,0,0,0,0,0,0,1,1,0,2,1,0,0,0,1,0,3,0,-1,6,2017-2018,Regular Season,12,17/12/2017,morabanc andorra - baskonia,94 - 97,Andorra,106,http://www.acb.com/fichas/LACB62106.php,53Y
16,0,"Albicy, Andrew",27:58,24,4,5,80,5,8,63,1,2,50,1,1,0,4,0,1,1,1,0,0,1,4,1,27,2017-2018,Regular Season,12,17/12/2017,morabanc andorra - baskonia,94 - 97,Andorra,106,http://www.acb.com/fichas/LACB62106.php,502
21,0,"Diagne, Moussa",19:47,11,3,3,100,0,0,0,5,8,63,4,2,2,0,0,2,0,0,0,0,3,4,0,11,2017-2018,Regular Season,12,17/12/2017,morabanc andorra - baskonia,94 - 97,Andorra,106,http://www.acb.com/fichas/LACB62106.php,17T
22,0,"Shurna, John",21:15,5,1,1,100,1,4,25,0,2,0,4,3,1,0,1,0,0,0,0,0,4,1,10,2,2017-2018,Regular Season,12,17/12/2017,morabanc andorra - baskonia,94 - 97,Andorra,106,http://www.acb.com/fichas/LACB62106.php,H36
23,0,"Walker, David",22:10,8,0,2,0,2,4,50,2,3,67,4,4,0,0,0,1,0,0,0,0,2,2,8,6,2017-2018,Regular Season,12,17/12/2017,morabanc andorra - baskonia,94 - 97,Andorra,106,http://www.acb.com/fichas/LACB62106.php,513
0,0,"Colom, Guillem",0,0,0,0,0,0,0,0,0,0,0,0,0,0,0,0,0,0,0,0,0,0,0,0,0,2017-2018,Regular Season,12,17/12/2017,morabanc andorra - baskonia,94 - 97,Andorra,106,http://www.acb.com/fichas/LACB62106.php,0
25,1,"Jelinek, David",20:17,7,1,3,33,1,2,50,2,3,67,2,1,1,3,0,0,0,0,2,0,0,2,-1,8,2017-2018,Regular Season,12,17/12/2017,morabanc andorra - baskonia,94 - 97,Andorra,106,http://www.acb.com/fichas/LACB62106.php,Y8C
0,0,"Copeland, Chris",0,0,0,0,0,0,0,0,0,0,0,0,0,0,0,0,0,0,0,0,0,0,0,0,0,2017-2018,Regular Season,12,17/12/2017,morabanc andorra - baskonia,94 - 97,Andorra,106,http://www.acb.com/fichas/LACB62106.php,0
0,0,Equipo,0,0,0,0,0,0,0,0,0,0,0,5,4,1,0,0,0,0,0,0,0,0,0,0,5,2017-2018,Regular Season,12,17/12/2017,morabanc andorra - baskonia,94 - 97,0,106,http://www.acb.com/fichas/LACB62106.php,
0,0,"Vildoza, Luca",0,0,0,0,0,0,0,0,0,0,0,0,0,0,0,0,0,0,0,0,0,0,0,0,0,2017-2018,Regular Season,12,17/12/2017,morabanc andorra - baskonia,94 - 97,Baskonia,106,http://www.acb.com/fichas/LACB62106.php,0
0,0,"Gonzalez, Miguel",0,0,0,0,0,0,0,0,0,0,0,0,0,0,0,0,0,0,0,0,0,0,0,0,0,2017-2018,Regular Season,12,17/12/2017,morabanc andorra - baskonia,94 - 97,Baskonia,106,http://www.acb.com/fichas/LACB62106.php,0
6,1,"Timma, Janis",19:34,0,0,1,0,0,4,0,0,0,0,4,3,1,2,1,0,0,0,0,0,3,2,19,1,2017-2018,Regular Season,12,17/12/2017,morabanc andorra - baskonia,94 - 97,Baskonia,106,http://www.acb.com/fichas/LACB62106.php,536
7,0,"Voigtmann, J.",17:42,7,2,5,40,1,2,50,0,0,0,6,4,2,2,0,1,0,0,0,0,3,0,-18,7,2017-2018,Regular Season,12,17/12/2017,morabanc andorra - baskonia,94 - 97,Baskonia,106,http://www.acb.com/fichas/LACB62106.php,500
9,1,"Huertas, M.",20:31,8,3,5,60,0,0,0,2,2,100,3,2,1,3,1,2,0,0,0,0,3,2,2,10,2017-2018,Regular Season,12,17/12/2017,morabanc andorra - baskonia,94 - 97,Baskonia,106,http://www.acb.com/fichas/LACB62106.php,B72
10,1,"Beaubois, Rodrigue",27:28,21,7,11,64,2,4,50,1,2,50,4,3,1,1,0,2,0,2,1,0,4,2,3,16,2017-2018,Regular Season,12,17/12/2017,morabanc andorra - baskonia,94 - 97,Baskonia,106,http://www.acb.com/fichas/LACB62106.php,50C
11,0,"Janning, Matt",30:13,3,0,1,0,1,2,50,0,2,0,2,1,1,1,1,2,0,1,0,0,4,2,-12,0,2017-2018,Regular Season,12,17/12/2017,morabanc andorra - baskonia,94 - 97,Baskonia,106,http://www.acb.com/fichas/LACB62106.php,55A
15,0,"Granger, Jayson",22:26,14,2,4,50,2,3,67,4,4,100,1,1,0,8,0,0,0,0,0,0,1,5,-5,24,2017-2018,Regular Season,12,17/12/2017,morabanc andorra - baskonia,94 - 97,Baskonia,106,http://www.acb.com/fichas/LACB62106.php,Y6K
17,1,"Poirier, Vincent",22:6,14,4,7,57,0,0,0,6,8,75,12,8,4,1,0,1,0,1,0,3,3,5,23,24,2017-2018,Regular Season,12,17/12/2017,morabanc andorra - baskonia,94 - 97,Baskonia,106,http://www.acb.com/fichas/LACB62106.php,539
0,0,"Martinez, Ivan",0,0,0,0,0,0,0,0,0,0,0,0,0,0,0,0,0,0,0,0,0,0,0,0,0,2017-2018,Regular Season,12,17/12/2017,morabanc andorra - baskonia,94 - 97,Baskonia,106,http://www.acb.com/fichas/LACB62106.php,0
21,0,"Jones, Kevin",17:33,10,2,3,67,2,3,67,0,0,0,0,0,0,0,0,0,0,0,0,0,0,0,-11,8,2017-2018,Regular Season,12,17/12/2017,morabanc andorra - baskonia,94 - 97,Baskonia,106,http://www.acb.com/fichas/LACB62106.php,56F
23,1,"Shengelia, T.",22:27,20,6,11,55,1,2,50,5,10,50,7,4,3,1,2,1,3,0,0,0,3,6,14,21,2017-2018,Regular Season,12,17/12/2017,morabanc andorra - baskonia,94 - 97,Baskonia,106,http://www.acb.com/fichas/LACB62106.php,105
0,0,Equipo,0,0,0,0,0,0,0,0,0,0,0,2,1,1,0,0,2,0,0,0,0,1,0,0,-1,2017-2018,Regular Season,12,17/12/2017,morabanc andorra - baskonia,94 - 97,0,106,http://www.acb.com/fichas/LACB62106.php,
0,1,"San Miguel, R.",18:13,9,0,1,0,3,3,100,0,0,0,3,2,1,5,0,2,0,0,0,0,1,1,1,14,2017-2018,Regular Season,12,16/12/2017,iberostar tenerife - unicaja,81 - 77,Tenerife,107,http://www.acb.com/fichas/LACB62107.php,B86
5,0,"Richotti, Nicolas",16:37,7,2,2,100,0,0,0,3,4,75,1,1,0,1,1,1,0,1,0,0,3,4,2,10,2017-2018,Regular Season,12,16/12/2017,iberostar tenerife - unicaja,81 - 77,Tenerife,107,http://www.acb.com/fichas/LACB62107.php,T78
7,1,"Niang, Mamadou",18:11,7,3,5,60,0,0,0,1,1,100,6,2,4,2,1,0,1,2,0,1,2,2,-1,16,2017-2018,Regular Season,12,16/12/2017,iberostar tenerife - unicaja,81 - 77,Tenerife,107,http://www.acb.com/fichas/LACB62107.php,SHU
10,0,"Bassas, Ferran",21:47,9,1,2,50,1,3,33,4,4,100,2,1,1,4,3,1,0,0,0,0,1,4,3,17,2017-2018,Regular Season,12,16/12/2017,iberostar tenerife - unicaja,81 - 77,Tenerife,107,http://www.acb.com/fichas/LACB62107.php,714
13,0,"Tobey, Mike",17:37,11,4,6,67,1,1,100,0,0,0,4,1,3,0,0,2,1,0,0,2,4,1,-3,8,2017-2018,Regular Season,12,16/12/2017,iberostar tenerife - unicaja,81 - 77,Tenerife,107,http://www.acb.com/fichas/LACB62107.php,530
17,0,"Vazquez, Fran",4:1,0,0,2,0,0,0,0,0,0,0,1,0,1,0,1,0,0,0,0,0,0,0,6,0,2017-2018,Regular Season,12,16/12/2017,iberostar tenerife - unicaja,81 - 77,Tenerife,107,http://www.acb.com/fichas/LACB62107.php,A9S
20,1,"Ponitka, Mateusz",18:17,4,2,7,29,0,0,0,0,0,0,3,1,2,0,0,0,1,0,1,1,0,1,-2,2,2017-2018,Regular Season,12,16/12/2017,iberostar tenerife - unicaja,81 - 77,Tenerife,107,http://www.acb.com/fichas/LACB62107.php,53W
21,1,"Abromaitis, Tim",20:25,10,1,2,50,2,7,29,2,2,100,2,2,0,2,1,0,0,0,0,1,3,1,5,7,2017-2018,Regular Season,12,16/12/2017,iberostar tenerife - unicaja,81 - 77,Tenerife,107,http://www.acb.com/fichas/LACB62107.php,FOI
25,0,"Allen, Rosco",12:23,6,3,3,100,0,4,0,0,0,0,0,0,0,0,0,0,0,0,0,1,3,0,-6,-1,2017-2018,Regular Season,12,16/12/2017,iberostar tenerife - unicaja,81 - 77,Tenerife,107,http://www.acb.com/fichas/LACB62107.php,50I
33,0,"Beiran, Javier",17:7,0,0,1,0,0,2,0,0,0,0,4,2,2,1,0,1,0,0,0,0,1,0,0,0,2017-2018,Regular Season,12,16/12/2017,iberostar tenerife - unicaja,81 - 77,Tenerife,107,http://www.acb.com/fichas/LACB62107.php,BB2
34,1,"White, Davin",23:23,7,1,5,20,1,6,17,2,2,100,2,2,0,4,0,0,0,0,2,0,2,3,2,3,2017-2018,Regular Season,12,16/12/2017,iberostar tenerife - unicaja,81 - 77,Tenerife,107,http://www.acb.com/fichas/LACB62107.php,2B8
77,0,"Vasileiadis, K.",11:59,11,4,5,80,1,3,33,0,0,0,1,1,0,0,0,0,2,0,0,0,2,0,13,7,2017-2018,Regular Season,12,16/12/2017,iberostar tenerife - unicaja,81 - 77,Tenerife,107,http://www.acb.com/fichas/LACB62107.php,BBE
0,0,Equipo,0,0,0,0,0,0,0,0,0,0,0,3,1,2,0,0,3,0,0,0,0,0,0,0,0,2017-2018,Regular Season,12,16/12/2017,iberostar tenerife - unicaja,81 - 77,0,107,http://www.acb.com/fichas/LACB62107.php,
0,0,"Okouo, Viny",0,0,0,0,0,0,0,0,0,0,0,0,0,0,0,0,0,0,0,0,0,0,0,0,0,2017-2018,Regular Season,12,16/12/2017,iberostar tenerife - unicaja,81 - 77,Unicaja,107,http://www.acb.com/fichas/LACB62107.php,0
3,0,"McCallum, Ray",12:45,3,0,0,0,0,0,0,3,5,60,4,4,0,1,0,2,0,0,0,0,2,2,-1,4,2017-2018,Regular Season,12,16/12/2017,iberostar tenerife - unicaja,81 - 77,Unicaja,107,http://www.acb.com/fichas/LACB62107.php,540
9,1,"Diaz, Alberto",27:15,11,1,2,50,3,6,50,0,0,0,3,3,0,4,1,0,0,0,0,0,1,0,-3,14,2017-2018,Regular Season,12,16/12/2017,iberostar tenerife - unicaja,81 - 77,Unicaja,107,http://www.acb.com/fichas/LACB62107.php,SHG
10,0,"Salin, Sasu",12:14,3,0,0,0,1,4,25,0,0,0,2,2,0,3,0,2,0,0,0,0,2,1,8,2,2017-2018,Regular Season,12,16/12/2017,iberostar tenerife - unicaja,81 - 77,Unicaja,107,http://www.acb.com/fichas/LACB62107.php,2IR
11,0,"Diez, Daniel",11:11,3,0,1,0,1,2,50,0,0,0,1,0,1,0,1,0,0,0,1,0,0,0,-1,2,2017-2018,Regular Season,12,16/12/2017,iberostar tenerife - unicaja,81 - 77,Unicaja,107,http://www.acb.com/fichas/LACB62107.php,BLO
12,0,"Milosavljevic, D.",9:59,6,0,1,0,1,2,50,3,4,75,0,0,0,0,0,1,0,0,1,0,2,2,-14,1,2017-2018,Regular Season,12,16/12/2017,iberostar tenerife - unicaja,81 - 77,Unicaja,107,http://www.acb.com/fichas/LACB62107.php,53F
16,1,"Nedovic, Nemanja",25:35,14,1,5,20,2,6,33,6,6,100,1,0,1,5,0,2,0,0,0,0,2,5,-6,13,2017-2018,Regular Season,12,16/12/2017,iberostar tenerife - unicaja,81 - 77,Unicaja,107,http://www.acb.com/fichas/LACB62107.php,2FY
17,0,"Shermadini, Giorgi",12:51,7,2,2,100,0,0,0,3,4,75,0,0,0,0,1,1,0,0,0,1,2,6,-7,10,2017-2018,Regular Season,12,16/12/2017,iberostar tenerife - unicaja,81 - 77,Unicaja,107,http://www.acb.com/fichas/LACB62107.php,H18
21,1,"Waczynski, Adam",21:1,2,1,3,33,0,1,0,0,0,0,2,0,2,3,0,0,0,0,0,0,1,2,5,5,2017-2018,Regular Season,12,16/12/2017,iberostar tenerife - unicaja,81 - 77,Unicaja,107,http://www.acb.com/fichas/LACB62107.php,1KW
23,1,"Brooks, Jeff",19:6,8,2,5,40,1,1,100,1,2,50,1,1,0,1,0,2,0,1,1,0,2,1,-8,3,2017-2018,Regular Season,12,16/12/2017,iberostar tenerife - unicaja,81 - 77,Unicaja,107,http://www.acb.com/fichas/LACB62107.php,505
40,1,"Augustine, James",26:58,15,7,7,100,0,0,0,1,2,50,5,2,3,1,2,1,0,2,0,0,2,1,5,22,2017-2018,Regular Season,12,16/12/2017,iberostar tenerife - unicaja,81 - 77,Unicaja,107,http://www.acb.com/fichas/LACB62107.php,BGJ
43,0,"Suarez, Carlos",21:5,5,0,1,0,1,3,33,2,2,100,8,6,2,3,0,3,0,0,0,0,1,2,2,11,2017-2018,Regular Season,12,16/12/2017,iberostar tenerife - unicaja,81 - 77,Unicaja,107,http://www.acb.com/fichas/LACB62107.php,B79
0,0,Equipo,0,0,0,0,0,0,0,0,0,0,0,5,2,3,0,0,1,0,0,0,0,0,0,0,4,2017-2018,Regular Season,12,16/12/2017,iberostar tenerife - unicaja,81 - 77,0,107,http://www.acb.com/fichas/LACB62107.php,
0,1,"Fisher, Corey",23:13,6,2,5,40,0,2,0,2,2,100,1,1,0,3,0,0,1,0,0,0,0,2,-9,7,2017-2018,Regular Season,12,16/12/2017,san pablo burgos - montakit fuenlabrada,69 - 71,Burgos,108,http://www.acb.com/fichas/LACB62108.php,244
5,0,"Schreiner, Thomas",16:41,5,0,0,0,1,3,33,2,2,100,2,2,0,3,0,0,0,0,0,0,2,1,7,7,2017-2018,Regular Season,12,16/12/2017,san pablo burgos - montakit fuenlabrada,69 - 71,Burgos,108,http://www.acb.com/fichas/LACB62108.php,2A3
0,0,"Sedekerskis, Tadas",0,0,0,0,0,0,0,0,0,0,0,0,0,0,0,0,0,0,0,0,0,0,0,0,0,2017-2018,Regular Season,12,16/12/2017,san pablo burgos - montakit fuenlabrada,69 - 71,Burgos,108,http://www.acb.com/fichas/LACB62108.php,0
9,0,"Barrera, Alex",0:2,0,0,0,0,0,0,0,0,0,0,0,0,0,0,0,0,0,0,0,0,0,0,0,0,2017-2018,Regular Season,12,16/12/2017,san pablo burgos - montakit fuenlabrada,69 - 71,Burgos,108,http://www.acb.com/fichas/LACB62108.php,717
10,0,"Vega, Javier",14:28,0,0,3,0,0,3,0,0,0,0,0,0,0,0,0,0,0,0,1,0,0,0,-14,-7,2017-2018,Regular Season,12,16/12/2017,san pablo burgos - montakit fuenlabrada,69 - 71,Burgos,108,http://www.acb.com/fichas/LACB62108.php,BA6
11,0,"Saiz, Sebas",12:40,4,0,0,0,0,0,0,4,6,67,5,4,1,1,0,0,0,0,0,0,4,3,-7,7,2017-2018,Regular Season,12,16/12/2017,san pablo burgos - montakit fuenlabrada,69 - 71,Burgos,108,http://www.acb.com/fichas/LACB62108.php,SDS
12,0,"Jenkins, John",17:53,6,3,6,50,0,0,0,0,0,0,2,1,1,0,0,1,0,1,0,0,0,1,-14,6,2017-2018,Regular Season,12,16/12/2017,san pablo burgos - montakit fuenlabrada,69 - 71,Burgos,108,http://www.acb.com/fichas/LACB62108.php,56D
13,1,"Gailius, Deividas",25:9,15,2,6,33,3,6,50,2,4,50,3,3,0,0,1,2,0,0,0,0,4,2,8,6,2017-2018,Regular Season,12,16/12/2017,san pablo burgos - montakit fuenlabrada,69 - 71,Burgos,108,http://www.acb.com/fichas/LACB62108.php,549
15,0,"Martinez, Edu",8:42,5,1,1,100,1,1,100,0,0,0,1,1,0,0,0,0,0,0,0,0,2,1,-3,5,2017-2018,Regular Season,12,16/12/2017,san pablo burgos - montakit fuenlabrada,69 - 71,Burgos,108,http://www.acb.com/fichas/LACB62108.php,Y7W
21,1,"Thompson, Deon",28:32,16,6,8,75,0,2,0,4,4,100,5,5,0,0,0,4,0,0,0,1,4,6,14,15,2017-2018,Regular Season,12,16/12/2017,san pablo burgos - montakit fuenlabrada,69 - 71,Burgos,108,http://www.acb.com/fichas/LACB62108.php,54C
23,1,"Huskic, Goran",27:6,8,2,8,25,0,0,0,4,6,67,6,5,1,5,4,0,0,0,1,0,2,5,5,17,2017-2018,Regular Season,12,16/12/2017,san pablo burgos - montakit fuenlabrada,69 - 71,Burgos,108,http://www.acb.com/fichas/LACB62108.php,H05
25,1,"Lopez, Alex",25:34,4,0,3,0,1,3,33,1,2,50,1,0,1,2,2,1,0,0,1,0,3,4,3,2,2017-2018,Regular Season,12,16/12/2017,san pablo burgos - montakit fuenlabrada,69 - 71,Burgos,108,http://www.acb.com/fichas/LACB62108.php,YBF
0,0,Equipo,0,0,0,0,0,0,0,0,0,0,0,4,3,1,0,0,0,0,0,0,0,0,0,0,4,2017-2018,Regular Season,12,16/12/2017,san pablo burgos - montakit fuenlabrada,69 - 71,0,108,http://www.acb.com/fichas/LACB62108.php,
0,0,"Olaseni, Gabriel",6:43,2,1,2,50,0,0,0,0,0,0,3,2,1,1,0,0,0,0,0,0,2,0,-4,3,2017-2018,Regular Season,12,16/12/2017,san pablo burgos - montakit fuenlabrada,69 - 71,Fuenlabrada,108,http://www.acb.com/fichas/LACB62108.php,54F
2,1,"Popovic, Marko",31:6,23,0,0,0,7,15,47,2,2,100,5,3,2,1,0,4,0,0,0,0,3,4,7,18,2017-2018,Regular Season,12,16/12/2017,san pablo burgos - montakit fuenlabrada,69 - 71,Fuenlabrada,108,http://www.acb.com/fichas/LACB62108.php,B4P
4,1,"O'Leary, Ian",13:56,0,0,1,0,0,0,0,0,0,0,2,1,1,1,1,2,0,0,0,0,3,0,-14,-2,2017-2018,Regular Season,12,16/12/2017,san pablo burgos - montakit fuenlabrada,69 - 71,Fuenlabrada,108,http://www.acb.com/fichas/LACB62108.php,258
5,0,"Rupnik, Luka",8:55,0,0,0,0,0,2,0,0,2,0,0,0,0,0,0,1,0,0,0,0,2,1,0,-6,2017-2018,Regular Season,12,16/12/2017,san pablo burgos - montakit fuenlabrada,69 - 71,Fuenlabrada,108,http://www.acb.com/fichas/LACB62108.php,52N
9,1,"Sekulic, Blagota",26:57,8,3,6,50,0,2,0,2,4,50,11,7,4,2,1,2,0,1,0,0,2,5,6,17,2017-2018,Regular Season,12,16/12/2017,san pablo burgos - montakit fuenlabrada,69 - 71,Fuenlabrada,108,http://www.acb.com/fichas/LACB62108.php,BD8
11,0,"Cruz, Francisco",28:4,12,6,12,50,0,3,0,0,0,0,7,4,3,2,0,2,1,0,1,0,2,0,13,7,2017-2018,Regular Season,12,16/12/2017,san pablo burgos - montakit fuenlabrada,69 - 71,Fuenlabrada,108,http://www.acb.com/fichas/LACB62108.php,516
13,1,"Smits, Rolands",35:52,13,2,6,33,3,6,50,0,1,0,11,6,5,0,0,4,0,0,0,1,5,2,7,9,2017-2018,Regular Season,12,16/12/2017,san pablo burgos - montakit fuenlabrada,69 - 71,Fuenlabrada,108,http://www.acb.com/fichas/LACB62108.php,862
0,0,"Gonzalez, Jose M.",0,0,0,0,0,0,0,0,0,0,0,0,0,0,0,0,0,0,0,0,0,0,0,0,0,2017-2018,Regular Season,12,16/12/2017,san pablo burgos - montakit fuenlabrada,69 - 71,Fuenlabrada,108,http://www.acb.com/fichas/LACB62108.php,0
16,1,"Vargas, Gregory",22:49,3,1,1,100,0,0,0,1,2,50,2,2,0,3,1,0,0,0,0,0,4,2,2,6,2017-2018,Regular Season,12,16/12/2017,san pablo burgos - montakit fuenlabrada,69 - 71,Fuenlabrada,108,http://www.acb.com/fichas/LACB62108.php,53Q
19,0,"Llorente, Sergio",2:17,0,0,0,0,0,1,0,0,0,0,0,0,0,0,1,0,0,0,0,0,1,0,-1,-1,2017-2018,Regular Season,12,16/12/2017,san pablo burgos - montakit fuenlabrada,69 - 71,Fuenlabrada,108,http://www.acb.com/fichas/LACB62108.php,721
31,0,"Eyenga, C.",23:21,10,1,4,25,2,4,50,2,6,33,5,5,0,2,1,3,0,2,0,0,1,7,-6,14,2017-2018,Regular Season,12,16/12/2017,san pablo burgos - montakit fuenlabrada,69 - 71,Fuenlabrada,108,http://www.acb.com/fichas/LACB62108.php,Y8D
0,0,Equipo,0,0,0,0,0,0,0,0,0,0,0,3,2,1,0,0,0,0,0,0,0,0,0,0,3,2017-2018,Regular Season,12,16/12/2017,san pablo burgos - montakit fuenlabrada,69 - 71,0,108,http://www.acb.com/fichas/LACB62108.php,
4,1,"Oliver, Albert",23:23,10,1,5,20,2,4,50,2,2,100,0,0,0,2,0,2,1,0,0,0,1,2,-13,5,2017-2018,Regular Season,13,23/12/2017,herbalife gran canaria - real betis energia plus,83 - 90,Gran_Canaria,109,http://www.acb.com/fichas/LACB62109.php,A56
8,1,"Eriksson, Marcus",19:51,10,0,0,0,3,10,30,1,2,50,1,1,0,1,1,0,1,0,0,0,1,3,-9,7,2017-2018,Regular Season,13,23/12/2017,herbalife gran canaria - real betis energia plus,83 - 90,Gran_Canaria,109,http://www.acb.com/fichas/LACB62109.php,118
9,0,"Mekel, Gal",16:37,10,3,5,60,1,3,33,1,2,50,2,1,1,5,1,1,0,0,0,0,1,1,6,12,2017-2018,Regular Season,13,23/12/2017,herbalife gran canaria - real betis energia plus,83 - 90,Gran_Canaria,109,http://www.acb.com/fichas/LACB62109.php,53K
11,0,"Seeley, DJ",24:14,11,2,2,100,1,5,20,4,7,57,5,1,4,1,0,1,0,0,0,0,1,4,4,12,2017-2018,Regular Season,13,23/12/2017,herbalife gran canaria - real betis energia plus,83 - 90,Gran_Canaria,109,http://www.acb.com/fichas/LACB62109.php,2IW
12,1,"Balvin, Ondrej",16:27,6,2,2,100,0,0,0,2,5,40,3,0,3,1,0,1,0,0,0,2,3,3,-17,6,2017-2018,Regular Season,13,23/12/2017,herbalife gran canaria - real betis energia plus,83 - 90,Gran_Canaria,109,http://www.acb.com/fichas/LACB62109.php,BLE
13,1,"Baez, Eulis",17:19,10,3,6,50,1,2,50,1,4,25,4,1,3,2,3,1,0,0,0,0,5,4,-4,10,2017-2018,Regular Season,13,23/12/2017,herbalife gran canaria - real betis energia plus,83 - 90,Gran_Canaria,109,http://www.acb.com/fichas/LACB62109.php,BIH
14,0,"Pasecniks, Anzejs",22:49,10,4,5,80,0,0,0,2,2,100,6,6,0,0,0,2,0,0,0,2,2,3,12,14,2017-2018,Regular Season,13,23/12/2017,herbalife gran canaria - real betis energia plus,83 - 90,Gran_Canaria,109,http://www.acb.com/fichas/LACB62109.php,FQH
21,0,"Pauli, Oriol",15:54,4,1,1,100,0,3,0,2,2,100,1,1,0,1,0,0,0,0,0,0,2,3,3,4,2017-2018,Regular Season,13,23/12/2017,herbalife gran canaria - real betis energia plus,83 - 90,Gran_Canaria,109,http://www.acb.com/fichas/LACB62109.php,SCE
22,1,"Rabaseda, Xavi",20:40,7,2,4,50,1,4,25,0,0,0,2,2,0,2,2,0,0,0,0,1,2,0,-14,6,2017-2018,Regular Season,13,23/12/2017,herbalife gran canaria - real betis energia plus,83 - 90,Gran_Canaria,109,http://www.acb.com/fichas/LACB62109.php,Y1F
34,0,"Aguilar, Pablo",22:46,5,1,1,100,1,5,20,0,0,0,1,1,0,3,0,1,0,0,0,0,1,1,-3,4,2017-2018,Regular Season,13,23/12/2017,herbalife gran canaria - real betis energia plus,83 - 90,Gran_Canaria,109,http://www.acb.com/fichas/LACB62109.php,Y49
0,0,"Fischer, Luke",0,0,0,0,0,0,0,0,0,0,0,0,0,0,0,0,0,0,0,0,0,0,0,0,0,2017-2018,Regular Season,13,23/12/2017,herbalife gran canaria - real betis energia plus,83 - 90,Gran_Canaria,109,http://www.acb.com/fichas/LACB62109.php,0
0,0,Equipo,0,0,0,0,0,0,0,0,0,0,0,2,2,0,0,0,0,0,0,0,0,0,0,0,2,2017-2018,Regular Season,13,23/12/2017,herbalife gran canaria - real betis energia plus,83 - 90,0,109,http://www.acb.com/fichas/LACB62109.php,
1,1,"Anosike, Oderah",19:28,6,2,3,67,0,0,0,2,2,100,2,2,0,0,0,1,0,0,0,1,5,3,-3,4,2017-2018,Regular Season,13,23/12/2017,herbalife gran canaria - real betis energia plus,83 - 90,Sevilla,109,http://www.acb.com/fichas/LACB62109.php,FPY
0,0,"Draper, Dontaye",0,0,0,0,0,0,0,0,0,0,0,0,0,0,0,0,0,0,0,0,0,0,0,0,0,2017-2018,Regular Season,13,23/12/2017,herbalife gran canaria - real betis energia plus,83 - 90,Sevilla,109,http://www.acb.com/fichas/LACB62109.php,0
5,0,"Sanchez, A.",11:10,0,0,2,0,0,1,0,0,0,0,0,0,0,0,0,0,0,0,0,0,2,0,-5,-5,2017-2018,Regular Season,13,23/12/2017,herbalife gran canaria - real betis energia plus,83 - 90,Sevilla,109,http://www.acb.com/fichas/LACB62109.php,B44
6,1,"Nelson, Luke",23:40,8,1,2,50,2,3,67,0,0,0,1,1,0,1,0,4,0,0,0,0,4,0,7,0,2017-2018,Regular Season,13,23/12/2017,herbalife gran canaria - real betis energia plus,83 - 90,Sevilla,109,http://www.acb.com/fichas/LACB62109.php,547
8,0,"Cruz, Ivan",10:7,4,2,3,67,0,1,0,0,0,0,1,1,0,0,0,0,0,0,0,0,2,0,-3,1,2017-2018,Regular Season,13,23/12/2017,herbalife gran canaria - real betis energia plus,83 - 90,Sevilla,109,http://www.acb.com/fichas/LACB62109.php,BLL
11,0,"Uriz, Mikel",21:33,10,3,3,100,1,1,100,1,2,50,3,3,0,4,0,3,0,0,0,0,1,1,3,13,2017-2018,Regular Season,13,23/12/2017,herbalife gran canaria - real betis energia plus,83 - 90,Sevilla,109,http://www.acb.com/fichas/LACB62109.php,742
15,1,"Schilb, Blake",32:54,16,4,7,57,2,4,50,2,2,100,5,5,0,7,2,2,0,0,0,0,1,2,7,24,2017-2018,Regular Season,13,23/12/2017,herbalife gran canaria - real betis energia plus,83 - 90,Sevilla,109,http://www.acb.com/fichas/LACB62109.php,565
0,0,"Blanco, Saul",0,0,0,0,0,0,0,0,0,0,0,0,0,0,0,0,0,0,0,0,0,0,0,0,0,2017-2018,Regular Season,13,23/12/2017,herbalife gran canaria - real betis energia plus,83 - 90,Sevilla,109,http://www.acb.com/fichas/LACB62109.php,0
25,0,"Zagorac, Rade",7:12,4,1,2,50,0,0,0,2,2,100,0,0,0,0,0,0,0,0,0,0,2,2,2,3,2017-2018,Regular Season,13,23/12/2017,herbalife gran canaria - real betis energia plus,83 - 90,Sevilla,109,http://www.acb.com/fichas/LACB62109.php,56G
30,1,"Franch, Josep",23:47,11,4,4,100,1,3,33,0,0,0,0,0,0,4,3,2,1,0,0,0,3,2,9,13,2017-2018,Regular Season,13,23/12/2017,herbalife gran canaria - real betis energia plus,83 - 90,Sevilla,109,http://www.acb.com/fichas/LACB62109.php,Y79
32,0,"Golubovic, V.",19:37,11,5,8,63,0,0,0,1,2,50,6,5,1,3,0,0,0,0,0,0,2,1,6,15,2017-2018,Regular Season,13,23/12/2017,herbalife gran canaria - real betis energia plus,83 - 90,Sevilla,109,http://www.acb.com/fichas/LACB62109.php,004
34,1,"Kelly, Ryan",30:32,20,6,8,75,2,2,100,2,3,67,6,6,0,1,0,1,0,0,0,1,2,8,12,29,2017-2018,Regular Season,13,23/12/2017,herbalife gran canaria - real betis energia plus,83 - 90,Sevilla,109,http://www.acb.com/fichas/LACB62109.php,54V
0,0,Equipo,0,0,0,0,0,0,0,0,0,0,0,1,1,0,0,0,1,0,0,0,0,0,0,0,0,2017-2018,Regular Season,13,23/12/2017,herbalife gran canaria - real betis energia plus,83 - 90,0,109,http://www.acb.com/fichas/LACB62109.php,
3,1,"Fernandez, Jaime",30:8,15,4,8,50,1,3,33,4,7,57,1,0,1,8,3,1,2,1,0,0,2,6,12,22,2017-2018,Regular Season,13,23/12/2017,morabanc andorra - retabet bilbao basket,99 - 91,Andorra,110,http://www.acb.com/fichas/LACB62110.php,117
11,1,"Blazic, Jaka",27:3,13,2,3,67,1,6,17,6,9,67,4,4,0,2,1,3,1,0,1,1,3,6,22,10,2017-2018,Regular Season,13,23/12/2017,morabanc andorra - retabet bilbao basket,99 - 91,Andorra,110,http://www.acb.com/fichas/LACB62110.php,FQF
12,1,"Jankovic, Vladimir",23:24,11,2,3,67,1,4,25,4,4,100,5,1,4,0,0,0,0,0,0,0,3,3,12,12,2017-2018,Regular Season,13,23/12/2017,morabanc andorra - retabet bilbao basket,99 - 91,Andorra,110,http://www.acb.com/fichas/LACB62110.php,50M
14,0,"Stevic, Oliver",11:7,4,1,1,100,0,0,0,2,2,100,1,0,1,0,0,2,0,1,0,0,5,2,1,1,2017-2018,Regular Season,13,23/12/2017,morabanc andorra - retabet bilbao basket,99 - 91,Andorra,110,http://www.acb.com/fichas/LACB62110.php,170
15,0,"Karnowski, Przemek",14:28,3,1,5,20,0,0,0,1,2,50,2,2,0,1,0,0,0,0,1,0,3,2,-6,-1,2017-2018,Regular Season,13,23/12/2017,morabanc andorra - retabet bilbao basket,99 - 91,Andorra,110,http://www.acb.com/fichas/LACB62110.php,53Y
0,0,"Albicy, Andrew",0,0,0,0,0,0,0,0,0,0,0,0,0,0,0,0,0,0,0,0,0,0,0,0,0,2017-2018,Regular Season,13,23/12/2017,morabanc andorra - retabet bilbao basket,99 - 91,Andorra,110,http://www.acb.com/fichas/LACB62110.php,0
21,1,"Diagne, Moussa",20:47,12,4,5,80,0,0,0,4,6,67,4,2,2,1,0,1,0,0,0,2,3,4,10,14,2017-2018,Regular Season,13,23/12/2017,morabanc andorra - retabet bilbao basket,99 - 91,Andorra,110,http://www.acb.com/fichas/LACB62110.php,17T
22,1,"Shurna, John",29:39,13,1,2,50,3,7,43,2,4,50,5,5,0,1,1,1,0,1,1,0,3,3,2,12,2017-2018,Regular Season,13,23/12/2017,morabanc andorra - retabet bilbao basket,99 - 91,Andorra,110,http://www.acb.com/fichas/LACB62110.php,H36
23,0,"Walker, David",10:51,2,1,1,100,0,1,0,0,0,0,1,1,0,1,0,0,0,0,0,0,3,0,-8,0,2017-2018,Regular Season,13,23/12/2017,morabanc andorra - retabet bilbao basket,99 - 91,Andorra,110,http://www.acb.com/fichas/LACB62110.php,513
24,0,"Colom, Guillem",8:58,3,0,0,0,1,3,33,0,0,0,1,1,0,2,0,0,0,0,0,0,2,0,-2,2,2017-2018,Regular Season,13,23/12/2017,morabanc andorra - retabet bilbao basket,99 - 91,Andorra,110,http://www.acb.com/fichas/LACB62110.php,2A5
25,0,"Jelinek, David",23:35,23,2,3,67,5,6,83,4,4,100,2,1,1,1,1,1,0,0,0,0,0,3,-3,27,2017-2018,Regular Season,13,23/12/2017,morabanc andorra - retabet bilbao basket,99 - 91,Andorra,110,http://www.acb.com/fichas/LACB62110.php,Y8C
0,0,Equipo,0,0,0,0,0,0,0,0,0,0,0,3,1,2,0,0,1,0,0,0,0,1,0,0,1,2017-2018,Regular Season,13,23/12/2017,morabanc andorra - retabet bilbao basket,99 - 91,0,110,http://www.acb.com/fichas/LACB62110.php,
2,0,"Thomas, Devin",15:58,14,5,5,100,0,0,0,4,9,44,1,0,1,1,1,1,0,1,0,1,4,5,8,13,2017-2018,Regular Season,13,23/12/2017,morabanc andorra - retabet bilbao basket,99 - 91,Bilbao,110,http://www.acb.com/fichas/LACB62110.php,56E
0,0,"Fischer, Ricardo",0,0,0,0,0,0,0,0,0,0,0,0,0,0,0,0,0,0,0,0,0,0,0,0,0,2017-2018,Regular Season,13,23/12/2017,morabanc andorra - retabet bilbao basket,99 - 91,Bilbao,110,http://www.acb.com/fichas/LACB62110.php,0
9,0,"Tabu, Jonathan",24:47,16,1,3,33,4,8,50,2,2,100,2,1,1,5,1,2,0,0,0,0,4,5,4,17,2017-2018,Regular Season,13,23/12/2017,morabanc andorra - retabet bilbao basket,99 - 91,Bilbao,110,http://www.acb.com/fichas/LACB62110.php,H09
10,0,"Mendia, Borja",0:46,0,0,0,0,0,0,0,0,0,0,0,0,0,0,0,0,0,0,0,0,0,0,-2,0,2017-2018,Regular Season,13,23/12/2017,morabanc andorra - retabet bilbao basket,99 - 91,Bilbao,110,http://www.acb.com/fichas/LACB62110.php,11Z
11,1,"Hammink, Shane",19:51,4,2,3,67,0,0,0,0,0,0,2,1,1,0,0,1,1,0,0,1,5,1,-9,0,2017-2018,Regular Season,13,23/12/2017,morabanc andorra - retabet bilbao basket,99 - 91,Bilbao,110,http://www.acb.com/fichas/LACB62110.php,53H
14,1,"Salgado, Javier",20:9,8,0,0,0,1,4,25,5,6,83,5,3,2,4,0,2,0,0,1,0,0,3,-5,13,2017-2018,Regular Season,13,23/12/2017,morabanc andorra - retabet bilbao basket,99 - 91,Bilbao,110,http://www.acb.com/fichas/LACB62110.php,B1R
15,0,"Mumbru, Alex",23:33,14,4,10,40,1,4,25,3,3,100,4,2,2,0,0,1,0,0,1,0,4,3,3,6,2017-2018,Regular Season,13,23/12/2017,morabanc andorra - retabet bilbao basket,99 - 91,Bilbao,110,http://www.acb.com/fichas/LACB62110.php,A46
17,1,"Hervelle, Axel",19:34,0,0,0,0,0,2,0,0,0,0,4,4,0,1,0,2,0,0,0,0,3,0,-15,-2,2017-2018,Regular Season,13,23/12/2017,morabanc andorra - retabet bilbao basket,99 - 91,Bilbao,110,http://www.acb.com/fichas/LACB62110.php,B6Q
19,0,"Tomas, Pere",23:16,16,2,5,40,3,3,100,3,5,60,5,3,2,1,0,1,1,0,0,0,5,5,4,16,2017-2018,Regular Season,13,23/12/2017,morabanc andorra - retabet bilbao basket,99 - 91,Bilbao,110,http://www.acb.com/fichas/LACB62110.php,Y3V
20,1,"Todorovic, Dejan",29:15,8,2,5,40,1,7,14,1,1,100,1,1,0,3,1,3,1,0,1,1,1,1,-15,0,2017-2018,Regular Season,13,23/12/2017,morabanc andorra - retabet bilbao basket,99 - 91,Bilbao,110,http://www.acb.com/fichas/LACB62110.php,10D
0,0,"Vucetic, Vasilije",0,0,0,0,0,0,0,0,0,0,0,0,0,0,0,0,0,0,0,0,0,0,0,0,0,2017-2018,Regular Season,13,23/12/2017,morabanc andorra - retabet bilbao basket,99 - 91,Bilbao,110,http://www.acb.com/fichas/LACB62110.php,0
32,1,"Gladness, Mickell",22:51,11,5,6,83,0,0,0,1,1,100,6,3,3,0,0,1,0,2,0,1,4,3,-13,16,2017-2018,Regular Season,13,23/12/2017,morabanc andorra - retabet bilbao basket,99 - 91,Bilbao,110,http://www.acb.com/fichas/LACB62110.php,55D
0,0,Equipo,0,0,0,0,0,0,0,0,0,0,0,4,2,2,0,0,3,0,0,0,0,0,0,0,1,2017-2018,Regular Season,13,23/12/2017,morabanc andorra - retabet bilbao basket,99 - 91,0,110,http://www.acb.com/fichas/LACB62110.php,
0,0,"Dimitrijevic, N.",13:12,2,1,2,50,0,4,0,0,0,0,2,2,0,3,0,2,0,0,0,0,1,0,-15,-1,2017-2018,Regular Season,13,23/12/2017,divina seguros joventut - san pablo burgos,81 - 88,Joventut,111,http://www.acb.com/fichas/LACB62111.php,2CP
2,0,"Birgander, Simon",9:8,2,1,1,100,0,0,0,0,0,0,3,3,0,0,0,1,0,0,0,1,4,0,8,0,2017-2018,Regular Season,13,23/12/2017,divina seguros joventut - san pablo burgos,81 - 88,Joventut,111,http://www.acb.com/fichas/LACB62111.php,53J
6,0,"Lopez-Arostegui, X",9:58,3,0,0,0,1,1,100,0,0,0,3,2,1,1,1,0,0,0,0,0,0,0,0,8,2017-2018,Regular Season,13,23/12/2017,divina seguros joventut - san pablo burgos,81 - 88,Joventut,111,http://www.acb.com/fichas/LACB62111.php,1BA
9,1,"Vidal, Sergi",22:53,17,2,3,67,3,6,50,4,5,80,3,1,2,3,1,4,0,0,0,0,1,7,-11,21,2017-2018,Regular Season,13,23/12/2017,divina seguros joventut - san pablo burgos,81 - 88,Joventut,111,http://www.acb.com/fichas/LACB62111.php,A4B
12,0,"Kulvietis, Saulius",12:16,1,0,0,0,0,2,0,1,2,50,3,1,2,0,0,1,0,0,0,0,1,1,-14,0,2017-2018,Regular Season,13,23/12/2017,divina seguros joventut - san pablo burgos,81 - 88,Joventut,111,http://www.acb.com/fichas/LACB62111.php,53V
13,0,"Nogues, Jose I.",7:28,3,0,0,0,1,1,100,0,0,0,0,0,0,0,0,1,0,0,0,0,2,0,6,0,2017-2018,Regular Season,13,23/12/2017,divina seguros joventut - san pablo burgos,81 - 88,Joventut,111,http://www.acb.com/fichas/LACB62111.php,8C8
14,0,"Ventura, Albert",21:52,8,1,3,33,2,3,67,0,0,0,4,4,0,0,2,1,0,0,0,0,5,1,-9,6,2017-2018,Regular Season,13,23/12/2017,divina seguros joventut - san pablo burgos,81 - 88,Joventut,111,http://www.acb.com/fichas/LACB62111.php,718
18,1,"Wayns, Maalik",26:48,18,5,8,63,2,5,40,2,3,67,2,0,2,3,1,2,2,0,1,0,3,3,8,14,2017-2018,Regular Season,13,23/12/2017,divina seguros joventut - san pablo burgos,81 - 88,Joventut,111,http://www.acb.com/fichas/LACB62111.php,56B
21,1,"Gielo, Tomasz",22:0,5,2,3,67,0,3,0,1,1,100,2,2,0,0,0,2,0,1,0,0,2,1,2,1,2017-2018,Regular Season,13,23/12/2017,divina seguros joventut - san pablo burgos,81 - 88,Joventut,111,http://www.acb.com/fichas/LACB62111.php,50Q
0,0,"Gudul, Omari",0,0,0,0,0,0,0,0,0,0,0,0,0,0,0,0,0,0,0,0,0,0,0,0,0,2017-2018,Regular Season,13,23/12/2017,divina seguros joventut - san pablo burgos,81 - 88,Joventut,111,http://www.acb.com/fichas/LACB62111.php,0
35,1,"Richard, Patrick",29:55,7,2,6,33,1,6,17,0,0,0,4,3,1,5,1,1,2,0,1,1,2,0,3,4,2017-2018,Regular Season,13,23/12/2017,divina seguros joventut - san pablo burgos,81 - 88,Joventut,111,http://www.acb.com/fichas/LACB62111.php,53U
44,1,"Jordan, Jerome",24:30,15,6,8,75,0,0,0,3,5,60,11,7,4,1,0,5,0,2,0,2,2,5,-13,23,2017-2018,Regular Season,13,23/12/2017,divina seguros joventut - san pablo burgos,81 - 88,Joventut,111,http://www.acb.com/fichas/LACB62111.php,D10
0,0,Equipo,0,0,0,0,0,0,0,0,0,0,0,2,2,0,0,0,1,0,0,0,0,0,0,0,1,2017-2018,Regular Season,13,23/12/2017,divina seguros joventut - san pablo burgos,81 - 88,0,111,http://www.acb.com/fichas/LACB62111.php,
0,1,"Fisher, Corey",21:37,7,2,4,50,1,4,25,0,0,0,2,2,0,1,0,3,0,0,0,0,2,1,-10,1,2017-2018,Regular Season,13,23/12/2017,divina seguros joventut - san pablo burgos,81 - 88,Burgos,111,http://www.acb.com/fichas/LACB62111.php,244
5,0,"Schreiner, Thomas",18:23,11,0,0,0,3,6,50,2,2,100,0,0,0,3,2,0,0,0,0,0,1,2,17,14,2017-2018,Regular Season,13,23/12/2017,divina seguros joventut - san pablo burgos,81 - 88,Burgos,111,http://www.acb.com/fichas/LACB62111.php,2A3
9,0,"Barrera, Alex",15:44,4,0,0,0,1,1,100,1,2,50,0,0,0,2,0,1,0,0,0,0,1,3,14,6,2017-2018,Regular Season,13,23/12/2017,divina seguros joventut - san pablo burgos,81 - 88,Burgos,111,http://www.acb.com/fichas/LACB62111.php,717
10,0,"Vega, Javier",9:31,8,0,0,0,2,3,67,2,2,100,0,0,0,1,2,1,2,0,0,0,1,2,2,10,2017-2018,Regular Season,13,23/12/2017,divina seguros joventut - san pablo burgos,81 - 88,Burgos,111,http://www.acb.com/fichas/LACB62111.php,BA6
11,0,"Saiz, Sebas",22:57,13,4,7,57,0,0,0,5,6,83,3,2,1,0,1,1,0,1,0,2,2,3,18,14,2017-2018,Regular Season,13,23/12/2017,divina seguros joventut - san pablo burgos,81 - 88,Burgos,111,http://www.acb.com/fichas/LACB62111.php,SDS
12,1,"Jenkins, John",25:56,9,1,7,14,1,4,25,4,4,100,1,1,0,0,1,1,0,0,0,0,2,3,-13,2,2017-2018,Regular Season,13,23/12/2017,divina seguros joventut - san pablo burgos,81 - 88,Burgos,111,http://www.acb.com/fichas/LACB62111.php,56D
13,1,"Gailius, Deividas",26:12,10,4,5,80,0,0,0,2,3,67,6,4,2,1,2,2,0,0,1,0,2,4,-4,16,2017-2018,Regular Season,13,23/12/2017,divina seguros joventut - san pablo burgos,81 - 88,Burgos,111,http://www.acb.com/fichas/LACB62111.php,549
0,0,"Martinez, Edu",0,0,0,0,0,0,0,0,0,0,0,0,0,0,0,0,0,0,0,0,0,0,0,0,0,2017-2018,Regular Season,13,23/12/2017,divina seguros joventut - san pablo burgos,81 - 88,Burgos,111,http://www.acb.com/fichas/LACB62111.php,0
21,1,"Thompson, Deon",31:5,18,3,10,30,3,4,75,3,3,100,7,5,2,2,1,1,0,0,1,0,2,2,4,18,2017-2018,Regular Season,13,23/12/2017,divina seguros joventut - san pablo burgos,81 - 88,Burgos,111,http://www.acb.com/fichas/LACB62111.php,54C
23,1,"Huskic, Goran",14:36,4,2,4,50,0,0,0,0,0,0,1,1,0,2,2,2,0,0,1,0,4,0,-5,0,2017-2018,Regular Season,13,23/12/2017,divina seguros joventut - san pablo burgos,81 - 88,Burgos,111,http://www.acb.com/fichas/LACB62111.php,H05
25,0,"Lopez, Alex",13:59,4,0,0,0,1,1,100,1,2,50,2,2,0,4,0,1,0,1,0,0,2,2,12,9,2017-2018,Regular Season,13,23/12/2017,divina seguros joventut - san pablo burgos,81 - 88,Burgos,111,http://www.acb.com/fichas/LACB62111.php,YBF
0,0,Equipo,0,0,0,0,0,0,0,0,0,0,0,6,4,2,0,0,0,0,0,0,0,0,0,0,6,2017-2018,Regular Season,13,23/12/2017,divina seguros joventut - san pablo burgos,81 - 88,0,111,http://www.acb.com/fichas/LACB62111.php,
4,1,"Cvetkovic, A.",19:37,9,1,3,33,1,4,25,4,4,100,2,1,1,2,0,0,0,0,1,0,2,3,11,8,2017-2018,Regular Season,13,23/12/2017,movistar estudiantes - monbus obradoiro,95 - 67,Estudiantes,112,http://www.acb.com/fichas/LACB62112.php,50G
6,0,"Hakanson, Ludde",17:52,10,2,3,67,2,5,40,0,0,0,6,6,0,3,1,1,0,0,0,0,2,1,18,14,2017-2018,Regular Season,13,23/12/2017,movistar estudiantes - monbus obradoiro,95 - 67,Estudiantes,112,http://www.acb.com/fichas/LACB62112.php,UAE
8,0,"Brizuela, Dario",18:58,14,4,6,67,2,5,40,0,0,0,3,2,1,1,0,2,0,0,0,0,3,1,15,9,2017-2018,Regular Season,13,23/12/2017,movistar estudiantes - monbus obradoiro,95 - 67,Estudiantes,112,http://www.acb.com/fichas/LACB62112.php,81E
9,0,"Vicedo, Edgar",18:42,7,1,3,33,1,4,25,2,2,100,6,4,2,1,0,2,0,0,0,0,2,2,14,7,2017-2018,Regular Season,13,23/12/2017,movistar estudiantes - monbus obradoiro,95 - 67,Estudiantes,112,http://www.acb.com/fichas/LACB62112.php,SDT
10,1,"Cook, Omar",22:8,5,0,0,0,1,4,25,2,2,100,0,0,0,5,0,0,0,0,0,0,1,1,10,7,2017-2018,Regular Season,13,23/12/2017,movistar estudiantes - monbus obradoiro,95 - 67,Estudiantes,112,http://www.acb.com/fichas/LACB62112.php,BFP
0,0,"Pena, Dagoberto",0,0,0,0,0,0,0,0,0,0,0,0,0,0,0,0,0,0,0,0,0,0,0,0,0,2017-2018,Regular Season,13,23/12/2017,movistar estudiantes - monbus obradoiro,95 - 67,Estudiantes,112,http://www.acb.com/fichas/LACB62112.php,0
12,1,"Suton, Goran",23:16,9,0,1,0,2,3,67,3,3,100,5,4,1,2,0,0,0,1,1,0,4,2,11,12,2017-2018,Regular Season,13,23/12/2017,movistar estudiantes - monbus obradoiro,95 - 67,Estudiantes,112,http://www.acb.com/fichas/LACB62112.php,1LM
15,1,"Landesberg, Sylven",21:28,11,1,6,17,2,4,50,3,4,75,1,0,1,0,1,0,0,0,2,0,3,4,15,4,2017-2018,Regular Season,13,23/12/2017,movistar estudiantes - monbus obradoiro,95 - 67,Estudiantes,112,http://www.acb.com/fichas/LACB62112.php,541
16,0,"Sola, Adams",8:44,1,0,0,0,0,0,0,1,2,50,1,0,1,0,1,0,0,0,0,0,2,2,8,2,2017-2018,Regular Season,13,23/12/2017,movistar estudiantes - monbus obradoiro,95 - 67,Estudiantes,112,http://www.acb.com/fichas/LACB62112.php,52B
17,0,"Savane, Sitapha",15:9,5,2,3,67,0,0,0,1,2,50,1,0,1,0,1,2,1,1,0,1,2,3,17,5,2017-2018,Regular Season,13,23/12/2017,movistar estudiantes - monbus obradoiro,95 - 67,Estudiantes,112,http://www.acb.com/fichas/LACB62112.php,B3M
21,0,"Brown, Alec",17:53,14,4,6,67,1,2,50,3,5,60,5,2,3,1,2,1,0,1,0,1,4,5,15,18,2017-2018,Regular Season,13,23/12/2017,movistar estudiantes - monbus obradoiro,95 - 67,Estudiantes,112,http://www.acb.com/fichas/LACB62112.php,FO4
38,1,"Arteaga, Victor",16:13,10,5,8,63,0,0,0,0,0,0,6,4,2,0,1,0,0,1,1,1,1,1,6,14,2017-2018,Regular Season,13,23/12/2017,movistar estudiantes - monbus obradoiro,95 - 67,Estudiantes,112,http://www.acb.com/fichas/LACB62112.php,768
0,0,Equipo,0,0,0,0,0,0,0,0,0,0,0,6,1,5,0,0,0,0,0,0,0,0,0,0,6,2017-2018,Regular Season,13,23/12/2017,movistar estudiantes - monbus obradoiro,95 - 67,0,112,http://www.acb.com/fichas/LACB62112.php,
3,0,"Sabat, Albert",11:1,0,0,1,0,0,0,0,0,0,0,0,0,0,2,0,1,0,0,0,0,1,1,-16,0,2017-2018,Regular Season,13,23/12/2017,movistar estudiantes - monbus obradoiro,95 - 67,Obradoiro,112,http://www.acb.com/fichas/LACB62112.php,B2J
7,0,"Simons, Benjamin",12:1,5,0,3,0,1,4,25,2,2,100,0,0,0,0,0,1,0,0,0,0,3,1,-17,-4,2017-2018,Regular Season,13,23/12/2017,movistar estudiantes - monbus obradoiro,95 - 67,Obradoiro,112,http://www.acb.com/fichas/LACB62112.php,548
9,0,"Llovet, Nacho",20:22,6,2,2,100,0,0,0,2,5,40,6,3,3,0,0,0,0,0,0,0,3,9,-14,15,2017-2018,Regular Season,13,23/12/2017,movistar estudiantes - monbus obradoiro,95 - 67,Obradoiro,112,http://www.acb.com/fichas/LACB62112.php,Y7O
11,1,"Radovic, Nemanja",18:47,10,3,6,50,0,0,0,4,6,67,5,4,1,0,0,1,0,1,1,0,3,3,-5,9,2017-2018,Regular Season,13,23/12/2017,movistar estudiantes - monbus obradoiro,95 - 67,Obradoiro,112,http://www.acb.com/fichas/LACB62112.php,H52
13,1,"Pustovyi, Artem",14:27,2,0,1,0,0,0,0,2,2,100,5,5,0,0,0,1,0,3,1,0,3,1,-12,5,2017-2018,Regular Season,13,23/12/2017,movistar estudiantes - monbus obradoiro,95 - 67,Obradoiro,112,http://www.acb.com/fichas/LACB62112.php,FO1
16,0,"Spires, Nick",14:23,10,3,5,60,1,2,50,1,2,50,1,1,0,0,0,0,0,0,1,2,4,2,-8,4,2017-2018,Regular Season,13,23/12/2017,movistar estudiantes - monbus obradoiro,95 - 67,Obradoiro,112,http://www.acb.com/fichas/LACB62112.php,SCH
20,0,"Navarro, David",14:46,2,1,5,20,0,2,0,0,0,0,3,1,2,4,0,1,0,0,1,1,2,1,-12,0,2017-2018,Regular Season,13,23/12/2017,movistar estudiantes - monbus obradoiro,95 - 67,Obradoiro,112,http://www.acb.com/fichas/LACB62112.php,B8L
21,1,"Thomas, Matt",24:3,13,4,6,67,1,2,50,2,2,100,2,2,0,0,0,0,0,1,0,0,1,1,-13,13,2017-2018,Regular Season,13,23/12/2017,movistar estudiantes - monbus obradoiro,95 - 67,Obradoiro,112,http://www.acb.com/fichas/LACB62112.php,53S
22,1,"Bendzius, Eimantas",25:51,11,2,3,67,1,2,50,4,6,67,4,4,0,0,1,3,0,0,0,0,1,4,-14,12,2017-2018,Regular Season,13,23/12/2017,movistar estudiantes - monbus obradoiro,95 - 67,Obradoiro,112,http://www.acb.com/fichas/LACB62112.php,FO0
33,0,"Corbacho, A.",7:9,4,2,2,100,0,2,0,0,0,0,2,1,1,0,0,0,0,0,0,0,0,0,-5,4,2017-2018,Regular Season,13,23/12/2017,movistar estudiantes - monbus obradoiro,95 - 67,Obradoiro,112,http://www.acb.com/fichas/LACB62112.php,B5E
44,1,"Pozas, Pepe",22:20,0,0,1,0,0,1,0,0,0,0,1,0,1,3,0,1,0,0,0,0,3,3,-10,1,2017-2018,Regular Season,13,23/12/2017,movistar estudiantes - monbus obradoiro,95 - 67,Obradoiro,112,http://www.acb.com/fichas/LACB62112.php,750
54,0,"Laksa, Martins",14:50,4,2,3,67,0,3,0,0,0,0,2,0,2,0,0,1,0,0,0,0,0,0,-14,1,2017-2018,Regular Season,13,23/12/2017,movistar estudiantes - monbus obradoiro,95 - 67,Obradoiro,112,http://www.acb.com/fichas/LACB62112.php,53A
0,0,Equipo,0,0,0,0,0,0,0,0,0,0,0,3,2,1,0,0,2,0,0,0,0,1,0,0,0,2017-2018,Regular Season,13,23/12/2017,movistar estudiantes - monbus obradoiro,95 - 67,0,112,http://www.acb.com/fichas/LACB62112.php,
0,0,"Okouo, Viny",0,0,0,0,0,0,0,0,0,0,0,0,0,0,0,0,0,0,0,0,0,0,0,0,0,2017-2018,Regular Season,13,02/01/2018,unicaja - valencia basket club,74 - 67,Unicaja,113,http://www.acb.com/fichas/LACB62113.php,0
3,1,"McCallum, Ray",21:11,11,2,6,33,2,2,100,1,2,50,6,2,4,4,0,0,0,0,0,0,4,1,-5,13,2017-2018,Regular Season,13,02/01/2018,unicaja - valencia basket club,74 - 67,Unicaja,113,http://www.acb.com/fichas/LACB62113.php,540
0,0,"Soluade, Morayo",0,0,0,0,0,0,0,0,0,0,0,0,0,0,0,0,0,0,0,0,0,0,0,0,0,2017-2018,Regular Season,13,02/01/2018,unicaja - valencia basket club,74 - 67,Unicaja,113,http://www.acb.com/fichas/LACB62113.php,0
9,0,"Diaz, Alberto",19:0,2,1,1,100,0,1,0,0,0,0,1,1,0,3,1,1,0,0,0,0,3,0,10,2,2017-2018,Regular Season,13,02/01/2018,unicaja - valencia basket club,74 - 67,Unicaja,113,http://www.acb.com/fichas/LACB62113.php,SHG
10,0,"Salin, Sasu",16:40,5,1,2,50,1,4,25,0,0,0,0,0,0,2,1,1,0,0,0,0,2,1,1,2,2017-2018,Regular Season,13,02/01/2018,unicaja - valencia basket club,74 - 67,Unicaja,113,http://www.acb.com/fichas/LACB62113.php,2IR
11,0,"Diez, Daniel",15:1,9,4,4,100,0,2,0,1,1,100,3,2,1,1,1,0,0,0,0,0,1,1,1,12,2017-2018,Regular Season,13,02/01/2018,unicaja - valencia basket club,74 - 67,Unicaja,113,http://www.acb.com/fichas/LACB62113.php,BLO
16,1,"Nedovic, Nemanja",23:9,14,3,6,50,2,6,33,2,2,100,0,0,0,0,0,4,0,0,1,0,1,3,8,4,2017-2018,Regular Season,13,02/01/2018,unicaja - valencia basket club,74 - 67,Unicaja,113,http://www.acb.com/fichas/LACB62113.php,2FY
17,0,"Shermadini, Giorgi",16:42,9,4,4,100,0,0,0,1,3,33,1,1,0,1,0,1,0,0,0,0,2,5,-1,11,2017-2018,Regular Season,13,02/01/2018,unicaja - valencia basket club,74 - 67,Unicaja,113,http://www.acb.com/fichas/LACB62113.php,H18
21,1,"Waczynski, Adam",24:59,11,2,4,50,1,5,20,4,4,100,6,4,2,2,0,2,0,0,0,1,1,3,6,13,2017-2018,Regular Season,13,02/01/2018,unicaja - valencia basket club,74 - 67,Unicaja,113,http://www.acb.com/fichas/LACB62113.php,1KW
23,1,"Brooks, Jeff",19:29,3,1,3,33,0,1,0,1,1,100,5,3,2,0,0,0,0,0,0,0,0,3,6,8,2017-2018,Regular Season,13,02/01/2018,unicaja - valencia basket club,74 - 67,Unicaja,113,http://www.acb.com/fichas/LACB62113.php,505
40,1,"Augustine, James",23:26,8,4,6,67,0,0,0,0,0,0,8,5,3,3,1,1,0,0,0,1,3,0,8,14,2017-2018,Regular Season,13,02/01/2018,unicaja - valencia basket club,74 - 67,Unicaja,113,http://www.acb.com/fichas/LACB62113.php,BGJ
43,0,"Suarez, Carlos",20:23,2,1,4,25,0,1,0,0,0,0,9,8,1,6,3,0,0,0,0,0,1,3,1,18,2017-2018,Regular Season,13,02/01/2018,unicaja - valencia basket club,74 - 67,Unicaja,113,http://www.acb.com/fichas/LACB62113.php,B79
0,0,Equipo,0,0,0,0,0,0,0,0,0,0,0,3,3,0,0,0,0,0,0,0,0,0,0,0,3,2017-2018,Regular Season,13,02/01/2018,unicaja - valencia basket club,74 - 67,0,113,http://www.acb.com/fichas/LACB62113.php,
0,1,"Thomas, Will",29:58,7,2,3,67,1,1,100,0,0,0,4,2,2,2,0,0,1,0,0,2,3,1,-9,10,2017-2018,Regular Season,13,02/01/2018,unicaja - valencia basket club,74 - 67,Valencia,113,http://www.acb.com/fichas/LACB62113.php,1L5
3,0,"Puerto, Josep",6:3,2,1,1,100,0,2,0,0,0,0,1,0,1,1,0,1,0,0,0,0,0,1,-1,2,2017-2018,Regular Season,13,02/01/2018,unicaja - valencia basket club,74 - 67,Valencia,113,http://www.acb.com/fichas/LACB62113.php,I64
6,0,"Abalde, Alberto",14:24,5,1,3,33,1,4,25,0,0,0,2,1,1,1,2,0,0,0,0,0,2,1,-11,4,2017-2018,Regular Season,13,02/01/2018,unicaja - valencia basket club,74 - 67,Valencia,113,http://www.acb.com/fichas/LACB62113.php,8C4
9,1,"Van Rossom, Sam",29:32,14,4,4,100,0,4,0,6,7,86,1,1,0,5,1,1,0,0,0,0,0,5,-3,20,2017-2018,Regular Season,13,02/01/2018,unicaja - valencia basket club,74 - 67,Valencia,113,http://www.acb.com/fichas/LACB62113.php,BK4
10,0,"Rudez, Damjan",5:48,0,0,0,0,0,0,0,0,0,0,0,0,0,0,0,1,0,0,0,0,0,1,-6,0,2017-2018,Regular Season,13,02/01/2018,unicaja - valencia basket club,74 - 67,Valencia,113,http://www.acb.com/fichas/LACB62113.php,249
0,0,"Ferrando, Luis",0,0,0,0,0,0,0,0,0,0,0,0,0,0,0,0,0,0,0,0,0,0,0,0,0,2017-2018,Regular Season,13,02/01/2018,unicaja - valencia basket club,74 - 67,Valencia,113,http://www.acb.com/fichas/LACB62113.php,0
14,1,"Dubljevic, Bojan",24:41,11,2,4,50,2,3,67,1,2,50,5,4,1,1,1,1,0,1,0,0,2,3,-8,15,2017-2018,Regular Season,13,02/01/2018,unicaja - valencia basket club,74 - 67,Valencia,113,http://www.acb.com/fichas/LACB62113.php,217
17,1,"Martinez, Rafa",30:12,14,0,0,0,4,8,50,2,2,100,2,2,0,2,1,2,0,0,0,0,4,1,7,10,2017-2018,Regular Season,13,02/01/2018,unicaja - valencia basket club,74 - 67,Valencia,113,http://www.acb.com/fichas/LACB62113.php,A3W
21,0,"Pleiss, Tibor",15:19,2,1,3,33,0,1,0,0,0,0,3,2,1,0,1,2,0,0,0,0,2,1,1,0,2017-2018,Regular Season,13,02/01/2018,unicaja - valencia basket club,74 - 67,Valencia,113,http://www.acb.com/fichas/LACB62113.php,219
32,0,"Green, Erick",19:24,6,3,7,43,0,2,0,0,1,0,1,1,0,2,0,0,0,0,0,0,2,3,-12,3,2017-2018,Regular Season,13,02/01/2018,unicaja - valencia basket club,74 - 67,Valencia,113,http://www.acb.com/fichas/LACB62113.php,53P
42,1,"Doornekamp, A.",24:39,6,0,2,0,2,5,40,0,2,0,3,3,0,4,0,1,0,0,0,0,5,1,7,1,2017-2018,Regular Season,13,02/01/2018,unicaja - valencia basket club,74 - 67,Valencia,113,http://www.acb.com/fichas/LACB62113.php,501
0,0,"Hlinason, T.",0,0,0,0,0,0,0,0,0,0,0,0,0,0,0,0,0,0,0,0,0,0,0,0,0,2017-2018,Regular Season,13,02/01/2018,unicaja - valencia basket club,74 - 67,Valencia,113,http://www.acb.com/fichas/LACB62113.php,0
0,0,Equipo,0,0,0,0,0,0,0,0,0,0,0,3,2,1,0,0,0,0,0,0,0,0,0,0,3,2017-2018,Regular Season,13,02/01/2018,unicaja - valencia basket club,74 - 67,0,113,http://www.acb.com/fichas/LACB62113.php,
0,0,"Gonzalez, Miguel",0,0,0,0,0,0,0,0,0,0,0,0,0,0,0,0,0,0,0,0,0,0,0,0,0,2017-2018,Regular Season,13,03/01/2018,baskonia - real madrid,69 - 81,Baskonia,114,http://www.acb.com/fichas/LACB62114.php,0
0,0,"Voigtmann, J.",0,0,0,0,0,0,0,0,0,0,0,0,0,0,0,0,0,0,0,0,0,0,0,0,0,2017-2018,Regular Season,13,03/01/2018,baskonia - real madrid,69 - 81,Baskonia,114,http://www.acb.com/fichas/LACB62114.php,0
9,1,"Huertas, M.",19:12,15,4,7,57,1,4,25,4,4,100,3,2,1,3,1,3,1,0,1,0,3,3,-14,12,2017-2018,Regular Season,13,03/01/2018,baskonia - real madrid,69 - 81,Baskonia,114,http://www.acb.com/fichas/LACB62114.php,B72
10,0,"Beaubois, Rodrigue",24:46,10,2,5,40,2,3,67,0,0,0,1,1,0,3,0,2,0,0,0,0,2,2,-3,8,2017-2018,Regular Season,13,03/01/2018,baskonia - real madrid,69 - 81,Baskonia,114,http://www.acb.com/fichas/LACB62114.php,50C
11,1,"Janning, Matt",23:54,0,0,2,0,0,2,0,0,0,0,1,1,0,0,2,1,0,0,0,0,1,1,-12,-2,2017-2018,Regular Season,13,03/01/2018,baskonia - real madrid,69 - 81,Baskonia,114,http://www.acb.com/fichas/LACB62114.php,55A
12,0,"Diop, Ilimane",12:36,7,1,2,50,1,2,50,2,4,50,2,2,0,1,0,0,0,0,0,1,3,3,6,6,2017-2018,Regular Season,13,03/01/2018,baskonia - real madrid,69 - 81,Baskonia,114,http://www.acb.com/fichas/LACB62114.php,800
15,0,"Granger, Jayson",20:48,5,1,3,33,1,5,20,0,0,0,3,3,0,5,0,4,0,0,0,0,0,4,2,7,2017-2018,Regular Season,13,03/01/2018,baskonia - real madrid,69 - 81,Baskonia,114,http://www.acb.com/fichas/LACB62114.php,Y6K
17,1,"Poirier, Vincent",19:50,6,2,6,33,0,0,0,2,5,40,4,3,1,0,1,1,0,2,0,2,3,3,-13,5,2017-2018,Regular Season,13,03/01/2018,baskonia - real madrid,69 - 81,Baskonia,114,http://www.acb.com/fichas/LACB62114.php,539
0,0,"Martinez, Ivan",0,0,0,0,0,0,0,0,0,0,0,0,0,0,0,0,0,0,0,0,0,0,0,0,0,2017-2018,Regular Season,13,03/01/2018,baskonia - real madrid,69 - 81,Baskonia,114,http://www.acb.com/fichas/LACB62114.php,0
21,0,"Jones, Kevin",20:40,8,2,4,50,1,1,100,1,1,100,8,3,5,0,0,1,0,1,1,0,1,2,-6,14,2017-2018,Regular Season,13,03/01/2018,baskonia - real madrid,69 - 81,Baskonia,114,http://www.acb.com/fichas/LACB62114.php,56F
23,1,"Shengelia, T.",26:54,15,6,10,60,0,3,0,3,5,60,10,7,3,0,0,2,1,0,0,1,1,4,-11,17,2017-2018,Regular Season,13,03/01/2018,baskonia - real madrid,69 - 81,Baskonia,114,http://www.acb.com/fichas/LACB62114.php,105
29,1,"Garino, Patricio",31:20,3,1,2,50,0,3,0,1,1,100,6,1,5,2,1,0,0,0,0,0,4,2,-9,6,2017-2018,Regular Season,13,03/01/2018,baskonia - real madrid,69 - 81,Baskonia,114,http://www.acb.com/fichas/LACB62114.php,54M
0,0,Equipo,0,0,0,0,0,0,0,0,0,0,0,1,1,0,0,0,0,0,0,0,0,0,0,0,1,2017-2018,Regular Season,13,03/01/2018,baskonia - real madrid,69 - 81,0,114,http://www.acb.com/fichas/LACB62114.php,
1,1,"Causeur, Fabien",20:35,15,3,6,50,2,3,67,3,4,75,1,1,0,1,0,1,2,0,0,0,1,4,9,14,2017-2018,Regular Season,13,03/01/2018,baskonia - real madrid,69 - 81,Real_Madrid,114,http://www.acb.com/fichas/LACB62114.php,218
2,0,"Randle, Chasson",3:38,0,0,0,0,0,1,0,0,0,0,0,0,0,0,0,1,0,0,0,0,1,0,-8,-3,2017-2018,Regular Season,13,03/01/2018,baskonia - real madrid,69 - 81,Real_Madrid,114,http://www.acb.com/fichas/LACB62114.php,566
5,0,"Fernandez, Rudy",16:13,12,0,2,0,4,7,57,0,0,0,5,4,1,2,0,0,0,0,0,0,1,0,3,13,2017-2018,Regular Season,13,03/01/2018,baskonia - real madrid,69 - 81,Real_Madrid,114,http://www.acb.com/fichas/LACB62114.php,B0X
6,0,"Radoncic, Dino",17:26,0,0,0,0,0,0,0,0,0,0,0,0,0,0,0,1,0,0,0,0,1,0,7,-2,2017-2018,Regular Season,13,03/01/2018,baskonia - real madrid,69 - 81,Real_Madrid,114,http://www.acb.com/fichas/LACB62114.php,FQI
7,0,"Doncic, Luka",22:34,12,1,2,50,3,5,60,1,2,50,4,3,1,7,1,1,0,0,0,0,2,3,7,20,2017-2018,Regular Season,13,03/01/2018,baskonia - real madrid,69 - 81,Real_Madrid,114,http://www.acb.com/fichas/LACB62114.php,460
9,0,"Reyes, Felipe",21:50,8,3,9,33,0,0,0,2,4,50,6,2,4,1,1,0,0,1,2,0,3,4,6,8,2017-2018,Regular Season,13,03/01/2018,baskonia - real madrid,69 - 81,Real_Madrid,114,http://www.acb.com/fichas/LACB62114.php,A1M
11,1,"Campazzo, Facu",28:49,10,2,3,67,1,3,33,3,4,75,1,1,0,5,5,2,0,0,0,0,2,5,14,18,2017-2018,Regular Season,13,03/01/2018,baskonia - real madrid,69 - 81,Real_Madrid,114,http://www.acb.com/fichas/LACB62114.php,1LU
16,1,"Yusta, Santiago",5:43,0,0,0,0,0,0,0,0,0,0,0,0,0,0,0,0,0,0,0,0,0,1,5,1,2017-2018,Regular Season,13,03/01/2018,baskonia - real madrid,69 - 81,Real_Madrid,114,http://www.acb.com/fichas/LACB62114.php,1E4
20,0,"Carroll, Jaycee",14:36,3,0,1,0,1,4,25,0,0,0,1,1,0,0,0,0,0,0,0,0,3,0,-1,-3,2017-2018,Regular Season,13,03/01/2018,baskonia - real madrid,69 - 81,Real_Madrid,114,http://www.acb.com/fichas/LACB62114.php,BGZ
22,1,"Tavares, W.",15:34,6,3,3,100,0,0,0,0,0,0,6,3,3,0,0,4,0,1,0,2,4,0,4,5,2017-2018,Regular Season,13,03/01/2018,baskonia - real madrid,69 - 81,Real_Madrid,114,http://www.acb.com/fichas/LACB62114.php,T2Z
33,1,"Thompkins, Trey",16:30,4,2,4,50,0,4,0,0,0,0,7,7,0,1,2,0,0,0,1,0,2,0,12,5,2017-2018,Regular Season,13,03/01/2018,baskonia - real madrid,69 - 81,Real_Madrid,114,http://www.acb.com/fichas/LACB62114.php,FQ1
44,0,"Taylor, Jeffery",16:32,11,2,3,67,2,2,100,1,1,100,0,0,0,1,0,2,0,0,0,1,4,1,2,6,2017-2018,Regular Season,13,03/01/2018,baskonia - real madrid,69 - 81,Real_Madrid,114,http://www.acb.com/fichas/LACB62114.php,FQ3
0,0,Equipo,0,0,0,0,0,0,0,0,0,0,0,5,2,3,0,0,0,0,0,0,0,0,0,0,5,2017-2018,Regular Season,13,03/01/2018,baskonia - real madrid,69 - 81,0,114,http://www.acb.com/fichas/LACB62114.php,
1,0,"Agbelese, Danny",21:1,9,4,7,57,0,0,0,1,2,50,2,1,1,1,0,1,0,0,0,0,2,5,-10,10,2017-2018,Regular Season,13,02/01/2018,delteco gbc - fc barcelona lassa,77 - 101,Guipuzcoa,115,http://www.acb.com/fichas/LACB62115.php,D03
3,1,"Chery, Kenny",21:12,14,1,3,33,3,6,50,3,3,100,6,4,2,3,0,1,0,0,0,0,0,3,-12,20,2017-2018,Regular Season,13,02/01/2018,delteco gbc - fc barcelona lassa,77 - 101,Guipuzcoa,115,http://www.acb.com/fichas/LACB62115.php,51A
4,1,"Van Lacke, Fede",16:17,7,1,2,50,1,1,100,2,2,100,1,1,0,1,0,1,0,0,0,0,3,3,-12,7,2017-2018,Regular Season,13,02/01/2018,delteco gbc - fc barcelona lassa,77 - 101,Guipuzcoa,115,http://www.acb.com/fichas/LACB62115.php,B3K
5,0,"Perez, Daniel",18:20,5,1,1,100,0,0,0,3,3,100,2,2,0,1,0,3,0,0,0,0,4,3,-16,4,2017-2018,Regular Season,13,02/01/2018,delteco gbc - fc barcelona lassa,77 - 101,Guipuzcoa,115,http://www.acb.com/fichas/LACB62115.php,Y84
7,0,"Oroz, Xabi",13:52,2,1,2,50,0,0,0,0,0,0,0,0,0,2,1,3,0,0,1,1,1,1,-3,0,2017-2018,Regular Season,13,02/01/2018,delteco gbc - fc barcelona lassa,77 - 101,Guipuzcoa,115,http://www.acb.com/fichas/LACB62115.php,XDP
10,1,"Salvo, Miquel",16:47,4,2,3,67,0,2,0,0,0,0,4,2,2,1,1,0,0,0,0,1,0,0,-9,7,2017-2018,Regular Season,13,02/01/2018,delteco gbc - fc barcelona lassa,77 - 101,Guipuzcoa,115,http://www.acb.com/fichas/LACB62115.php,545
11,0,"Pardina, Joan",4:48,0,0,0,0,0,0,0,0,0,0,0,0,0,1,0,0,0,0,0,0,1,0,-3,0,2017-2018,Regular Season,13,02/01/2018,delteco gbc - fc barcelona lassa,77 - 101,Guipuzcoa,115,http://www.acb.com/fichas/LACB62115.php,782
14,0,"Sanz, Mikel",4:8,0,0,1,0,0,1,0,0,0,0,1,0,1,0,0,0,0,0,0,0,1,0,-2,-2,2017-2018,Regular Season,13,02/01/2018,delteco gbc - fc barcelona lassa,77 - 101,Guipuzcoa,115,http://www.acb.com/fichas/LACB62115.php,54W
17,1,"Fakuade, Michael",14:4,6,0,1,0,2,2,100,0,0,0,1,0,1,0,0,2,0,0,0,0,4,0,-2,0,2017-2018,Regular Season,13,02/01/2018,delteco gbc - fc barcelona lassa,77 - 101,Guipuzcoa,115,http://www.acb.com/fichas/LACB62115.php,54P
44,0,"Swing, Jordan",28:46,10,2,5,40,2,7,29,0,0,0,3,3,0,0,0,1,0,0,2,0,0,0,-21,2,2017-2018,Regular Season,13,02/01/2018,delteco gbc - fc barcelona lassa,77 - 101,Guipuzcoa,115,http://www.acb.com/fichas/LACB62115.php,D07
64,1,"Norel, Henk",17:40,10,5,10,50,0,0,0,0,0,0,5,3,2,2,1,2,0,0,1,1,1,6,-17,15,2017-2018,Regular Season,13,02/01/2018,delteco gbc - fc barcelona lassa,77 - 101,Guipuzcoa,115,http://www.acb.com/fichas/LACB62115.php,BA0
88,0,"Clark, Daniel",23:5,10,2,4,50,2,4,50,0,0,0,5,3,2,0,1,2,0,0,1,0,3,0,-13,6,2017-2018,Regular Season,13,02/01/2018,delteco gbc - fc barcelona lassa,77 - 101,Guipuzcoa,115,http://www.acb.com/fichas/LACB62115.php,BB8
0,0,Equipo,0,0,0,0,0,0,0,0,0,0,0,2,1,1,0,0,1,0,0,0,0,1,0,0,0,2017-2018,Regular Season,13,02/01/2018,delteco gbc - fc barcelona lassa,77 - 101,0,115,http://www.acb.com/fichas/LACB62115.php,
1,0,"Seraphin, Kevin",5:6,2,1,1,100,0,0,0,0,0,0,3,2,1,0,0,2,0,0,0,0,2,0,-2,1,2017-2018,Regular Season,13,02/01/2018,delteco gbc - fc barcelona lassa,77 - 101,FC_Barcelona,115,http://www.acb.com/fichas/LACB62115.php,164
5,1,"Ribas, Pau",13:26,3,0,2,0,1,4,25,0,0,0,0,0,0,2,2,1,0,0,0,0,2,1,3,0,2017-2018,Regular Season,13,02/01/2018,delteco gbc - fc barcelona lassa,77 - 101,FC_Barcelona,115,http://www.acb.com/fichas/LACB62115.php,AF1
8,0,"Pressey, Phil",8:2,5,1,4,25,0,1,0,3,4,75,0,0,0,1,0,0,0,0,0,0,1,2,10,2,2017-2018,Regular Season,13,02/01/2018,delteco gbc - fc barcelona lassa,77 - 101,FC_Barcelona,115,http://www.acb.com/fichas/LACB62115.php,53X
9,1,"Hanga, Adam",17:8,13,3,3,100,2,3,67,1,2,50,4,3,1,0,1,0,2,0,0,0,1,3,3,18,2017-2018,Regular Season,13,02/01/2018,delteco gbc - fc barcelona lassa,77 - 101,FC_Barcelona,115,http://www.acb.com/fichas/LACB62115.php,125
11,1,"Navarro, J.C.",14:5,10,2,3,67,2,5,40,0,0,0,1,0,1,0,0,1,0,0,0,0,0,1,5,7,2017-2018,Regular Season,13,02/01/2018,delteco gbc - fc barcelona lassa,77 - 101,FC_Barcelona,115,http://www.acb.com/fichas/LACB62115.php,A62
13,0,"Heurtel, Thomas",18:32,7,3,5,60,0,1,0,1,1,100,2,2,0,10,0,1,0,0,0,0,3,2,11,14,2017-2018,Regular Season,13,02/01/2018,delteco gbc - fc barcelona lassa,77 - 101,FC_Barcelona,115,http://www.acb.com/fichas/LACB62115.php,BJP
14,0,"Vezenkov, A.",22:52,14,2,2,100,3,4,75,1,2,50,4,3,1,1,1,0,1,2,0,1,1,1,21,20,2017-2018,Regular Season,13,02/01/2018,delteco gbc - fc barcelona lassa,77 - 101,FC_Barcelona,115,http://www.acb.com/fichas/LACB62115.php,FOS
18,0,"Oriola, Pierre",22:47,8,0,1,0,0,1,0,8,12,67,2,0,2,1,2,1,0,0,0,0,1,7,17,12,2017-2018,Regular Season,13,02/01/2018,delteco gbc - fc barcelona lassa,77 - 101,FC_Barcelona,115,http://www.acb.com/fichas/LACB62115.php,BIQ
25,0,"Koponen, Petteri",25:55,21,2,5,40,5,8,63,2,2,100,7,6,1,2,0,1,0,1,0,0,1,1,19,24,2017-2018,Regular Season,13,02/01/2018,delteco gbc - fc barcelona lassa,77 - 101,FC_Barcelona,115,http://www.acb.com/fichas/LACB62115.php,517
30,0,"Claver, Victor",19:59,4,2,2,100,0,2,0,0,0,0,1,1,0,3,2,0,0,2,0,0,5,1,16,6,2017-2018,Regular Season,13,02/01/2018,delteco gbc - fc barcelona lassa,77 - 101,FC_Barcelona,115,http://www.acb.com/fichas/LACB62115.php,BAZ
44,1,"Tomic, Ante",12:7,4,2,3,67,0,0,0,0,0,0,6,2,4,3,2,0,0,0,0,0,2,0,9,12,2017-2018,Regular Season,13,02/01/2018,delteco gbc - fc barcelona lassa,77 - 101,FC_Barcelona,115,http://www.acb.com/fichas/LACB62115.php,BIY
45,1,"Moerman, Adrien",20:1,10,2,4,50,2,5,40,0,0,0,4,2,2,3,1,0,0,0,0,0,2,1,8,12,2017-2018,Regular Season,13,02/01/2018,delteco gbc - fc barcelona lassa,77 - 101,FC_Barcelona,115,http://www.acb.com/fichas/LACB62115.php,216
0,0,Equipo,0,0,0,0,0,0,0,0,0,0,0,3,0,3,0,0,0,0,0,0,0,0,0,0,3,2017-2018,Regular Season,13,02/01/2018,delteco gbc - fc barcelona lassa,77 - 101,0,115,http://www.acb.com/fichas/LACB62115.php,
4,0,"McCalebb, Bo",22:22,12,6,8,75,0,3,0,0,1,0,3,2,1,3,0,3,0,0,0,0,2,2,1,9,2017-2018,Regular Season,13,23/12/2017,tecnyconta zaragoza - ucam murcia,73 - 77,Zaragoza,116,http://www.acb.com/fichas/LACB62116.php,519
5,0,"Triguero, J.",1:16,0,0,0,0,0,0,0,0,0,0,0,0,0,0,0,0,0,1,0,0,0,0,-1,1,2017-2018,Regular Season,13,23/12/2017,tecnyconta zaragoza - ucam murcia,73 - 77,Zaragoza,116,http://www.acb.com/fichas/LACB62116.php,BCC
7,1,"Barreiro, J.",16:26,7,1,1,100,1,3,33,2,3,67,5,5,0,1,0,0,0,0,0,0,2,2,0,10,2017-2018,Regular Season,13,23/12/2017,tecnyconta zaragoza - ucam murcia,73 - 77,Zaragoza,116,http://www.acb.com/fichas/LACB62116.php,XEU
9,1,"Dragovic, Nikola",24:38,0,0,3,0,0,2,0,0,0,0,2,1,1,1,1,1,0,0,0,0,4,4,-13,-2,2017-2018,Regular Season,13,23/12/2017,tecnyconta zaragoza - ucam murcia,73 - 77,Zaragoza,116,http://www.acb.com/fichas/LACB62116.php,542
11,1,"Bellas, Tomas",31:44,7,1,5,20,0,3,0,5,6,83,2,2,0,2,1,1,0,0,1,0,3,4,-2,3,2017-2018,Regular Season,13,23/12/2017,tecnyconta zaragoza - ucam murcia,73 - 77,Zaragoza,116,http://www.acb.com/fichas/LACB62116.php,YEF
13,1,"Neal, Gary",24:11,14,3,4,75,1,4,25,5,7,71,0,0,0,5,0,3,0,0,0,0,1,4,-7,13,2017-2018,Regular Season,13,23/12/2017,tecnyconta zaragoza - ucam murcia,73 - 77,Zaragoza,116,http://www.acb.com/fichas/LACB62116.php,BFB
14,0,"Mazalin, Lovro",0:9,0,0,0,0,0,0,0,0,0,0,0,0,0,0,0,0,0,0,0,0,0,0,0,0,2017-2018,Regular Season,13,23/12/2017,tecnyconta zaragoza - ucam murcia,73 - 77,Zaragoza,116,http://www.acb.com/fichas/LACB62116.php,53C
24,0,"Michalak, Michal",7:21,3,0,2,0,1,3,33,0,0,0,1,1,0,0,0,1,0,0,0,0,0,0,-2,-1,2017-2018,Regular Season,13,23/12/2017,tecnyconta zaragoza - ucam murcia,73 - 77,Zaragoza,116,http://www.acb.com/fichas/LACB62116.php,53M
27,0,"De Jong, Nicolas",17:11,9,4,5,80,0,1,0,1,2,50,6,6,0,0,0,0,0,0,0,0,2,1,4,11,2017-2018,Regular Season,13,23/12/2017,tecnyconta zaragoza - ucam murcia,73 - 77,Zaragoza,116,http://www.acb.com/fichas/LACB62116.php,54I
32,1,"Varnado, Jarvis",21:31,11,4,5,80,0,0,0,3,4,75,3,3,0,1,0,3,0,1,0,2,4,3,-7,10,2017-2018,Regular Season,13,23/12/2017,tecnyconta zaragoza - ucam murcia,73 - 77,Zaragoza,116,http://www.acb.com/fichas/LACB62116.php,544
33,0,"Suarez, Alex",5:45,0,0,0,0,0,0,0,0,0,0,0,0,0,0,0,0,0,0,0,0,1,0,2,-1,2017-2018,Regular Season,13,23/12/2017,tecnyconta zaragoza - ucam murcia,73 - 77,Zaragoza,116,http://www.acb.com/fichas/LACB62116.php,BLI
45,0,"Blums, Janis",27:26,10,0,0,0,3,7,43,1,2,50,8,7,1,0,3,1,0,0,0,0,3,3,5,15,2017-2018,Regular Season,13,23/12/2017,tecnyconta zaragoza - ucam murcia,73 - 77,Zaragoza,116,http://www.acb.com/fichas/LACB62116.php,BG3
0,0,Equipo,0,0,0,0,0,0,0,0,0,0,0,2,1,1,0,0,0,0,0,0,0,0,0,0,2,2017-2018,Regular Season,13,23/12/2017,tecnyconta zaragoza - ucam murcia,73 - 77,0,116,http://www.acb.com/fichas/LACB62116.php,
0,1,"Soko, Ovie",21:14,11,3,6,50,0,0,0,5,7,71,8,7,1,4,1,3,2,0,1,0,4,5,12,16,2017-2018,Regular Season,13,23/12/2017,tecnyconta zaragoza - ucam murcia,73 - 77,Murcia,116,http://www.acb.com/fichas/LACB62116.php,50S
3,0,"Urtasun, Alex",6:1,0,0,0,0,0,1,0,0,0,0,1,1,0,1,0,1,0,0,0,0,1,0,-4,-1,2017-2018,Regular Season,13,23/12/2017,tecnyconta zaragoza - ucam murcia,73 - 77,Murcia,116,http://www.acb.com/fichas/LACB62116.php,BA3
0,0,"Martin, Alberto",0,0,0,0,0,0,0,0,0,0,0,0,0,0,0,0,0,0,0,0,0,0,0,0,0,2017-2018,Regular Season,13,23/12/2017,tecnyconta zaragoza - ucam murcia,73 - 77,Murcia,116,http://www.acb.com/fichas/LACB62116.php,0
8,0,"Benite, Vitor",15:21,7,1,2,50,1,4,25,2,2,100,1,1,0,0,1,2,0,0,0,0,2,4,-6,5,2017-2018,Regular Season,13,23/12/2017,tecnyconta zaragoza - ucam murcia,73 - 77,Murcia,116,http://www.acb.com/fichas/LACB62116.php,FOX
9,0,"Kloof, Charlon",17:9,7,2,6,33,1,3,33,0,0,0,1,1,0,3,0,1,0,0,0,1,2,3,-5,5,2017-2018,Regular Season,13,23/12/2017,tecnyconta zaragoza - ucam murcia,73 - 77,Murcia,116,http://www.acb.com/fichas/LACB62116.php,53N
11,1,"Hannah, Clevin",28:41,17,3,4,75,3,5,60,2,2,100,3,3,0,3,0,2,0,0,0,0,1,1,8,18,2017-2018,Regular Season,13,23/12/2017,tecnyconta zaragoza - ucam murcia,73 - 77,Murcia,116,http://www.acb.com/fichas/LACB62116.php,1LQ
12,1,"Oleson, Brad",32:3,9,2,2,100,1,7,14,2,2,100,1,0,1,2,2,0,1,0,0,0,0,2,9,10,2017-2018,Regular Season,13,23/12/2017,tecnyconta zaragoza - ucam murcia,73 - 77,Murcia,116,http://www.acb.com/fichas/LACB62116.php,BGO
0,0,"Olaizola, Julen",0,0,0,0,0,0,0,0,0,0,0,0,0,0,0,0,0,0,0,0,0,0,0,0,0,2017-2018,Regular Season,13,23/12/2017,tecnyconta zaragoza - ucam murcia,73 - 77,Murcia,116,http://www.acb.com/fichas/LACB62116.php,0
16,0,"Delia, Marcos",15:13,2,1,2,50,0,0,0,0,0,0,4,3,1,1,0,0,0,0,0,0,4,2,-8,4,2017-2018,Regular Season,13,23/12/2017,tecnyconta zaragoza - ucam murcia,73 - 77,Murcia,116,http://www.acb.com/fichas/LACB62116.php,512
24,1,"Tumba, Kevin",23:34,14,6,10,60,0,0,0,2,4,50,5,4,1,0,0,3,0,1,1,4,4,3,9,9,2017-2018,Regular Season,13,23/12/2017,tecnyconta zaragoza - ucam murcia,73 - 77,Murcia,116,http://www.acb.com/fichas/LACB62116.php,52W
27,1,"Rojas, Sadiel",21:51,0,0,1,0,0,3,0,0,0,0,6,4,2,0,1,1,0,0,0,0,4,0,13,-2,2017-2018,Regular Season,13,23/12/2017,tecnyconta zaragoza - ucam murcia,73 - 77,Murcia,116,http://www.acb.com/fichas/LACB62116.php,1L3
33,0,"Lukovic, Marko",18:53,10,5,7,71,0,4,0,0,3,0,7,5,2,0,0,1,0,0,0,0,2,2,-8,7,2017-2018,Regular Season,13,23/12/2017,tecnyconta zaragoza - ucam murcia,73 - 77,Murcia,116,http://www.acb.com/fichas/LACB62116.php,53R
0,0,Equipo,0,0,0,0,0,0,0,0,0,0,0,5,3,2,0,0,0,0,0,0,0,0,0,0,5,2017-2018,Regular Season,13,23/12/2017,tecnyconta zaragoza - ucam murcia,73 - 77,0,116,http://www.acb.com/fichas/LACB62116.php,
0,0,"Olaseni, Gabriel",9:48,6,3,3,100,0,0,0,0,0,0,0,0,0,0,0,1,0,1,0,0,2,0,-2,4,2017-2018,Regular Season,13,23/12/2017,montakit fuenlabrada - iberostar tenerife,79 - 68,Fuenlabrada,117,http://www.acb.com/fichas/LACB62117.php,54F
2,1,"Popovic, Marko",29:53,17,1,4,25,5,6,83,0,0,0,3,3,0,3,0,0,1,0,0,0,4,2,13,17,2017-2018,Regular Season,13,23/12/2017,montakit fuenlabrada - iberostar tenerife,79 - 68,Fuenlabrada,117,http://www.acb.com/fichas/LACB62117.php,B4P
4,0,"O'Leary, Ian",18:42,4,2,3,67,0,0,0,0,0,0,7,3,4,1,0,3,0,0,0,0,1,0,7,7,2017-2018,Regular Season,13,23/12/2017,montakit fuenlabrada - iberostar tenerife,79 - 68,Fuenlabrada,117,http://www.acb.com/fichas/LACB62117.php,258
5,0,"Rupnik, Luka",10:52,5,0,1,0,1,4,25,2,2,100,2,2,0,0,0,0,0,0,0,0,2,3,-5,4,2017-2018,Regular Season,13,23/12/2017,montakit fuenlabrada - iberostar tenerife,79 - 68,Fuenlabrada,117,http://www.acb.com/fichas/LACB62117.php,52N
0,0,"Llorca, Alex",0,0,0,0,0,0,0,0,0,0,0,0,0,0,0,0,0,0,0,0,0,0,0,0,0,2017-2018,Regular Season,13,23/12/2017,montakit fuenlabrada - iberostar tenerife,79 - 68,Fuenlabrada,117,http://www.acb.com/fichas/LACB62117.php,0
9,1,"Sekulic, Blagota",18:34,8,3,5,60,0,0,0,2,2,100,5,3,2,0,0,2,0,0,0,0,4,5,10,10,2017-2018,Regular Season,13,23/12/2017,montakit fuenlabrada - iberostar tenerife,79 - 68,Fuenlabrada,117,http://www.acb.com/fichas/LACB62117.php,BD8
11,0,"Cruz, Francisco",25:53,9,3,5,60,1,4,25,0,0,0,7,6,1,8,1,3,1,0,0,0,2,0,7,15,2017-2018,Regular Season,13,23/12/2017,montakit fuenlabrada - iberostar tenerife,79 - 68,Fuenlabrada,117,http://www.acb.com/fichas/LACB62117.php,516
13,1,"Smits, Rolands",33:6,18,3,6,50,3,7,43,3,4,75,5,2,3,2,1,1,0,0,0,1,1,3,9,19,2017-2018,Regular Season,13,23/12/2017,montakit fuenlabrada - iberostar tenerife,79 - 68,Fuenlabrada,117,http://www.acb.com/fichas/LACB62117.php,862
0,0,"Gonzalez, Jose M.",0,0,0,0,0,0,0,0,0,0,0,0,0,0,0,0,0,0,0,0,0,0,0,0,0,2017-2018,Regular Season,13,23/12/2017,montakit fuenlabrada - iberostar tenerife,79 - 68,Fuenlabrada,117,http://www.acb.com/fichas/LACB62117.php,0
16,1,"Vargas, Gregory",24:54,7,2,2,100,1,4,25,0,0,0,5,3,2,2,0,1,0,0,0,0,4,2,12,8,2017-2018,Regular Season,13,23/12/2017,montakit fuenlabrada - iberostar tenerife,79 - 68,Fuenlabrada,117,http://www.acb.com/fichas/LACB62117.php,53Q
0,0,"Llorente, Sergio",0,0,0,0,0,0,0,0,0,0,0,0,0,0,0,0,0,0,0,0,0,0,0,0,0,2017-2018,Regular Season,13,23/12/2017,montakit fuenlabrada - iberostar tenerife,79 - 68,Fuenlabrada,117,http://www.acb.com/fichas/LACB62117.php,0
31,1,"Eyenga, C.",28:18,5,2,6,33,0,3,0,1,2,50,3,2,1,3,1,3,1,2,0,0,2,1,4,2,2017-2018,Regular Season,13,23/12/2017,montakit fuenlabrada - iberostar tenerife,79 - 68,Fuenlabrada,117,http://www.acb.com/fichas/LACB62117.php,Y8D
0,0,Equipo,0,0,0,0,0,0,0,0,0,0,0,2,1,1,0,0,1,0,0,0,0,0,0,0,1,2017-2018,Regular Season,13,23/12/2017,montakit fuenlabrada - iberostar tenerife,79 - 68,0,117,http://www.acb.com/fichas/LACB62117.php,
0,1,"San Miguel, R.",26:47,4,0,4,0,1,4,25,1,2,50,1,0,1,3,1,2,0,0,1,0,2,1,-7,-3,2017-2018,Regular Season,13,23/12/2017,montakit fuenlabrada - iberostar tenerife,79 - 68,Tenerife,117,http://www.acb.com/fichas/LACB62117.php,B86
5,0,"Richotti, Nicolas",31:43,21,5,6,83,3,6,50,2,3,67,2,1,1,4,2,0,0,0,0,0,4,2,-3,22,2017-2018,Regular Season,13,23/12/2017,montakit fuenlabrada - iberostar tenerife,79 - 68,Tenerife,117,http://www.acb.com/fichas/LACB62117.php,T78
7,1,"Niang, Mamadou",5:35,0,0,0,0,0,0,0,0,0,0,3,3,0,0,0,0,0,0,0,0,1,2,-4,4,2017-2018,Regular Season,13,23/12/2017,montakit fuenlabrada - iberostar tenerife,79 - 68,Tenerife,117,http://www.acb.com/fichas/LACB62117.php,SHU
10,0,"Bassas, Ferran",13:13,2,1,3,33,0,1,0,0,0,0,1,0,1,5,0,1,0,0,0,0,2,1,-4,3,2017-2018,Regular Season,13,23/12/2017,montakit fuenlabrada - iberostar tenerife,79 - 68,Tenerife,117,http://www.acb.com/fichas/LACB62117.php,714
13,0,"Tobey, Mike",26:15,24,9,12,75,0,1,0,6,8,75,7,5,2,0,0,2,1,0,0,5,2,6,-1,27,2017-2018,Regular Season,13,23/12/2017,montakit fuenlabrada - iberostar tenerife,79 - 68,Tenerife,117,http://www.acb.com/fichas/LACB62117.php,530
0,0,"Bonde Sturup, Mads",0,0,0,0,0,0,0,0,0,0,0,0,0,0,0,0,0,0,0,0,0,0,0,0,0,2017-2018,Regular Season,13,23/12/2017,montakit fuenlabrada - iberostar tenerife,79 - 68,Tenerife,117,http://www.acb.com/fichas/LACB62117.php,0
17,0,"Vazquez, Fran",7:45,4,0,1,0,0,0,0,4,4,100,5,2,3,0,0,0,0,0,0,0,0,2,-9,10,2017-2018,Regular Season,13,23/12/2017,montakit fuenlabrada - iberostar tenerife,79 - 68,Tenerife,117,http://www.acb.com/fichas/LACB62117.php,A9S
21,0,"Abromaitis, Tim",24:23,0,0,1,0,0,2,0,0,0,0,4,3,1,1,1,1,0,0,0,0,2,2,-12,2,2017-2018,Regular Season,13,23/12/2017,montakit fuenlabrada - iberostar tenerife,79 - 68,Tenerife,117,http://www.acb.com/fichas/LACB62117.php,FOI
25,1,"Allen, Rosco",9:55,0,0,1,0,0,1,0,0,0,0,1,1,0,0,0,0,0,0,0,0,2,0,3,-3,2017-2018,Regular Season,13,23/12/2017,montakit fuenlabrada - iberostar tenerife,79 - 68,Tenerife,117,http://www.acb.com/fichas/LACB62117.php,50I
33,1,"Beiran, Javier",20:30,5,1,2,50,0,3,0,3,3,100,3,2,1,1,1,2,0,0,1,0,0,4,-6,7,2017-2018,Regular Season,13,23/12/2017,montakit fuenlabrada - iberostar tenerife,79 - 68,Tenerife,117,http://www.acb.com/fichas/LACB62117.php,BB2
34,1,"White, Davin",11:29,2,1,5,20,0,2,0,0,0,0,0,0,0,0,0,0,0,0,1,0,2,1,-7,-6,2017-2018,Regular Season,13,23/12/2017,montakit fuenlabrada - iberostar tenerife,79 - 68,Tenerife,117,http://www.acb.com/fichas/LACB62117.php,2B8
77,0,"Vasileiadis, K.",22:25,6,3,5,60,0,0,0,0,0,0,0,0,0,0,1,1,0,0,0,0,0,0,-5,4,2017-2018,Regular Season,13,23/12/2017,montakit fuenlabrada - iberostar tenerife,79 - 68,Tenerife,117,http://www.acb.com/fichas/LACB62117.php,BBE
0,0,Equipo,0,0,0,0,0,0,0,0,0,0,0,1,0,1,0,0,0,0,0,0,0,0,0,0,1,2017-2018,Regular Season,13,23/12/2017,montakit fuenlabrada - iberostar tenerife,79 - 68,0,117,http://www.acb.com/fichas/LACB62117.php,
0,1,"Thomas, Will",18:17,10,2,3,67,2,3,67,0,0,0,0,0,0,3,0,0,0,0,0,1,1,0,21,10,2017-2018,Regular Season,14,30/12/2017,valencia basket club - divina seguros joventut,102 - 81,Valencia,118,http://www.acb.com/fichas/LACB62118.php,1L5
3,0,"Puerto, Josep",9:37,2,1,2,50,0,0,0,0,0,0,0,0,0,0,0,0,0,0,0,0,1,1,0,1,2017-2018,Regular Season,14,30/12/2017,valencia basket club - divina seguros joventut,102 - 81,Valencia,118,http://www.acb.com/fichas/LACB62118.php,I64
6,0,"Abalde, Alberto",22:13,13,4,5,80,1,1,100,2,2,100,3,2,1,2,1,1,2,0,0,0,0,1,-5,18,2017-2018,Regular Season,14,30/12/2017,valencia basket club - divina seguros joventut,102 - 81,Valencia,118,http://www.acb.com/fichas/LACB62118.php,8C4
9,1,"Van Rossom, Sam",29:1,13,2,3,67,3,5,60,0,0,0,4,4,0,5,1,1,0,0,0,0,2,2,21,19,2017-2018,Regular Season,14,30/12/2017,valencia basket club - divina seguros joventut,102 - 81,Valencia,118,http://www.acb.com/fichas/LACB62118.php,BK4
10,0,"Rudez, Damjan",21:39,8,4,5,80,0,0,0,0,2,0,1,1,0,3,1,1,0,0,0,0,2,1,0,8,2017-2018,Regular Season,14,30/12/2017,valencia basket club - divina seguros joventut,102 - 81,Valencia,118,http://www.acb.com/fichas/LACB62118.php,249
13,0,"Ferrando, Luis",2:49,0,0,1,0,0,0,0,0,0,0,0,0,0,0,0,0,0,0,0,0,1,0,-7,-2,2017-2018,Regular Season,14,30/12/2017,valencia basket club - divina seguros joventut,102 - 81,Valencia,118,http://www.acb.com/fichas/LACB62118.php,XFC
14,0,"Dubljevic, Bojan",18:50,11,3,3,100,1,4,25,2,3,67,5,4,1,2,1,1,0,0,0,0,2,3,6,15,2017-2018,Regular Season,14,30/12/2017,valencia basket club - divina seguros joventut,102 - 81,Valencia,118,http://www.acb.com/fichas/LACB62118.php,217
17,1,"Martinez, Rafa",26:40,19,3,4,75,4,7,57,1,1,100,3,2,1,7,0,2,0,0,0,0,2,3,22,24,2017-2018,Regular Season,14,30/12/2017,valencia basket club - divina seguros joventut,102 - 81,Valencia,118,http://www.acb.com/fichas/LACB62118.php,A3W
21,1,"Pleiss, Tibor",15:34,5,2,4,50,0,0,0,1,2,50,4,3,1,0,1,1,0,0,1,0,1,5,18,9,2017-2018,Regular Season,14,30/12/2017,valencia basket club - divina seguros joventut,102 - 81,Valencia,118,http://www.acb.com/fichas/LACB62118.php,219
32,0,"Green, Erick",11:57,5,1,3,33,1,2,50,0,0,0,0,0,0,0,2,1,1,0,0,0,1,0,6,2,2017-2018,Regular Season,14,30/12/2017,valencia basket club - divina seguros joventut,102 - 81,Valencia,118,http://www.acb.com/fichas/LACB62118.php,53P
42,1,"Doornekamp, A.",17:47,15,2,2,100,3,4,75,2,3,67,5,4,1,2,0,1,1,0,0,1,4,2,26,17,2017-2018,Regular Season,14,30/12/2017,valencia basket club - divina seguros joventut,102 - 81,Valencia,118,http://www.acb.com/fichas/LACB62118.php,501
51,0,"Hlinason, T.",5:36,1,0,0,0,0,0,0,1,2,50,1,0,1,0,0,0,0,0,0,0,0,2,-3,3,2017-2018,Regular Season,14,30/12/2017,valencia basket club - divina seguros joventut,102 - 81,Valencia,118,http://www.acb.com/fichas/LACB62118.php,55F
0,0,Equipo,0,0,0,0,0,0,0,0,0,0,0,2,2,0,0,0,0,0,0,0,0,0,0,0,2,2017-2018,Regular Season,14,30/12/2017,valencia basket club - divina seguros joventut,102 - 81,0,118,http://www.acb.com/fichas/LACB62118.php,
0,0,"Dimitrijevic, N.",25:22,11,3,4,75,0,4,0,5,5,100,4,3,1,4,0,1,0,0,0,0,2,5,1,16,2017-2018,Regular Season,14,30/12/2017,valencia basket club - divina seguros joventut,102 - 81,Joventut,118,http://www.acb.com/fichas/LACB62118.php,2CP
2,0,"Birgander, Simon",21:22,12,6,10,60,0,0,0,0,0,0,8,4,4,1,1,0,0,1,0,0,4,1,-7,16,2017-2018,Regular Season,14,30/12/2017,valencia basket club - divina seguros joventut,102 - 81,Joventut,118,http://www.acb.com/fichas/LACB62118.php,53J
6,0,"Lopez-Arostegui, X",22:53,11,2,4,50,2,5,40,1,1,100,1,0,1,2,1,1,1,0,0,0,2,2,8,9,2017-2018,Regular Season,14,30/12/2017,valencia basket club - divina seguros joventut,102 - 81,Joventut,118,http://www.acb.com/fichas/LACB62118.php,1BA
9,1,"Vidal, Sergi",24:0,11,1,1,100,3,5,60,0,0,0,3,2,1,1,0,1,0,0,0,0,1,3,-21,14,2017-2018,Regular Season,14,30/12/2017,valencia basket club - divina seguros joventut,102 - 81,Joventut,118,http://www.acb.com/fichas/LACB62118.php,A4B
12,0,"Kulvietis, Saulius",8:9,2,1,1,100,0,1,0,0,0,0,0,0,0,0,0,0,0,0,0,0,0,0,-4,1,2017-2018,Regular Season,14,30/12/2017,valencia basket club - divina seguros joventut,102 - 81,Joventut,118,http://www.acb.com/fichas/LACB62118.php,53V
13,0,"Nogues, Jose I.",8:6,5,1,1,100,1,2,50,0,0,0,1,0,1,1,0,1,0,0,0,0,1,0,-6,4,2017-2018,Regular Season,14,30/12/2017,valencia basket club - divina seguros joventut,102 - 81,Joventut,118,http://www.acb.com/fichas/LACB62118.php,8C8
14,1,"Ventura, Albert",25:17,12,4,6,67,1,3,33,1,2,50,2,1,1,5,1,1,0,0,0,0,2,1,-16,13,2017-2018,Regular Season,14,30/12/2017,valencia basket club - divina seguros joventut,102 - 81,Joventut,118,http://www.acb.com/fichas/LACB62118.php,718
0,0,"Molins, Pol",0,0,0,0,0,0,0,0,0,0,0,0,0,0,0,0,0,0,0,0,0,0,0,0,0,2017-2018,Regular Season,14,30/12/2017,valencia basket club - divina seguros joventut,102 - 81,Joventut,118,http://www.acb.com/fichas/LACB62118.php,0
0,0,"Wayns, Maalik",0,0,0,0,0,0,0,0,0,0,0,0,0,0,0,0,0,0,0,0,0,0,0,0,0,2017-2018,Regular Season,14,30/12/2017,valencia basket club - divina seguros joventut,102 - 81,Joventut,118,http://www.acb.com/fichas/LACB62118.php,0
21,1,"Gielo, Tomasz",23:45,2,1,3,33,0,1,0,0,0,0,1,1,0,0,1,0,0,0,0,0,2,0,-11,-1,2017-2018,Regular Season,14,30/12/2017,valencia basket club - divina seguros joventut,102 - 81,Joventut,118,http://www.acb.com/fichas/LACB62118.php,50Q
35,1,"Richard, Patrick",22:28,11,4,7,57,0,3,0,3,3,100,1,1,0,3,1,3,0,0,0,0,2,3,-35,8,2017-2018,Regular Season,14,30/12/2017,valencia basket club - divina seguros joventut,102 - 81,Joventut,118,http://www.acb.com/fichas/LACB62118.php,53U
44,1,"Jordan, Jerome",18:38,4,1,2,50,0,0,0,2,2,100,1,1,0,1,1,0,0,0,0,0,4,2,-14,4,2017-2018,Regular Season,14,30/12/2017,valencia basket club - divina seguros joventut,102 - 81,Joventut,118,http://www.acb.com/fichas/LACB62118.php,D10
0,0,Equipo,0,0,0,0,0,0,0,0,0,0,0,3,3,0,0,0,1,0,0,0,0,0,0,0,2,2017-2018,Regular Season,14,30/12/2017,valencia basket club - divina seguros joventut,102 - 81,0,118,http://www.acb.com/fichas/LACB62118.php,
1,1,"Causeur, Fabien",13:7,8,4,5,80,0,1,0,0,0,0,2,2,0,1,0,2,0,0,0,0,1,3,0,9,2017-2018,Regular Season,14,31/12/2017,real madrid - movistar estudiantes,96 - 89,Real_Madrid,119,http://www.acb.com/fichas/LACB62119.php,218
2,0,"Randle, Chasson",10:19,4,1,2,50,0,0,0,2,2,100,0,0,0,2,0,0,0,0,0,0,1,1,6,5,2017-2018,Regular Season,14,31/12/2017,real madrid - movistar estudiantes,96 - 89,Real_Madrid,119,http://www.acb.com/fichas/LACB62119.php,566
0,0,"Radoncic, Dino",0,0,0,0,0,0,0,0,0,0,0,0,0,0,0,0,0,0,0,0,0,0,0,0,0,2017-2018,Regular Season,14,31/12/2017,real madrid - movistar estudiantes,96 - 89,Real_Madrid,119,http://www.acb.com/fichas/LACB62119.php,0
7,0,"Doncic, Luka",22:10,24,6,10,60,1,5,20,9,9,100,8,5,3,5,0,2,0,1,0,0,2,7,13,33,2017-2018,Regular Season,14,31/12/2017,real madrid - movistar estudiantes,96 - 89,Real_Madrid,119,http://www.acb.com/fichas/LACB62119.php,460
8,0,"Maciulis, Jonas",17:43,6,0,1,0,2,3,67,0,0,0,8,8,0,1,0,0,0,0,0,0,3,0,-2,10,2017-2018,Regular Season,14,31/12/2017,real madrid - movistar estudiantes,96 - 89,Real_Madrid,119,http://www.acb.com/fichas/LACB62119.php,1L9
9,0,"Reyes, Felipe",19:40,13,5,11,45,0,0,0,3,4,75,10,3,7,1,0,1,0,0,1,0,4,3,9,14,2017-2018,Regular Season,14,31/12/2017,real madrid - movistar estudiantes,96 - 89,Real_Madrid,119,http://www.acb.com/fichas/LACB62119.php,A1M
11,1,"Campazzo, Facu",25:5,9,4,7,57,0,2,0,1,3,33,1,1,0,5,0,2,0,0,0,0,2,3,-3,7,2017-2018,Regular Season,14,31/12/2017,real madrid - movistar estudiantes,96 - 89,Real_Madrid,119,http://www.acb.com/fichas/LACB62119.php,1LU
16,1,"Yusta, Santiago",18:41,0,0,1,0,0,0,0,0,0,0,3,3,0,1,0,0,0,1,0,0,4,0,-2,0,2017-2018,Regular Season,14,31/12/2017,real madrid - movistar estudiantes,96 - 89,Real_Madrid,119,http://www.acb.com/fichas/LACB62119.php,1E4
20,0,"Carroll, Jaycee",22:15,11,1,1,100,3,4,75,0,2,0,1,1,0,1,0,3,0,0,0,0,1,3,9,9,2017-2018,Regular Season,14,31/12/2017,real madrid - movistar estudiantes,96 - 89,Real_Madrid,119,http://www.acb.com/fichas/LACB62119.php,BGZ
22,1,"Tavares, W.",15:21,6,2,4,50,0,0,0,2,2,100,7,4,3,1,0,2,0,1,0,2,1,2,-4,12,2017-2018,Regular Season,14,31/12/2017,real madrid - movistar estudiantes,96 - 89,Real_Madrid,119,http://www.acb.com/fichas/LACB62119.php,T2Z
33,1,"Thompkins, Trey",23:10,13,3,3,100,1,5,20,4,4,100,5,4,1,1,0,1,0,0,0,2,2,2,4,14,2017-2018,Regular Season,14,31/12/2017,real madrid - movistar estudiantes,96 - 89,Real_Madrid,119,http://www.acb.com/fichas/LACB62119.php,FQ1
44,0,"Taylor, Jeffery",12:29,2,1,2,50,0,0,0,0,0,0,0,0,0,2,0,0,0,0,0,0,5,0,5,-2,2017-2018,Regular Season,14,31/12/2017,real madrid - movistar estudiantes,96 - 89,Real_Madrid,119,http://www.acb.com/fichas/LACB62119.php,FQ3
0,0,Equipo,0,0,0,0,0,0,0,0,0,0,0,3,2,1,0,0,0,0,0,0,0,0,0,0,3,2017-2018,Regular Season,14,31/12/2017,real madrid - movistar estudiantes,96 - 89,0,119,http://www.acb.com/fichas/LACB62119.php,
4,1,"Cvetkovic, A.",23:33,6,3,3,100,0,2,0,0,0,0,2,2,0,4,1,0,1,0,0,0,3,2,3,10,2017-2018,Regular Season,14,31/12/2017,real madrid - movistar estudiantes,96 - 89,Estudiantes,119,http://www.acb.com/fichas/LACB62119.php,50G
6,0,"Hakanson, Ludde",10:4,0,0,1,0,0,3,0,0,0,0,2,1,1,1,0,0,0,0,0,0,1,1,-9,-1,2017-2018,Regular Season,14,31/12/2017,real madrid - movistar estudiantes,96 - 89,Estudiantes,119,http://www.acb.com/fichas/LACB62119.php,UAE
8,0,"Brizuela, Dario",17:16,3,0,1,0,1,4,25,0,0,0,2,2,0,3,0,0,0,0,0,0,3,0,-9,1,2017-2018,Regular Season,14,31/12/2017,real madrid - movistar estudiantes,96 - 89,Estudiantes,119,http://www.acb.com/fichas/LACB62119.php,81E
9,0,"Vicedo, Edgar",24:47,10,4,6,67,0,2,0,2,2,100,6,3,3,1,0,0,1,0,0,1,1,1,-10,13,2017-2018,Regular Season,14,31/12/2017,real madrid - movistar estudiantes,96 - 89,Estudiantes,119,http://www.acb.com/fichas/LACB62119.php,SDT
10,1,"Cook, Omar",30:3,3,0,0,0,1,3,33,0,0,0,1,1,0,8,3,1,0,0,0,0,3,1,0,10,2017-2018,Regular Season,14,31/12/2017,real madrid - movistar estudiantes,96 - 89,Estudiantes,119,http://www.acb.com/fichas/LACB62119.php,BFP
11,0,"Pena, Dagoberto",10:0,7,2,2,100,1,5,20,0,0,0,1,0,1,1,0,0,1,0,0,1,1,1,-4,5,2017-2018,Regular Season,14,31/12/2017,real madrid - movistar estudiantes,96 - 89,Estudiantes,119,http://www.acb.com/fichas/LACB62119.php,53E
12,1,"Suton, Goran",20:43,9,2,4,50,1,4,25,2,7,29,5,3,2,1,0,1,0,1,0,0,4,4,11,5,2017-2018,Regular Season,14,31/12/2017,real madrid - movistar estudiantes,96 - 89,Estudiantes,119,http://www.acb.com/fichas/LACB62119.php,1LM
15,1,"Landesberg, Sylven",33:38,29,6,16,38,3,8,38,8,11,73,5,4,1,3,2,2,2,0,3,0,3,10,-5,23,2017-2018,Regular Season,14,31/12/2017,real madrid - movistar estudiantes,96 - 89,Estudiantes,119,http://www.acb.com/fichas/LACB62119.php,541
0,0,"Sola, Adams",0,0,0,0,0,0,0,0,0,0,0,0,0,0,0,0,0,0,0,0,0,0,0,0,0,2017-2018,Regular Season,14,31/12/2017,real madrid - movistar estudiantes,96 - 89,Estudiantes,119,http://www.acb.com/fichas/LACB62119.php,0
0,0,"Savane, Sitapha",0,0,0,0,0,0,0,0,0,0,0,0,0,0,0,0,0,0,0,0,0,0,0,0,0,2017-2018,Regular Season,14,31/12/2017,real madrid - movistar estudiantes,96 - 89,Estudiantes,119,http://www.acb.com/fichas/LACB62119.php,0
21,0,"Brown, Alec",22:30,18,4,5,80,2,4,50,4,5,80,6,3,3,1,1,0,0,0,0,0,3,4,-7,23,2017-2018,Regular Season,14,31/12/2017,real madrid - movistar estudiantes,96 - 89,Estudiantes,119,http://www.acb.com/fichas/LACB62119.php,FO4
38,1,"Arteaga, Victor",7:26,4,2,3,67,0,0,0,0,0,0,2,1,1,0,0,0,0,0,0,0,4,0,-5,1,2017-2018,Regular Season,14,31/12/2017,real madrid - movistar estudiantes,96 - 89,Estudiantes,119,http://www.acb.com/fichas/LACB62119.php,768
0,0,Equipo,0,0,0,0,0,0,0,0,0,0,0,2,1,1,0,0,0,0,0,0,0,0,0,0,2,2017-2018,Regular Season,14,31/12/2017,real madrid - movistar estudiantes,96 - 89,0,119,http://www.acb.com/fichas/LACB62119.php,
1,0,"Seraphin, Kevin",13:25,13,5,7,71,0,0,0,3,4,75,4,3,1,0,2,1,1,1,0,2,0,3,11,19,2017-2018,Regular Season,14,31/12/2017,fc barcelona lassa - montakit fuenlabrada,101 - 74,FC_Barcelona,120,http://www.acb.com/fichas/LACB62120.php,164
5,1,"Ribas, Pau",15:36,7,2,2,100,1,1,100,0,0,0,1,1,0,2,0,1,0,0,0,0,3,0,8,6,2017-2018,Regular Season,14,31/12/2017,fc barcelona lassa - montakit fuenlabrada,101 - 74,FC_Barcelona,120,http://www.acb.com/fichas/LACB62120.php,AF1
8,0,"Pressey, Phil",3:48,2,1,1,100,0,0,0,0,0,0,0,0,0,1,1,0,0,0,0,0,1,0,-1,3,2017-2018,Regular Season,14,31/12/2017,fc barcelona lassa - montakit fuenlabrada,101 - 74,FC_Barcelona,120,http://www.acb.com/fichas/LACB62120.php,53X
9,1,"Hanga, Adam",21:45,12,2,4,50,2,3,67,2,2,100,4,3,1,2,1,0,2,2,0,1,3,1,19,16,2017-2018,Regular Season,14,31/12/2017,fc barcelona lassa - montakit fuenlabrada,101 - 74,FC_Barcelona,120,http://www.acb.com/fichas/LACB62120.php,125
11,1,"Navarro, J.C.",17:48,4,1,1,100,0,4,0,2,2,100,1,1,0,3,0,3,0,0,0,0,1,2,15,2,2017-2018,Regular Season,14,31/12/2017,fc barcelona lassa - montakit fuenlabrada,101 - 74,FC_Barcelona,120,http://www.acb.com/fichas/LACB62120.php,A62
13,0,"Heurtel, Thomas",24:11,15,6,8,75,1,4,25,0,0,0,2,1,1,7,1,1,0,0,0,0,1,1,19,19,2017-2018,Regular Season,14,31/12/2017,fc barcelona lassa - montakit fuenlabrada,101 - 74,FC_Barcelona,120,http://www.acb.com/fichas/LACB62120.php,BJP
14,0,"Vezenkov, A.",18:18,6,0,2,0,2,3,67,0,0,0,5,4,1,3,0,0,1,1,0,0,2,2,8,12,2017-2018,Regular Season,14,31/12/2017,fc barcelona lassa - montakit fuenlabrada,101 - 74,FC_Barcelona,120,http://www.acb.com/fichas/LACB62120.php,FOS
18,0,"Oriola, Pierre",11:42,9,3,9,33,0,0,0,3,3,100,3,1,2,1,0,0,1,0,1,1,2,3,11,7,2017-2018,Regular Season,14,31/12/2017,fc barcelona lassa - montakit fuenlabrada,101 - 74,FC_Barcelona,120,http://www.acb.com/fichas/LACB62120.php,BIQ
25,0,"Koponen, Petteri",18:37,7,2,5,40,1,3,33,0,0,0,1,1,0,1,0,0,1,0,0,0,0,0,13,4,2017-2018,Regular Season,14,31/12/2017,fc barcelona lassa - montakit fuenlabrada,101 - 74,FC_Barcelona,120,http://www.acb.com/fichas/LACB62120.php,517
30,0,"Claver, Victor",19:51,12,2,3,67,1,1,100,5,5,100,3,1,2,1,1,1,0,0,0,1,3,3,9,15,2017-2018,Regular Season,14,31/12/2017,fc barcelona lassa - montakit fuenlabrada,101 - 74,FC_Barcelona,120,http://www.acb.com/fichas/LACB62120.php,BAZ
44,1,"Tomic, Ante",14:50,11,4,4,100,0,0,0,3,4,75,3,3,0,3,0,1,0,0,0,1,0,2,5,17,2017-2018,Regular Season,14,31/12/2017,fc barcelona lassa - montakit fuenlabrada,101 - 74,FC_Barcelona,120,http://www.acb.com/fichas/LACB62120.php,BIY
45,1,"Moerman, Adrien",20:9,3,0,0,0,1,1,100,0,0,0,6,6,0,1,1,0,0,0,0,0,2,1,18,10,2017-2018,Regular Season,14,31/12/2017,fc barcelona lassa - montakit fuenlabrada,101 - 74,FC_Barcelona,120,http://www.acb.com/fichas/LACB62120.php,216
0,0,Equipo,0,0,0,0,0,0,0,0,0,0,0,2,2,0,0,0,0,0,0,0,0,0,0,0,2,2017-2018,Regular Season,14,31/12/2017,fc barcelona lassa - montakit fuenlabrada,101 - 74,0,120,http://www.acb.com/fichas/LACB62120.php,
0,0,"Olaseni, Gabriel",9:19,2,1,2,50,0,0,0,0,0,0,1,1,0,0,1,0,0,0,0,0,2,0,-3,1,2017-2018,Regular Season,14,31/12/2017,fc barcelona lassa - montakit fuenlabrada,101 - 74,Fuenlabrada,120,http://www.acb.com/fichas/LACB62120.php,54F
2,1,"Popovic, Marko",33:12,13,2,3,67,2,6,33,3,3,100,5,4,1,3,1,1,0,0,0,0,3,6,-21,19,2017-2018,Regular Season,14,31/12/2017,fc barcelona lassa - montakit fuenlabrada,101 - 74,Fuenlabrada,120,http://www.acb.com/fichas/LACB62120.php,B4P
4,0,"O'Leary, Ian",18:31,4,2,2,100,0,2,0,0,0,0,2,2,0,1,0,4,0,0,0,0,3,0,-16,-2,2017-2018,Regular Season,14,31/12/2017,fc barcelona lassa - montakit fuenlabrada,101 - 74,Fuenlabrada,120,http://www.acb.com/fichas/LACB62120.php,258
5,0,"Rupnik, Luka",7:57,7,2,2,100,1,1,100,0,1,0,1,0,1,0,0,1,1,0,0,0,0,1,-13,7,2017-2018,Regular Season,14,31/12/2017,fc barcelona lassa - montakit fuenlabrada,101 - 74,Fuenlabrada,120,http://www.acb.com/fichas/LACB62120.php,52N
8,0,"Llorca, Alex",7:41,0,0,3,0,0,0,0,0,0,0,1,1,0,0,1,1,0,0,1,0,0,0,-4,-3,2017-2018,Regular Season,14,31/12/2017,fc barcelona lassa - montakit fuenlabrada,101 - 74,Fuenlabrada,120,http://www.acb.com/fichas/LACB62120.php,BFV
9,1,"Sekulic, Blagota",18:39,6,3,5,60,0,2,0,0,0,0,3,2,1,1,0,2,0,0,0,0,1,0,-9,3,2017-2018,Regular Season,14,31/12/2017,fc barcelona lassa - montakit fuenlabrada,101 - 74,Fuenlabrada,120,http://www.acb.com/fichas/LACB62120.php,BD8
11,0,"Cruz, Francisco",23:9,17,8,11,73,0,1,0,1,1,100,5,2,3,2,0,4,0,0,2,0,0,1,-25,15,2017-2018,Regular Season,14,31/12/2017,fc barcelona lassa - montakit fuenlabrada,101 - 74,Fuenlabrada,120,http://www.acb.com/fichas/LACB62120.php,516
13,1,"Smits, Rolands",26:52,8,2,6,33,1,3,33,1,2,50,3,1,2,2,0,1,1,1,0,0,4,2,-20,4,2017-2018,Regular Season,14,31/12/2017,fc barcelona lassa - montakit fuenlabrada,101 - 74,Fuenlabrada,120,http://www.acb.com/fichas/LACB62120.php,862
15,0,"Gonzalez, Jose M.",2:15,0,0,0,0,0,0,0,0,0,0,1,0,1,0,0,0,0,0,0,0,0,0,-6,1,2017-2018,Regular Season,14,31/12/2017,fc barcelona lassa - montakit fuenlabrada,101 - 74,Fuenlabrada,120,http://www.acb.com/fichas/LACB62120.php,764
16,1,"Vargas, Gregory",20:43,2,1,2,50,0,2,0,0,0,0,5,3,2,0,0,0,1,0,0,0,3,2,-6,3,2017-2018,Regular Season,14,31/12/2017,fc barcelona lassa - montakit fuenlabrada,101 - 74,Fuenlabrada,120,http://www.acb.com/fichas/LACB62120.php,53Q
19,0,"Llorente, Sergio",2:33,0,0,1,0,0,0,0,0,0,0,0,0,0,0,0,0,0,0,0,0,0,0,1,-1,2017-2018,Regular Season,14,31/12/2017,fc barcelona lassa - montakit fuenlabrada,101 - 74,Fuenlabrada,120,http://www.acb.com/fichas/LACB62120.php,721
31,1,"Eyenga, C.",29:9,15,4,10,40,0,2,0,7,9,78,5,4,1,0,0,1,0,0,1,0,2,6,-13,12,2017-2018,Regular Season,14,31/12/2017,fc barcelona lassa - montakit fuenlabrada,101 - 74,Fuenlabrada,120,http://www.acb.com/fichas/LACB62120.php,Y8D
0,0,Equipo,0,0,0,0,0,0,0,0,0,0,0,1,0,1,0,0,0,0,0,0,0,0,0,0,1,2017-2018,Regular Season,14,31/12/2017,fc barcelona lassa - montakit fuenlabrada,101 - 74,0,120,http://www.acb.com/fichas/LACB62120.php,
0,1,"Soko, Ovie",20:11,12,4,7,57,0,0,0,4,8,50,4,2,2,0,1,2,0,0,0,1,3,5,5,10,2017-2018,Regular Season,14,31/12/2017,ucam murcia - baskonia,78 - 67,Murcia,121,http://www.acb.com/fichas/LACB62121.php,50S
3,0,"Urtasun, Alex",13:57,6,0,1,0,1,2,50,3,4,75,2,2,0,2,1,1,0,0,0,0,0,4,17,11,2017-2018,Regular Season,14,31/12/2017,ucam murcia - baskonia,78 - 67,Murcia,121,http://www.acb.com/fichas/LACB62121.php,BA3
0,0,"Martin, Alberto",0,0,0,0,0,0,0,0,0,0,0,0,0,0,0,0,0,0,0,0,0,0,0,0,0,2017-2018,Regular Season,14,31/12/2017,ucam murcia - baskonia,78 - 67,Murcia,121,http://www.acb.com/fichas/LACB62121.php,0
8,0,"Benite, Vitor",18:51,7,1,2,50,1,4,25,2,2,100,1,1,0,1,0,0,0,1,0,0,1,4,11,9,2017-2018,Regular Season,14,31/12/2017,ucam murcia - baskonia,78 - 67,Murcia,121,http://www.acb.com/fichas/LACB62121.php,FOX
9,0,"Kloof, Charlon",15:10,9,2,3,67,1,1,100,2,2,100,2,2,0,2,0,2,0,0,1,0,4,4,5,9,2017-2018,Regular Season,14,31/12/2017,ucam murcia - baskonia,78 - 67,Murcia,121,http://www.acb.com/fichas/LACB62121.php,53N
11,1,"Hannah, Clevin",26:13,14,3,7,43,2,3,67,2,2,100,1,0,1,2,0,4,2,0,0,0,2,3,4,9,2017-2018,Regular Season,14,31/12/2017,ucam murcia - baskonia,78 - 67,Murcia,121,http://www.acb.com/fichas/LACB62121.php,1LQ
12,1,"Oleson, Brad",20:23,6,1,1,100,0,4,0,4,5,80,3,3,0,2,1,0,0,0,0,0,1,2,0,8,2017-2018,Regular Season,14,31/12/2017,ucam murcia - baskonia,78 - 67,Murcia,121,http://www.acb.com/fichas/LACB62121.php,BGO
0,0,"Olaizola, Julen",0,0,0,0,0,0,0,0,0,0,0,0,0,0,0,0,0,0,0,0,0,0,0,0,0,2017-2018,Regular Season,14,31/12/2017,ucam murcia - baskonia,78 - 67,Murcia,121,http://www.acb.com/fichas/LACB62121.php,0
16,0,"Delia, Marcos",23:10,0,0,2,0,0,0,0,0,2,0,2,1,1,3,0,1,0,0,0,0,2,2,-1,0,2017-2018,Regular Season,14,31/12/2017,ucam murcia - baskonia,78 - 67,Murcia,121,http://www.acb.com/fichas/LACB62121.php,512
24,1,"Tumba, Kevin",16:50,4,2,2,100,0,0,0,0,0,0,4,3,1,0,1,1,0,0,0,2,5,1,12,4,2017-2018,Regular Season,14,31/12/2017,ucam murcia - baskonia,78 - 67,Murcia,121,http://www.acb.com/fichas/LACB62121.php,52W
27,1,"Rojas, Sadiel",25:26,7,2,3,67,1,6,17,0,0,0,4,4,0,0,3,2,0,0,0,0,2,0,-4,4,2017-2018,Regular Season,14,31/12/2017,ucam murcia - baskonia,78 - 67,Murcia,121,http://www.acb.com/fichas/LACB62121.php,1L3
33,0,"Lukovic, Marko",19:49,13,2,4,50,2,3,67,3,3,100,5,4,1,0,0,0,0,1,0,0,4,2,6,14,2017-2018,Regular Season,14,31/12/2017,ucam murcia - baskonia,78 - 67,Murcia,121,http://www.acb.com/fichas/LACB62121.php,53R
0,0,Equipo,0,0,0,0,0,0,0,0,0,0,0,4,2,2,0,0,0,0,0,0,0,0,0,0,4,2017-2018,Regular Season,14,31/12/2017,ucam murcia - baskonia,78 - 67,0,121,http://www.acb.com/fichas/LACB62121.php,
6,1,"Timma, Janis",30:45,7,1,1,100,1,4,25,2,3,67,2,1,1,3,0,1,0,0,0,0,2,2,-8,7,2017-2018,Regular Season,14,31/12/2017,ucam murcia - baskonia,78 - 67,Baskonia,121,http://www.acb.com/fichas/LACB62121.php,536
7,1,"Voigtmann, J.",12:57,11,3,5,60,1,1,100,2,2,100,5,4,1,0,0,0,0,0,0,1,2,1,-6,13,2017-2018,Regular Season,14,31/12/2017,ucam murcia - baskonia,78 - 67,Baskonia,121,http://www.acb.com/fichas/LACB62121.php,500
9,0,"Huertas, M.",19:20,7,1,3,33,1,3,33,2,2,100,4,1,3,2,0,1,0,0,1,0,3,1,-6,5,2017-2018,Regular Season,14,31/12/2017,ucam murcia - baskonia,78 - 67,Baskonia,121,http://www.acb.com/fichas/LACB62121.php,B72
0,0,"Beaubois, Rodrigue",0,0,0,0,0,0,0,0,0,0,0,0,0,0,0,0,0,0,0,0,0,0,0,0,0,2017-2018,Regular Season,14,31/12/2017,ucam murcia - baskonia,78 - 67,Baskonia,121,http://www.acb.com/fichas/LACB62121.php,0
11,1,"Janning, Matt",29:14,7,2,4,50,1,5,20,0,0,0,3,3,0,3,0,2,0,1,0,0,3,2,-2,5,2017-2018,Regular Season,14,31/12/2017,ucam murcia - baskonia,78 - 67,Baskonia,121,http://www.acb.com/fichas/LACB62121.php,55A
12,0,"Diop, Ilimane",8:4,5,1,2,50,0,0,0,3,4,75,1,1,0,1,0,0,0,0,1,0,1,3,-5,6,2017-2018,Regular Season,14,31/12/2017,ucam murcia - baskonia,78 - 67,Baskonia,121,http://www.acb.com/fichas/LACB62121.php,800
15,1,"Granger, Jayson",29:2,6,1,4,25,1,3,33,1,1,100,3,3,0,3,2,5,0,0,0,0,3,5,-13,6,2017-2018,Regular Season,14,31/12/2017,ucam murcia - baskonia,78 - 67,Baskonia,121,http://www.acb.com/fichas/LACB62121.php,Y6K
17,0,"Poirier, Vincent",18:59,4,2,7,29,0,0,0,0,0,0,7,4,3,0,2,2,0,0,0,1,5,2,0,3,2017-2018,Regular Season,14,31/12/2017,ucam murcia - baskonia,78 - 67,Baskonia,121,http://www.acb.com/fichas/LACB62121.php,539
0,0,"Martinez, Ivan",0,0,0,0,0,0,0,0,0,0,0,0,0,0,0,0,0,0,0,0,0,0,0,0,0,2017-2018,Regular Season,14,31/12/2017,ucam murcia - baskonia,78 - 67,Baskonia,121,http://www.acb.com/fichas/LACB62121.php,0
21,0,"Jones, Kevin",10:14,0,0,1,0,0,2,0,0,0,0,1,1,0,0,0,0,0,0,0,0,1,0,-8,-3,2017-2018,Regular Season,14,31/12/2017,ucam murcia - baskonia,78 - 67,Baskonia,121,http://www.acb.com/fichas/LACB62121.php,56F
23,1,"Shengelia, T.",29:46,17,4,8,50,1,4,25,6,10,60,4,4,0,3,3,0,0,0,0,1,4,6,-3,18,2017-2018,Regular Season,14,31/12/2017,ucam murcia - baskonia,78 - 67,Baskonia,121,http://www.acb.com/fichas/LACB62121.php,105
29,0,"Garino, Patricio",11:39,3,0,1,0,1,2,50,0,0,0,2,1,1,0,0,0,0,0,0,0,3,0,-4,0,2017-2018,Regular Season,14,31/12/2017,ucam murcia - baskonia,78 - 67,Baskonia,121,http://www.acb.com/fichas/LACB62121.php,54M
0,0,Equipo,0,0,0,0,0,0,0,0,0,0,0,1,0,1,0,0,1,0,0,0,0,0,0,0,0,2017-2018,Regular Season,14,31/12/2017,ucam murcia - baskonia,78 - 67,0,121,http://www.acb.com/fichas/LACB62121.php,
2,1,"Thomas, Devin",14:45,8,3,5,60,0,0,0,2,3,67,5,2,3,0,0,0,0,1,0,0,4,3,6,10,2017-2018,Regular Season,14,30/12/2017,retabet bilbao basket - unicaja,70 - 67,Bilbao,122,http://www.acb.com/fichas/LACB62122.php,56E
9,0,"Tabu, Jonathan",25:25,7,1,4,25,1,5,20,2,2,100,0,0,0,0,1,1,0,0,0,0,5,3,15,-2,2017-2018,Regular Season,14,30/12/2017,retabet bilbao basket - unicaja,70 - 67,Bilbao,122,http://www.acb.com/fichas/LACB62122.php,H09
0,0,"Mendia, Borja",0,0,0,0,0,0,0,0,0,0,0,0,0,0,0,0,0,0,0,0,0,0,0,0,0,2017-2018,Regular Season,14,30/12/2017,retabet bilbao basket - unicaja,70 - 67,Bilbao,122,http://www.acb.com/fichas/LACB62122.php,0
11,1,"Hammink, Shane",17:23,8,3,5,60,0,1,0,2,4,50,2,1,1,2,0,2,2,0,0,1,1,2,1,6,2017-2018,Regular Season,14,30/12/2017,retabet bilbao basket - unicaja,70 - 67,Bilbao,122,http://www.acb.com/fichas/LACB62122.php,53H
12,0,"Redivo, Lucio",21:43,14,4,5,80,2,5,40,0,1,0,2,2,0,1,0,0,0,0,1,0,4,1,15,8,2017-2018,Regular Season,14,30/12/2017,retabet bilbao basket - unicaja,70 - 67,Bilbao,122,http://www.acb.com/fichas/LACB62122.php,538
14,0,"Salgado, Javier",13:20,5,1,1,100,1,3,33,0,0,0,0,0,0,1,0,1,0,0,0,0,0,0,-10,3,2017-2018,Regular Season,14,30/12/2017,retabet bilbao basket - unicaja,70 - 67,Bilbao,122,http://www.acb.com/fichas/LACB62122.php,B1R
15,1,"Mumbru, Alex",31:2,15,2,3,67,3,6,50,2,4,50,1,1,0,3,0,1,0,0,0,0,2,5,10,15,2017-2018,Regular Season,14,30/12/2017,retabet bilbao basket - unicaja,70 - 67,Bilbao,122,http://www.acb.com/fichas/LACB62122.php,A46
17,0,"Hervelle, Axel",8:58,3,0,3,0,1,1,100,0,0,0,0,0,0,0,2,0,0,0,0,0,3,0,-7,-1,2017-2018,Regular Season,14,30/12/2017,retabet bilbao basket - unicaja,70 - 67,Bilbao,122,http://www.acb.com/fichas/LACB62122.php,B6Q
19,0,"Tomas, Pere",22:37,4,1,4,25,0,0,0,2,4,50,5,4,1,2,1,0,0,0,0,0,1,2,2,8,2017-2018,Regular Season,14,30/12/2017,retabet bilbao basket - unicaja,70 - 67,Bilbao,122,http://www.acb.com/fichas/LACB62122.php,Y3V
20,1,"Todorovic, Dejan",18:17,0,0,1,0,0,4,0,0,0,0,9,7,2,1,0,1,0,0,0,0,0,2,-12,6,2017-2018,Regular Season,14,30/12/2017,retabet bilbao basket - unicaja,70 - 67,Bilbao,122,http://www.acb.com/fichas/LACB62122.php,10D
22,0,"Vucetic, Vasilije",5:35,0,0,0,0,0,0,0,0,0,0,1,1,0,0,0,0,0,0,0,0,2,0,-4,-1,2017-2018,Regular Season,14,30/12/2017,retabet bilbao basket - unicaja,70 - 67,Bilbao,122,http://www.acb.com/fichas/LACB62122.php,51G
32,1,"Gladness, Mickell",20:55,6,2,6,33,0,0,0,2,4,50,9,6,3,0,1,4,0,0,0,0,2,3,-1,7,2017-2018,Regular Season,14,30/12/2017,retabet bilbao basket - unicaja,70 - 67,Bilbao,122,http://www.acb.com/fichas/LACB62122.php,55D
0,0,Equipo,0,0,0,0,0,0,0,0,0,0,0,6,4,2,0,0,0,0,0,0,0,0,0,0,6,2017-2018,Regular Season,14,30/12/2017,retabet bilbao basket - unicaja,70 - 67,0,122,http://www.acb.com/fichas/LACB62122.php,
0,0,"Okouo, Viny",0,0,0,0,0,0,0,0,0,0,0,0,0,0,0,0,0,0,0,0,0,0,0,0,0,2017-2018,Regular Season,14,30/12/2017,retabet bilbao basket - unicaja,70 - 67,Unicaja,122,http://www.acb.com/fichas/LACB62122.php,0
3,0,"McCallum, Ray",17:26,3,0,1,0,0,1,0,3,3,100,4,3,1,3,0,1,0,0,0,0,1,3,-10,9,2017-2018,Regular Season,14,30/12/2017,retabet bilbao basket - unicaja,70 - 67,Unicaja,122,http://www.acb.com/fichas/LACB62122.php,540
0,0,"Soluade, Morayo",0,0,0,0,0,0,0,0,0,0,0,0,0,0,0,0,0,0,0,0,0,0,0,0,0,2017-2018,Regular Season,14,30/12/2017,retabet bilbao basket - unicaja,70 - 67,Unicaja,122,http://www.acb.com/fichas/LACB62122.php,0
9,1,"Diaz, Alberto",22:34,0,0,1,0,0,4,0,0,0,0,1,1,0,1,2,0,0,0,0,0,2,1,7,-2,2017-2018,Regular Season,14,30/12/2017,retabet bilbao basket - unicaja,70 - 67,Unicaja,122,http://www.acb.com/fichas/LACB62122.php,SHG
10,0,"Salin, Sasu",22:16,8,1,2,50,2,8,25,0,0,0,2,2,0,1,1,1,0,1,0,0,3,3,9,5,2017-2018,Regular Season,14,30/12/2017,retabet bilbao basket - unicaja,70 - 67,Unicaja,122,http://www.acb.com/fichas/LACB62122.php,2IR
11,1,"Diez, Daniel",10:22,0,0,1,0,0,2,0,0,0,0,2,2,0,0,1,0,0,0,1,0,1,2,-5,0,2017-2018,Regular Season,14,30/12/2017,retabet bilbao basket - unicaja,70 - 67,Unicaja,122,http://www.acb.com/fichas/LACB62122.php,BLO
16,1,"Nedovic, Nemanja",17:44,7,1,3,33,1,7,14,2,2,100,2,2,0,3,1,2,0,0,0,0,2,3,-12,4,2017-2018,Regular Season,14,30/12/2017,retabet bilbao basket - unicaja,70 - 67,Unicaja,122,http://www.acb.com/fichas/LACB62122.php,2FY
17,0,"Shermadini, Giorgi",23:3,19,4,4,100,0,0,0,11,12,92,5,4,1,0,0,2,0,0,0,1,1,6,-6,26,2017-2018,Regular Season,14,30/12/2017,retabet bilbao basket - unicaja,70 - 67,Unicaja,122,http://www.acb.com/fichas/LACB62122.php,H18
21,0,"Waczynski, Adam",29:38,12,1,4,25,3,6,50,1,2,50,6,4,2,1,1,1,0,0,0,1,3,1,2,10,2017-2018,Regular Season,14,30/12/2017,retabet bilbao basket - unicaja,70 - 67,Unicaja,122,http://www.acb.com/fichas/LACB62122.php,1KW
23,1,"Brooks, Jeff",20:9,8,3,6,50,0,1,0,2,2,100,5,2,3,0,0,2,0,0,0,0,3,1,-5,5,2017-2018,Regular Season,14,30/12/2017,retabet bilbao basket - unicaja,70 - 67,Unicaja,122,http://www.acb.com/fichas/LACB62122.php,505
40,1,"Augustine, James",16:57,8,4,5,80,0,1,0,0,1,0,6,3,3,1,0,1,0,0,0,1,5,1,3,7,2017-2018,Regular Season,14,30/12/2017,retabet bilbao basket - unicaja,70 - 67,Unicaja,122,http://www.acb.com/fichas/LACB62122.php,BGJ
43,0,"Suarez, Carlos",19:51,2,0,2,0,0,1,0,2,2,100,8,5,3,0,0,0,0,0,0,0,0,3,2,10,2017-2018,Regular Season,14,30/12/2017,retabet bilbao basket - unicaja,70 - 67,Unicaja,122,http://www.acb.com/fichas/LACB62122.php,B79
0,0,Equipo,0,0,0,0,0,0,0,0,0,0,0,2,2,0,0,0,0,0,0,0,0,0,0,0,2,2017-2018,Regular Season,14,30/12/2017,retabet bilbao basket - unicaja,70 - 67,0,122,http://www.acb.com/fichas/LACB62122.php,
0,1,"San Miguel, R.",25:22,2,0,0,0,0,0,0,2,2,100,3,3,0,6,1,2,0,0,0,0,2,4,19,12,2017-2018,Regular Season,14,30/12/2017,iberostar tenerife - herbalife gran canaria,92 - 71,Tenerife,123,http://www.acb.com/fichas/LACB62123.php,B86
5,0,"Richotti, Nicolas",14:18,7,1,3,33,1,2,50,2,2,100,1,1,0,4,1,3,0,0,0,0,4,1,0,4,2017-2018,Regular Season,14,30/12/2017,iberostar tenerife - herbalife gran canaria,92 - 71,Tenerife,123,http://www.acb.com/fichas/LACB62123.php,T78
0,0,"Niang, Mamadou",0,0,0,0,0,0,0,0,0,0,0,0,0,0,0,0,0,0,0,0,0,0,0,0,0,2017-2018,Regular Season,14,30/12/2017,iberostar tenerife - herbalife gran canaria,92 - 71,Tenerife,123,http://www.acb.com/fichas/LACB62123.php,0
10,0,"Bassas, Ferran",13:13,3,1,1,100,0,2,0,1,1,100,0,0,0,6,1,2,0,0,0,0,1,2,2,7,2017-2018,Regular Season,14,30/12/2017,iberostar tenerife - herbalife gran canaria,92 - 71,Tenerife,123,http://www.acb.com/fichas/LACB62123.php,714
13,1,"Tobey, Mike",25:39,15,6,11,55,1,1,100,0,1,0,3,3,0,0,1,0,0,1,0,4,2,3,11,15,2017-2018,Regular Season,14,30/12/2017,iberostar tenerife - herbalife gran canaria,92 - 71,Tenerife,123,http://www.acb.com/fichas/LACB62123.php,530
0,0,"Bonde Sturup, Mads",0,0,0,0,0,0,0,0,0,0,0,0,0,0,0,0,0,0,0,0,0,0,0,0,0,2017-2018,Regular Season,14,30/12/2017,iberostar tenerife - herbalife gran canaria,92 - 71,Tenerife,123,http://www.acb.com/fichas/LACB62123.php,0
17,0,"Vazquez, Fran",11:40,6,3,3,100,0,0,0,0,0,0,2,2,0,0,1,0,0,1,0,3,1,1,16,10,2017-2018,Regular Season,14,30/12/2017,iberostar tenerife - herbalife gran canaria,92 - 71,Tenerife,123,http://www.acb.com/fichas/LACB62123.php,A9S
21,1,"Abromaitis, Tim",26:10,5,1,2,50,1,2,50,0,2,0,9,7,2,0,1,0,0,0,0,0,4,1,20,8,2017-2018,Regular Season,14,30/12/2017,iberostar tenerife - herbalife gran canaria,92 - 71,Tenerife,123,http://www.acb.com/fichas/LACB62123.php,FOI
25,0,"Allen, Rosco",16:31,2,0,0,0,0,1,0,2,2,100,2,2,0,0,0,1,0,0,0,0,3,1,-5,0,2017-2018,Regular Season,14,30/12/2017,iberostar tenerife - herbalife gran canaria,92 - 71,Tenerife,123,http://www.acb.com/fichas/LACB62123.php,50I
33,1,"Beiran, Javier",23:38,16,2,3,67,4,6,67,0,0,0,8,6,2,3,1,0,1,0,0,0,0,1,16,26,2017-2018,Regular Season,14,30/12/2017,iberostar tenerife - herbalife gran canaria,92 - 71,Tenerife,123,http://www.acb.com/fichas/LACB62123.php,BB2
34,1,"White, Davin",27:7,23,4,7,57,4,10,40,3,3,100,0,0,0,1,0,1,1,0,1,0,2,2,21,13,2017-2018,Regular Season,14,30/12/2017,iberostar tenerife - herbalife gran canaria,92 - 71,Tenerife,123,http://www.acb.com/fichas/LACB62123.php,2B8
77,0,"Vasileiadis, K.",16:22,13,0,1,0,4,5,80,1,2,50,0,0,0,0,0,1,1,0,0,0,1,1,5,9,2017-2018,Regular Season,14,30/12/2017,iberostar tenerife - herbalife gran canaria,92 - 71,Tenerife,123,http://www.acb.com/fichas/LACB62123.php,BBE
0,0,Equipo,0,0,0,0,0,0,0,0,0,0,0,3,2,1,0,0,1,0,0,0,0,0,0,0,2,2017-2018,Regular Season,14,30/12/2017,iberostar tenerife - herbalife gran canaria,92 - 71,0,123,http://www.acb.com/fichas/LACB62123.php,
0,0,"Oliver, Albert",0,0,0,0,0,0,0,0,0,0,0,0,0,0,0,0,0,0,0,0,0,0,0,0,0,2017-2018,Regular Season,14,30/12/2017,iberostar tenerife - herbalife gran canaria,92 - 71,Gran_Canaria,123,http://www.acb.com/fichas/LACB62123.php,0
0,0,"Lopez, Javi",0,0,0,0,0,0,0,0,0,0,0,0,0,0,0,0,0,0,0,0,0,0,0,0,0,2017-2018,Regular Season,14,30/12/2017,iberostar tenerife - herbalife gran canaria,92 - 71,Gran_Canaria,123,http://www.acb.com/fichas/LACB62123.php,0
8,1,"Eriksson, Marcus",26:2,20,3,7,43,4,7,57,2,2,100,2,2,0,0,0,0,0,0,0,0,2,2,-16,15,2017-2018,Regular Season,14,30/12/2017,iberostar tenerife - herbalife gran canaria,92 - 71,Gran_Canaria,123,http://www.acb.com/fichas/LACB62123.php,118
9,1,"Mekel, Gal",21:2,9,3,7,43,1,1,100,0,2,0,3,2,1,2,0,0,0,0,0,0,3,1,-27,6,2017-2018,Regular Season,14,30/12/2017,iberostar tenerife - herbalife gran canaria,92 - 71,Gran_Canaria,123,http://www.acb.com/fichas/LACB62123.php,53K
11,0,"Seeley, DJ",23:59,3,0,1,0,0,3,0,3,4,75,2,2,0,3,0,3,0,0,0,0,0,4,-12,4,2017-2018,Regular Season,14,30/12/2017,iberostar tenerife - herbalife gran canaria,92 - 71,Gran_Canaria,123,http://www.acb.com/fichas/LACB62123.php,2IW
12,1,"Balvin, Ondrej",20:2,2,1,4,25,0,0,0,0,0,0,4,3,1,1,0,0,0,0,0,1,3,0,-7,1,2017-2018,Regular Season,14,30/12/2017,iberostar tenerife - herbalife gran canaria,92 - 71,Gran_Canaria,123,http://www.acb.com/fichas/LACB62123.php,BLE
13,1,"Baez, Eulis",18:32,8,3,5,60,0,2,0,2,2,100,4,2,2,0,0,0,0,0,1,1,1,5,-15,11,2017-2018,Regular Season,14,30/12/2017,iberostar tenerife - herbalife gran canaria,92 - 71,Gran_Canaria,123,http://www.acb.com/fichas/LACB62123.php,BIH
14,0,"Pasecniks, Anzejs",13:51,3,1,3,33,0,0,0,1,1,100,0,0,0,0,0,0,0,1,1,0,2,2,-16,1,2017-2018,Regular Season,14,30/12/2017,iberostar tenerife - herbalife gran canaria,92 - 71,Gran_Canaria,123,http://www.acb.com/fichas/LACB62123.php,FQH
21,0,"Pauli, Oriol",24:56,0,0,2,0,0,1,0,0,0,0,3,3,0,4,0,4,0,0,0,0,1,2,-7,1,2017-2018,Regular Season,14,30/12/2017,iberostar tenerife - herbalife gran canaria,92 - 71,Gran_Canaria,123,http://www.acb.com/fichas/LACB62123.php,SCE
22,1,"Rabaseda, Xavi",24:3,18,3,4,75,3,6,50,3,3,100,4,4,0,0,3,4,1,0,0,0,4,2,-1,15,2017-2018,Regular Season,14,30/12/2017,iberostar tenerife - herbalife gran canaria,92 - 71,Gran_Canaria,123,http://www.acb.com/fichas/LACB62123.php,Y1F
34,0,"Aguilar, Pablo",17:44,4,2,2,100,0,2,0,0,0,0,5,5,0,1,3,0,2,0,0,1,0,1,-10,12,2017-2018,Regular Season,14,30/12/2017,iberostar tenerife - herbalife gran canaria,92 - 71,Gran_Canaria,123,http://www.acb.com/fichas/LACB62123.php,Y49
40,0,"Fischer, Luke",9:49,4,1,1,100,0,0,0,2,2,100,0,0,0,0,0,0,0,0,0,0,2,1,6,3,2017-2018,Regular Season,14,30/12/2017,iberostar tenerife - herbalife gran canaria,92 - 71,Gran_Canaria,123,http://www.acb.com/fichas/LACB62123.php,53I
0,0,Equipo,0,0,0,0,0,0,0,0,0,0,0,1,1,0,0,0,0,0,0,0,0,0,0,0,1,2017-2018,Regular Season,14,30/12/2017,iberostar tenerife - herbalife gran canaria,92 - 71,0,123,http://www.acb.com/fichas/LACB62123.php,
3,1,"Sabat, Albert",14:52,6,0,0,0,2,6,33,0,0,0,1,1,0,0,1,0,0,0,0,0,3,2,5,3,2017-2018,Regular Season,14,30/12/2017,monbus obradoiro - morabanc andorra,65 - 77,Obradoiro,124,http://www.acb.com/fichas/LACB62124.php,B2J
7,0,"Simons, Benjamin",11:6,3,0,1,0,1,3,33,0,0,0,1,1,0,0,0,0,0,0,0,0,0,0,-9,1,2017-2018,Regular Season,14,30/12/2017,monbus obradoiro - morabanc andorra,65 - 77,Obradoiro,124,http://www.acb.com/fichas/LACB62124.php,548
9,1,"Llovet, Nacho",17:21,3,1,4,25,0,1,0,1,2,50,5,3,2,3,0,0,0,0,0,0,1,3,-3,8,2017-2018,Regular Season,14,30/12/2017,monbus obradoiro - morabanc andorra,65 - 77,Obradoiro,124,http://www.acb.com/fichas/LACB62124.php,Y7O
11,1,"Radovic, Nemanja",28:47,10,5,9,56,0,1,0,0,2,0,4,4,0,1,0,1,0,0,0,2,5,1,0,3,2017-2018,Regular Season,14,30/12/2017,monbus obradoiro - morabanc andorra,65 - 77,Obradoiro,124,http://www.acb.com/fichas/LACB62124.php,H52
13,0,"Pustovyi, Artem",17:2,6,2,4,50,0,0,0,2,4,50,5,4,1,0,0,1,0,2,0,0,4,5,-6,9,2017-2018,Regular Season,14,30/12/2017,monbus obradoiro - morabanc andorra,65 - 77,Obradoiro,124,http://www.acb.com/fichas/LACB62124.php,FO1
16,0,"Spires, Nick",5:44,0,0,1,0,0,0,0,0,0,0,1,1,0,0,0,0,0,2,0,0,0,0,-6,2,2017-2018,Regular Season,14,30/12/2017,monbus obradoiro - morabanc andorra,65 - 77,Obradoiro,124,http://www.acb.com/fichas/LACB62124.php,SCH
20,0,"Navarro, David",18:3,8,4,6,67,0,3,0,0,1,0,4,2,2,1,0,1,0,0,1,0,1,2,-10,6,2017-2018,Regular Season,14,30/12/2017,monbus obradoiro - morabanc andorra,65 - 77,Obradoiro,124,http://www.acb.com/fichas/LACB62124.php,B8L
21,1,"Thomas, Matt",27:50,18,5,6,83,1,5,20,5,5,100,2,1,1,2,1,2,0,0,1,0,4,2,-9,13,2017-2018,Regular Season,14,30/12/2017,monbus obradoiro - morabanc andorra,65 - 77,Obradoiro,124,http://www.acb.com/fichas/LACB62124.php,53S
22,1,"Bendzius, Eimantas",29:23,7,1,3,33,1,4,25,2,2,100,6,5,1,0,1,2,0,0,0,0,0,2,-1,9,2017-2018,Regular Season,14,30/12/2017,monbus obradoiro - morabanc andorra,65 - 77,Obradoiro,124,http://www.acb.com/fichas/LACB62124.php,FO0
0,0,"Corbacho, A.",0,0,0,0,0,0,0,0,0,0,0,0,0,0,0,0,0,0,0,0,0,0,0,0,0,2017-2018,Regular Season,14,30/12/2017,monbus obradoiro - morabanc andorra,65 - 77,Obradoiro,124,http://www.acb.com/fichas/LACB62124.php,0
44,0,"Pozas, Pepe",25:8,4,1,1,100,0,2,0,2,2,100,2,1,1,5,2,2,0,0,0,0,3,2,-17,8,2017-2018,Regular Season,14,30/12/2017,monbus obradoiro - morabanc andorra,65 - 77,Obradoiro,124,http://www.acb.com/fichas/LACB62124.php,750
54,0,"Laksa, Martins",4:44,0,0,0,0,0,0,0,0,0,0,0,0,0,0,0,0,0,0,0,0,0,0,-4,0,2017-2018,Regular Season,14,30/12/2017,monbus obradoiro - morabanc andorra,65 - 77,Obradoiro,124,http://www.acb.com/fichas/LACB62124.php,53A
0,0,Equipo,0,0,0,0,0,0,0,0,0,0,0,5,3,2,0,0,1,0,0,0,0,0,0,0,4,2017-2018,Regular Season,14,30/12/2017,monbus obradoiro - morabanc andorra,65 - 77,0,124,http://www.acb.com/fichas/LACB62124.php,
3,1,"Fernandez, Jaime",26:44,19,8,12,67,1,4,25,0,0,0,2,1,1,5,1,2,0,0,0,0,3,3,1,18,2017-2018,Regular Season,14,30/12/2017,monbus obradoiro - morabanc andorra,65 - 77,Andorra,124,http://www.acb.com/fichas/LACB62124.php,117
11,1,"Blazic, Jaka",30:31,17,1,4,25,2,5,40,9,10,90,5,5,0,0,0,1,1,0,1,0,0,7,10,20,2017-2018,Regular Season,14,30/12/2017,monbus obradoiro - morabanc andorra,65 - 77,Andorra,124,http://www.acb.com/fichas/LACB62124.php,FQF
12,1,"Jankovic, Vladimir",22:3,5,1,2,50,1,6,17,0,0,0,6,5,1,1,0,0,0,1,0,0,3,1,1,5,2017-2018,Regular Season,14,30/12/2017,monbus obradoiro - morabanc andorra,65 - 77,Andorra,124,http://www.acb.com/fichas/LACB62124.php,50M
14,0,"Stevic, Oliver",28:57,13,5,7,71,0,0,0,3,5,60,8,6,2,1,2,1,0,1,1,0,2,5,19,22,2017-2018,Regular Season,14,30/12/2017,monbus obradoiro - morabanc andorra,65 - 77,Andorra,124,http://www.acb.com/fichas/LACB62124.php,170
16,0,"Albicy, Andrew",16:50,2,0,0,0,0,1,0,2,2,100,0,0,0,2,0,2,0,0,0,0,1,2,10,2,2017-2018,Regular Season,14,30/12/2017,monbus obradoiro - morabanc andorra,65 - 77,Andorra,124,http://www.acb.com/fichas/LACB62124.php,502
0,0,"Diagne, Moussa",0,0,0,0,0,0,0,0,0,0,0,0,0,0,0,0,0,0,0,0,0,0,0,0,0,2017-2018,Regular Season,14,30/12/2017,monbus obradoiro - morabanc andorra,65 - 77,Andorra,124,http://www.acb.com/fichas/LACB62124.php,0
22,1,"Shurna, John",20:55,5,1,1,100,1,2,50,0,0,0,3,3,0,1,2,0,0,0,0,0,4,0,1,6,2017-2018,Regular Season,14,30/12/2017,monbus obradoiro - morabanc andorra,65 - 77,Andorra,124,http://www.acb.com/fichas/LACB62124.php,H36
23,1,"Walker, David",31:44,4,1,5,20,0,1,0,2,4,50,2,1,1,1,0,0,0,0,1,1,3,2,5,-2,2017-2018,Regular Season,14,30/12/2017,monbus obradoiro - morabanc andorra,65 - 77,Andorra,124,http://www.acb.com/fichas/LACB62124.php,513
0,0,"Colom, Guillem",0,0,0,0,0,0,0,0,0,0,0,0,0,0,0,0,0,0,0,0,0,0,0,0,0,2017-2018,Regular Season,14,30/12/2017,monbus obradoiro - morabanc andorra,65 - 77,Andorra,124,http://www.acb.com/fichas/LACB62124.php,0
25,0,"Jelinek, David",22:16,12,1,2,50,3,6,50,1,1,100,5,4,1,1,0,2,0,0,1,0,4,1,13,8,2017-2018,Regular Season,14,30/12/2017,monbus obradoiro - morabanc andorra,65 - 77,Andorra,124,http://www.acb.com/fichas/LACB62124.php,Y8C
0,0,Equipo,0,0,0,0,0,0,0,0,0,0,0,5,3,2,0,0,2,0,0,0,0,0,0,0,3,2017-2018,Regular Season,14,30/12/2017,monbus obradoiro - morabanc andorra,65 - 77,0,124,http://www.acb.com/fichas/LACB62124.php,
1,1,"Anosike, Oderah",29:20,4,2,3,67,0,0,0,0,0,0,10,7,3,1,0,1,0,1,0,1,4,2,11,12,2017-2018,Regular Season,14,30/12/2017,real betis energia plus - tecnyconta zaragoza,70 - 67,Sevilla,125,http://www.acb.com/fichas/LACB62125.php,FPY
4,0,"Draper, Dontaye",19:18,6,1,3,33,0,3,0,4,4,100,2,2,0,1,2,0,1,0,0,0,2,3,-8,7,2017-2018,Regular Season,14,30/12/2017,real betis energia plus - tecnyconta zaragoza,70 - 67,Sevilla,125,http://www.acb.com/fichas/LACB62125.php,243
5,0,"Sanchez, A.",8:35,0,0,0,0,0,0,0,0,2,0,1,1,0,0,0,2,0,0,0,0,1,2,1,-2,2017-2018,Regular Season,14,30/12/2017,real betis energia plus - tecnyconta zaragoza,70 - 67,Sevilla,125,http://www.acb.com/fichas/LACB62125.php,B44
6,1,"Nelson, Luke",32:11,20,4,8,50,3,5,60,3,3,100,4,3,1,1,0,3,0,0,0,0,2,4,10,18,2017-2018,Regular Season,14,30/12/2017,real betis energia plus - tecnyconta zaragoza,70 - 67,Sevilla,125,http://www.acb.com/fichas/LACB62125.php,547
8,0,"Cruz, Ivan",11:21,4,1,2,50,0,1,0,2,2,100,1,0,1,1,1,0,0,0,0,0,0,2,-4,7,2017-2018,Regular Season,14,30/12/2017,real betis energia plus - tecnyconta zaragoza,70 - 67,Sevilla,125,http://www.acb.com/fichas/LACB62125.php,BLL
11,1,"Uriz, Mikel",9:34,1,0,1,0,0,0,0,1,2,50,2,1,1,0,0,1,0,0,0,0,1,1,-5,0,2017-2018,Regular Season,14,30/12/2017,real betis energia plus - tecnyconta zaragoza,70 - 67,Sevilla,125,http://www.acb.com/fichas/LACB62125.php,742
15,1,"Schilb, Blake",26:3,19,3,8,38,2,5,40,7,7,100,3,2,1,2,0,0,0,0,0,0,3,6,9,19,2017-2018,Regular Season,14,30/12/2017,real betis energia plus - tecnyconta zaragoza,70 - 67,Sevilla,125,http://www.acb.com/fichas/LACB62125.php,565
0,0,"Blanco, Saul",0,0,0,0,0,0,0,0,0,0,0,0,0,0,0,0,0,0,0,0,0,0,0,0,0,2017-2018,Regular Season,14,30/12/2017,real betis energia plus - tecnyconta zaragoza,70 - 67,Sevilla,125,http://www.acb.com/fichas/LACB62125.php,0
25,0,"Zagorac, Rade",5:22,0,0,1,0,0,1,0,0,0,0,2,1,1,1,0,1,0,0,0,0,1,0,-7,-1,2017-2018,Regular Season,14,30/12/2017,real betis energia plus - tecnyconta zaragoza,70 - 67,Sevilla,125,http://www.acb.com/fichas/LACB62125.php,56G
30,0,"Franch, Josep",18:57,7,2,2,100,0,2,0,3,4,75,2,2,0,2,0,3,1,0,0,0,4,3,9,4,2017-2018,Regular Season,14,30/12/2017,real betis energia plus - tecnyconta zaragoza,70 - 67,Sevilla,125,http://www.acb.com/fichas/LACB62125.php,Y79
32,0,"Golubovic, V.",10:29,2,0,2,0,0,0,0,2,2,100,2,2,0,0,0,0,0,0,0,0,0,3,-8,5,2017-2018,Regular Season,14,30/12/2017,real betis energia plus - tecnyconta zaragoza,70 - 67,Sevilla,125,http://www.acb.com/fichas/LACB62125.php,004
34,1,"Kelly, Ryan",28:50,7,0,10,0,1,2,50,4,4,100,8,8,0,3,0,1,0,1,2,0,3,4,7,6,2017-2018,Regular Season,14,30/12/2017,real betis energia plus - tecnyconta zaragoza,70 - 67,Sevilla,125,http://www.acb.com/fichas/LACB62125.php,54V
0,0,Equipo,0,0,0,0,0,0,0,0,0,0,0,5,3,2,0,0,0,0,0,0,0,0,0,0,5,2017-2018,Regular Season,14,30/12/2017,real betis energia plus - tecnyconta zaragoza,70 - 67,0,125,http://www.acb.com/fichas/LACB62125.php,
4,0,"McCalebb, Bo",18:41,6,2,6,33,0,2,0,2,2,100,4,2,2,2,1,1,0,0,1,0,1,2,-1,6,2017-2018,Regular Season,14,30/12/2017,real betis energia plus - tecnyconta zaragoza,70 - 67,Zaragoza,125,http://www.acb.com/fichas/LACB62125.php,519
5,0,"Triguero, J.",3:7,0,0,0,0,0,0,0,0,0,0,0,0,0,0,0,0,0,0,0,0,0,0,-5,0,2017-2018,Regular Season,14,30/12/2017,real betis energia plus - tecnyconta zaragoza,70 - 67,Zaragoza,125,http://www.acb.com/fichas/LACB62125.php,BCC
7,1,"Barreiro, J.",30:31,12,2,5,40,2,7,29,2,2,100,4,1,3,2,2,0,1,0,0,1,3,4,-5,13,2017-2018,Regular Season,14,30/12/2017,real betis energia plus - tecnyconta zaragoza,70 - 67,Zaragoza,125,http://www.acb.com/fichas/LACB62125.php,XEU
9,1,"Dragovic, Nikola",26:20,10,4,8,50,0,4,0,2,5,40,11,11,0,1,2,2,0,1,1,0,4,3,-6,10,2017-2018,Regular Season,14,30/12/2017,real betis energia plus - tecnyconta zaragoza,70 - 67,Zaragoza,125,http://www.acb.com/fichas/LACB62125.php,542
11,1,"Bellas, Tomas",24:34,6,1,2,50,0,3,0,4,4,100,0,0,0,4,0,3,0,0,0,0,1,3,-12,5,2017-2018,Regular Season,14,30/12/2017,real betis energia plus - tecnyconta zaragoza,70 - 67,Zaragoza,125,http://www.acb.com/fichas/LACB62125.php,YEF
14,0,"Mazalin, Lovro",5:27,2,1,2,50,0,1,0,0,0,0,0,0,0,1,0,1,0,0,0,1,1,0,-3,-1,2017-2018,Regular Season,14,30/12/2017,real betis energia plus - tecnyconta zaragoza,70 - 67,Zaragoza,125,http://www.acb.com/fichas/LACB62125.php,53C
0,0,"Urtasun, Txemi",0,0,0,0,0,0,0,0,0,0,0,0,0,0,0,0,0,0,0,0,0,0,0,0,0,2017-2018,Regular Season,14,30/12/2017,real betis energia plus - tecnyconta zaragoza,70 - 67,Zaragoza,125,http://www.acb.com/fichas/LACB62125.php,0
24,0,"Michalak, Michal",10:5,2,0,0,0,0,3,0,2,2,100,2,2,0,0,0,1,0,0,0,0,3,2,3,-1,2017-2018,Regular Season,14,30/12/2017,real betis energia plus - tecnyconta zaragoza,70 - 67,Zaragoza,125,http://www.acb.com/fichas/LACB62125.php,53M
27,0,"De Jong, Nicolas",13:51,10,5,5,100,0,0,0,0,0,0,2,1,1,0,0,0,1,0,0,2,5,2,8,9,2017-2018,Regular Season,14,30/12/2017,real betis energia plus - tecnyconta zaragoza,70 - 67,Zaragoza,125,http://www.acb.com/fichas/LACB62125.php,54I
32,1,"Varnado, Jarvis",21:39,6,2,5,40,0,0,0,2,2,100,5,4,1,0,0,1,0,1,0,1,5,3,-3,6,2017-2018,Regular Season,14,30/12/2017,real betis energia plus - tecnyconta zaragoza,70 - 67,Zaragoza,125,http://www.acb.com/fichas/LACB62125.php,544
33,0,"Suarez, Alex",9:14,6,0,0,0,2,3,67,0,0,0,4,3,1,1,1,1,0,0,0,0,4,0,6,6,2017-2018,Regular Season,14,30/12/2017,real betis energia plus - tecnyconta zaragoza,70 - 67,Zaragoza,125,http://www.acb.com/fichas/LACB62125.php,BLI
45,1,"Blums, Janis",36:31,7,1,2,50,1,8,13,2,2,100,4,4,0,0,0,1,0,0,0,0,3,2,3,1,2017-2018,Regular Season,14,30/12/2017,real betis energia plus - tecnyconta zaragoza,70 - 67,Zaragoza,125,http://www.acb.com/fichas/LACB62125.php,BG3
0,0,Equipo,0,0,0,0,0,0,0,0,0,0,0,5,1,4,0,0,0,0,0,0,0,0,0,0,5,2017-2018,Regular Season,14,30/12/2017,real betis energia plus - tecnyconta zaragoza,70 - 67,0,125,http://www.acb.com/fichas/LACB62125.php,
0,1,"Fisher, Corey",23:13,13,3,4,75,0,4,0,7,7,100,1,1,0,2,1,1,1,0,0,0,1,5,-10,15,2017-2018,Regular Season,14,30/12/2017,san pablo burgos - delteco gbc,76 - 99,Burgos,126,http://www.acb.com/fichas/LACB62126.php,244
5,0,"Schreiner, Thomas",16:47,5,1,2,50,1,3,33,0,0,0,3,3,0,4,0,2,0,0,0,0,0,1,-13,8,2017-2018,Regular Season,14,30/12/2017,san pablo burgos - delteco gbc,76 - 99,Burgos,126,http://www.acb.com/fichas/LACB62126.php,2A3
0,0,"Savic, Emil",0,0,0,0,0,0,0,0,0,0,0,0,0,0,0,0,0,0,0,0,0,0,0,0,0,2017-2018,Regular Season,14,30/12/2017,san pablo burgos - delteco gbc,76 - 99,Burgos,126,http://www.acb.com/fichas/LACB62126.php,0
9,0,"Barrera, Alex",7:12,2,1,1,100,0,1,0,0,0,0,2,2,0,1,0,0,1,0,0,0,0,0,-5,4,2017-2018,Regular Season,14,30/12/2017,san pablo burgos - delteco gbc,76 - 99,Burgos,126,http://www.acb.com/fichas/LACB62126.php,717
10,0,"Vega, Javier",15:30,8,1,1,100,2,9,22,0,0,0,0,0,0,0,1,0,0,0,0,1,1,2,-12,3,2017-2018,Regular Season,14,30/12/2017,san pablo burgos - delteco gbc,76 - 99,Burgos,126,http://www.acb.com/fichas/LACB62126.php,BA6
11,0,"Saiz, Sebas",21:11,7,2,4,50,0,0,0,3,4,75,5,2,3,0,1,1,0,1,0,0,3,2,-10,9,2017-2018,Regular Season,14,30/12/2017,san pablo burgos - delteco gbc,76 - 99,Burgos,126,http://www.acb.com/fichas/LACB62126.php,SDS
12,1,"Jenkins, John",25:10,14,4,7,57,0,1,0,6,6,100,2,2,0,0,0,2,1,0,0,0,3,4,-23,11,2017-2018,Regular Season,14,30/12/2017,san pablo burgos - delteco gbc,76 - 99,Burgos,126,http://www.acb.com/fichas/LACB62126.php,56D
13,1,"Gailius, Deividas",25:57,10,1,3,33,2,6,33,2,4,50,3,3,0,1,0,4,0,0,0,0,2,3,-14,3,2017-2018,Regular Season,14,30/12/2017,san pablo burgos - delteco gbc,76 - 99,Burgos,126,http://www.acb.com/fichas/LACB62126.php,549
15,0,"Martinez, Edu",7:42,3,0,1,0,1,2,50,0,0,0,0,0,0,1,0,0,0,0,0,0,1,0,-3,1,2017-2018,Regular Season,14,30/12/2017,san pablo burgos - delteco gbc,76 - 99,Burgos,126,http://www.acb.com/fichas/LACB62126.php,Y7W
21,1,"Thompson, Deon",26:5,6,3,5,60,0,2,0,0,0,0,4,3,1,4,1,3,0,1,1,0,3,2,-15,7,2017-2018,Regular Season,14,30/12/2017,san pablo burgos - delteco gbc,76 - 99,Burgos,126,http://www.acb.com/fichas/LACB62126.php,54C
23,1,"Huskic, Goran",17:14,3,1,1,100,0,0,0,1,2,50,3,3,0,2,1,0,0,0,0,0,5,4,-9,7,2017-2018,Regular Season,14,30/12/2017,san pablo burgos - delteco gbc,76 - 99,Burgos,126,http://www.acb.com/fichas/LACB62126.php,H05
25,0,"Lopez, Alex",13:59,5,0,0,0,1,3,33,2,2,100,2,2,0,0,0,1,0,0,0,0,1,2,-1,5,2017-2018,Regular Season,14,30/12/2017,san pablo burgos - delteco gbc,76 - 99,Burgos,126,http://www.acb.com/fichas/LACB62126.php,YBF
0,0,Equipo,0,0,0,0,0,0,0,0,0,0,0,2,2,0,0,0,0,0,0,0,0,0,0,0,2,2017-2018,Regular Season,14,30/12/2017,san pablo burgos - delteco gbc,76 - 99,0,126,http://www.acb.com/fichas/LACB62126.php,
1,0,"Agbelese, Danny",15:5,16,7,10,70,0,0,0,2,2,100,8,4,4,0,0,0,1,0,1,4,3,1,10,18,2017-2018,Regular Season,14,30/12/2017,san pablo burgos - delteco gbc,76 - 99,Guipuzcoa,126,http://www.acb.com/fichas/LACB62126.php,D03
3,1,"Chery, Kenny",29:29,17,6,9,67,1,7,14,2,2,100,3,3,0,2,1,1,1,0,1,0,2,4,15,14,2017-2018,Regular Season,14,30/12/2017,san pablo burgos - delteco gbc,76 - 99,Guipuzcoa,126,http://www.acb.com/fichas/LACB62126.php,51A
4,1,"Van Lacke, Fede",31:34,15,2,4,50,3,4,75,2,2,100,2,1,1,6,4,1,0,0,0,0,2,2,24,23,2017-2018,Regular Season,14,30/12/2017,san pablo burgos - delteco gbc,76 - 99,Guipuzcoa,126,http://www.acb.com/fichas/LACB62126.php,B3K
5,0,"Perez, Daniel",10:31,2,1,2,50,0,0,0,0,0,0,0,0,0,1,2,0,0,0,0,0,1,0,8,3,2017-2018,Regular Season,14,30/12/2017,san pablo burgos - delteco gbc,76 - 99,Guipuzcoa,126,http://www.acb.com/fichas/LACB62126.php,Y84
0,0,"Oroz, Xabi",0,0,0,0,0,0,0,0,0,0,0,0,0,0,0,0,0,0,0,0,0,0,0,0,0,2017-2018,Regular Season,14,30/12/2017,san pablo burgos - delteco gbc,76 - 99,Guipuzcoa,126,http://www.acb.com/fichas/LACB62126.php,0
10,1,"Salvo, Miquel",9:49,3,0,0,0,1,3,33,0,0,0,2,1,1,1,0,0,0,0,0,0,4,1,-5,1,2017-2018,Regular Season,14,30/12/2017,san pablo burgos - delteco gbc,76 - 99,Guipuzcoa,126,http://www.acb.com/fichas/LACB62126.php,545
11,0,"Pardina, Joan",17:13,1,0,0,0,0,1,0,1,2,50,2,2,0,0,0,1,0,0,0,0,2,1,2,-1,2017-2018,Regular Season,14,30/12/2017,san pablo burgos - delteco gbc,76 - 99,Guipuzcoa,126,http://www.acb.com/fichas/LACB62126.php,782
15,0,"Beraza, Xabi",0:51,0,0,0,0,0,1,0,0,0,0,0,0,0,1,0,0,0,0,0,0,1,0,-1,-1,2017-2018,Regular Season,14,30/12/2017,san pablo burgos - delteco gbc,76 - 99,Guipuzcoa,126,http://www.acb.com/fichas/LACB62126.php,55B
17,1,"Fakuade, Michael",19:52,8,2,5,40,1,2,50,1,2,50,7,5,2,1,0,2,0,1,0,0,3,2,11,9,2017-2018,Regular Season,14,30/12/2017,san pablo burgos - delteco gbc,76 - 99,Guipuzcoa,126,http://www.acb.com/fichas/LACB62126.php,54P
44,0,"Swing, Jordan",21:38,13,3,4,75,2,5,40,1,2,50,5,5,0,5,1,0,1,0,0,0,1,4,25,22,2017-2018,Regular Season,14,30/12/2017,san pablo burgos - delteco gbc,76 - 99,Guipuzcoa,126,http://www.acb.com/fichas/LACB62126.php,D07
64,1,"Norel, Henk",23:50,16,4,7,57,1,1,100,5,6,83,7,4,3,1,1,2,0,0,0,1,2,5,14,22,2017-2018,Regular Season,14,30/12/2017,san pablo burgos - delteco gbc,76 - 99,Guipuzcoa,126,http://www.acb.com/fichas/LACB62126.php,BA0
88,0,"Clark, Daniel",20:8,8,4,6,67,0,6,0,0,0,0,4,2,2,1,1,2,1,0,0,0,4,0,12,0,2017-2018,Regular Season,14,30/12/2017,san pablo burgos - delteco gbc,76 - 99,Guipuzcoa,126,http://www.acb.com/fichas/LACB62126.php,BB8
0,0,Equipo,0,0,0,0,0,0,0,0,0,0,0,4,3,1,0,0,0,0,0,0,0,0,0,0,4,2017-2018,Regular Season,14,30/12/2017,san pablo burgos - delteco gbc,76 - 99,0,126,http://www.acb.com/fichas/LACB62126.php,
2,0,"Okouo, Viny",2:9,0,0,1,0,0,0,0,0,0,0,0,0,0,0,0,0,0,1,0,0,0,0,-2,0,2017-2018,Regular Season,15,06/01/2018,unicaja - monbus obradoiro,96 - 76,Unicaja,127,http://www.acb.com/fichas/LACB62127.php,1ES
3,1,"McCallum, Ray",18:58,7,2,3,67,1,1,100,0,0,0,2,2,0,2,0,0,0,0,0,0,2,0,28,8,2017-2018,Regular Season,15,06/01/2018,unicaja - monbus obradoiro,96 - 76,Unicaja,127,http://www.acb.com/fichas/LACB62127.php,540
9,0,"Diaz, Alberto",21:2,2,0,0,0,0,1,0,2,2,100,4,3,1,4,1,2,0,0,0,0,3,2,-8,7,2017-2018,Regular Season,15,06/01/2018,unicaja - monbus obradoiro,96 - 76,Unicaja,127,http://www.acb.com/fichas/LACB62127.php,SHG
10,0,"Salin, Sasu",16:17,9,0,0,0,2,7,29,3,4,75,3,2,1,2,0,0,0,0,0,0,0,3,9,11,2017-2018,Regular Season,15,06/01/2018,unicaja - monbus obradoiro,96 - 76,Unicaja,127,http://www.acb.com/fichas/LACB62127.php,2IR
11,0,"Diez, Daniel",14:59,11,1,2,50,3,5,60,0,0,0,1,1,0,0,1,0,0,0,1,0,0,2,3,11,2017-2018,Regular Season,15,06/01/2018,unicaja - monbus obradoiro,96 - 76,Unicaja,127,http://www.acb.com/fichas/LACB62127.php,BLO
12,0,"Milosavljevic, D.",8:13,4,2,4,50,0,0,0,0,0,0,0,0,0,0,1,0,0,0,0,1,3,0,7,0,2017-2018,Regular Season,15,06/01/2018,unicaja - monbus obradoiro,96 - 76,Unicaja,127,http://www.acb.com/fichas/LACB62127.php,53F
16,1,"Nedovic, Nemanja",23:43,6,3,7,43,0,5,0,0,0,0,2,2,0,8,0,0,0,0,1,0,2,1,11,5,2017-2018,Regular Season,15,06/01/2018,unicaja - monbus obradoiro,96 - 76,Unicaja,127,http://www.acb.com/fichas/LACB62127.php,2FY
17,0,"Shermadini, Giorgi",21:7,16,6,6,100,0,0,0,4,4,100,5,4,1,1,0,2,1,0,0,1,2,3,15,21,2017-2018,Regular Season,15,06/01/2018,unicaja - monbus obradoiro,96 - 76,Unicaja,127,http://www.acb.com/fichas/LACB62127.php,H18
21,1,"Waczynski, Adam",16:48,14,4,4,100,2,5,40,0,0,0,3,3,0,1,2,1,2,0,0,0,1,2,10,17,2017-2018,Regular Season,15,06/01/2018,unicaja - monbus obradoiro,96 - 76,Unicaja,127,http://www.acb.com/fichas/LACB62127.php,1KW
23,1,"Brooks, Jeff",21:16,12,4,6,67,1,2,50,1,1,100,5,4,1,0,1,1,0,0,0,0,1,1,8,14,2017-2018,Regular Season,15,06/01/2018,unicaja - monbus obradoiro,96 - 76,Unicaja,127,http://www.acb.com/fichas/LACB62127.php,505
40,1,"Augustine, James",16:44,5,2,3,67,0,0,0,1,2,50,4,3,1,1,1,0,1,0,0,0,0,4,7,13,2017-2018,Regular Season,15,06/01/2018,unicaja - monbus obradoiro,96 - 76,Unicaja,127,http://www.acb.com/fichas/LACB62127.php,BGJ
43,0,"Suarez, Carlos",18:44,10,2,2,100,0,1,0,6,6,100,3,2,1,6,0,0,0,0,0,0,1,4,12,21,2017-2018,Regular Season,15,06/01/2018,unicaja - monbus obradoiro,96 - 76,Unicaja,127,http://www.acb.com/fichas/LACB62127.php,B79
0,0,Equipo,0,0,0,0,0,0,0,0,0,0,0,3,1,2,0,0,1,0,0,0,0,0,0,0,2,2017-2018,Regular Season,15,06/01/2018,unicaja - monbus obradoiro,96 - 76,0,127,http://www.acb.com/fichas/LACB62127.php,
0,0,"Sabat, Albert",0,0,0,0,0,0,0,0,0,0,0,0,0,0,0,0,0,0,0,0,0,0,0,0,0,2017-2018,Regular Season,15,06/01/2018,unicaja - monbus obradoiro,96 - 76,Obradoiro,127,http://www.acb.com/fichas/LACB62127.php,0
7,1,"Simons, Benjamin",11:49,3,0,0,0,1,3,33,0,0,0,0,0,0,1,1,0,0,0,0,0,3,0,-17,0,2017-2018,Regular Season,15,06/01/2018,unicaja - monbus obradoiro,96 - 76,Obradoiro,127,http://www.acb.com/fichas/LACB62127.php,548
9,0,"Llovet, Nacho",13:54,2,1,1,100,0,0,0,0,0,0,4,4,0,0,0,1,0,0,0,0,4,1,7,2,2017-2018,Regular Season,15,06/01/2018,unicaja - monbus obradoiro,96 - 76,Obradoiro,127,http://www.acb.com/fichas/LACB62127.php,Y7O
0,0,"Radovic, Nemanja",0,0,0,0,0,0,0,0,0,0,0,0,0,0,0,0,0,0,0,0,0,0,0,0,0,2017-2018,Regular Season,15,06/01/2018,unicaja - monbus obradoiro,96 - 76,Obradoiro,127,http://www.acb.com/fichas/LACB62127.php,0
13,1,"Pustovyi, Artem",30:15,12,5,10,50,0,0,0,2,2,100,11,7,4,0,0,3,0,2,0,2,1,2,-25,18,2017-2018,Regular Season,15,06/01/2018,unicaja - monbus obradoiro,96 - 76,Obradoiro,127,http://www.acb.com/fichas/LACB62127.php,FO1
16,0,"Spires, Nick",24:2,6,3,6,50,0,2,0,0,0,0,6,4,2,1,2,3,0,0,1,2,2,0,-5,4,2017-2018,Regular Season,15,06/01/2018,unicaja - monbus obradoiro,96 - 76,Obradoiro,127,http://www.acb.com/fichas/LACB62127.php,SCH
20,0,"Navarro, David",20:15,6,2,3,67,0,2,0,2,2,100,0,0,0,11,0,1,0,0,0,0,2,2,-11,13,2017-2018,Regular Season,15,06/01/2018,unicaja - monbus obradoiro,96 - 76,Obradoiro,127,http://www.acb.com/fichas/LACB62127.php,B8L
21,1,"Thomas, Matt",26:44,10,2,4,50,2,6,33,0,0,0,1,1,0,4,2,2,0,0,0,0,2,2,-8,9,2017-2018,Regular Season,15,06/01/2018,unicaja - monbus obradoiro,96 - 76,Obradoiro,127,http://www.acb.com/fichas/LACB62127.php,53S
22,1,"Bendzius, Eimantas",19:40,11,3,6,50,1,3,33,2,4,50,3,2,1,1,0,1,1,0,0,0,4,3,-13,6,2017-2018,Regular Season,15,06/01/2018,unicaja - monbus obradoiro,96 - 76,Obradoiro,127,http://www.acb.com/fichas/LACB62127.php,FO0
33,0,"Corbacho, A.",18:3,21,0,1,0,7,11,64,0,0,0,2,1,1,1,0,1,1,0,0,0,0,0,-7,18,2017-2018,Regular Season,15,06/01/2018,unicaja - monbus obradoiro,96 - 76,Obradoiro,127,http://www.acb.com/fichas/LACB62127.php,B5E
44,1,"Pozas, Pepe",19:45,0,0,1,0,0,0,0,0,0,0,2,2,0,4,0,1,0,0,0,0,2,4,-9,6,2017-2018,Regular Season,15,06/01/2018,unicaja - monbus obradoiro,96 - 76,Obradoiro,127,http://www.acb.com/fichas/LACB62127.php,750
54,0,"Laksa, Martins",15:33,5,1,4,25,1,3,33,0,0,0,2,0,2,0,0,0,0,0,0,0,2,1,-12,1,2017-2018,Regular Season,15,06/01/2018,unicaja - monbus obradoiro,96 - 76,Obradoiro,127,http://www.acb.com/fichas/LACB62127.php,53A
0,0,Equipo,0,0,0,0,0,0,0,0,0,0,0,2,1,1,0,0,0,0,0,0,0,0,0,0,2,2017-2018,Regular Season,15,06/01/2018,unicaja - monbus obradoiro,96 - 76,0,127,http://www.acb.com/fichas/LACB62127.php,
4,0,"Oliver, Albert",23:28,11,4,5,80,1,5,20,0,0,0,4,1,3,9,0,0,1,0,1,0,1,2,10,19,2017-2018,Regular Season,15,07/01/2018,herbalife gran canaria - retabet bilbao basket,90 - 85,Gran_Canaria,128,http://www.acb.com/fichas/LACB62128.php,A56
8,1,"Eriksson, Marcus",21:12,14,1,1,100,4,8,50,0,0,0,4,4,0,2,0,2,0,1,0,0,0,0,1,15,2017-2018,Regular Season,15,07/01/2018,herbalife gran canaria - retabet bilbao basket,90 - 85,Gran_Canaria,128,http://www.acb.com/fichas/LACB62128.php,118
9,1,"Mekel, Gal",9:51,7,2,3,67,1,1,100,0,0,0,0,0,0,1,0,2,0,0,1,0,1,2,-12,5,2017-2018,Regular Season,15,07/01/2018,herbalife gran canaria - retabet bilbao basket,90 - 85,Gran_Canaria,128,http://www.acb.com/fichas/LACB62128.php,53K
0,0,"Brussino, Nico",0,0,0,0,0,0,0,0,0,0,0,0,0,0,0,0,0,0,0,0,0,0,0,0,0,2017-2018,Regular Season,15,07/01/2018,herbalife gran canaria - retabet bilbao basket,90 - 85,Gran_Canaria,128,http://www.acb.com/fichas/LACB62128.php,0
11,0,"Seeley, DJ",21:4,17,3,5,60,1,2,50,8,8,100,1,1,0,2,0,1,0,0,0,0,1,4,4,19,2017-2018,Regular Season,15,07/01/2018,herbalife gran canaria - retabet bilbao basket,90 - 85,Gran_Canaria,128,http://www.acb.com/fichas/LACB62128.php,2IW
12,0,"Balvin, Ondrej",15:10,7,2,2,100,0,0,0,3,5,60,3,3,0,0,0,2,0,2,0,2,4,3,-4,7,2017-2018,Regular Season,15,07/01/2018,herbalife gran canaria - retabet bilbao basket,90 - 85,Gran_Canaria,128,http://www.acb.com/fichas/LACB62128.php,BLE
13,1,"Baez, Eulis",25:5,12,1,3,33,3,7,43,1,2,50,4,3,1,1,1,1,0,0,0,0,2,3,7,11,2017-2018,Regular Season,15,07/01/2018,herbalife gran canaria - retabet bilbao basket,90 - 85,Gran_Canaria,128,http://www.acb.com/fichas/LACB62128.php,BIH
14,1,"Pasecniks, Anzejs",19:34,12,3,6,50,0,0,0,6,9,67,6,3,3,0,0,1,0,0,0,0,4,6,5,13,2017-2018,Regular Season,15,07/01/2018,herbalife gran canaria - retabet bilbao basket,90 - 85,Gran_Canaria,128,http://www.acb.com/fichas/LACB62128.php,FQH
21,0,"Pauli, Oriol",21:46,4,2,3,67,0,1,0,0,0,0,6,5,1,3,0,1,0,0,0,0,1,1,7,10,2017-2018,Regular Season,15,07/01/2018,herbalife gran canaria - retabet bilbao basket,90 - 85,Gran_Canaria,128,http://www.acb.com/fichas/LACB62128.php,SCE
22,1,"Rabaseda, Xavi",22:39,4,1,1,100,0,1,0,2,2,100,2,2,0,2,2,2,0,0,0,0,2,2,5,7,2017-2018,Regular Season,15,07/01/2018,herbalife gran canaria - retabet bilbao basket,90 - 85,Gran_Canaria,128,http://www.acb.com/fichas/LACB62128.php,Y1F
34,0,"Aguilar, Pablo",14:55,2,1,1,100,0,1,0,0,0,0,1,1,0,0,0,1,0,0,0,0,1,0,-2,0,2017-2018,Regular Season,15,07/01/2018,herbalife gran canaria - retabet bilbao basket,90 - 85,Gran_Canaria,128,http://www.acb.com/fichas/LACB62128.php,Y49
40,0,"Fischer, Luke",5:16,0,0,0,0,0,0,0,0,0,0,0,0,0,0,0,0,0,0,0,0,1,0,4,-1,2017-2018,Regular Season,15,07/01/2018,herbalife gran canaria - retabet bilbao basket,90 - 85,Gran_Canaria,128,http://www.acb.com/fichas/LACB62128.php,53I
0,0,Equipo,0,0,0,0,0,0,0,0,0,0,0,4,1,3,0,0,0,0,0,0,0,0,0,0,4,2017-2018,Regular Season,15,07/01/2018,herbalife gran canaria - retabet bilbao basket,90 - 85,0,128,http://www.acb.com/fichas/LACB62128.php,
2,1,"Thomas, Devin",25:39,19,6,8,75,0,0,0,7,8,88,5,4,1,2,3,0,0,2,1,0,5,7,-6,29,2017-2018,Regular Season,15,07/01/2018,herbalife gran canaria - retabet bilbao basket,90 - 85,Bilbao,128,http://www.acb.com/fichas/LACB62128.php,56E
0,0,"Fischer, Ricardo",0,0,0,0,0,0,0,0,0,0,0,0,0,0,0,0,0,0,0,0,0,0,0,0,0,2017-2018,Regular Season,15,07/01/2018,herbalife gran canaria - retabet bilbao basket,90 - 85,Bilbao,128,http://www.acb.com/fichas/LACB62128.php,0
9,1,"Tabu, Jonathan",18:16,8,3,4,75,0,3,0,2,3,67,2,2,0,3,2,2,0,0,1,0,4,3,10,6,2017-2018,Regular Season,15,07/01/2018,herbalife gran canaria - retabet bilbao basket,90 - 85,Bilbao,128,http://www.acb.com/fichas/LACB62128.php,H09
11,1,"Hammink, Shane",12:48,7,3,4,75,0,0,0,1,2,50,0,0,0,0,0,2,0,0,0,0,3,1,6,1,2017-2018,Regular Season,15,07/01/2018,herbalife gran canaria - retabet bilbao basket,90 - 85,Bilbao,128,http://www.acb.com/fichas/LACB62128.php,53H
12,0,"Redivo, Lucio",21:12,16,2,3,67,4,7,57,0,0,0,0,0,0,1,1,0,1,0,1,0,1,1,1,13,2017-2018,Regular Season,15,07/01/2018,herbalife gran canaria - retabet bilbao basket,90 - 85,Bilbao,128,http://www.acb.com/fichas/LACB62128.php,538
14,0,"Salgado, Javier",21:44,2,0,2,0,0,2,0,2,2,100,1,1,0,4,2,1,0,0,0,0,1,2,-15,5,2017-2018,Regular Season,15,07/01/2018,herbalife gran canaria - retabet bilbao basket,90 - 85,Bilbao,128,http://www.acb.com/fichas/LACB62128.php,B1R
15,1,"Mumbru, Alex",24:58,10,3,6,50,1,3,33,1,2,50,4,4,0,1,0,1,0,0,0,0,3,3,-9,8,2017-2018,Regular Season,15,07/01/2018,herbalife gran canaria - retabet bilbao basket,90 - 85,Bilbao,128,http://www.acb.com/fichas/LACB62128.php,A46
17,0,"Hervelle, Axel",15:42,3,0,1,0,1,1,100,0,0,0,1,1,0,0,1,0,0,0,0,0,2,0,2,2,2017-2018,Regular Season,15,07/01/2018,herbalife gran canaria - retabet bilbao basket,90 - 85,Bilbao,128,http://www.acb.com/fichas/LACB62128.php,B6Q
19,0,"Tomas, Pere",15:34,2,1,1,100,0,0,0,0,0,0,0,0,0,1,0,0,0,0,0,0,2,0,-12,1,2017-2018,Regular Season,15,07/01/2018,herbalife gran canaria - retabet bilbao basket,90 - 85,Bilbao,128,http://www.acb.com/fichas/LACB62128.php,Y3V
20,1,"Todorovic, Dejan",30:26,14,3,4,75,2,4,50,2,2,100,3,3,0,1,0,1,0,0,0,1,1,1,-5,14,2017-2018,Regular Season,15,07/01/2018,herbalife gran canaria - retabet bilbao basket,90 - 85,Bilbao,128,http://www.acb.com/fichas/LACB62128.php,10D
0,0,"Vucetic, Vasilije",0,0,0,0,0,0,0,0,0,0,0,0,0,0,0,0,0,0,0,0,0,0,0,0,0,2017-2018,Regular Season,15,07/01/2018,herbalife gran canaria - retabet bilbao basket,90 - 85,Bilbao,128,http://www.acb.com/fichas/LACB62128.php,0
32,0,"Gladness, Mickell",13:41,4,2,3,67,0,0,0,0,0,0,3,2,1,0,1,1,0,0,0,1,1,0,3,5,2017-2018,Regular Season,15,07/01/2018,herbalife gran canaria - retabet bilbao basket,90 - 85,Bilbao,128,http://www.acb.com/fichas/LACB62128.php,55D
0,0,Equipo,0,0,0,0,0,0,0,0,0,0,0,1,0,1,0,0,0,0,0,0,0,0,0,0,1,2017-2018,Regular Season,15,07/01/2018,herbalife gran canaria - retabet bilbao basket,90 - 85,0,128,http://www.acb.com/fichas/LACB62128.php,
3,1,"Fernandez, Jaime",26:38,16,4,8,50,1,2,50,5,6,83,1,1,0,6,0,2,0,0,1,0,2,6,0,18,2017-2018,Regular Season,15,06/01/2018,morabanc andorra - san pablo burgos,91 - 99,Andorra,129,http://www.acb.com/fichas/LACB62129.php,117
11,1,"Blazic, Jaka",25:28,8,2,4,50,0,6,0,4,4,100,1,0,1,0,0,2,0,0,1,0,4,4,5,-2,2017-2018,Regular Season,15,06/01/2018,morabanc andorra - san pablo burgos,91 - 99,Andorra,129,http://www.acb.com/fichas/LACB62129.php,FQF
12,1,"Jankovic, Vladimir",22:58,14,1,3,33,3,6,50,3,4,75,4,2,2,1,4,1,1,1,0,0,5,3,4,15,2017-2018,Regular Season,15,06/01/2018,morabanc andorra - san pablo burgos,91 - 99,Andorra,129,http://www.acb.com/fichas/LACB62129.php,50M
14,1,"Stevic, Oliver",27:42,12,4,7,57,0,0,0,4,6,67,10,6,4,3,2,0,0,0,1,0,3,4,13,22,2017-2018,Regular Season,15,06/01/2018,morabanc andorra - san pablo burgos,91 - 99,Andorra,129,http://www.acb.com/fichas/LACB62129.php,170
16,0,"Albicy, Andrew",17:39,8,0,1,0,2,5,40,2,2,100,1,1,0,2,1,3,0,0,0,0,1,2,-9,6,2017-2018,Regular Season,15,06/01/2018,morabanc andorra - san pablo burgos,91 - 99,Andorra,129,http://www.acb.com/fichas/LACB62129.php,502
22,0,"Shurna, John",13:45,3,1,1,100,0,3,0,1,1,100,4,2,2,0,0,0,0,0,0,0,1,2,-10,5,2017-2018,Regular Season,15,06/01/2018,morabanc andorra - san pablo burgos,91 - 99,Andorra,129,http://www.acb.com/fichas/LACB62129.php,H36
23,1,"Walker, David",30:49,15,3,6,50,3,6,50,0,1,0,4,1,3,4,1,1,1,1,0,1,0,1,-11,18,2017-2018,Regular Season,15,06/01/2018,morabanc andorra - san pablo burgos,91 - 99,Andorra,129,http://www.acb.com/fichas/LACB62129.php,513
24,0,"Colom, Guillem",2:10,0,0,1,0,0,0,0,0,0,0,0,0,0,0,0,0,0,0,0,0,0,0,-2,-1,2017-2018,Regular Season,15,06/01/2018,morabanc andorra - san pablo burgos,91 - 99,Andorra,129,http://www.acb.com/fichas/LACB62129.php,2A5
25,0,"Jelinek, David",20:33,13,1,3,33,3,6,50,2,3,67,3,2,1,0,0,1,0,0,0,0,2,3,-9,10,2017-2018,Regular Season,15,06/01/2018,morabanc andorra - san pablo burgos,91 - 99,Andorra,129,http://www.acb.com/fichas/LACB62129.php,Y8C
0,0,"Gacic, Sandro",0,0,0,0,0,0,0,0,0,0,0,0,0,0,0,0,0,0,0,0,0,0,0,0,0,2017-2018,Regular Season,15,06/01/2018,morabanc andorra - san pablo burgos,91 - 99,Andorra,129,http://www.acb.com/fichas/LACB62129.php,0
32,0,"Sane, Landing",12:18,2,1,1,100,0,0,0,0,2,0,4,3,1,0,0,2,0,1,0,0,3,2,-21,2,2017-2018,Regular Season,15,06/01/2018,morabanc andorra - san pablo burgos,91 - 99,Andorra,129,http://www.acb.com/fichas/LACB62129.php,56I
0,0,"Tvalabeishvili, G.",0,0,0,0,0,0,0,0,0,0,0,0,0,0,0,0,0,0,0,0,0,0,0,0,0,2017-2018,Regular Season,15,06/01/2018,morabanc andorra - san pablo burgos,91 - 99,Andorra,129,http://www.acb.com/fichas/LACB62129.php,0
0,0,Equipo,0,0,0,0,0,0,0,0,0,0,0,1,0,1,0,0,1,0,0,0,0,1,0,0,-1,2017-2018,Regular Season,15,06/01/2018,morabanc andorra - san pablo burgos,91 - 99,0,129,http://www.acb.com/fichas/LACB62129.php,
0,1,"Fisher, Corey",17:5,15,2,3,67,3,5,60,2,2,100,1,0,1,1,0,2,0,0,1,0,4,2,7,9,2017-2018,Regular Season,15,06/01/2018,morabanc andorra - san pablo burgos,91 - 99,Burgos,129,http://www.acb.com/fichas/LACB62129.php,244
5,0,"Schreiner, Thomas",23:22,7,1,2,50,1,4,25,2,2,100,4,4,0,4,1,3,0,0,0,0,3,2,1,8,2017-2018,Regular Season,15,06/01/2018,morabanc andorra - san pablo burgos,91 - 99,Burgos,129,http://www.acb.com/fichas/LACB62129.php,2A3
9,0,"Barrera, Alex",14:57,6,0,1,0,2,2,100,0,0,0,2,2,0,0,1,2,0,0,0,0,2,1,11,5,2017-2018,Regular Season,15,06/01/2018,morabanc andorra - san pablo burgos,91 - 99,Burgos,129,http://www.acb.com/fichas/LACB62129.php,717
10,0,"Vega, Javier",15:25,0,0,1,0,0,2,0,0,0,0,4,2,2,1,1,0,0,0,0,0,2,0,13,1,2017-2018,Regular Season,15,06/01/2018,morabanc andorra - san pablo burgos,91 - 99,Burgos,129,http://www.acb.com/fichas/LACB62129.php,BA6
11,0,"Saiz, Sebas",19:2,12,5,7,71,0,0,0,2,3,67,5,3,2,1,0,0,0,1,0,2,5,2,1,13,2017-2018,Regular Season,15,06/01/2018,morabanc andorra - san pablo burgos,91 - 99,Burgos,129,http://www.acb.com/fichas/LACB62129.php,SDS
12,1,"Jenkins, John",25:42,19,8,10,80,0,2,0,3,3,100,3,3,0,1,0,1,0,0,1,0,1,2,-5,18,2017-2018,Regular Season,15,06/01/2018,morabanc andorra - san pablo burgos,91 - 99,Burgos,129,http://www.acb.com/fichas/LACB62129.php,56D
13,0,"Gailius, Deividas",14:58,8,4,7,57,0,4,0,0,0,0,7,4,3,1,1,1,0,0,1,0,1,1,7,8,2017-2018,Regular Season,15,06/01/2018,morabanc andorra - san pablo burgos,91 - 99,Burgos,129,http://www.acb.com/fichas/LACB62129.php,549
0,0,"Martinez, Edu",0,0,0,0,0,0,0,0,0,0,0,0,0,0,0,0,0,0,0,0,0,0,0,0,0,2017-2018,Regular Season,15,06/01/2018,morabanc andorra - san pablo burgos,91 - 99,Burgos,129,http://www.acb.com/fichas/LACB62129.php,0
21,1,"Thompson, Deon",24:35,14,6,9,67,0,0,0,2,4,50,5,2,3,1,0,2,0,1,0,1,4,4,-5,14,2017-2018,Regular Season,15,06/01/2018,morabanc andorra - san pablo burgos,91 - 99,Burgos,129,http://www.acb.com/fichas/LACB62129.php,54C
23,1,"Huskic, Goran",20:58,13,5,6,83,0,0,0,3,3,100,1,1,0,5,1,2,0,1,0,0,3,2,7,17,2017-2018,Regular Season,15,06/01/2018,morabanc andorra - san pablo burgos,91 - 99,Burgos,129,http://www.acb.com/fichas/LACB62129.php,H05
25,1,"Lopez, Alex",23:56,5,1,2,50,1,2,50,0,0,0,5,4,1,2,0,2,0,0,0,0,4,3,3,7,2017-2018,Regular Season,15,06/01/2018,morabanc andorra - san pablo burgos,91 - 99,Burgos,129,http://www.acb.com/fichas/LACB62129.php,YBF
0,0,Equipo,0,0,0,0,0,0,0,0,0,0,0,3,1,2,0,0,0,0,0,0,0,0,0,0,3,2017-2018,Regular Season,15,06/01/2018,morabanc andorra - san pablo burgos,91 - 99,0,129,http://www.acb.com/fichas/LACB62129.php,
6,1,"Timma, Janis",17:46,2,1,2,50,0,3,0,0,0,0,3,2,1,0,0,0,0,0,0,0,4,0,0,-3,2017-2018,Regular Season,15,07/01/2018,baskonia - valencia basket club,78 - 74,Baskonia,130,http://www.acb.com/fichas/LACB62130.php,536
7,0,"Voigtmann, J.",15:26,4,1,4,25,0,0,0,2,2,100,5,2,3,3,0,0,0,0,0,0,1,2,-1,10,2017-2018,Regular Season,15,07/01/2018,baskonia - valencia basket club,78 - 74,Baskonia,130,http://www.acb.com/fichas/LACB62130.php,500
9,0,"Huertas, M.",15:25,3,1,2,50,0,2,0,1,1,100,0,0,0,1,1,1,0,0,0,0,0,3,1,4,2017-2018,Regular Season,15,07/01/2018,baskonia - valencia basket club,78 - 74,Baskonia,130,http://www.acb.com/fichas/LACB62130.php,B72
10,1,"Beaubois, Rodrigue",24:28,11,2,5,40,2,5,40,1,2,50,4,4,0,3,2,2,0,2,0,0,3,3,4,13,2017-2018,Regular Season,15,07/01/2018,baskonia - valencia basket club,78 - 74,Baskonia,130,http://www.acb.com/fichas/LACB62130.php,50C
11,0,"Janning, Matt",24:41,10,2,4,50,2,5,40,0,0,0,1,1,0,2,0,1,1,0,1,0,1,2,6,7,2017-2018,Regular Season,15,07/01/2018,baskonia - valencia basket club,78 - 74,Baskonia,130,http://www.acb.com/fichas/LACB62130.php,55A
0,0,"Diop, Ilimane",0,0,0,0,0,0,0,0,0,0,0,0,0,0,0,0,0,0,0,0,0,0,0,0,0,2017-2018,Regular Season,15,07/01/2018,baskonia - valencia basket club,78 - 74,Baskonia,130,http://www.acb.com/fichas/LACB62130.php,0
15,1,"Granger, Jayson",31:5,20,6,8,75,2,5,40,2,3,67,3,3,0,4,2,2,0,0,0,0,2,6,3,25,2017-2018,Regular Season,15,07/01/2018,baskonia - valencia basket club,78 - 74,Baskonia,130,http://www.acb.com/fichas/LACB62130.php,Y6K
17,1,"Poirier, Vincent",24:34,12,6,6,100,0,0,0,0,0,0,10,5,5,0,0,0,0,0,0,4,2,0,5,20,2017-2018,Regular Season,15,07/01/2018,baskonia - valencia basket club,78 - 74,Baskonia,130,http://www.acb.com/fichas/LACB62130.php,539
0,0,"Martinez, Ivan",0,0,0,0,0,0,0,0,0,0,0,0,0,0,0,0,0,0,0,0,0,0,0,0,0,2017-2018,Regular Season,15,07/01/2018,baskonia - valencia basket club,78 - 74,Baskonia,130,http://www.acb.com/fichas/LACB62130.php,0
21,0,"Jones, Kevin",17:24,3,0,2,0,1,2,50,0,0,0,5,4,1,1,0,1,0,0,0,0,2,0,3,3,2017-2018,Regular Season,15,07/01/2018,baskonia - valencia basket club,78 - 74,Baskonia,130,http://www.acb.com/fichas/LACB62130.php,56F
23,1,"Shengelia, T.",22:36,9,3,9,33,1,2,50,0,0,0,1,0,1,4,0,0,0,0,1,1,3,3,1,6,2017-2018,Regular Season,15,07/01/2018,baskonia - valencia basket club,78 - 74,Baskonia,130,http://www.acb.com/fichas/LACB62130.php,105
29,0,"Garino, Patricio",6:35,4,1,1,100,0,2,0,2,2,100,0,0,0,0,0,0,0,0,0,0,1,1,-2,2,2017-2018,Regular Season,15,07/01/2018,baskonia - valencia basket club,78 - 74,Baskonia,130,http://www.acb.com/fichas/LACB62130.php,54M
0,0,Equipo,0,0,0,0,0,0,0,0,0,0,0,3,2,1,0,0,0,0,0,0,0,0,0,0,3,2017-2018,Regular Season,15,07/01/2018,baskonia - valencia basket club,78 - 74,0,130,http://www.acb.com/fichas/LACB62130.php,
0,1,"Thomas, Will",26:53,15,2,2,100,3,5,60,2,2,100,2,2,0,0,0,0,0,1,1,0,1,2,0,16,2017-2018,Regular Season,15,07/01/2018,baskonia - valencia basket club,78 - 74,Valencia,130,http://www.acb.com/fichas/LACB62130.php,1L5
0,0,"Puerto, Josep",0,0,0,0,0,0,0,0,0,0,0,0,0,0,0,0,0,0,0,0,0,0,0,0,0,2017-2018,Regular Season,15,07/01/2018,baskonia - valencia basket club,78 - 74,Valencia,130,http://www.acb.com/fichas/LACB62130.php,0
0,0,"Garcia, Sergi",0,0,0,0,0,0,0,0,0,0,0,0,0,0,0,0,0,0,0,0,0,0,0,0,0,2017-2018,Regular Season,15,07/01/2018,baskonia - valencia basket club,78 - 74,Valencia,130,http://www.acb.com/fichas/LACB62130.php,0
6,0,"Abalde, Alberto",21:59,5,1,2,50,1,3,33,0,0,0,2,2,0,1,1,1,0,0,0,0,2,1,-4,4,2017-2018,Regular Season,15,07/01/2018,baskonia - valencia basket club,78 - 74,Valencia,130,http://www.acb.com/fichas/LACB62130.php,8C4
9,1,"Van Rossom, Sam",30:55,13,1,2,50,3,6,50,2,2,100,6,5,1,7,0,3,0,0,0,0,3,3,-7,19,2017-2018,Regular Season,15,07/01/2018,baskonia - valencia basket club,78 - 74,Valencia,130,http://www.acb.com/fichas/LACB62130.php,BK4
10,0,"Rudez, Damjan",13:14,3,0,0,0,1,6,17,0,0,0,1,1,0,1,0,0,0,0,0,0,2,0,-7,-2,2017-2018,Regular Season,15,07/01/2018,baskonia - valencia basket club,78 - 74,Valencia,130,http://www.acb.com/fichas/LACB62130.php,249
14,1,"Dubljevic, Bojan",22:15,5,1,5,20,1,5,20,0,0,0,6,4,2,2,1,1,0,0,1,0,1,1,5,4,2017-2018,Regular Season,15,07/01/2018,baskonia - valencia basket club,78 - 74,Valencia,130,http://www.acb.com/fichas/LACB62130.php,217
17,1,"Martinez, Rafa",24:46,13,1,1,100,2,5,40,5,5,100,2,2,0,2,0,0,0,0,0,0,3,2,-1,13,2017-2018,Regular Season,15,07/01/2018,baskonia - valencia basket club,78 - 74,Valencia,130,http://www.acb.com/fichas/LACB62130.php,A3W
21,0,"Pleiss, Tibor",17:38,12,5,9,56,0,0,0,2,3,67,7,5,2,1,0,2,0,1,0,0,2,4,-6,16,2017-2018,Regular Season,15,07/01/2018,baskonia - valencia basket club,78 - 74,Valencia,130,http://www.acb.com/fichas/LACB62130.php,219
32,0,"Green, Erick",11:21,4,1,3,33,0,2,0,2,3,67,2,1,1,0,0,2,0,0,0,0,2,1,9,-2,2017-2018,Regular Season,15,07/01/2018,baskonia - valencia basket club,78 - 74,Valencia,130,http://www.acb.com/fichas/LACB62130.php,53P
42,1,"Doornekamp, A.",30:59,4,0,1,0,1,5,20,1,3,33,5,3,2,0,0,2,1,0,0,0,4,4,-9,0,2017-2018,Regular Season,15,07/01/2018,baskonia - valencia basket club,78 - 74,Valencia,130,http://www.acb.com/fichas/LACB62130.php,501
0,0,"Hlinason, T.",0,0,0,0,0,0,0,0,0,0,0,0,0,0,0,0,0,0,0,0,0,0,0,0,0,2017-2018,Regular Season,15,07/01/2018,baskonia - valencia basket club,78 - 74,Valencia,130,http://www.acb.com/fichas/LACB62130.php,0
0,0,Equipo,0,0,0,0,0,0,0,0,0,0,0,3,0,3,0,0,0,0,0,0,0,0,0,0,3,2017-2018,Regular Season,15,07/01/2018,baskonia - valencia basket club,78 - 74,0,130,http://www.acb.com/fichas/LACB62130.php,
0,0,"Dimitrijevic, N.",15:20,4,1,2,50,0,2,0,2,2,100,3,3,0,2,1,0,1,0,0,0,4,2,-11,5,2017-2018,Regular Season,15,07/01/2018,divina seguros joventut - real madrid,66 - 84,Joventut,131,http://www.acb.com/fichas/LACB62131.php,2CP
2,0,"Birgander, Simon",12:42,0,0,1,0,0,0,0,0,0,0,2,2,0,1,0,0,0,0,0,0,5,0,-15,-3,2017-2018,Regular Season,15,07/01/2018,divina seguros joventut - real madrid,66 - 84,Joventut,131,http://www.acb.com/fichas/LACB62131.php,53J
0,0,"Busquets, Pep",0,0,0,0,0,0,0,0,0,0,0,0,0,0,0,0,0,0,0,0,0,0,0,0,0,2017-2018,Regular Season,15,07/01/2018,divina seguros joventut - real madrid,66 - 84,Joventut,131,http://www.acb.com/fichas/LACB62131.php,0
6,1,"Lopez-Arostegui, X",7:12,0,0,1,0,0,2,0,0,0,0,1,1,0,0,0,2,0,0,0,0,2,0,-4,-6,2017-2018,Regular Season,15,07/01/2018,divina seguros joventut - real madrid,66 - 84,Joventut,131,http://www.acb.com/fichas/LACB62131.php,1BA
9,1,"Vidal, Sergi",25:8,5,2,3,67,0,2,0,1,2,50,2,2,0,3,1,6,0,0,0,0,3,3,-14,1,2017-2018,Regular Season,15,07/01/2018,divina seguros joventut - real madrid,66 - 84,Joventut,131,http://www.acb.com/fichas/LACB62131.php,A4B
12,1,"Kulvietis, Saulius",27:19,7,2,6,33,1,3,33,0,0,0,5,3,2,1,0,1,0,0,0,0,1,0,-14,5,2017-2018,Regular Season,15,07/01/2018,divina seguros joventut - real madrid,66 - 84,Joventut,131,http://www.acb.com/fichas/LACB62131.php,53V
0,0,"Nogues, Jose I.",0,0,0,0,0,0,0,0,0,0,0,0,0,0,0,0,0,0,0,0,0,0,0,0,0,2017-2018,Regular Season,15,07/01/2018,divina seguros joventut - real madrid,66 - 84,Joventut,131,http://www.acb.com/fichas/LACB62131.php,0
14,0,"Ventura, Albert",24:13,5,1,4,25,1,1,100,0,0,0,1,0,1,0,3,1,1,0,0,0,1,3,-5,7,2017-2018,Regular Season,15,07/01/2018,divina seguros joventut - real madrid,66 - 84,Joventut,131,http://www.acb.com/fichas/LACB62131.php,718
18,1,"Wayns, Maalik",24:19,22,4,6,67,4,7,57,2,2,100,2,2,0,1,2,0,4,0,0,0,0,3,-7,25,2017-2018,Regular Season,15,07/01/2018,divina seguros joventut - real madrid,66 - 84,Joventut,131,http://www.acb.com/fichas/LACB62131.php,56B
21,0,"Gielo, Tomasz",13:2,4,2,2,100,0,0,0,0,0,0,2,2,0,2,0,0,0,0,0,0,2,1,-4,7,2017-2018,Regular Season,15,07/01/2018,divina seguros joventut - real madrid,66 - 84,Joventut,131,http://www.acb.com/fichas/LACB62131.php,50Q
35,0,"Richard, Patrick",23:48,6,2,6,33,0,3,0,2,2,100,4,3,1,2,1,1,0,0,1,0,0,1,-13,5,2017-2018,Regular Season,15,07/01/2018,divina seguros joventut - real madrid,66 - 84,Joventut,131,http://www.acb.com/fichas/LACB62131.php,53U
44,1,"Jordan, Jerome",26:57,13,6,9,67,0,1,0,1,2,50,6,5,1,0,3,2,0,1,2,2,3,5,-3,16,2017-2018,Regular Season,15,07/01/2018,divina seguros joventut - real madrid,66 - 84,Joventut,131,http://www.acb.com/fichas/LACB62131.php,D10
0,0,Equipo,0,0,0,0,0,0,0,0,0,0,0,0,0,0,0,0,0,0,0,0,0,0,0,0,0,2017-2018,Regular Season,15,07/01/2018,divina seguros joventut - real madrid,66 - 84,0,131,http://www.acb.com/fichas/LACB62131.php,
1,1,"Causeur, Fabien",16:34,10,3,3,100,1,3,33,1,1,100,0,0,0,3,0,0,1,0,0,0,1,3,19,13,2017-2018,Regular Season,15,07/01/2018,divina seguros joventut - real madrid,66 - 84,Real_Madrid,131,http://www.acb.com/fichas/LACB62131.php,218
2,0,"Randle, Chasson",18:44,6,0,2,0,2,4,50,0,0,0,0,0,0,0,1,6,1,0,0,0,2,1,-14,-4,2017-2018,Regular Season,15,07/01/2018,divina seguros joventut - real madrid,66 - 84,Real_Madrid,131,http://www.acb.com/fichas/LACB62131.php,566
5,0,"Fernandez, Rudy",14:39,6,0,0,0,2,4,50,0,0,0,3,2,1,1,0,0,0,0,0,0,2,0,-8,6,2017-2018,Regular Season,15,07/01/2018,divina seguros joventut - real madrid,66 - 84,Real_Madrid,131,http://www.acb.com/fichas/LACB62131.php,B0X
6,0,"Radoncic, Dino",12:32,2,1,1,100,0,1,0,0,2,0,5,3,2,0,0,0,0,0,0,0,1,1,-1,4,2017-2018,Regular Season,15,07/01/2018,divina seguros joventut - real madrid,66 - 84,Real_Madrid,131,http://www.acb.com/fichas/LACB62131.php,FQI
7,0,"Doncic, Luka",13:6,7,3,3,100,0,1,0,1,3,33,3,2,1,4,1,3,0,0,0,0,1,4,9,12,2017-2018,Regular Season,15,07/01/2018,divina seguros joventut - real madrid,66 - 84,Real_Madrid,131,http://www.acb.com/fichas/LACB62131.php,460
8,0,"Maciulis, Jonas",6:24,0,0,0,0,0,0,0,0,0,0,1,1,0,0,0,1,0,0,0,0,0,0,-5,0,2017-2018,Regular Season,15,07/01/2018,divina seguros joventut - real madrid,66 - 84,Real_Madrid,131,http://www.acb.com/fichas/LACB62131.php,1L9
9,0,"Reyes, Felipe",9:17,8,4,5,80,0,0,0,0,0,0,1,0,1,1,0,0,0,0,0,1,1,1,-7,9,2017-2018,Regular Season,15,07/01/2018,divina seguros joventut - real madrid,66 - 84,Real_Madrid,131,http://www.acb.com/fichas/LACB62131.php,A1M
11,1,"Campazzo, Facu",19:31,8,1,1,100,2,2,100,0,0,0,2,2,0,5,1,1,0,0,0,0,2,1,30,14,2017-2018,Regular Season,15,07/01/2018,divina seguros joventut - real madrid,66 - 84,Real_Madrid,131,http://www.acb.com/fichas/LACB62131.php,1LU
16,1,"Yusta, Santiago",27:26,18,2,3,67,4,6,67,2,2,100,4,1,3,0,1,0,2,0,0,1,2,3,25,21,2017-2018,Regular Season,15,07/01/2018,divina seguros joventut - real madrid,66 - 84,Real_Madrid,131,http://www.acb.com/fichas/LACB62131.php,1E4
22,1,"Tavares, W.",24:24,8,4,6,67,0,0,0,0,4,0,4,4,0,0,0,2,0,2,0,4,2,7,29,11,2017-2018,Regular Season,15,07/01/2018,divina seguros joventut - real madrid,66 - 84,Real_Madrid,131,http://www.acb.com/fichas/LACB62131.php,T2Z
33,1,"Thompkins, Trey",27:23,11,4,7,57,1,5,20,0,0,0,9,9,0,0,1,3,0,1,1,0,3,0,20,8,2017-2018,Regular Season,15,07/01/2018,divina seguros joventut - real madrid,66 - 84,Real_Madrid,131,http://www.acb.com/fichas/LACB62131.php,FQ1
44,0,"Taylor, Jeffery",10:0,0,0,1,0,0,3,0,0,0,0,1,1,0,1,0,0,0,0,0,0,1,0,-7,-3,2017-2018,Regular Season,15,07/01/2018,divina seguros joventut - real madrid,66 - 84,Real_Madrid,131,http://www.acb.com/fichas/LACB62131.php,FQ3
0,0,Equipo,0,0,0,0,0,0,0,0,0,0,0,6,6,0,0,0,0,0,0,0,0,0,0,0,6,2017-2018,Regular Season,15,07/01/2018,divina seguros joventut - real madrid,66 - 84,0,131,http://www.acb.com/fichas/LACB62131.php,
1,1,"Anosike, Oderah",26:39,22,9,13,69,0,0,0,4,5,80,6,5,1,0,1,0,1,0,0,1,2,6,-2,28,2017-2018,Regular Season,15,07/01/2018,real betis energia plus - fc barcelona lassa,82 - 89,Sevilla,132,http://www.acb.com/fichas/LACB62132.php,FPY
4,1,"Draper, Dontaye",27:25,3,0,1,0,1,4,25,0,0,0,5,4,1,2,2,0,0,0,0,0,3,4,6,9,2017-2018,Regular Season,15,07/01/2018,real betis energia plus - fc barcelona lassa,82 - 89,Sevilla,132,http://www.acb.com/fichas/LACB62132.php,243
5,0,"Sanchez, A.",5:14,0,0,0,0,0,0,0,0,0,0,0,0,0,0,0,0,0,0,0,0,2,0,7,-2,2017-2018,Regular Season,15,07/01/2018,real betis energia plus - fc barcelona lassa,82 - 89,Sevilla,132,http://www.acb.com/fichas/LACB62132.php,B44
6,1,"Nelson, Luke",30:49,15,1,4,25,4,9,44,1,2,50,4,4,0,7,0,3,1,0,0,0,2,1,9,13,2017-2018,Regular Season,15,07/01/2018,real betis energia plus - fc barcelona lassa,82 - 89,Sevilla,132,http://www.acb.com/fichas/LACB62132.php,547
8,0,"Cruz, Ivan",8:55,1,0,1,0,0,1,0,1,2,50,2,0,2,0,0,2,0,0,0,0,2,1,-10,-3,2017-2018,Regular Season,15,07/01/2018,real betis energia plus - fc barcelona lassa,82 - 89,Sevilla,132,http://www.acb.com/fichas/LACB62132.php,BLL
11,0,"Uriz, Mikel",12:35,0,0,1,0,0,0,0,0,0,0,2,1,1,0,0,1,0,0,0,0,1,1,-13,0,2017-2018,Regular Season,15,07/01/2018,real betis energia plus - fc barcelona lassa,82 - 89,Sevilla,132,http://www.acb.com/fichas/LACB62132.php,742
15,1,"Schilb, Blake",33:10,14,2,4,50,3,5,60,1,1,100,2,2,0,8,1,0,0,0,0,0,3,0,-1,18,2017-2018,Regular Season,15,07/01/2018,real betis energia plus - fc barcelona lassa,82 - 89,Sevilla,132,http://www.acb.com/fichas/LACB62132.php,565
0,0,"Pluta, Andrzej",0,0,0,0,0,0,0,0,0,0,0,0,0,0,0,0,0,0,0,0,0,0,0,0,0,2017-2018,Regular Season,15,07/01/2018,real betis energia plus - fc barcelona lassa,82 - 89,Sevilla,132,http://www.acb.com/fichas/LACB62132.php,0
25,0,"Zagorac, Rade",5:33,3,0,1,0,1,1,100,0,0,0,0,0,0,0,0,0,0,0,0,0,0,1,-6,3,2017-2018,Regular Season,15,07/01/2018,real betis energia plus - fc barcelona lassa,82 - 89,Sevilla,132,http://www.acb.com/fichas/LACB62132.php,56G
30,0,"Franch, Josep",16:44,7,2,7,29,1,2,50,0,0,0,1,1,0,3,0,0,0,0,0,0,1,0,-15,4,2017-2018,Regular Season,15,07/01/2018,real betis energia plus - fc barcelona lassa,82 - 89,Sevilla,132,http://www.acb.com/fichas/LACB62132.php,Y79
32,0,"Golubovic, V.",5:10,1,0,0,0,0,0,0,1,2,50,1,1,0,2,0,1,0,0,0,0,0,1,-10,3,2017-2018,Regular Season,15,07/01/2018,real betis energia plus - fc barcelona lassa,82 - 89,Sevilla,132,http://www.acb.com/fichas/LACB62132.php,004
34,1,"Kelly, Ryan",27:46,16,3,8,38,2,4,50,4,4,100,4,2,2,0,1,2,1,0,0,2,1,5,0,16,2017-2018,Regular Season,15,07/01/2018,real betis energia plus - fc barcelona lassa,82 - 89,Sevilla,132,http://www.acb.com/fichas/LACB62132.php,54V
0,0,Equipo,0,0,0,0,0,0,0,0,0,0,0,1,1,0,0,0,0,0,0,0,0,0,0,0,1,2017-2018,Regular Season,15,07/01/2018,real betis energia plus - fc barcelona lassa,82 - 89,0,132,http://www.acb.com/fichas/LACB62132.php,
5,1,"Ribas, Pau",18:38,6,0,0,0,2,4,50,0,0,0,5,5,0,3,0,1,1,0,0,0,2,2,7,11,2017-2018,Regular Season,15,07/01/2018,real betis energia plus - fc barcelona lassa,82 - 89,FC_Barcelona,132,http://www.acb.com/fichas/LACB62132.php,AF1
8,0,"Pressey, Phil",0:5,0,0,0,0,0,0,0,0,0,0,0,0,0,0,0,0,0,0,0,0,0,0,0,0,2017-2018,Regular Season,15,07/01/2018,real betis energia plus - fc barcelona lassa,82 - 89,FC_Barcelona,132,http://www.acb.com/fichas/LACB62132.php,53X
9,1,"Hanga, Adam",18:42,7,3,5,60,0,3,0,1,4,25,3,2,1,1,1,0,1,0,0,1,1,2,-1,5,2017-2018,Regular Season,15,07/01/2018,real betis energia plus - fc barcelona lassa,82 - 89,FC_Barcelona,132,http://www.acb.com/fichas/LACB62132.php,125
11,1,"Navarro, J.C.",16:16,6,3,4,75,0,3,0,0,0,0,2,2,0,3,0,0,0,0,0,0,1,2,-1,8,2017-2018,Regular Season,15,07/01/2018,real betis energia plus - fc barcelona lassa,82 - 89,FC_Barcelona,132,http://www.acb.com/fichas/LACB62132.php,A62
13,0,"Heurtel, Thomas",21:17,14,3,4,75,2,3,67,2,2,100,3,3,0,8,0,5,1,0,0,0,3,2,0,17,2017-2018,Regular Season,15,07/01/2018,real betis energia plus - fc barcelona lassa,82 - 89,FC_Barcelona,132,http://www.acb.com/fichas/LACB62132.php,BJP
14,0,"Vezenkov, A.",21:32,17,5,6,83,2,4,50,1,1,100,3,3,0,2,1,0,1,0,0,0,1,1,8,20,2017-2018,Regular Season,15,07/01/2018,real betis energia plus - fc barcelona lassa,82 - 89,FC_Barcelona,132,http://www.acb.com/fichas/LACB62132.php,FOS
17,0,"Kurucs, Rodions",0:21,2,1,1,100,0,0,0,0,0,0,0,0,0,0,0,0,1,0,0,1,0,0,-4,2,2017-2018,Regular Season,15,07/01/2018,real betis energia plus - fc barcelona lassa,82 - 89,FC_Barcelona,132,http://www.acb.com/fichas/LACB62132.php,FXJ
18,0,"Oriola, Pierre",15:48,2,1,1,100,0,1,0,0,0,0,3,3,0,0,0,0,0,0,0,0,4,2,9,2,2017-2018,Regular Season,15,07/01/2018,real betis energia plus - fc barcelona lassa,82 - 89,FC_Barcelona,132,http://www.acb.com/fichas/LACB62132.php,BIQ
25,0,"Koponen, Petteri",23:23,10,2,4,50,2,4,50,0,0,0,0,0,0,1,1,2,0,0,0,0,3,1,12,4,2017-2018,Regular Season,15,07/01/2018,real betis energia plus - fc barcelona lassa,82 - 89,FC_Barcelona,132,http://www.acb.com/fichas/LACB62132.php,517
30,0,"Claver, Victor",19:20,2,1,2,50,0,1,0,0,0,0,3,1,2,1,3,0,0,0,0,1,2,2,14,7,2017-2018,Regular Season,15,07/01/2018,real betis energia plus - fc barcelona lassa,82 - 89,FC_Barcelona,132,http://www.acb.com/fichas/LACB62132.php,BAZ
44,1,"Tomic, Ante",23:39,10,4,8,50,0,0,0,2,3,67,6,3,3,4,0,1,0,0,0,0,1,3,0,16,2017-2018,Regular Season,15,07/01/2018,real betis energia plus - fc barcelona lassa,82 - 89,FC_Barcelona,132,http://www.acb.com/fichas/LACB62132.php,BIY
45,1,"Moerman, Adrien",20:59,13,2,2,100,3,8,38,0,0,0,7,6,1,0,1,1,0,0,0,0,3,0,-9,12,2017-2018,Regular Season,15,07/01/2018,real betis energia plus - fc barcelona lassa,82 - 89,FC_Barcelona,132,http://www.acb.com/fichas/LACB62132.php,216
0,0,Equipo,0,0,0,0,0,0,0,0,0,0,0,1,0,1,0,0,0,0,0,0,0,0,0,0,1,2017-2018,Regular Season,15,07/01/2018,real betis energia plus - fc barcelona lassa,82 - 89,0,132,http://www.acb.com/fichas/LACB62132.php,
0,0,"Olaseni, Gabriel",8:45,6,2,3,67,0,0,0,2,2,100,2,1,1,0,0,0,0,0,0,0,2,1,-5,6,2017-2018,Regular Season,15,07/01/2018,montakit fuenlabrada - ucam murcia,88 - 86,Fuenlabrada,133,http://www.acb.com/fichas/LACB62133.php,54F
2,1,"Popovic, Marko",28:50,13,2,4,50,2,7,29,3,4,75,0,0,0,3,1,1,1,0,1,0,4,6,12,9,2017-2018,Regular Season,15,07/01/2018,montakit fuenlabrada - ucam murcia,88 - 86,Fuenlabrada,133,http://www.acb.com/fichas/LACB62133.php,B4P
4,0,"O'Leary, Ian",22:37,9,3,4,75,0,2,0,3,5,60,9,2,7,2,0,1,1,0,0,0,1,5,11,18,2017-2018,Regular Season,15,07/01/2018,montakit fuenlabrada - ucam murcia,88 - 86,Fuenlabrada,133,http://www.acb.com/fichas/LACB62133.php,258
5,0,"Rupnik, Luka",12:14,6,0,0,0,2,4,50,0,0,0,1,1,0,2,0,0,0,0,0,0,2,0,-3,5,2017-2018,Regular Season,15,07/01/2018,montakit fuenlabrada - ucam murcia,88 - 86,Fuenlabrada,133,http://www.acb.com/fichas/LACB62133.php,52N
8,0,"Llorca, Alex",4:6,0,0,1,0,0,0,0,0,0,0,0,0,0,0,0,0,0,0,0,0,0,0,-6,-1,2017-2018,Regular Season,15,07/01/2018,montakit fuenlabrada - ucam murcia,88 - 86,Fuenlabrada,133,http://www.acb.com/fichas/LACB62133.php,BFV
9,1,"Sekulic, Blagota",31:2,18,5,10,50,2,3,67,2,2,100,7,5,2,1,0,1,0,1,0,0,2,4,-4,22,2017-2018,Regular Season,15,07/01/2018,montakit fuenlabrada - ucam murcia,88 - 86,Fuenlabrada,133,http://www.acb.com/fichas/LACB62133.php,BD8
11,0,"Cruz, Francisco",21:32,7,1,2,50,1,4,25,2,4,50,2,2,0,3,2,1,0,0,0,0,3,2,3,6,2017-2018,Regular Season,15,07/01/2018,montakit fuenlabrada - ucam murcia,88 - 86,Fuenlabrada,133,http://www.acb.com/fichas/LACB62133.php,516
13,1,"Smits, Rolands",19:19,10,3,3,100,1,3,33,1,2,50,1,1,0,0,0,2,1,1,0,0,3,1,-1,5,2017-2018,Regular Season,15,07/01/2018,montakit fuenlabrada - ucam murcia,88 - 86,Fuenlabrada,133,http://www.acb.com/fichas/LACB62133.php,862
15,0,"Gonzalez, Jose M.",1:12,0,0,0,0,0,0,0,0,0,0,0,0,0,0,0,0,0,0,0,0,0,0,0,0,2017-2018,Regular Season,15,07/01/2018,montakit fuenlabrada - ucam murcia,88 - 86,Fuenlabrada,133,http://www.acb.com/fichas/LACB62133.php,764
16,1,"Vargas, Gregory",21:17,4,2,2,100,0,2,0,0,0,0,4,3,1,4,0,0,0,0,0,0,3,1,-2,8,2017-2018,Regular Season,15,07/01/2018,montakit fuenlabrada - ucam murcia,88 - 86,Fuenlabrada,133,http://www.acb.com/fichas/LACB62133.php,53Q
19,0,"Llorente, Sergio",2:46,0,0,0,0,0,1,0,0,0,0,0,0,0,0,0,0,0,0,0,0,1,0,-2,-2,2017-2018,Regular Season,15,07/01/2018,montakit fuenlabrada - ucam murcia,88 - 86,Fuenlabrada,133,http://www.acb.com/fichas/LACB62133.php,721
31,1,"Eyenga, C.",26:20,15,1,2,50,3,4,75,4,4,100,5,4,1,5,0,0,0,1,0,0,5,2,7,21,2017-2018,Regular Season,15,07/01/2018,montakit fuenlabrada - ucam murcia,88 - 86,Fuenlabrada,133,http://www.acb.com/fichas/LACB62133.php,Y8D
0,0,Equipo,0,0,0,0,0,0,0,0,0,0,0,1,1,0,0,0,1,0,0,0,0,0,0,0,0,2017-2018,Regular Season,15,07/01/2018,montakit fuenlabrada - ucam murcia,88 - 86,0,133,http://www.acb.com/fichas/LACB62133.php,
0,1,"Soko, Ovie",28:34,16,7,7,100,0,0,0,2,3,67,6,4,2,1,0,2,0,1,0,1,3,5,-1,23,2017-2018,Regular Season,15,07/01/2018,montakit fuenlabrada - ucam murcia,88 - 86,Murcia,133,http://www.acb.com/fichas/LACB62133.php,50S
3,0,"Urtasun, Alex",13:39,3,0,2,0,1,2,50,0,0,0,0,0,0,0,0,0,0,0,0,0,1,0,-5,-1,2017-2018,Regular Season,15,07/01/2018,montakit fuenlabrada - ucam murcia,88 - 86,Murcia,133,http://www.acb.com/fichas/LACB62133.php,BA3
0,0,"Martin, Alberto",0,0,0,0,0,0,0,0,0,0,0,0,0,0,0,0,0,0,0,0,0,0,0,0,0,2017-2018,Regular Season,15,07/01/2018,montakit fuenlabrada - ucam murcia,88 - 86,Murcia,133,http://www.acb.com/fichas/LACB62133.php,0
8,0,"Benite, Vitor",16:6,11,4,6,67,1,4,25,0,0,0,1,1,0,0,0,0,0,0,0,0,2,2,-2,7,2017-2018,Regular Season,15,07/01/2018,montakit fuenlabrada - ucam murcia,88 - 86,Murcia,133,http://www.acb.com/fichas/LACB62133.php,FOX
9,0,"Kloof, Charlon",12:48,2,0,2,0,0,1,0,2,2,100,5,4,1,0,0,1,0,0,1,0,2,2,-2,2,2017-2018,Regular Season,15,07/01/2018,montakit fuenlabrada - ucam murcia,88 - 86,Murcia,133,http://www.acb.com/fichas/LACB62133.php,53N
11,1,"Hannah, Clevin",28:48,25,7,7,100,1,7,14,8,8,100,1,1,0,3,0,1,1,0,0,0,1,8,0,29,2017-2018,Regular Season,15,07/01/2018,montakit fuenlabrada - ucam murcia,88 - 86,Murcia,133,http://www.acb.com/fichas/LACB62133.php,1LQ
12,1,"Oleson, Brad",25:42,11,2,4,50,2,6,33,1,1,100,3,2,1,5,3,1,0,0,0,0,2,1,3,14,2017-2018,Regular Season,15,07/01/2018,montakit fuenlabrada - ucam murcia,88 - 86,Murcia,133,http://www.acb.com/fichas/LACB62133.php,BGO
14,0,"Olaizola, Julen",5:7,0,0,0,0,0,0,0,0,0,0,1,1,0,0,0,1,0,0,0,0,2,0,-2,-2,2017-2018,Regular Season,15,07/01/2018,montakit fuenlabrada - ucam murcia,88 - 86,Murcia,133,http://www.acb.com/fichas/LACB62133.php,T86
16,0,"Delia, Marcos",21:11,6,3,8,38,0,0,0,0,0,0,2,0,2,0,0,0,0,0,1,2,2,2,5,2,2017-2018,Regular Season,15,07/01/2018,montakit fuenlabrada - ucam murcia,88 - 86,Murcia,133,http://www.acb.com/fichas/LACB62133.php,512
24,1,"Tumba, Kevin",13:42,2,0,1,0,0,0,0,2,6,33,4,1,3,0,0,1,0,0,1,0,2,3,-7,0,2017-2018,Regular Season,15,07/01/2018,montakit fuenlabrada - ucam murcia,88 - 86,Murcia,133,http://www.acb.com/fichas/LACB62133.php,52W
27,1,"Rojas, Sadiel",23:1,6,1,2,50,1,5,20,1,1,100,6,4,2,0,1,0,0,0,0,0,4,1,1,5,2017-2018,Regular Season,15,07/01/2018,montakit fuenlabrada - ucam murcia,88 - 86,Murcia,133,http://www.acb.com/fichas/LACB62133.php,1L3
33,0,"Lukovic, Marko",11:22,4,1,1,100,0,1,0,2,2,100,2,1,1,0,0,0,0,0,0,0,1,2,0,6,2017-2018,Regular Season,15,07/01/2018,montakit fuenlabrada - ucam murcia,88 - 86,Murcia,133,http://www.acb.com/fichas/LACB62133.php,53R
0,0,Equipo,0,0,0,0,0,0,0,0,0,0,0,3,0,3,0,0,0,0,0,0,0,0,0,0,3,2017-2018,Regular Season,15,07/01/2018,montakit fuenlabrada - ucam murcia,88 - 86,0,133,http://www.acb.com/fichas/LACB62133.php,
1,1,"Agbelese, Danny",15:3,8,2,2,100,0,0,0,4,6,67,5,3,2,3,0,1,0,0,0,1,4,4,10,13,2017-2018,Regular Season,15,07/01/2018,delteco gbc - iberostar tenerife,89 - 70,Guipuzcoa,134,http://www.acb.com/fichas/LACB62134.php,D03
3,1,"Chery, Kenny",24:52,7,2,9,22,1,3,33,0,0,0,3,3,0,2,1,2,1,0,0,0,3,0,21,-1,2017-2018,Regular Season,15,07/01/2018,delteco gbc - iberostar tenerife,89 - 70,Guipuzcoa,134,http://www.acb.com/fichas/LACB62134.php,51A
4,1,"Van Lacke, Fede",30:4,12,2,4,50,2,3,67,2,2,100,4,4,0,4,1,2,0,0,0,0,3,3,18,16,2017-2018,Regular Season,15,07/01/2018,delteco gbc - iberostar tenerife,89 - 70,Guipuzcoa,134,http://www.acb.com/fichas/LACB62134.php,B3K
5,0,"Perez, Daniel",22:28,9,1,5,20,1,4,25,4,6,67,3,2,1,4,2,1,0,0,0,0,2,5,3,11,2017-2018,Regular Season,15,07/01/2018,delteco gbc - iberostar tenerife,89 - 70,Guipuzcoa,134,http://www.acb.com/fichas/LACB62134.php,Y84
10,1,"Salvo, Miquel",25:45,1,0,0,0,0,0,0,1,2,50,3,3,0,4,1,3,0,1,0,0,4,4,17,6,2017-2018,Regular Season,15,07/01/2018,delteco gbc - iberostar tenerife,89 - 70,Guipuzcoa,134,http://www.acb.com/fichas/LACB62134.php,545
11,0,"Pardina, Joan",2:10,0,0,0,0,0,0,0,0,2,0,1,1,0,0,0,1,0,0,0,0,0,1,0,-1,2017-2018,Regular Season,15,07/01/2018,delteco gbc - iberostar tenerife,89 - 70,Guipuzcoa,134,http://www.acb.com/fichas/LACB62134.php,782
15,0,"Beraza, Xabi",2:16,5,0,0,0,1,2,50,2,2,100,0,0,0,0,0,0,0,0,0,0,1,1,0,4,2017-2018,Regular Season,15,07/01/2018,delteco gbc - iberostar tenerife,89 - 70,Guipuzcoa,134,http://www.acb.com/fichas/LACB62134.php,55B
17,0,"Fakuade, Michael",19:33,7,1,1,100,1,1,100,2,4,50,4,4,0,1,0,2,0,0,0,0,3,2,-4,7,2017-2018,Regular Season,15,07/01/2018,delteco gbc - iberostar tenerife,89 - 70,Guipuzcoa,134,http://www.acb.com/fichas/LACB62134.php,54P
21,0,"Azpeitia, Asier",0:55,2,1,1,100,0,0,0,0,2,0,0,0,0,0,0,0,0,0,0,0,0,1,-1,1,2017-2018,Regular Season,15,07/01/2018,delteco gbc - iberostar tenerife,89 - 70,Guipuzcoa,134,http://www.acb.com/fichas/LACB62134.php,55U
44,0,"Swing, Jordan",13:58,4,0,2,0,0,0,0,4,4,100,3,3,0,1,1,2,0,0,1,0,2,1,-1,3,2017-2018,Regular Season,15,07/01/2018,delteco gbc - iberostar tenerife,89 - 70,Guipuzcoa,134,http://www.acb.com/fichas/LACB62134.php,D07
64,0,"Norel, Henk",20:25,13,5,6,83,0,0,0,3,5,60,2,2,0,2,1,0,0,1,0,2,0,6,8,22,2017-2018,Regular Season,15,07/01/2018,delteco gbc - iberostar tenerife,89 - 70,Guipuzcoa,134,http://www.acb.com/fichas/LACB62134.php,BA0
88,1,"Clark, Daniel",22:31,21,2,2,100,5,6,83,2,2,100,3,3,0,3,1,1,0,0,0,0,3,1,24,24,2017-2018,Regular Season,15,07/01/2018,delteco gbc - iberostar tenerife,89 - 70,Guipuzcoa,134,http://www.acb.com/fichas/LACB62134.php,BB8
0,0,Equipo,0,0,0,0,0,0,0,0,0,0,0,4,3,1,0,0,2,0,0,0,0,0,0,0,2,2017-2018,Regular Season,15,07/01/2018,delteco gbc - iberostar tenerife,89 - 70,0,134,http://www.acb.com/fichas/LACB62134.php,
0,1,"San Miguel, R.",22:56,3,0,1,0,1,7,14,0,0,0,1,1,0,1,1,1,0,0,1,0,5,3,-23,-5,2017-2018,Regular Season,15,07/01/2018,delteco gbc - iberostar tenerife,89 - 70,Tenerife,134,http://www.acb.com/fichas/LACB62134.php,B86
5,1,"Richotti, Nicolas",17:34,2,1,3,33,0,5,0,0,0,0,3,2,1,2,1,1,0,0,0,0,5,6,-19,1,2017-2018,Regular Season,15,07/01/2018,delteco gbc - iberostar tenerife,89 - 70,Tenerife,134,http://www.acb.com/fichas/LACB62134.php,T78
7,1,"Niang, Mamadou",8:16,2,0,0,0,0,0,0,2,2,100,0,0,0,0,0,0,0,0,0,0,1,1,-16,2,2017-2018,Regular Season,15,07/01/2018,delteco gbc - iberostar tenerife,89 - 70,Tenerife,134,http://www.acb.com/fichas/LACB62134.php,SHU
10,0,"Bassas, Ferran",11:12,0,0,0,0,0,3,0,0,0,0,0,0,0,3,1,3,0,0,0,0,1,0,7,-3,2017-2018,Regular Season,15,07/01/2018,delteco gbc - iberostar tenerife,89 - 70,Tenerife,134,http://www.acb.com/fichas/LACB62134.php,714
13,0,"Tobey, Mike",17:1,7,3,6,50,0,0,0,1,1,100,6,2,4,0,1,0,0,0,0,0,4,1,-3,8,2017-2018,Regular Season,15,07/01/2018,delteco gbc - iberostar tenerife,89 - 70,Tenerife,134,http://www.acb.com/fichas/LACB62134.php,530
17,0,"Vazquez, Fran",10:24,2,1,4,25,0,0,0,0,0,0,4,3,1,0,0,1,0,0,0,1,2,1,4,1,2017-2018,Regular Season,15,07/01/2018,delteco gbc - iberostar tenerife,89 - 70,Tenerife,134,http://www.acb.com/fichas/LACB62134.php,A9S
20,0,"Ponitka, Mateusz",19:0,10,2,4,50,0,1,0,6,7,86,5,2,3,0,1,2,0,0,0,0,2,4,-13,12,2017-2018,Regular Season,15,07/01/2018,delteco gbc - iberostar tenerife,89 - 70,Tenerife,134,http://www.acb.com/fichas/LACB62134.php,53W
21,1,"Abromaitis, Tim",22:54,12,1,4,25,3,5,60,1,2,50,1,0,1,2,0,3,0,0,1,0,2,1,-22,4,2017-2018,Regular Season,15,07/01/2018,delteco gbc - iberostar tenerife,89 - 70,Tenerife,134,http://www.acb.com/fichas/LACB62134.php,FOI
25,0,"Allen, Rosco",17:47,10,1,2,50,1,3,33,5,6,83,2,2,0,0,0,1,0,0,0,0,2,4,1,9,2017-2018,Regular Season,15,07/01/2018,delteco gbc - iberostar tenerife,89 - 70,Tenerife,134,http://www.acb.com/fichas/LACB62134.php,50I
33,1,"Beiran, Javier",21:25,5,1,1,100,1,3,33,0,0,0,3,2,1,2,0,0,0,0,0,0,1,1,-8,8,2017-2018,Regular Season,15,07/01/2018,delteco gbc - iberostar tenerife,89 - 70,Tenerife,134,http://www.acb.com/fichas/LACB62134.php,BB2
34,0,"White, Davin",13:33,5,0,1,0,1,4,25,2,2,100,0,0,0,2,0,2,0,0,0,0,3,1,-1,-1,2017-2018,Regular Season,15,07/01/2018,delteco gbc - iberostar tenerife,89 - 70,Tenerife,134,http://www.acb.com/fichas/LACB62134.php,2B8
77,0,"Vasileiadis, K.",17:58,12,1,1,100,2,5,40,4,4,100,4,4,0,1,2,1,0,1,0,0,1,2,-2,17,2017-2018,Regular Season,15,07/01/2018,delteco gbc - iberostar tenerife,89 - 70,Tenerife,134,http://www.acb.com/fichas/LACB62134.php,BBE
0,0,Equipo,0,0,0,0,0,0,0,0,0,0,0,0,0,0,0,0,2,0,0,0,0,2,0,0,-4,2017-2018,Regular Season,15,07/01/2018,delteco gbc - iberostar tenerife,89 - 70,0,134,http://www.acb.com/fichas/LACB62134.php,
4,1,"McCalebb, Bo",38:16,18,9,14,64,0,0,0,0,1,0,6,5,1,4,2,3,2,0,1,0,1,2,18,21,2017-2018,Regular Season,15,07/01/2018,tecnyconta zaragoza - movistar estudiantes,102 - 97,Zaragoza,135,http://www.acb.com/fichas/LACB62135.php,519
5,0,"Triguero, J.",6:16,2,0,0,0,0,0,0,2,2,100,0,0,0,0,0,2,0,0,0,0,3,1,-3,-2,2017-2018,Regular Season,15,07/01/2018,tecnyconta zaragoza - movistar estudiantes,102 - 97,Zaragoza,135,http://www.acb.com/fichas/LACB62135.php,BCC
7,1,"Barreiro, J.",25:33,10,0,2,0,3,3,100,1,2,50,4,3,1,1,1,2,2,1,0,0,4,3,14,11,2017-2018,Regular Season,15,07/01/2018,tecnyconta zaragoza - movistar estudiantes,102 - 97,Zaragoza,135,http://www.acb.com/fichas/LACB62135.php,XEU
9,1,"Dragovic, Nikola",44:35,18,3,7,43,2,8,25,6,7,86,16,11,5,5,0,1,0,3,0,0,3,6,12,33,2017-2018,Regular Season,15,07/01/2018,tecnyconta zaragoza - movistar estudiantes,102 - 97,Zaragoza,135,http://www.acb.com/fichas/LACB62135.php,542
11,0,"Bellas, Tomas",29:17,14,3,6,50,1,4,25,5,6,83,1,1,0,4,0,1,2,0,0,0,4,6,-16,13,2017-2018,Regular Season,15,07/01/2018,tecnyconta zaragoza - movistar estudiantes,102 - 97,Zaragoza,135,http://www.acb.com/fichas/LACB62135.php,YEF
0,0,"Mazalin, Lovro",0,0,0,0,0,0,0,0,0,0,0,0,0,0,0,0,0,0,0,0,0,0,0,0,0,2017-2018,Regular Season,15,07/01/2018,tecnyconta zaragoza - movistar estudiantes,102 - 97,Zaragoza,135,http://www.acb.com/fichas/LACB62135.php,0
19,0,"Urtasun, Txemi",10:0,3,0,1,0,1,3,33,0,0,0,0,0,0,0,0,1,0,0,0,0,1,0,-6,-2,2017-2018,Regular Season,15,07/01/2018,tecnyconta zaragoza - movistar estudiantes,102 - 97,Zaragoza,135,http://www.acb.com/fichas/LACB62135.php,B9K
24,0,"Michalak, Michal",20:23,6,0,3,0,2,5,40,0,0,0,3,2,1,0,0,1,0,0,0,0,0,0,-5,2,2017-2018,Regular Season,15,07/01/2018,tecnyconta zaragoza - movistar estudiantes,102 - 97,Zaragoza,135,http://www.acb.com/fichas/LACB62135.php,53M
27,0,"De Jong, Nicolas",18:30,6,1,4,25,0,1,0,4,4,100,3,3,0,0,0,0,0,1,1,0,1,3,0,7,2017-2018,Regular Season,15,07/01/2018,tecnyconta zaragoza - movistar estudiantes,102 - 97,Zaragoza,135,http://www.acb.com/fichas/LACB62135.php,54I
32,1,"Varnado, Jarvis",20:7,12,6,13,46,0,0,0,0,2,0,10,5,5,0,2,3,1,1,1,1,2,3,8,13,2017-2018,Regular Season,15,07/01/2018,tecnyconta zaragoza - movistar estudiantes,102 - 97,Zaragoza,135,http://www.acb.com/fichas/LACB62135.php,544
33,0,"Suarez, Alex",8:28,3,0,0,0,1,3,33,0,0,0,1,0,1,0,1,0,0,0,0,0,1,1,-9,3,2017-2018,Regular Season,15,07/01/2018,tecnyconta zaragoza - movistar estudiantes,102 - 97,Zaragoza,135,http://www.acb.com/fichas/LACB62135.php,BLI
45,1,"Blums, Janis",28:35,10,1,3,33,2,5,40,2,2,100,4,4,0,0,0,2,0,0,0,0,3,2,12,6,2017-2018,Regular Season,15,07/01/2018,tecnyconta zaragoza - movistar estudiantes,102 - 97,Zaragoza,135,http://www.acb.com/fichas/LACB62135.php,BG3
0,0,Equipo,0,0,0,0,0,0,0,0,0,0,0,4,4,0,0,0,0,0,0,0,0,0,0,0,4,2017-2018,Regular Season,15,07/01/2018,tecnyconta zaragoza - movistar estudiantes,102 - 97,0,135,http://www.acb.com/fichas/LACB62135.php,
4,1,"Cvetkovic, A.",14:42,0,0,1,0,0,1,0,0,0,0,2,2,0,0,0,2,0,0,0,0,2,1,-8,-3,2017-2018,Regular Season,15,07/01/2018,tecnyconta zaragoza - movistar estudiantes,102 - 97,Estudiantes,135,http://www.acb.com/fichas/LACB62135.php,50G
6,0,"Hakanson, Ludde",18:2,12,2,3,67,2,6,33,2,2,100,4,3,1,5,1,2,1,0,0,0,2,3,19,16,2017-2018,Regular Season,15,07/01/2018,tecnyconta zaragoza - movistar estudiantes,102 - 97,Estudiantes,135,http://www.acb.com/fichas/LACB62135.php,UAE
8,0,"Brizuela, Dario",29:4,8,3,7,43,0,1,0,2,2,100,5,4,1,1,1,2,0,0,0,1,2,2,5,8,2017-2018,Regular Season,15,07/01/2018,tecnyconta zaragoza - movistar estudiantes,102 - 97,Estudiantes,135,http://www.acb.com/fichas/LACB62135.php,81E
9,0,"Vicedo, Edgar",28:30,12,4,6,67,1,5,20,1,2,50,10,7,3,1,0,1,0,0,1,2,1,1,12,14,2017-2018,Regular Season,15,07/01/2018,tecnyconta zaragoza - movistar estudiantes,102 - 97,Estudiantes,135,http://www.acb.com/fichas/LACB62135.php,SDT
10,1,"Cook, Omar",31:24,3,1,2,50,0,4,0,1,4,25,3,3,0,11,3,1,1,0,0,0,1,2,-22,12,2017-2018,Regular Season,15,07/01/2018,tecnyconta zaragoza - movistar estudiantes,102 - 97,Estudiantes,135,http://www.acb.com/fichas/LACB62135.php,BFP
11,0,"Pena, Dagoberto",2:10,0,0,0,0,0,0,0,0,0,0,0,0,0,0,0,1,0,0,0,0,0,0,-6,-1,2017-2018,Regular Season,15,07/01/2018,tecnyconta zaragoza - movistar estudiantes,102 - 97,Estudiantes,135,http://www.acb.com/fichas/LACB62135.php,53E
12,1,"Suton, Goran",17:10,10,4,6,67,0,0,0,2,3,67,2,2,0,1,0,0,0,0,0,0,4,2,4,8,2017-2018,Regular Season,15,07/01/2018,tecnyconta zaragoza - movistar estudiantes,102 - 97,Estudiantes,135,http://www.acb.com/fichas/LACB62135.php,1LM
15,1,"Landesberg, Sylven",40:51,19,0,7,0,4,8,50,7,8,88,1,1,0,5,1,2,0,0,3,0,3,8,-22,14,2017-2018,Regular Season,15,07/01/2018,tecnyconta zaragoza - movistar estudiantes,102 - 97,Estudiantes,135,http://www.acb.com/fichas/LACB62135.php,541
17,0,"Savane, Sitapha",14:13,9,4,6,67,0,0,0,1,2,50,3,1,2,1,0,1,0,0,2,1,5,1,2,3,2017-2018,Regular Season,15,07/01/2018,tecnyconta zaragoza - movistar estudiantes,102 - 97,Estudiantes,135,http://www.acb.com/fichas/LACB62135.php,B3M
21,0,"Brown, Alec",29:52,22,4,9,44,4,7,57,2,2,100,7,5,2,2,1,1,0,2,0,2,5,1,9,21,2017-2018,Regular Season,15,07/01/2018,tecnyconta zaragoza - movistar estudiantes,102 - 97,Estudiantes,135,http://www.acb.com/fichas/LACB62135.php,FO4
22,0,"Caner-Medley,N.",15:47,0,0,1,0,0,1,0,0,0,0,0,0,0,0,0,1,0,1,0,0,2,0,-4,-4,2017-2018,Regular Season,15,07/01/2018,tecnyconta zaragoza - movistar estudiantes,102 - 97,Estudiantes,135,http://www.acb.com/fichas/LACB62135.php,BF4
38,1,"Arteaga, Victor",8:15,2,0,0,0,0,0,0,2,4,50,3,3,0,0,0,2,0,0,0,0,0,2,-14,3,2017-2018,Regular Season,15,07/01/2018,tecnyconta zaragoza - movistar estudiantes,102 - 97,Estudiantes,135,http://www.acb.com/fichas/LACB62135.php,768
0,0,Equipo,0,0,0,0,0,0,0,0,0,0,0,9,5,4,0,0,0,0,0,0,0,0,0,0,9,2017-2018,Regular Season,15,07/01/2018,tecnyconta zaragoza - movistar estudiantes,102 - 97,0,135,http://www.acb.com/fichas/LACB62135.php,
0,1,"Thomas, Will",17:4,7,2,5,40,1,1,100,0,0,0,1,0,1,0,0,1,1,0,1,2,2,0,16,1,2017-2018,Regular Season,16,13/01/2018,valencia basket club - tecnyconta zaragoza,103 - 58,Valencia,1,http://www.acb.com/fichas/LACB62136.php,1L5
3,0,"Puerto, Josep",8:50,4,2,2,100,0,0,0,0,0,0,2,1,1,0,0,2,0,1,0,0,1,0,1,4,2017-2018,Regular Season,16,13/01/2018,valencia basket club - tecnyconta zaragoza,103 - 58,Valencia,1,http://www.acb.com/fichas/LACB62136.php,I64
5,0,"Garcia, Sergi",10:21,0,0,1,0,0,2,0,0,0,0,2,2,0,0,0,1,0,0,0,0,0,0,5,-2,2017-2018,Regular Season,16,13/01/2018,valencia basket club - tecnyconta zaragoza,103 - 58,Valencia,1,http://www.acb.com/fichas/LACB62136.php,276
6,0,"Abalde, Alberto",18:31,11,1,3,33,2,3,67,3,3,100,3,2,1,0,0,1,0,0,0,0,0,3,8,13,2017-2018,Regular Season,16,13/01/2018,valencia basket club - tecnyconta zaragoza,103 - 58,Valencia,1,http://www.acb.com/fichas/LACB62136.php,8C4
9,1,"Van Rossom, Sam",22:11,7,0,0,0,2,3,67,1,2,50,4,2,2,7,1,1,0,0,0,0,1,3,41,18,2017-2018,Regular Season,16,13/01/2018,valencia basket club - tecnyconta zaragoza,103 - 58,Valencia,1,http://www.acb.com/fichas/LACB62136.php,BK4
10,0,"Rudez, Damjan",22:56,13,1,1,100,3,6,50,2,2,100,5,5,0,1,0,0,0,0,0,0,2,1,29,15,2017-2018,Regular Season,16,13/01/2018,valencia basket club - tecnyconta zaragoza,103 - 58,Valencia,1,http://www.acb.com/fichas/LACB62136.php,249
14,1,"Dubljevic, Bojan",19:30,12,4,6,67,1,2,50,1,2,50,7,6,1,3,1,1,0,0,1,0,1,5,25,21,2017-2018,Regular Season,16,13/01/2018,valencia basket club - tecnyconta zaragoza,103 - 58,Valencia,1,http://www.acb.com/fichas/LACB62136.php,217
17,1,"Martinez, Rafa",21:1,5,1,1,100,1,3,33,0,0,0,1,1,0,5,0,0,1,0,0,0,1,1,30,9,2017-2018,Regular Season,16,13/01/2018,valencia basket club - tecnyconta zaragoza,103 - 58,Valencia,1,http://www.acb.com/fichas/LACB62136.php,A3W
19,0,San Emeterio,25:11,15,3,4,75,1,1,100,6,6,100,6,5,1,5,0,2,1,0,0,0,0,5,28,28,2017-2018,Regular Season,16,13/01/2018,valencia basket club - tecnyconta zaragoza,103 - 58,Valencia,1,http://www.acb.com/fichas/LACB62136.php,A8T
21,0,"Pleiss, Tibor",13:54,14,4,4,100,2,2,100,0,0,0,4,3,1,1,2,2,0,1,0,0,3,2,23,19,2017-2018,Regular Season,16,13/01/2018,valencia basket club - tecnyconta zaragoza,103 - 58,Valencia,1,http://www.acb.com/fichas/LACB62136.php,219
42,1,"Doornekamp, A.",13:55,12,3,4,75,2,2,100,0,0,0,2,2,0,2,2,0,2,1,0,0,2,0,22,16,2017-2018,Regular Season,16,13/01/2018,valencia basket club - tecnyconta zaragoza,103 - 58,Valencia,1,http://www.acb.com/fichas/LACB62136.php,501
51,0,"Hlinason, T.",6:36,3,1,1,100,0,0,0,1,2,50,2,1,1,0,0,2,1,0,0,1,2,1,-3,1,2017-2018,Regular Season,16,13/01/2018,valencia basket club - tecnyconta zaragoza,103 - 58,Valencia,1,http://www.acb.com/fichas/LACB62136.php,55F
0,0,Equipo,0,0,0,0,0,0,0,0,0,0,0,1,1,0,0,0,0,0,0,0,0,0,0,0,1,2017-2018,Regular Season,16,13/01/2018,valencia basket club - tecnyconta zaragoza,103 - 58,0,1,http://www.acb.com/fichas/LACB62136.php,
4,1,"McCalebb, Bo",29:7,18,9,9,100,0,2,0,0,0,0,1,0,1,7,1,0,1,0,0,0,2,0,-28,23,2017-2018,Regular Season,16,13/01/2018,valencia basket club - tecnyconta zaragoza,103 - 58,Zaragoza,1,http://www.acb.com/fichas/LACB62136.php,519
5,0,"Triguero, J.",15:24,7,3,5,60,0,0,0,1,1,100,4,2,2,0,1,1,1,0,0,2,4,2,-8,7,2017-2018,Regular Season,16,13/01/2018,valencia basket club - tecnyconta zaragoza,103 - 58,Zaragoza,1,http://www.acb.com/fichas/LACB62136.php,BCC
7,1,"Barreiro, J.",16:32,6,0,2,0,2,3,67,0,0,0,0,0,0,0,0,2,0,0,1,0,0,1,-19,1,2017-2018,Regular Season,16,13/01/2018,valencia basket club - tecnyconta zaragoza,103 - 58,Zaragoza,1,http://www.acb.com/fichas/LACB62136.php,XEU
9,1,"Dragovic, Nikola",20:2,9,2,3,67,1,2,50,2,2,100,5,4,1,0,1,2,0,0,0,0,2,1,-27,10,2017-2018,Regular Season,16,13/01/2018,valencia basket club - tecnyconta zaragoza,103 - 58,Zaragoza,1,http://www.acb.com/fichas/LACB62136.php,542
11,0,"Bellas, Tomas",18:5,2,1,7,14,0,1,0,0,0,0,0,0,0,2,2,0,0,0,0,0,2,3,-29,0,2017-2018,Regular Season,16,13/01/2018,valencia basket club - tecnyconta zaragoza,103 - 58,Zaragoza,1,http://www.acb.com/fichas/LACB62136.php,YEF
14,0,"Mazalin, Lovro",10:0,2,1,4,25,0,1,0,0,1,0,2,0,2,1,0,0,0,0,0,0,0,1,-2,1,2017-2018,Regular Season,16,13/01/2018,valencia basket club - tecnyconta zaragoza,103 - 58,Zaragoza,1,http://www.acb.com/fichas/LACB62136.php,53C
19,0,"Urtasun, Txemi",17:15,2,0,3,0,0,2,0,2,2,100,2,1,1,1,0,2,0,0,1,0,2,2,-18,-3,2017-2018,Regular Season,16,13/01/2018,valencia basket club - tecnyconta zaragoza,103 - 58,Zaragoza,1,http://www.acb.com/fichas/LACB62136.php,B9K
24,0,"Michalak, Michal",11:25,0,0,4,0,0,2,0,0,0,0,3,2,1,0,0,2,0,0,1,0,3,1,-23,-8,2017-2018,Regular Season,16,13/01/2018,valencia basket club - tecnyconta zaragoza,103 - 58,Zaragoza,1,http://www.acb.com/fichas/LACB62136.php,53M
27,0,"De Jong, Nicolas",9:7,3,0,2,0,0,0,0,3,4,75,0,0,0,0,1,0,0,0,0,0,1,2,-12,2,2017-2018,Regular Season,16,13/01/2018,valencia basket club - tecnyconta zaragoza,103 - 58,Zaragoza,1,http://www.acb.com/fichas/LACB62136.php,54I
32,1,"Varnado, Jarvis",15:29,4,1,4,25,0,0,0,2,2,100,4,1,3,0,1,2,0,2,0,1,2,2,-25,6,2017-2018,Regular Season,16,13/01/2018,valencia basket club - tecnyconta zaragoza,103 - 58,Zaragoza,1,http://www.acb.com/fichas/LACB62136.php,544
33,0,"Suarez, Alex",20:30,2,1,1,100,0,4,0,0,0,0,0,0,0,1,0,1,0,0,0,0,1,0,-18,-3,2017-2018,Regular Season,16,13/01/2018,valencia basket club - tecnyconta zaragoza,103 - 58,Zaragoza,1,http://www.acb.com/fichas/LACB62136.php,BLI
45,1,"Blums, Janis",17:4,3,0,0,0,1,3,33,0,0,0,1,1,0,0,0,0,0,0,0,0,2,0,-16,0,2017-2018,Regular Season,16,13/01/2018,valencia basket club - tecnyconta zaragoza,103 - 58,Zaragoza,1,http://www.acb.com/fichas/LACB62136.php,BG3
0,0,Equipo,0,0,0,0,0,0,0,0,0,0,0,2,2,0,0,0,0,0,0,0,0,0,0,0,2,2017-2018,Regular Season,16,13/01/2018,valencia basket club - tecnyconta zaragoza,103 - 58,0,1,http://www.acb.com/fichas/LACB62136.php,
1,1,"Causeur, Fabien",15:42,4,2,4,50,0,1,0,0,0,0,1,1,0,0,1,0,1,1,0,0,2,1,9,3,2017-2018,Regular Season,16,14/01/2018,real madrid - montakit fuenlabrada,100 - 72,Real_Madrid,2,http://www.acb.com/fichas/LACB62137.php,218
2,0,"Randle, Chasson",5:7,1,0,2,0,0,0,0,1,2,50,0,0,0,1,0,0,0,0,0,0,0,1,3,0,2017-2018,Regular Season,16,14/01/2018,real madrid - montakit fuenlabrada,100 - 72,Real_Madrid,2,http://www.acb.com/fichas/LACB62137.php,566
5,0,"Fernandez, Rudy",15:25,14,0,0,0,4,5,80,2,2,100,1,1,0,1,0,1,0,0,0,0,2,1,17,13,2017-2018,Regular Season,16,14/01/2018,real madrid - montakit fuenlabrada,100 - 72,Real_Madrid,2,http://www.acb.com/fichas/LACB62137.php,B0X
7,0,"Doncic, Luka",21:59,14,4,8,50,0,2,0,6,6,100,10,7,3,6,0,0,0,0,0,0,2,6,22,28,2017-2018,Regular Season,16,14/01/2018,real madrid - montakit fuenlabrada,100 - 72,Real_Madrid,2,http://www.acb.com/fichas/LACB62137.php,460
8,0,"Maciulis, Jonas",12:56,3,1,1,100,0,0,0,1,2,50,3,2,1,0,0,0,0,0,0,0,1,1,19,5,2017-2018,Regular Season,16,14/01/2018,real madrid - montakit fuenlabrada,100 - 72,Real_Madrid,2,http://www.acb.com/fichas/LACB62137.php,1L9
9,0,"Reyes, Felipe",14:38,13,3,5,60,0,1,0,7,9,78,3,3,0,1,0,1,0,0,0,0,2,5,9,14,2017-2018,Regular Season,16,14/01/2018,real madrid - montakit fuenlabrada,100 - 72,Real_Madrid,2,http://www.acb.com/fichas/LACB62137.php,A1M
11,1,"Campazzo, Facu",19:16,5,1,2,50,1,2,50,0,0,0,1,1,0,4,0,3,0,0,0,0,1,1,14,5,2017-2018,Regular Season,16,14/01/2018,real madrid - montakit fuenlabrada,100 - 72,Real_Madrid,2,http://www.acb.com/fichas/LACB62137.php,1LU
16,1,"Yusta, Santiago",11:10,2,1,1,100,0,0,0,0,0,0,2,1,1,0,1,0,0,0,0,0,3,0,-4,2,2017-2018,Regular Season,16,14/01/2018,real madrid - montakit fuenlabrada,100 - 72,Real_Madrid,2,http://www.acb.com/fichas/LACB62137.php,1E4
20,0,"Carroll, Jaycee",17:0,11,2,2,100,1,3,33,4,5,80,1,1,0,1,0,0,0,0,0,0,2,2,12,10,2017-2018,Regular Season,16,14/01/2018,real madrid - montakit fuenlabrada,100 - 72,Real_Madrid,2,http://www.acb.com/fichas/LACB62137.php,BGZ
22,1,"Tavares, W.",25:31,15,5,6,83,0,0,0,5,7,71,13,10,3,1,0,1,0,1,0,0,3,4,19,27,2017-2018,Regular Season,16,14/01/2018,real madrid - montakit fuenlabrada,100 - 72,Real_Madrid,2,http://www.acb.com/fichas/LACB62137.php,T2Z
33,1,"Thompkins, Trey",23:6,13,5,6,83,0,1,0,3,5,60,0,0,0,1,0,1,0,0,0,0,1,3,8,11,2017-2018,Regular Season,16,14/01/2018,real madrid - montakit fuenlabrada,100 - 72,Real_Madrid,2,http://www.acb.com/fichas/LACB62137.php,FQ1
44,0,"Taylor, Jeffery",18:10,5,1,2,50,1,1,100,0,0,0,4,3,1,2,0,0,0,0,0,1,2,0,12,8,2017-2018,Regular Season,16,14/01/2018,real madrid - montakit fuenlabrada,100 - 72,Real_Madrid,2,http://www.acb.com/fichas/LACB62137.php,FQ3
0,0,Equipo,0,0,0,0,0,0,0,0,0,0,0,4,4,0,0,0,1,0,0,0,0,0,0,0,3,2017-2018,Regular Season,16,14/01/2018,real madrid - montakit fuenlabrada,100 - 72,0,2,http://www.acb.com/fichas/LACB62137.php,
0,0,"Olaseni, Gabriel",6:23,4,2,3,67,0,0,0,0,0,0,0,0,0,0,0,0,0,0,0,0,4,0,1,-1,2017-2018,Regular Season,16,14/01/2018,real madrid - montakit fuenlabrada,100 - 72,Fuenlabrada,2,http://www.acb.com/fichas/LACB62137.php,54F
2,1,"Popovic, Marko",26:25,18,4,5,80,3,8,38,1,2,50,1,1,0,3,0,2,0,0,0,0,4,4,-7,13,2017-2018,Regular Season,16,14/01/2018,real madrid - montakit fuenlabrada,100 - 72,Fuenlabrada,2,http://www.acb.com/fichas/LACB62137.php,B4P
4,1,"O'Leary, Ian",23:38,13,5,8,63,1,2,50,0,3,0,5,3,2,0,1,1,0,0,1,1,1,2,-10,11,2017-2018,Regular Season,16,14/01/2018,real madrid - montakit fuenlabrada,100 - 72,Fuenlabrada,2,http://www.acb.com/fichas/LACB62137.php,258
5,0,"Rupnik, Luka",8:1,2,1,2,50,0,2,0,0,0,0,0,0,0,2,0,0,0,0,0,0,2,2,0,1,2017-2018,Regular Season,16,14/01/2018,real madrid - montakit fuenlabrada,100 - 72,Fuenlabrada,2,http://www.acb.com/fichas/LACB62137.php,52N
8,0,"Llorca, Alex",10:10,2,1,1,100,0,0,0,0,1,0,1,1,0,1,0,1,0,0,0,0,1,1,-1,2,2017-2018,Regular Season,16,14/01/2018,real madrid - montakit fuenlabrada,100 - 72,Fuenlabrada,2,http://www.acb.com/fichas/LACB62137.php,BFV
9,1,"Sekulic, Blagota",26:12,9,1,4,25,2,6,33,1,2,50,5,3,2,1,0,1,0,0,0,0,1,1,-30,6,2017-2018,Regular Season,16,14/01/2018,real madrid - montakit fuenlabrada,100 - 72,Fuenlabrada,2,http://www.acb.com/fichas/LACB62137.php,BD8
11,0,"Cruz, Francisco",27:11,3,0,7,0,1,2,50,0,0,0,1,0,1,1,0,1,0,0,1,0,2,2,-32,-5,2017-2018,Regular Season,16,14/01/2018,real madrid - montakit fuenlabrada,100 - 72,Fuenlabrada,2,http://www.acb.com/fichas/LACB62137.php,516
13,0,"Smits, Rolands",25:0,7,1,2,50,1,4,25,2,2,100,4,2,2,1,0,0,0,0,0,0,2,5,-24,11,2017-2018,Regular Season,16,14/01/2018,real madrid - montakit fuenlabrada,100 - 72,Fuenlabrada,2,http://www.acb.com/fichas/LACB62137.php,862
15,0,"Gonzalez, Jose M.",3:51,0,0,0,0,0,0,0,0,0,0,1,1,0,0,0,0,0,0,0,0,0,0,1,1,2017-2018,Regular Season,16,14/01/2018,real madrid - montakit fuenlabrada,100 - 72,Fuenlabrada,2,http://www.acb.com/fichas/LACB62137.php,764
16,1,"Vargas, Gregory",13:40,3,0,3,0,1,3,33,0,0,0,0,0,0,2,1,0,0,0,0,0,4,0,-6,-3,2017-2018,Regular Season,16,14/01/2018,real madrid - montakit fuenlabrada,100 - 72,Fuenlabrada,2,http://www.acb.com/fichas/LACB62137.php,53Q
19,0,"Llorente, Sergio",1:50,0,0,0,0,0,0,0,0,0,0,0,0,0,0,0,0,0,0,0,0,1,0,-5,-1,2017-2018,Regular Season,16,14/01/2018,real madrid - montakit fuenlabrada,100 - 72,Fuenlabrada,2,http://www.acb.com/fichas/LACB62137.php,721
31,1,"Eyenga, C.",27:39,11,3,5,60,1,1,100,2,6,33,5,4,1,3,0,2,0,1,0,0,3,4,-27,13,2017-2018,Regular Season,16,14/01/2018,real madrid - montakit fuenlabrada,100 - 72,Fuenlabrada,2,http://www.acb.com/fichas/LACB62137.php,Y8D
0,0,Equipo,0,0,0,0,0,0,0,0,0,0,0,5,2,3,0,0,1,0,0,0,0,0,0,0,4,2017-2018,Regular Season,16,14/01/2018,real madrid - montakit fuenlabrada,100 - 72,0,2,http://www.acb.com/fichas/LACB62137.php,
2,0,"Thomas, Devin",22:18,14,6,7,86,0,0,0,2,3,67,2,1,1,1,3,0,1,0,0,3,1,2,2,19,2017-2018,Regular Season,16,14/01/2018,retabet bilbao basket - divina seguros joventut,99 - 74,Bilbao,3,http://www.acb.com/fichas/LACB62138.php,56E
5,0,"Fischer, Ricardo",15:9,12,4,6,67,0,0,0,4,5,80,0,0,0,2,0,1,0,0,0,0,1,5,-2,14,2017-2018,Regular Season,16,14/01/2018,retabet bilbao basket - divina seguros joventut,99 - 74,Bilbao,3,http://www.acb.com/fichas/LACB62138.php,53G
9,1,"Tabu, Jonathan",24:51,14,3,5,60,2,5,40,2,3,67,6,6,0,6,1,1,2,0,1,0,2,3,27,20,2017-2018,Regular Season,16,14/01/2018,retabet bilbao basket - divina seguros joventut,99 - 74,Bilbao,3,http://www.acb.com/fichas/LACB62138.php,H09
10,0,"Mendia, Borja",4:9,0,0,1,0,0,0,0,0,0,0,0,0,0,0,0,0,0,0,1,0,2,0,-8,-4,2017-2018,Regular Season,16,14/01/2018,retabet bilbao basket - divina seguros joventut,99 - 74,Bilbao,3,http://www.acb.com/fichas/LACB62138.php,11Z
11,1,"Hammink, Shane",22:14,2,1,1,100,0,1,0,0,0,0,3,3,0,1,0,0,0,0,0,0,3,0,16,2,2017-2018,Regular Season,16,14/01/2018,retabet bilbao basket - divina seguros joventut,99 - 74,Bilbao,3,http://www.acb.com/fichas/LACB62138.php,53H
12,0,"Redivo, Lucio",20:34,17,4,6,67,3,5,60,0,0,0,1,1,0,1,1,0,2,0,0,0,0,1,4,17,2017-2018,Regular Season,16,14/01/2018,retabet bilbao basket - divina seguros joventut,99 - 74,Bilbao,3,http://www.acb.com/fichas/LACB62138.php,538
0,0,"Salgado, Javier",0,0,0,0,0,0,0,0,0,0,0,0,0,0,0,0,0,0,0,0,0,0,0,0,0,2017-2018,Regular Season,16,14/01/2018,retabet bilbao basket - divina seguros joventut,99 - 74,Bilbao,3,http://www.acb.com/fichas/LACB62138.php,0
15,0,"Mumbru, Alex",16:46,11,2,3,67,0,2,0,7,7,100,0,0,0,3,0,2,0,0,1,0,3,4,21,9,2017-2018,Regular Season,16,14/01/2018,retabet bilbao basket - divina seguros joventut,99 - 74,Bilbao,3,http://www.acb.com/fichas/LACB62138.php,A46
17,1,"Hervelle, Axel",19:5,7,1,2,50,1,1,100,2,2,100,3,2,1,2,1,0,0,0,0,0,3,2,12,11,2017-2018,Regular Season,16,14/01/2018,retabet bilbao basket - divina seguros joventut,99 - 74,Bilbao,3,http://www.acb.com/fichas/LACB62138.php,B6Q
19,0,"Tomas, Pere",17:46,4,1,1,100,0,1,0,2,2,100,4,1,3,0,1,2,0,0,0,0,3,2,9,5,2017-2018,Regular Season,16,14/01/2018,retabet bilbao basket - divina seguros joventut,99 - 74,Bilbao,3,http://www.acb.com/fichas/LACB62138.php,Y3V
20,1,"Todorovic, Dejan",19:26,11,0,2,0,3,4,75,2,2,100,3,3,0,1,1,2,0,0,0,0,3,1,21,9,2017-2018,Regular Season,16,14/01/2018,retabet bilbao basket - divina seguros joventut,99 - 74,Bilbao,3,http://www.acb.com/fichas/LACB62138.php,10D
32,1,"Gladness, Mickell",17:42,7,2,3,67,0,0,0,3,5,60,3,1,2,0,1,1,0,0,0,2,3,3,23,7,2017-2018,Regular Season,16,14/01/2018,retabet bilbao basket - divina seguros joventut,99 - 74,Bilbao,3,http://www.acb.com/fichas/LACB62138.php,55D
0,0,Equipo,0,0,0,0,0,0,0,0,0,0,0,3,1,2,0,0,0,0,0,0,0,0,0,0,3,2017-2018,Regular Season,16,14/01/2018,retabet bilbao basket - divina seguros joventut,99 - 74,0,3,http://www.acb.com/fichas/LACB62138.php,
0,0,"Dimitrijevic, N.",21:43,12,2,3,67,2,4,50,2,2,100,3,3,0,4,1,2,0,1,0,0,3,2,5,15,2017-2018,Regular Season,16,14/01/2018,retabet bilbao basket - divina seguros joventut,99 - 74,Joventut,3,http://www.acb.com/fichas/LACB62138.php,2CP
2,0,"Birgander, Simon",13:50,5,2,3,67,0,0,0,1,2,50,1,0,1,0,0,1,0,0,0,0,3,1,-15,1,2017-2018,Regular Season,16,14/01/2018,retabet bilbao basket - divina seguros joventut,99 - 74,Joventut,3,http://www.acb.com/fichas/LACB62138.php,53J
9,1,"Vidal, Sergi",26:28,1,0,0,0,0,1,0,1,4,25,1,1,0,3,1,1,0,0,0,0,1,6,-12,6,2017-2018,Regular Season,16,14/01/2018,retabet bilbao basket - divina seguros joventut,99 - 74,Joventut,3,http://www.acb.com/fichas/LACB62138.php,A4B
12,1,"Kulvietis, Saulius",17:19,6,1,1,100,1,3,33,1,2,50,1,1,0,2,0,1,0,0,0,0,1,1,-10,5,2017-2018,Regular Season,16,14/01/2018,retabet bilbao basket - divina seguros joventut,99 - 74,Joventut,3,http://www.acb.com/fichas/LACB62138.php,53V
13,0,"Nogues, Jose I.",7:12,3,0,0,0,1,2,50,0,0,0,0,0,0,0,0,0,0,1,0,0,1,0,4,2,2017-2018,Regular Season,16,14/01/2018,retabet bilbao basket - divina seguros joventut,99 - 74,Joventut,3,http://www.acb.com/fichas/LACB62138.php,8C8
14,0,"Ventura, Albert",19:1,5,1,2,50,1,3,33,0,0,0,1,1,0,0,1,1,0,0,0,0,2,2,-17,3,2017-2018,Regular Season,16,14/01/2018,retabet bilbao basket - divina seguros joventut,99 - 74,Joventut,3,http://www.acb.com/fichas/LACB62138.php,718
18,1,"Wayns, Maalik",20:52,11,2,5,40,2,5,40,1,2,50,2,1,1,1,1,4,1,0,0,0,5,2,-26,1,2017-2018,Regular Season,16,14/01/2018,retabet bilbao basket - divina seguros joventut,99 - 74,Joventut,3,http://www.acb.com/fichas/LACB62138.php,56B
21,0,"Gielo, Tomasz",15:29,1,0,1,0,0,0,0,1,2,50,2,1,1,0,0,0,0,0,0,0,2,1,-19,0,2017-2018,Regular Season,16,14/01/2018,retabet bilbao basket - divina seguros joventut,99 - 74,Joventut,3,http://www.acb.com/fichas/LACB62138.php,50Q
0,0,"Gudul, Omari",0,0,0,0,0,0,0,0,0,0,0,0,0,0,0,0,0,0,0,0,0,0,0,0,0,2017-2018,Regular Season,16,14/01/2018,retabet bilbao basket - divina seguros joventut,99 - 74,Joventut,3,http://www.acb.com/fichas/LACB62138.php,0
35,1,"Richard, Patrick",31:56,18,4,9,44,2,5,40,4,4,100,2,2,0,1,1,3,0,0,0,0,4,5,-25,12,2017-2018,Regular Season,16,14/01/2018,retabet bilbao basket - divina seguros joventut,99 - 74,Joventut,3,http://www.acb.com/fichas/LACB62138.php,53U
44,1,"Jordan, Jerome",26:10,12,4,5,80,0,0,0,4,4,100,6,3,3,3,0,0,1,1,0,2,1,4,-10,24,2017-2018,Regular Season,16,14/01/2018,retabet bilbao basket - divina seguros joventut,99 - 74,Joventut,3,http://www.acb.com/fichas/LACB62138.php,D10
0,0,Equipo,0,0,0,0,0,0,0,0,0,0,0,4,4,0,0,0,1,0,0,0,0,0,0,0,3,2017-2018,Regular Season,16,14/01/2018,retabet bilbao basket - divina seguros joventut,99 - 74,0,3,http://www.acb.com/fichas/LACB62138.php,
3,0,"Sabat, Albert",26:46,8,0,0,0,2,6,33,2,2,100,3,1,2,5,4,2,0,0,0,0,0,3,12,17,2017-2018,Regular Season,16,13/01/2018,monbus obradoiro - delteco gbc,69 - 72,Obradoiro,4,http://www.acb.com/fichas/LACB62139.php,B2J
7,0,"Simons, Benjamin",5:34,0,0,0,0,0,2,0,0,0,0,1,1,0,0,0,0,0,0,0,0,1,0,-4,-2,2017-2018,Regular Season,16,13/01/2018,monbus obradoiro - delteco gbc,69 - 72,Obradoiro,4,http://www.acb.com/fichas/LACB62139.php,548
9,1,"Llovet, Nacho",16:23,3,0,3,0,1,1,100,0,0,0,1,1,0,0,0,0,0,0,1,0,1,3,-4,2,2017-2018,Regular Season,16,13/01/2018,monbus obradoiro - delteco gbc,69 - 72,Obradoiro,4,http://www.acb.com/fichas/LACB62139.php,Y7O
11,0,"Radovic, Nemanja",18:3,4,2,7,29,0,0,0,0,2,0,6,3,3,1,0,0,0,0,2,0,2,2,5,2,2017-2018,Regular Season,16,13/01/2018,monbus obradoiro - delteco gbc,69 - 72,Obradoiro,4,http://www.acb.com/fichas/LACB62139.php,H52
13,1,"Pustovyi, Artem",34:47,17,5,10,50,0,0,0,7,7,100,4,1,3,1,0,2,0,1,0,1,3,4,-2,17,2017-2018,Regular Season,16,13/01/2018,monbus obradoiro - delteco gbc,69 - 72,Obradoiro,4,http://www.acb.com/fichas/LACB62139.php,FO1
0,0,"Gomez, Rodrigo",0,0,0,0,0,0,0,0,0,0,0,0,0,0,0,0,0,0,0,0,0,0,0,0,0,2017-2018,Regular Season,16,13/01/2018,monbus obradoiro - delteco gbc,69 - 72,Obradoiro,4,http://www.acb.com/fichas/LACB62139.php,0
16,0,"Spires, Nick",5:13,0,0,4,0,0,0,0,0,0,0,1,1,0,0,0,0,0,0,0,0,3,0,-1,-6,2017-2018,Regular Season,16,13/01/2018,monbus obradoiro - delteco gbc,69 - 72,Obradoiro,4,http://www.acb.com/fichas/LACB62139.php,SCH
20,0,"Navarro, David",21:22,11,1,3,33,3,4,75,0,0,0,3,2,1,1,0,0,0,0,1,0,1,0,14,10,2017-2018,Regular Season,16,13/01/2018,monbus obradoiro - delteco gbc,69 - 72,Obradoiro,4,http://www.acb.com/fichas/LACB62139.php,B8L
22,1,"Bendzius, Eimantas",20:13,2,1,3,33,0,5,0,0,0,0,4,3,1,1,0,0,0,0,1,0,3,1,-13,-3,2017-2018,Regular Season,16,13/01/2018,monbus obradoiro - delteco gbc,69 - 72,Obradoiro,4,http://www.acb.com/fichas/LACB62139.php,FO0
33,1,"Corbacho, A.",18:38,12,0,0,0,4,10,40,0,0,0,0,0,0,1,1,1,0,0,0,0,2,1,-17,6,2017-2018,Regular Season,16,13/01/2018,monbus obradoiro - delteco gbc,69 - 72,Obradoiro,4,http://www.acb.com/fichas/LACB62139.php,B5E
44,1,"Pozas, Pepe",13:14,0,0,2,0,0,3,0,0,0,0,2,2,0,1,0,0,0,1,1,0,3,1,-15,-4,2017-2018,Regular Season,16,13/01/2018,monbus obradoiro - delteco gbc,69 - 72,Obradoiro,4,http://www.acb.com/fichas/LACB62139.php,750
54,0,"Laksa, Martins",19:47,12,0,1,0,4,6,67,0,0,0,1,1,0,0,0,0,0,0,0,0,0,1,10,11,2017-2018,Regular Season,16,13/01/2018,monbus obradoiro - delteco gbc,69 - 72,Obradoiro,4,http://www.acb.com/fichas/LACB62139.php,53A
0,0,Equipo,0,0,0,0,0,0,0,0,0,0,0,6,3,3,0,0,0,0,0,0,0,0,0,0,6,2017-2018,Regular Season,16,13/01/2018,monbus obradoiro - delteco gbc,69 - 72,0,4,http://www.acb.com/fichas/LACB62139.php,
1,0,"Agbelese, Danny",14:17,8,4,4,100,0,0,0,0,0,0,2,0,2,0,0,1,0,1,0,1,1,0,-7,9,2017-2018,Regular Season,16,13/01/2018,monbus obradoiro - delteco gbc,69 - 72,Guipuzcoa,4,http://www.acb.com/fichas/LACB62139.php,D03
0,0,"Chery, Kenny",0,0,0,0,0,0,0,0,0,0,0,0,0,0,0,0,0,0,0,0,0,0,0,0,0,2017-2018,Regular Season,16,13/01/2018,monbus obradoiro - delteco gbc,69 - 72,Guipuzcoa,4,http://www.acb.com/fichas/LACB62139.php,0
4,0,"Van Lacke, Fede",31:24,16,5,7,71,2,2,100,0,0,0,3,3,0,7,1,2,1,0,0,0,1,2,6,24,2017-2018,Regular Season,16,13/01/2018,monbus obradoiro - delteco gbc,69 - 72,Guipuzcoa,4,http://www.acb.com/fichas/LACB62139.php,B3K
5,1,"Perez, Daniel",34:0,12,3,9,33,1,6,17,3,4,75,2,1,1,6,0,2,0,0,0,0,1,2,1,7,2017-2018,Regular Season,16,13/01/2018,monbus obradoiro - delteco gbc,69 - 72,Guipuzcoa,4,http://www.acb.com/fichas/LACB62139.php,Y84
7,0,"Oroz, Xabi",9:0,3,1,1,100,0,0,0,1,1,100,1,1,0,0,0,2,0,0,0,0,1,1,2,2,2017-2018,Regular Season,16,13/01/2018,monbus obradoiro - delteco gbc,69 - 72,Guipuzcoa,4,http://www.acb.com/fichas/LACB62139.php,XDP
10,1,"Salvo, Miquel",19:46,4,1,3,33,0,2,0,2,2,100,6,4,2,0,0,3,0,0,2,0,2,3,2,2,2017-2018,Regular Season,16,13/01/2018,monbus obradoiro - delteco gbc,69 - 72,Guipuzcoa,4,http://www.acb.com/fichas/LACB62139.php,545
17,1,"Fakuade, Michael",21:47,7,1,1,100,1,2,50,2,2,100,7,6,1,0,0,1,0,3,0,0,3,3,8,15,2017-2018,Regular Season,16,13/01/2018,monbus obradoiro - delteco gbc,69 - 72,Guipuzcoa,4,http://www.acb.com/fichas/LACB62139.php,54P
44,1,"Swing, Jordan",25:50,8,3,8,38,0,2,0,2,2,100,6,6,0,0,1,1,0,1,0,0,3,2,-2,7,2017-2018,Regular Season,16,13/01/2018,monbus obradoiro - delteco gbc,69 - 72,Guipuzcoa,4,http://www.acb.com/fichas/LACB62139.php,D07
64,1,"Norel, Henk",25:43,7,3,8,38,0,0,0,1,2,50,7,3,4,3,2,0,0,1,0,0,2,5,10,17,2017-2018,Regular Season,16,13/01/2018,monbus obradoiro - delteco gbc,69 - 72,Guipuzcoa,4,http://www.acb.com/fichas/LACB62139.php,BA0
88,0,"Clark, Daniel",18:13,7,1,4,25,1,2,50,2,2,100,6,6,0,0,0,2,0,0,0,0,2,1,-5,6,2017-2018,Regular Season,16,13/01/2018,monbus obradoiro - delteco gbc,69 - 72,Guipuzcoa,4,http://www.acb.com/fichas/LACB62139.php,BB8
0,0,Equipo,0,0,0,0,0,0,0,0,0,0,0,7,3,4,0,0,0,0,0,0,0,0,0,0,7,2017-2018,Regular Season,16,13/01/2018,monbus obradoiro - delteco gbc,69 - 72,0,4,http://www.acb.com/fichas/LACB62139.php,
0,1,"Fisher, Corey",35:3,11,1,1,100,2,9,22,3,6,50,3,3,0,5,0,3,0,0,0,0,1,6,7,11,2017-2018,Regular Season,16,14/01/2018,san pablo burgos - real betis energia plus,92 - 88,Burgos,5,http://www.acb.com/fichas/LACB62140.php,244
5,0,"Schreiner, Thomas",9:57,0,0,0,0,0,3,0,0,0,0,1,1,0,3,0,1,0,0,0,0,1,1,-3,0,2017-2018,Regular Season,16,14/01/2018,san pablo burgos - real betis energia plus,92 - 88,Burgos,5,http://www.acb.com/fichas/LACB62140.php,2A3
0,0,"Savic, Emil",0,0,0,0,0,0,0,0,0,0,0,0,0,0,0,0,0,0,0,0,0,0,0,0,0,2017-2018,Regular Season,16,14/01/2018,san pablo burgos - real betis energia plus,92 - 88,Burgos,5,http://www.acb.com/fichas/LACB62140.php,0
9,0,"Barrera, Alex",14:1,0,0,1,0,0,3,0,0,0,0,3,2,1,1,1,2,0,0,0,0,1,0,5,-2,2017-2018,Regular Season,16,14/01/2018,san pablo burgos - real betis energia plus,92 - 88,Burgos,5,http://www.acb.com/fichas/LACB62140.php,717
10,0,"Vega, Javier",11:19,0,0,0,0,0,2,0,0,0,0,2,2,0,0,0,1,0,0,0,0,1,1,-3,-1,2017-2018,Regular Season,16,14/01/2018,san pablo burgos - real betis energia plus,92 - 88,Burgos,5,http://www.acb.com/fichas/LACB62140.php,BA6
11,0,"Saiz, Sebas",22:58,15,6,8,75,0,0,0,3,4,75,4,2,2,0,1,1,1,1,1,3,3,4,12,17,2017-2018,Regular Season,16,14/01/2018,san pablo burgos - real betis energia plus,92 - 88,Burgos,5,http://www.acb.com/fichas/LACB62140.php,SDS
0,0,"Jenkins, John",0,0,0,0,0,0,0,0,0,0,0,0,0,0,0,0,0,0,0,0,0,0,0,0,0,2017-2018,Regular Season,16,14/01/2018,san pablo burgos - real betis energia plus,92 - 88,Burgos,5,http://www.acb.com/fichas/LACB62140.php,0
13,1,"Gailius, Deividas",27:31,18,3,4,75,4,9,44,0,2,0,9,7,2,2,0,4,1,0,0,0,2,4,-7,19,2017-2018,Regular Season,16,14/01/2018,san pablo burgos - real betis energia plus,92 - 88,Burgos,5,http://www.acb.com/fichas/LACB62140.php,549
15,0,"Martinez, Edu",16:45,13,2,2,100,3,5,60,0,0,0,4,4,0,2,1,0,0,0,0,0,3,0,21,15,2017-2018,Regular Season,16,14/01/2018,san pablo burgos - real betis energia plus,92 - 88,Burgos,5,http://www.acb.com/fichas/LACB62140.php,Y7W
21,1,"Thompson, Deon",32:1,25,6,8,75,2,5,40,7,8,88,9,5,4,2,0,1,0,0,0,0,4,6,4,31,2017-2018,Regular Season,16,14/01/2018,san pablo burgos - real betis energia plus,92 - 88,Burgos,5,http://www.acb.com/fichas/LACB62140.php,54C
23,1,"Huskic, Goran",22:2,3,1,3,33,0,0,0,1,2,50,4,3,1,5,0,0,0,2,1,0,5,1,-8,6,2017-2018,Regular Season,16,14/01/2018,san pablo burgos - real betis energia plus,92 - 88,Burgos,5,http://www.acb.com/fichas/LACB62140.php,H05
25,1,"Lopez, Alex",33:23,7,0,0,0,1,5,20,4,4,100,4,3,1,6,1,1,0,0,0,0,4,4,-8,13,2017-2018,Regular Season,16,14/01/2018,san pablo burgos - real betis energia plus,92 - 88,Burgos,5,http://www.acb.com/fichas/LACB62140.php,YBF
0,0,Equipo,0,0,0,0,0,0,0,0,0,0,0,0,0,0,0,0,0,0,0,0,0,0,0,0,0,2017-2018,Regular Season,16,14/01/2018,san pablo burgos - real betis energia plus,92 - 88,0,5,http://www.acb.com/fichas/LACB62140.php,
1,1,"Anosike, Oderah",28:13,12,6,10,60,0,0,0,0,3,0,6,3,3,0,2,1,0,0,0,0,5,8,5,15,2017-2018,Regular Season,16,14/01/2018,san pablo burgos - real betis energia plus,92 - 88,Sevilla,5,http://www.acb.com/fichas/LACB62140.php,FPY
4,1,"Draper, Dontaye",31:23,10,1,1,100,2,5,40,2,2,100,1,1,0,7,1,2,1,0,0,0,3,1,5,12,2017-2018,Regular Season,16,14/01/2018,san pablo burgos - real betis energia plus,92 - 88,Sevilla,5,http://www.acb.com/fichas/LACB62140.php,243
5,0,"Sanchez, A.",8:27,0,0,0,0,0,1,0,0,0,0,0,0,0,0,0,0,0,0,0,0,0,1,1,0,2017-2018,Regular Season,16,14/01/2018,san pablo burgos - real betis energia plus,92 - 88,Sevilla,5,http://www.acb.com/fichas/LACB62140.php,B44
6,1,"Nelson, Luke",24:29,5,1,2,50,1,4,25,0,0,0,5,4,1,0,1,1,0,0,1,0,5,0,-19,0,2017-2018,Regular Season,16,14/01/2018,san pablo burgos - real betis energia plus,92 - 88,Sevilla,5,http://www.acb.com/fichas/LACB62140.php,547
0,0,"McGrath, Donnie",0,0,0,0,0,0,0,0,0,0,0,0,0,0,0,0,0,0,0,0,0,0,0,0,0,2017-2018,Regular Season,16,14/01/2018,san pablo burgos - real betis energia plus,92 - 88,Sevilla,5,http://www.acb.com/fichas/LACB62140.php,0
8,0,"Cruz, Ivan",11:42,0,0,1,0,0,2,0,0,0,0,1,1,0,1,1,1,0,0,0,0,2,0,-6,-3,2017-2018,Regular Season,16,14/01/2018,san pablo burgos - real betis energia plus,92 - 88,Sevilla,5,http://www.acb.com/fichas/LACB62140.php,BLL
11,0,"Uriz, Mikel",5:47,2,0,1,0,0,1,0,2,2,100,0,0,0,0,0,1,0,0,1,0,0,2,-12,0,2017-2018,Regular Season,16,14/01/2018,san pablo burgos - real betis energia plus,92 - 88,Sevilla,5,http://www.acb.com/fichas/LACB62140.php,742
15,1,"Schilb, Blake",36:2,23,7,10,70,3,8,38,0,0,0,6,6,0,2,0,2,0,0,0,0,2,2,-11,21,2017-2018,Regular Season,16,14/01/2018,san pablo burgos - real betis energia plus,92 - 88,Sevilla,5,http://www.acb.com/fichas/LACB62140.php,565
25,0,"Zagorac, Rade",8:58,0,0,3,0,0,2,0,0,0,0,2,2,0,0,1,1,0,0,1,0,0,1,7,-3,2017-2018,Regular Season,16,14/01/2018,san pablo burgos - real betis energia plus,92 - 88,Sevilla,5,http://www.acb.com/fichas/LACB62140.php,56G
30,0,"Franch, Josep",22:4,5,1,2,50,1,3,33,0,0,0,2,2,0,4,1,2,0,0,0,0,3,1,9,5,2017-2018,Regular Season,16,14/01/2018,san pablo burgos - real betis energia plus,92 - 88,Sevilla,5,http://www.acb.com/fichas/LACB62140.php,Y79
32,0,"Golubovic, V.",14:37,6,2,2,100,0,0,0,2,3,67,4,3,1,0,1,2,0,0,0,0,4,3,-1,7,2017-2018,Regular Season,16,14/01/2018,san pablo burgos - real betis energia plus,92 - 88,Sevilla,5,http://www.acb.com/fichas/LACB62140.php,004
34,1,"Kelly, Ryan",33:18,25,4,9,44,3,5,60,8,8,100,3,3,0,2,1,1,0,2,0,0,3,6,2,28,2017-2018,Regular Season,16,14/01/2018,san pablo burgos - real betis energia plus,92 - 88,Sevilla,5,http://www.acb.com/fichas/LACB62140.php,54V
0,0,Equipo,0,0,0,0,0,0,0,0,0,0,0,3,1,2,0,0,0,0,0,0,0,0,0,0,3,2017-2018,Regular Season,16,14/01/2018,san pablo burgos - real betis energia plus,92 - 88,0,5,http://www.acb.com/fichas/LACB62140.php,
0,1,"San Miguel, R.",25:59,6,1,3,33,1,2,50,1,2,50,4,4,0,4,2,1,0,0,0,0,3,6,9,14,2017-2018,Regular Season,16,14/01/2018,iberostar tenerife - baskonia,86 - 74,Tenerife,6,http://www.acb.com/fichas/LACB62141.php,B86
7,0,"Niang, Mamadou",12:16,6,3,6,50,0,0,0,0,0,0,1,0,1,0,0,0,0,0,0,2,4,0,-4,0,2017-2018,Regular Season,16,14/01/2018,iberostar tenerife - baskonia,86 - 74,Tenerife,6,http://www.acb.com/fichas/LACB62141.php,SHU
10,0,"Bassas, Ferran",14:1,2,1,1,100,0,1,0,0,0,0,0,0,0,8,0,2,0,0,0,0,2,0,3,5,2017-2018,Regular Season,16,14/01/2018,iberostar tenerife - baskonia,86 - 74,Tenerife,6,http://www.acb.com/fichas/LACB62141.php,714
13,1,"Tobey, Mike",18:35,11,5,9,56,0,1,0,1,2,50,4,2,2,0,1,1,0,1,0,2,1,1,12,10,2017-2018,Regular Season,16,14/01/2018,iberostar tenerife - baskonia,86 - 74,Tenerife,6,http://www.acb.com/fichas/LACB62141.php,530
0,0,"Bonde Sturup, Mads",0,0,0,0,0,0,0,0,0,0,0,0,0,0,0,0,0,0,0,0,0,0,0,0,0,2017-2018,Regular Season,16,14/01/2018,iberostar tenerife - baskonia,86 - 74,Tenerife,6,http://www.acb.com/fichas/LACB62141.php,0
17,0,"Vazquez, Fran",9:9,2,1,4,25,0,0,0,0,0,0,2,1,1,2,0,0,0,0,0,0,3,0,4,0,2017-2018,Regular Season,16,14/01/2018,iberostar tenerife - baskonia,86 - 74,Tenerife,6,http://www.acb.com/fichas/LACB62141.php,A9S
20,1,"Ponitka, Mateusz",26:33,16,5,9,56,1,1,100,3,3,100,5,3,2,1,0,0,0,0,0,0,1,3,12,20,2017-2018,Regular Season,16,14/01/2018,iberostar tenerife - baskonia,86 - 74,Tenerife,6,http://www.acb.com/fichas/LACB62141.php,53W
21,1,"Abromaitis, Tim",29:12,17,1,3,33,3,4,75,6,7,86,5,4,1,1,2,0,1,0,0,1,3,4,21,22,2017-2018,Regular Season,16,14/01/2018,iberostar tenerife - baskonia,86 - 74,Tenerife,6,http://www.acb.com/fichas/LACB62141.php,FOI
25,0,"Allen, Rosco",10:48,8,1,1,100,1,2,50,3,3,100,3,2,1,2,1,0,0,0,0,0,1,2,-9,14,2017-2018,Regular Season,16,14/01/2018,iberostar tenerife - baskonia,86 - 74,Tenerife,6,http://www.acb.com/fichas/LACB62141.php,50I
33,0,"Beiran, Javier",13:57,2,1,1,100,0,2,0,0,0,0,1,1,0,2,1,1,0,0,0,0,1,1,0,3,2017-2018,Regular Season,16,14/01/2018,iberostar tenerife - baskonia,86 - 74,Tenerife,6,http://www.acb.com/fichas/LACB62141.php,BB2
34,1,"White, Davin",15:33,0,0,1,0,0,2,0,0,0,0,2,1,1,5,2,2,0,0,0,0,3,0,5,1,2017-2018,Regular Season,16,14/01/2018,iberostar tenerife - baskonia,86 - 74,Tenerife,6,http://www.acb.com/fichas/LACB62141.php,2B8
77,0,"Vasileiadis, K.",23:57,16,1,2,50,3,6,50,5,5,100,1,1,0,1,1,0,2,0,0,0,2,5,7,18,2017-2018,Regular Season,16,14/01/2018,iberostar tenerife - baskonia,86 - 74,Tenerife,6,http://www.acb.com/fichas/LACB62141.php,BBE
0,0,Equipo,0,0,0,0,0,0,0,0,0,0,0,3,1,2,0,0,1,0,0,0,0,0,0,0,2,2017-2018,Regular Season,16,14/01/2018,iberostar tenerife - baskonia,86 - 74,0,6,http://www.acb.com/fichas/LACB62141.php,
6,1,"Timma, Janis",24:14,0,0,0,0,0,2,0,0,0,0,3,2,1,2,0,2,0,0,0,0,1,0,-16,0,2017-2018,Regular Season,16,14/01/2018,iberostar tenerife - baskonia,86 - 74,Baskonia,6,http://www.acb.com/fichas/LACB62141.php,536
7,0,"Voigtmann, J.",22:28,9,3,5,60,1,2,50,0,0,0,2,0,2,2,0,0,0,0,0,2,4,1,-5,7,2017-2018,Regular Season,16,14/01/2018,iberostar tenerife - baskonia,86 - 74,Baskonia,6,http://www.acb.com/fichas/LACB62141.php,500
9,1,"Huertas, M.",22:23,2,0,2,0,0,1,0,2,2,100,2,2,0,6,0,1,0,0,0,0,0,2,0,8,2017-2018,Regular Season,16,14/01/2018,iberostar tenerife - baskonia,86 - 74,Baskonia,6,http://www.acb.com/fichas/LACB62141.php,B72
10,1,"Beaubois, Rodrigue",27:13,12,4,5,80,1,2,50,1,2,50,4,4,0,1,1,4,1,0,0,0,4,5,-10,12,2017-2018,Regular Season,16,14/01/2018,iberostar tenerife - baskonia,86 - 74,Baskonia,6,http://www.acb.com/fichas/LACB62141.php,50C
11,0,"Janning, Matt",20:21,10,1,1,100,2,4,50,2,2,100,2,2,0,1,1,2,1,0,0,0,2,1,-2,9,2017-2018,Regular Season,16,14/01/2018,iberostar tenerife - baskonia,86 - 74,Baskonia,6,http://www.acb.com/fichas/LACB62141.php,55A
12,0,"Diop, Ilimane",2:56,0,0,0,0,0,0,0,0,0,0,2,1,1,0,0,0,0,0,0,0,1,0,0,1,2017-2018,Regular Season,16,14/01/2018,iberostar tenerife - baskonia,86 - 74,Baskonia,6,http://www.acb.com/fichas/LACB62141.php,800
15,0,"Granger, Jayson",20:48,5,2,3,67,0,4,0,1,1,100,0,0,0,3,0,3,0,0,0,0,3,4,-13,1,2017-2018,Regular Season,16,14/01/2018,iberostar tenerife - baskonia,86 - 74,Baskonia,6,http://www.acb.com/fichas/LACB62141.php,Y6K
17,1,"Poirier, Vincent",14:36,9,2,4,50,0,0,0,5,8,63,2,1,1,0,0,0,0,0,1,1,2,5,-7,8,2017-2018,Regular Season,16,14/01/2018,iberostar tenerife - baskonia,86 - 74,Baskonia,6,http://www.acb.com/fichas/LACB62141.php,539
0,0,"Martinez, Ivan",0,0,0,0,0,0,0,0,0,0,0,0,0,0,0,0,0,0,0,0,0,0,0,0,0,2017-2018,Regular Season,16,14/01/2018,iberostar tenerife - baskonia,86 - 74,Baskonia,6,http://www.acb.com/fichas/LACB62141.php,0
21,1,"Jones, Kevin",14:32,2,0,1,0,0,2,0,2,2,100,4,2,2,1,0,0,0,0,0,0,1,2,-15,5,2017-2018,Regular Season,16,14/01/2018,iberostar tenerife - baskonia,86 - 74,Baskonia,6,http://www.acb.com/fichas/LACB62141.php,56F
23,0,"Shengelia, T.",25:28,25,6,7,86,3,5,60,4,8,50,8,5,3,1,2,2,1,0,0,3,3,4,3,28,2017-2018,Regular Season,16,14/01/2018,iberostar tenerife - baskonia,86 - 74,Baskonia,6,http://www.acb.com/fichas/LACB62141.php,105
29,0,"Garino, Patricio",5:1,0,0,0,0,0,1,0,0,0,0,0,0,0,0,0,0,0,0,0,0,1,0,5,-2,2017-2018,Regular Season,16,14/01/2018,iberostar tenerife - baskonia,86 - 74,Baskonia,6,http://www.acb.com/fichas/LACB62141.php,54M
0,0,Equipo,0,0,0,0,0,0,0,0,0,0,0,2,2,0,0,0,0,0,0,0,0,0,0,0,2,2017-2018,Regular Season,16,14/01/2018,iberostar tenerife - baskonia,86 - 74,0,6,http://www.acb.com/fichas/LACB62141.php,
5,1,"Ribas, Pau",23:5,7,2,2,100,1,7,14,0,0,0,2,1,1,4,1,4,1,0,0,0,1,0,16,3,2017-2018,Regular Season,16,14/01/2018,fc barcelona lassa - unicaja,73 - 76,FC_Barcelona,7,http://www.acb.com/fichas/LACB62142.php,AF1
8,0,"Pressey, Phil",8:43,13,1,1,100,3,4,75,2,4,50,1,1,0,0,1,0,0,0,0,0,1,4,11,15,2017-2018,Regular Season,16,14/01/2018,fc barcelona lassa - unicaja,73 - 76,FC_Barcelona,7,http://www.acb.com/fichas/LACB62142.php,53X
9,1,"Hanga, Adam",29:41,8,1,5,20,2,4,50,0,2,0,7,6,1,6,2,2,0,1,0,0,2,3,-3,15,2017-2018,Regular Season,16,14/01/2018,fc barcelona lassa - unicaja,73 - 76,FC_Barcelona,7,http://www.acb.com/fichas/LACB62142.php,125
11,1,"Navarro, J.C.",7:42,3,0,1,0,1,2,50,0,0,0,1,1,0,1,0,0,0,0,0,0,1,2,2,4,2017-2018,Regular Season,16,14/01/2018,fc barcelona lassa - unicaja,73 - 76,FC_Barcelona,7,http://www.acb.com/fichas/LACB62142.php,A62
13,0,"Heurtel, Thomas",22:7,2,1,3,33,0,2,0,0,2,0,1,1,0,6,0,2,0,0,0,0,2,2,-12,1,2017-2018,Regular Season,16,14/01/2018,fc barcelona lassa - unicaja,73 - 76,FC_Barcelona,7,http://www.acb.com/fichas/LACB62142.php,BJP
14,0,"Vezenkov, A.",14:23,0,0,0,0,0,3,0,0,0,0,2,1,1,1,0,1,0,0,0,0,4,1,-16,-4,2017-2018,Regular Season,16,14/01/2018,fc barcelona lassa - unicaja,73 - 76,FC_Barcelona,7,http://www.acb.com/fichas/LACB62142.php,FOS
18,0,"Oriola, Pierre",29:48,17,7,10,70,0,1,0,3,4,75,6,2,4,2,1,2,1,1,0,0,5,2,3,17,2017-2018,Regular Season,16,14/01/2018,fc barcelona lassa - unicaja,73 - 76,FC_Barcelona,7,http://www.acb.com/fichas/LACB62142.php,BIQ
21,0,"Sanders, Rakim",6:4,0,0,0,0,0,1,0,0,0,0,2,2,0,0,0,0,0,0,0,0,1,1,-5,1,2017-2018,Regular Season,16,14/01/2018,fc barcelona lassa - unicaja,73 - 76,FC_Barcelona,7,http://www.acb.com/fichas/LACB62142.php,53Z
25,0,"Koponen, Petteri",20:37,8,1,1,100,2,6,33,0,0,0,3,1,2,2,0,0,0,0,0,0,0,0,-20,9,2017-2018,Regular Season,16,14/01/2018,fc barcelona lassa - unicaja,73 - 76,FC_Barcelona,7,http://www.acb.com/fichas/LACB62142.php,517
30,1,"Claver, Victor",21:7,7,2,2,100,1,4,25,0,0,0,1,1,0,0,1,2,1,0,0,1,3,2,9,3,2017-2018,Regular Season,16,14/01/2018,fc barcelona lassa - unicaja,73 - 76,FC_Barcelona,7,http://www.acb.com/fichas/LACB62142.php,BAZ
0,0,"Diagne, Atoumane",0,0,0,0,0,0,0,0,0,0,0,0,0,0,0,0,0,0,0,0,0,0,0,0,0,2017-2018,Regular Season,16,14/01/2018,fc barcelona lassa - unicaja,73 - 76,FC_Barcelona,7,http://www.acb.com/fichas/LACB62142.php,0
44,1,"Tomic, Ante",16:43,8,3,7,43,0,0,0,2,2,100,7,5,2,0,1,0,0,0,0,0,1,2,0,13,2017-2018,Regular Season,16,14/01/2018,fc barcelona lassa - unicaja,73 - 76,FC_Barcelona,7,http://www.acb.com/fichas/LACB62142.php,BIY
0,0,Equipo,0,0,0,0,0,0,0,0,0,0,0,2,1,1,0,0,0,0,0,0,0,0,0,0,2,2017-2018,Regular Season,16,14/01/2018,fc barcelona lassa - unicaja,73 - 76,0,7,http://www.acb.com/fichas/LACB62142.php,
0,0,"Okouo, Viny",0,0,0,0,0,0,0,0,0,0,0,0,0,0,0,0,0,0,0,0,0,0,0,0,0,2017-2018,Regular Season,16,14/01/2018,fc barcelona lassa - unicaja,73 - 76,Unicaja,7,http://www.acb.com/fichas/LACB62142.php,0
3,0,"McCallum, Ray",18:10,4,1,3,33,0,2,0,2,2,100,1,1,0,1,0,0,0,0,1,0,3,1,7,-1,2017-2018,Regular Season,16,14/01/2018,fc barcelona lassa - unicaja,73 - 76,Unicaja,7,http://www.acb.com/fichas/LACB62142.php,540
9,1,"Diaz, Alberto",25:0,4,0,3,0,1,3,33,1,2,50,4,2,2,4,3,1,0,0,0,0,3,3,-10,8,2017-2018,Regular Season,16,14/01/2018,fc barcelona lassa - unicaja,73 - 76,Unicaja,7,http://www.acb.com/fichas/LACB62142.php,SHG
10,1,"Salin, Sasu",17:30,3,0,2,0,1,2,50,0,0,0,1,1,0,1,0,0,0,0,0,0,1,3,12,4,2017-2018,Regular Season,16,14/01/2018,fc barcelona lassa - unicaja,73 - 76,Unicaja,7,http://www.acb.com/fichas/LACB62142.php,2IR
11,0,"Diez, Daniel",17:4,8,2,3,67,1,1,100,1,1,100,3,2,1,1,1,1,0,0,0,1,2,1,7,10,2017-2018,Regular Season,16,14/01/2018,fc barcelona lassa - unicaja,73 - 76,Unicaja,7,http://www.acb.com/fichas/LACB62142.php,BLO
12,0,"Milosavljevic, D.",2:58,0,0,0,0,0,0,0,0,0,0,0,0,0,0,0,1,0,0,0,0,0,0,-8,-1,2017-2018,Regular Season,16,14/01/2018,fc barcelona lassa - unicaja,73 - 76,Unicaja,7,http://www.acb.com/fichas/LACB62142.php,53F
16,0,"Nedovic, Nemanja",22:30,10,1,6,17,2,5,40,2,2,100,0,0,0,1,3,2,0,0,1,0,1,4,-9,6,2017-2018,Regular Season,16,14/01/2018,fc barcelona lassa - unicaja,73 - 76,Unicaja,7,http://www.acb.com/fichas/LACB62142.php,2FY
17,1,"Shermadini, Giorgi",17:57,11,5,8,63,0,0,0,1,3,33,9,7,2,3,1,0,1,0,0,0,2,3,7,20,2017-2018,Regular Season,16,14/01/2018,fc barcelona lassa - unicaja,73 - 76,Unicaja,7,http://www.acb.com/fichas/LACB62142.php,H18
21,1,"Waczynski, Adam",16:48,7,3,4,75,0,3,0,1,2,50,1,1,0,0,0,0,0,0,0,0,0,2,10,5,2017-2018,Regular Season,16,14/01/2018,fc barcelona lassa - unicaja,73 - 76,Unicaja,7,http://www.acb.com/fichas/LACB62142.php,1KW
23,1,"Brooks, Jeff",12:52,11,5,6,83,0,1,0,1,1,100,5,4,1,0,1,2,1,0,0,0,2,1,-11,12,2017-2018,Regular Season,16,14/01/2018,fc barcelona lassa - unicaja,73 - 76,Unicaja,7,http://www.acb.com/fichas/LACB62142.php,505
40,0,"Augustine, James",20:11,4,2,3,67,0,0,0,0,0,0,4,3,1,3,1,2,0,0,0,0,4,0,0,5,2017-2018,Regular Season,16,14/01/2018,fc barcelona lassa - unicaja,73 - 76,Unicaja,7,http://www.acb.com/fichas/LACB62142.php,BGJ
43,0,"Suarez, Carlos",29:0,14,4,4,100,0,1,0,6,6,100,8,6,2,4,0,3,0,0,0,0,1,3,10,24,2017-2018,Regular Season,16,14/01/2018,fc barcelona lassa - unicaja,73 - 76,Unicaja,7,http://www.acb.com/fichas/LACB62142.php,B79
0,0,Equipo,0,0,0,0,0,0,0,0,0,0,0,1,0,1,0,0,2,0,0,0,0,0,0,0,-1,2017-2018,Regular Season,16,14/01/2018,fc barcelona lassa - unicaja,73 - 76,0,7,http://www.acb.com/fichas/LACB62142.php,
0,1,"Soko, Ovie",25:27,19,4,8,50,1,3,33,8,8,100,4,4,0,3,1,4,0,0,0,0,3,6,-2,20,2017-2018,Regular Season,16,14/01/2018,ucam murcia - herbalife gran canaria,84 - 78,Murcia,8,http://www.acb.com/fichas/LACB62143.php,50S
3,0,"Urtasun, Alex",6:33,2,1,2,50,0,1,0,0,0,0,0,0,0,0,0,2,0,0,0,0,2,0,-4,-4,2017-2018,Regular Season,16,14/01/2018,ucam murcia - herbalife gran canaria,84 - 78,Murcia,8,http://www.acb.com/fichas/LACB62143.php,BA3
5,0,"Martin, Alberto",6:23,0,0,2,0,0,0,0,0,0,0,0,0,0,3,1,0,0,0,1,0,1,0,9,0,2017-2018,Regular Season,16,14/01/2018,ucam murcia - herbalife gran canaria,84 - 78,Murcia,8,http://www.acb.com/fichas/LACB62143.php,858
8,0,"Benite, Vitor",20:44,16,3,4,75,2,4,50,4,4,100,4,2,2,0,0,0,1,0,0,0,4,3,9,16,2017-2018,Regular Season,16,14/01/2018,ucam murcia - herbalife gran canaria,84 - 78,Murcia,8,http://www.acb.com/fichas/LACB62143.php,FOX
9,0,"Kloof, Charlon",14:57,13,3,5,60,1,2,50,4,4,100,4,2,2,1,0,0,1,0,0,1,5,2,7,12,2017-2018,Regular Season,16,14/01/2018,ucam murcia - herbalife gran canaria,84 - 78,Murcia,8,http://www.acb.com/fichas/LACB62143.php,53N
11,1,"Hannah, Clevin",24:29,13,2,2,100,3,5,60,0,0,0,1,1,0,5,0,0,0,0,0,0,2,4,-1,19,2017-2018,Regular Season,16,14/01/2018,ucam murcia - herbalife gran canaria,84 - 78,Murcia,8,http://www.acb.com/fichas/LACB62143.php,1LQ
12,1,"Oleson, Brad",27:39,10,2,3,67,2,8,25,0,0,0,3,2,1,1,0,0,0,0,0,0,0,2,3,9,2017-2018,Regular Season,16,14/01/2018,ucam murcia - herbalife gran canaria,84 - 78,Murcia,8,http://www.acb.com/fichas/LACB62143.php,BGO
0,0,"Olaizola, Julen",0,0,0,0,0,0,0,0,0,0,0,0,0,0,0,0,0,0,0,0,0,0,0,0,0,2017-2018,Regular Season,16,14/01/2018,ucam murcia - herbalife gran canaria,84 - 78,Murcia,8,http://www.acb.com/fichas/LACB62143.php,0
16,0,"Delia, Marcos",16:4,2,1,4,25,0,0,0,0,0,0,1,0,1,1,0,1,0,0,1,0,0,0,-7,-1,2017-2018,Regular Season,16,14/01/2018,ucam murcia - herbalife gran canaria,84 - 78,Murcia,8,http://www.acb.com/fichas/LACB62143.php,512
24,1,"Tumba, Kevin",23:56,7,3,7,43,0,0,0,1,2,50,11,7,4,0,0,2,0,1,1,3,2,3,13,12,2017-2018,Regular Season,16,14/01/2018,ucam murcia - herbalife gran canaria,84 - 78,Murcia,8,http://www.acb.com/fichas/LACB62143.php,52W
27,1,"Rojas, Sadiel",19:15,1,0,1,0,0,0,0,1,2,50,8,7,1,1,0,2,0,0,0,0,5,1,-5,2,2017-2018,Regular Season,16,14/01/2018,ucam murcia - herbalife gran canaria,84 - 78,Murcia,8,http://www.acb.com/fichas/LACB62143.php,1L3
33,0,"Lukovic, Marko",14:33,1,0,1,0,0,1,0,1,2,50,0,0,0,0,1,0,0,0,0,0,1,1,8,-1,2017-2018,Regular Season,16,14/01/2018,ucam murcia - herbalife gran canaria,84 - 78,Murcia,8,http://www.acb.com/fichas/LACB62143.php,53R
0,0,Equipo,0,0,0,0,0,0,0,0,0,0,0,3,1,2,0,0,0,0,0,0,0,0,0,0,3,2017-2018,Regular Season,16,14/01/2018,ucam murcia - herbalife gran canaria,84 - 78,0,8,http://www.acb.com/fichas/LACB62143.php,
0,0,"Oliver, Albert",0,0,0,0,0,0,0,0,0,0,0,0,0,0,0,0,0,0,0,0,0,0,0,0,0,2017-2018,Regular Season,16,14/01/2018,ucam murcia - herbalife gran canaria,84 - 78,Gran_Canaria,8,http://www.acb.com/fichas/LACB62143.php,0
8,1,"Eriksson, Marcus",22:45,10,1,2,50,2,5,40,2,2,100,5,2,3,0,0,1,0,0,0,0,2,2,-15,10,2017-2018,Regular Season,16,14/01/2018,ucam murcia - herbalife gran canaria,84 - 78,Gran_Canaria,8,http://www.acb.com/fichas/LACB62143.php,118
9,1,"Mekel, Gal",24:12,16,4,6,67,1,4,25,5,5,100,1,1,0,3,2,0,1,0,1,0,4,4,1,16,2017-2018,Regular Season,16,14/01/2018,ucam murcia - herbalife gran canaria,84 - 78,Gran_Canaria,8,http://www.acb.com/fichas/LACB62143.php,53K
10,0,"Brussino, Nico",20:54,9,3,6,50,1,4,25,0,0,0,4,4,0,0,2,1,0,0,0,0,3,2,0,7,2017-2018,Regular Season,16,14/01/2018,ucam murcia - herbalife gran canaria,84 - 78,Gran_Canaria,8,http://www.acb.com/fichas/LACB62143.php,56H
11,0,"Seeley, DJ",26:28,12,1,1,100,2,5,40,4,4,100,0,0,0,3,0,3,0,0,0,0,1,3,1,11,2017-2018,Regular Season,16,14/01/2018,ucam murcia - herbalife gran canaria,84 - 78,Gran_Canaria,8,http://www.acb.com/fichas/LACB62143.php,2IW
12,1,"Balvin, Ondrej",20:12,4,2,2,100,0,0,0,0,3,0,6,5,1,0,0,0,0,1,0,1,2,3,-3,9,2017-2018,Regular Season,16,14/01/2018,ucam murcia - herbalife gran canaria,84 - 78,Gran_Canaria,8,http://www.acb.com/fichas/LACB62143.php,BLE
13,1,"Baez, Eulis",18:50,8,0,4,0,2,3,67,2,2,100,4,2,2,0,1,2,0,0,0,0,4,4,-2,6,2017-2018,Regular Season,16,14/01/2018,ucam murcia - herbalife gran canaria,84 - 78,Gran_Canaria,8,http://www.acb.com/fichas/LACB62143.php,BIH
14,0,"Pasecniks, Anzejs",19:48,7,3,6,50,0,0,0,1,2,50,4,1,3,0,0,1,0,1,0,1,2,3,-3,8,2017-2018,Regular Season,16,14/01/2018,ucam murcia - herbalife gran canaria,84 - 78,Gran_Canaria,8,http://www.acb.com/fichas/LACB62143.php,FQH
21,0,"Pauli, Oriol",10:50,5,1,3,33,0,2,0,3,4,75,5,5,0,0,0,3,0,1,0,0,2,3,-7,4,2017-2018,Regular Season,16,14/01/2018,ucam murcia - herbalife gran canaria,84 - 78,Gran_Canaria,8,http://www.acb.com/fichas/LACB62143.php,SCE
22,1,"Rabaseda, Xavi",14:51,4,2,5,40,0,1,0,0,0,0,2,1,1,1,1,0,2,0,0,0,0,1,2,5,2017-2018,Regular Season,16,14/01/2018,ucam murcia - herbalife gran canaria,84 - 78,Gran_Canaria,8,http://www.acb.com/fichas/LACB62143.php,Y1F
34,0,"Aguilar, Pablo",21:10,3,0,1,0,1,3,33,0,0,0,2,1,1,1,1,1,0,0,0,0,2,0,-4,1,2017-2018,Regular Season,16,14/01/2018,ucam murcia - herbalife gran canaria,84 - 78,Gran_Canaria,8,http://www.acb.com/fichas/LACB62143.php,Y49
0,0,"Fischer, Luke",0,0,0,0,0,0,0,0,0,0,0,0,0,0,0,0,0,0,0,0,0,0,0,0,0,2017-2018,Regular Season,16,14/01/2018,ucam murcia - herbalife gran canaria,84 - 78,Gran_Canaria,8,http://www.acb.com/fichas/LACB62143.php,0
0,0,Equipo,0,0,0,0,0,0,0,0,0,0,0,1,0,1,0,0,0,0,0,0,0,0,0,0,1,2017-2018,Regular Season,16,14/01/2018,ucam murcia - herbalife gran canaria,84 - 78,0,8,http://www.acb.com/fichas/LACB62143.php,
4,1,"Cvetkovic, A.",16:52,3,0,0,0,1,3,33,0,0,0,3,2,1,0,1,3,0,0,1,0,0,5,-6,6,2017-2018,Regular Season,16,14/01/2018,movistar estudiantes - morabanc andorra,81 - 72,Estudiantes,9,http://www.acb.com/fichas/LACB62144.php,50G
6,0,"Hakanson, Ludde",17:44,9,2,2,100,1,4,25,2,2,100,2,2,0,3,1,0,0,0,0,0,2,1,4,11,2017-2018,Regular Season,16,14/01/2018,movistar estudiantes - morabanc andorra,81 - 72,Estudiantes,9,http://www.acb.com/fichas/LACB62144.php,UAE
8,0,"Brizuela, Dario",23:8,10,3,5,60,0,1,0,4,4,100,0,0,0,3,1,0,1,0,0,0,3,2,15,10,2017-2018,Regular Season,16,14/01/2018,movistar estudiantes - morabanc andorra,81 - 72,Estudiantes,9,http://www.acb.com/fichas/LACB62144.php,81E
9,0,"Vicedo, Edgar",12:52,7,3,4,75,0,2,0,1,2,50,6,4,2,1,0,2,1,0,0,1,3,1,-2,6,2017-2018,Regular Season,16,14/01/2018,movistar estudiantes - morabanc andorra,81 - 72,Estudiantes,9,http://www.acb.com/fichas/LACB62144.php,SDT
10,1,"Cook, Omar",22:16,10,1,1,100,2,5,40,2,2,100,1,1,0,2,0,2,0,0,0,0,2,3,5,9,2017-2018,Regular Season,16,14/01/2018,movistar estudiantes - morabanc andorra,81 - 72,Estudiantes,9,http://www.acb.com/fichas/LACB62144.php,BFP
0,0,"Pena, Dagoberto",0,0,0,0,0,0,0,0,0,0,0,0,0,0,0,0,0,0,0,0,0,0,0,0,0,2017-2018,Regular Season,16,14/01/2018,movistar estudiantes - morabanc andorra,81 - 72,Estudiantes,9,http://www.acb.com/fichas/LACB62144.php,0
12,0,"Suton, Goran",15:58,5,1,1,100,1,2,50,0,0,0,3,3,0,1,1,0,0,0,0,0,2,1,-6,8,2017-2018,Regular Season,16,14/01/2018,movistar estudiantes - morabanc andorra,81 - 72,Estudiantes,9,http://www.acb.com/fichas/LACB62144.php,1LM
15,1,"Landesberg, Sylven",27:8,10,3,10,30,0,3,0,4,4,100,9,7,2,3,0,1,1,0,2,0,1,3,11,11,2017-2018,Regular Season,16,14/01/2018,movistar estudiantes - morabanc andorra,81 - 72,Estudiantes,9,http://www.acb.com/fichas/LACB62144.php,541
17,1,"Savane, Sitapha",20:40,5,2,3,67,0,0,0,1,1,100,6,4,2,0,1,1,0,1,0,0,2,1,16,10,2017-2018,Regular Season,16,14/01/2018,movistar estudiantes - morabanc andorra,81 - 72,Estudiantes,9,http://www.acb.com/fichas/LACB62144.php,B3M
21,1,"Brown, Alec",25:51,18,4,9,44,2,4,50,4,4,100,9,8,1,2,1,2,0,2,1,1,3,2,17,21,2017-2018,Regular Season,16,14/01/2018,movistar estudiantes - morabanc andorra,81 - 72,Estudiantes,9,http://www.acb.com/fichas/LACB62144.php,FO4
22,0,"Caner-Medley,N.",17:31,4,1,3,33,0,0,0,2,2,100,1,0,1,1,0,2,0,0,0,0,1,3,-9,4,2017-2018,Regular Season,16,14/01/2018,movistar estudiantes - morabanc andorra,81 - 72,Estudiantes,9,http://www.acb.com/fichas/LACB62144.php,BF4
0,0,"Arteaga, Victor",0,0,0,0,0,0,0,0,0,0,0,0,0,0,0,0,0,0,0,0,0,0,0,0,0,2017-2018,Regular Season,16,14/01/2018,movistar estudiantes - morabanc andorra,81 - 72,Estudiantes,9,http://www.acb.com/fichas/LACB62144.php,0
0,0,Equipo,0,0,0,0,0,0,0,0,0,0,0,0,0,0,0,0,0,0,0,0,0,0,0,0,0,2017-2018,Regular Season,16,14/01/2018,movistar estudiantes - morabanc andorra,81 - 72,0,9,http://www.acb.com/fichas/LACB62144.php,
3,1,"Fernandez, Jaime",21:59,6,3,4,75,0,2,0,0,0,0,3,3,0,5,1,2,0,0,0,0,3,1,-8,8,2017-2018,Regular Season,16,14/01/2018,movistar estudiantes - morabanc andorra,81 - 72,Andorra,9,http://www.acb.com/fichas/LACB62144.php,117
11,0,"Blazic, Jaka",26:57,10,1,4,25,2,5,40,2,3,67,6,5,1,1,0,3,2,0,1,0,2,5,-7,9,2017-2018,Regular Season,16,14/01/2018,movistar estudiantes - morabanc andorra,81 - 72,Andorra,9,http://www.acb.com/fichas/LACB62144.php,FQF
12,1,"Jankovic, Vladimir",20:40,11,1,3,33,2,3,67,3,4,75,4,3,1,0,1,1,0,0,0,0,4,2,6,9,2017-2018,Regular Season,16,14/01/2018,movistar estudiantes - morabanc andorra,81 - 72,Andorra,9,http://www.acb.com/fichas/LACB62144.php,50M
14,1,"Stevic, Oliver",23:42,4,2,5,40,0,0,0,0,0,0,7,5,2,0,0,1,0,1,1,0,3,3,-12,7,2017-2018,Regular Season,16,14/01/2018,movistar estudiantes - morabanc andorra,81 - 72,Andorra,9,http://www.acb.com/fichas/LACB62144.php,170
16,0,"Albicy, Andrew",26:32,16,3,4,75,1,5,20,7,7,100,2,2,0,4,4,1,1,1,0,0,1,4,7,24,2017-2018,Regular Season,16,14/01/2018,movistar estudiantes - morabanc andorra,81 - 72,Andorra,9,http://www.acb.com/fichas/LACB62144.php,502
0,0,"Diagne, Moussa",0,0,0,0,0,0,0,0,0,0,0,0,0,0,0,0,0,0,0,0,0,0,0,0,0,2017-2018,Regular Season,16,14/01/2018,movistar estudiantes - morabanc andorra,81 - 72,Andorra,9,http://www.acb.com/fichas/LACB62144.php,0
22,1,"Shurna, John",23:55,4,1,3,33,0,2,0,2,2,100,3,3,0,0,1,0,1,2,1,0,2,1,-8,4,2017-2018,Regular Season,16,14/01/2018,movistar estudiantes - morabanc andorra,81 - 72,Andorra,9,http://www.acb.com/fichas/LACB62144.php,H36
23,0,"Walker, David",15:1,4,2,3,67,0,3,0,0,0,0,2,0,2,0,0,0,0,0,0,1,3,1,-6,0,2017-2018,Regular Season,16,14/01/2018,movistar estudiantes - morabanc andorra,81 - 72,Andorra,9,http://www.acb.com/fichas/LACB62144.php,513
0,0,"Colom, Guillem",0,0,0,0,0,0,0,0,0,0,0,0,0,0,0,0,0,0,0,0,0,0,0,0,0,2017-2018,Regular Season,16,14/01/2018,movistar estudiantes - morabanc andorra,81 - 72,Andorra,9,http://www.acb.com/fichas/LACB62144.php,0
25,1,"Jelinek, David",20:16,9,2,3,67,1,4,25,2,2,100,1,1,0,0,1,2,0,0,0,0,0,1,-13,6,2017-2018,Regular Season,16,14/01/2018,movistar estudiantes - morabanc andorra,81 - 72,Andorra,9,http://www.acb.com/fichas/LACB62144.php,Y8C
32,0,"Sane, Landing",16:18,8,3,7,43,0,2,0,2,2,100,3,3,0,0,0,1,0,0,0,0,2,1,3,3,2017-2018,Regular Season,16,14/01/2018,movistar estudiantes - morabanc andorra,81 - 72,Andorra,9,http://www.acb.com/fichas/LACB62144.php,56I
34,0,"Copeland, Chris",4:40,0,0,1,0,0,1,0,0,0,0,0,0,0,0,0,1,0,0,0,0,2,0,-7,-5,2017-2018,Regular Season,16,14/01/2018,movistar estudiantes - morabanc andorra,81 - 72,Andorra,9,http://www.acb.com/fichas/LACB62144.php,56C
0,0,Equipo,0,0,0,0,0,0,0,0,0,0,0,1,1,0,0,0,0,0,0,0,0,0,0,0,1,2017-2018,Regular Season,16,14/01/2018,movistar estudiantes - morabanc andorra,81 - 72,0,9,http://www.acb.com/fichas/LACB62144.php,
0,1,"Thomas, Will",22:32,8,3,4,75,0,0,0,2,2,100,6,4,2,1,0,0,0,0,0,1,2,1,12,13,2017-2018,Regular Season,17,21/01/2018,valencia basket club - montakit fuenlabrada,88 - 72,Valencia,10,http://www.acb.com/fichas/LACB62145.php,1L5
6,0,"Abalde, Alberto",20:1,6,1,4,25,0,1,0,4,4,100,1,0,1,3,0,1,0,0,0,0,3,3,0,5,2017-2018,Regular Season,17,21/01/2018,valencia basket club - montakit fuenlabrada,88 - 72,Valencia,10,http://www.acb.com/fichas/LACB62145.php,8C4
9,1,"Van Rossom, Sam",21:17,7,2,4,50,1,3,33,0,0,0,2,1,1,3,0,2,1,0,0,0,2,1,17,5,2017-2018,Regular Season,17,21/01/2018,valencia basket club - montakit fuenlabrada,88 - 72,Valencia,10,http://www.acb.com/fichas/LACB62145.php,BK4
10,0,"Rudez, Damjan",9:30,0,0,0,0,0,2,0,0,0,0,0,0,0,0,0,0,0,0,0,0,0,0,-8,-2,2017-2018,Regular Season,17,21/01/2018,valencia basket club - montakit fuenlabrada,88 - 72,Valencia,10,http://www.acb.com/fichas/LACB62145.php,249
17,1,"Martinez, Rafa",20:40,18,1,3,33,4,6,67,4,4,100,3,2,1,3,1,0,0,0,0,0,0,3,18,24,2017-2018,Regular Season,17,21/01/2018,valencia basket club - montakit fuenlabrada,88 - 72,Valencia,10,http://www.acb.com/fichas/LACB62145.php,A3W
19,0,San Emeterio,18:0,10,0,2,0,2,4,50,4,6,67,2,2,0,0,2,2,0,0,0,0,0,4,-9,10,2017-2018,Regular Season,17,21/01/2018,valencia basket club - montakit fuenlabrada,88 - 72,Valencia,10,http://www.acb.com/fichas/LACB62145.php,A8T
21,1,"Pleiss, Tibor",22:17,9,2,8,25,0,0,0,5,6,83,9,6,3,2,0,1,0,0,0,1,1,7,21,18,2017-2018,Regular Season,17,21/01/2018,valencia basket club - montakit fuenlabrada,88 - 72,Valencia,10,http://www.acb.com/fichas/LACB62145.php,219
30,0,"Sastre, Joan",12:8,0,0,2,0,0,1,0,0,0,0,1,1,0,0,0,0,0,0,1,0,0,0,-3,-3,2017-2018,Regular Season,17,21/01/2018,valencia basket club - montakit fuenlabrada,88 - 72,Valencia,10,http://www.acb.com/fichas/LACB62145.php,Y9O
32,0,"Green, Erick",18:49,17,3,5,60,2,3,67,5,5,100,3,3,0,0,1,1,0,0,0,0,2,6,3,21,2017-2018,Regular Season,17,21/01/2018,valencia basket club - montakit fuenlabrada,88 - 72,Valencia,10,http://www.acb.com/fichas/LACB62145.php,53P
42,1,"Doornekamp, A.",23:20,7,2,4,50,1,2,50,0,0,0,3,2,1,2,0,1,0,0,0,0,2,0,27,6,2017-2018,Regular Season,17,21/01/2018,valencia basket club - montakit fuenlabrada,88 - 72,Valencia,10,http://www.acb.com/fichas/LACB62145.php,501
51,0,"Hlinason, T.",11:26,6,3,5,60,0,0,0,0,0,0,4,2,2,0,0,0,0,0,0,1,5,0,2,3,2017-2018,Regular Season,17,21/01/2018,valencia basket club - montakit fuenlabrada,88 - 72,Valencia,10,http://www.acb.com/fichas/LACB62145.php,55F
0,0,Equipo,0,0,0,0,0,0,0,0,0,0,0,4,2,2,0,0,0,0,0,0,0,0,0,0,4,2017-2018,Regular Season,17,21/01/2018,valencia basket club - montakit fuenlabrada,88 - 72,0,10,http://www.acb.com/fichas/LACB62145.php,
0,0,"Olaseni, Gabriel",15:33,8,3,5,60,0,0,0,2,2,100,3,3,0,0,0,0,1,0,0,0,2,2,-5,9,2017-2018,Regular Season,17,21/01/2018,valencia basket club - montakit fuenlabrada,88 - 72,Fuenlabrada,10,http://www.acb.com/fichas/LACB62145.php,54F
2,0,"Popovic, Marko",27:13,10,1,1,100,2,8,25,2,2,100,2,1,1,4,0,1,1,0,0,0,3,3,-19,9,2017-2018,Regular Season,17,21/01/2018,valencia basket club - montakit fuenlabrada,88 - 72,Fuenlabrada,10,http://www.acb.com/fichas/LACB62145.php,B4P
4,0,"O'Leary, Ian",23:5,2,1,3,33,0,2,0,0,0,0,8,6,2,2,0,0,0,0,0,0,1,1,-14,8,2017-2018,Regular Season,17,21/01/2018,valencia basket club - montakit fuenlabrada,88 - 72,Fuenlabrada,10,http://www.acb.com/fichas/LACB62145.php,258
5,0,"Rupnik, Luka",5:26,4,2,2,100,0,0,0,0,0,0,0,0,0,1,1,1,2,0,0,0,2,0,3,3,2017-2018,Regular Season,17,21/01/2018,valencia basket club - montakit fuenlabrada,88 - 72,Fuenlabrada,10,http://www.acb.com/fichas/LACB62145.php,52N
8,0,"Llorca, Alex",9:23,2,1,2,50,0,0,0,0,0,0,3,2,1,1,0,0,1,0,0,0,2,0,-3,3,2017-2018,Regular Season,17,21/01/2018,valencia basket club - montakit fuenlabrada,88 - 72,Fuenlabrada,10,http://www.acb.com/fichas/LACB62145.php,BFV
9,1,"Sekulic, Blagota",16:41,8,3,5,60,0,0,0,2,2,100,3,2,1,0,0,3,0,0,0,0,4,2,-12,4,2017-2018,Regular Season,17,21/01/2018,valencia basket club - montakit fuenlabrada,88 - 72,Fuenlabrada,10,http://www.acb.com/fichas/LACB62145.php,BD8
11,1,"Cruz, Francisco",26:19,9,1,5,20,2,4,50,1,2,50,2,2,0,2,0,3,0,0,0,0,3,4,-17,4,2017-2018,Regular Season,17,21/01/2018,valencia basket club - montakit fuenlabrada,88 - 72,Fuenlabrada,10,http://www.acb.com/fichas/LACB62145.php,516
13,1,"Smits, Rolands",24:11,10,5,6,83,0,4,0,0,0,0,2,1,1,0,1,0,3,1,0,1,4,1,0,6,2017-2018,Regular Season,17,21/01/2018,valencia basket club - montakit fuenlabrada,88 - 72,Fuenlabrada,10,http://www.acb.com/fichas/LACB62145.php,862
15,1,"Gonzalez, Jose M.",3:18,0,0,0,0,0,0,0,0,0,0,0,0,0,0,0,0,0,0,0,0,0,0,-5,0,2017-2018,Regular Season,17,21/01/2018,valencia basket club - montakit fuenlabrada,88 - 72,Fuenlabrada,10,http://www.acb.com/fichas/LACB62145.php,764
16,1,"Vargas, Gregory",20:1,2,0,1,0,0,1,0,2,4,50,3,2,1,4,0,1,0,0,0,0,4,2,3,2,2017-2018,Regular Season,17,21/01/2018,valencia basket club - montakit fuenlabrada,88 - 72,Fuenlabrada,10,http://www.acb.com/fichas/LACB62145.php,53Q
0,0,"Llorente, Sergio",0,0,0,0,0,0,0,0,0,0,0,0,0,0,0,0,0,0,0,0,0,0,0,0,0,2017-2018,Regular Season,17,21/01/2018,valencia basket club - montakit fuenlabrada,88 - 72,Fuenlabrada,10,http://www.acb.com/fichas/LACB62145.php,0
31,0,"Eyenga, C.",28:50,17,3,7,43,3,6,50,2,2,100,3,2,1,3,4,1,0,0,0,0,1,2,-11,20,2017-2018,Regular Season,17,21/01/2018,valencia basket club - montakit fuenlabrada,88 - 72,Fuenlabrada,10,http://www.acb.com/fichas/LACB62145.php,Y8D
0,0,Equipo,0,0,0,0,0,0,0,0,0,0,0,2,1,1,0,0,2,0,0,0,0,1,0,0,-1,2017-2018,Regular Season,17,21/01/2018,valencia basket club - montakit fuenlabrada,88 - 72,0,10,http://www.acb.com/fichas/LACB62145.php,
3,0,"Vildoza, Luca",14:17,2,0,0,0,0,2,0,2,2,100,1,0,1,5,0,1,0,0,0,0,2,1,7,4,2017-2018,Regular Season,17,21/01/2018,baskonia - real betis energia plus,94 - 70,Baskonia,11,http://www.acb.com/fichas/LACB62146.php,53O
6,1,"Timma, Janis",26:18,15,3,3,100,3,9,33,0,0,0,4,3,1,2,1,2,0,1,0,0,0,1,15,16,2017-2018,Regular Season,17,21/01/2018,baskonia - real betis energia plus,94 - 70,Baskonia,11,http://www.acb.com/fichas/LACB62146.php,536
7,0,"Voigtmann, J.",9:45,3,0,1,0,1,2,50,0,0,0,2,2,0,2,1,2,0,0,0,0,0,0,4,4,2017-2018,Regular Season,17,21/01/2018,baskonia - real betis energia plus,94 - 70,Baskonia,11,http://www.acb.com/fichas/LACB62146.php,500
9,0,"Huertas, M.",13:25,2,0,2,0,0,1,0,2,2,100,0,0,0,5,1,4,0,0,0,0,0,1,12,2,2017-2018,Regular Season,17,21/01/2018,baskonia - real betis energia plus,94 - 70,Baskonia,11,http://www.acb.com/fichas/LACB62146.php,B72
10,0,"Beaubois, Rodrigue",17:40,12,3,3,100,2,4,50,0,0,0,2,2,0,5,0,1,0,1,0,0,0,2,13,19,2017-2018,Regular Season,17,21/01/2018,baskonia - real betis energia plus,94 - 70,Baskonia,11,http://www.acb.com/fichas/LACB62146.php,50C
11,1,"Janning, Matt",18:21,15,3,4,75,3,5,60,0,0,0,2,2,0,0,0,0,3,0,0,0,2,1,11,13,2017-2018,Regular Season,17,21/01/2018,baskonia - real betis energia plus,94 - 70,Baskonia,11,http://www.acb.com/fichas/LACB62146.php,55A
12,0,"Diop, Ilimane",11:23,2,1,2,50,0,0,0,0,0,0,5,4,1,1,1,0,0,0,0,1,3,1,6,6,2017-2018,Regular Season,17,21/01/2018,baskonia - real betis energia plus,94 - 70,Baskonia,11,http://www.acb.com/fichas/LACB62146.php,800
15,1,"Granger, Jayson",27:25,4,1,1,100,0,3,0,2,2,100,2,2,0,4,1,3,2,0,0,0,0,3,13,8,2017-2018,Regular Season,17,21/01/2018,baskonia - real betis energia plus,94 - 70,Baskonia,11,http://www.acb.com/fichas/LACB62146.php,Y6K
17,1,"Poirier, Vincent",18:52,2,0,1,0,0,0,0,2,2,100,7,4,3,2,0,1,0,2,0,0,3,2,14,10,2017-2018,Regular Season,17,21/01/2018,baskonia - real betis energia plus,94 - 70,Baskonia,11,http://www.acb.com/fichas/LACB62146.php,539
19,0,"Martinez, Ivan",2:34,2,1,1,100,0,0,0,0,0,0,0,0,0,0,0,1,0,0,0,0,0,0,1,1,2017-2018,Regular Season,17,21/01/2018,baskonia - real betis energia plus,94 - 70,Baskonia,11,http://www.acb.com/fichas/LACB62146.php,Y7X
21,0,"Jones, Kevin",17:59,13,2,3,67,3,5,60,0,0,0,7,6,1,0,0,0,0,0,0,0,1,0,13,16,2017-2018,Regular Season,17,21/01/2018,baskonia - real betis energia plus,94 - 70,Baskonia,11,http://www.acb.com/fichas/LACB62146.php,56F
23,1,"Shengelia, T.",22:1,22,7,10,70,1,1,100,5,6,83,8,5,3,2,1,1,0,0,0,1,0,6,11,34,2017-2018,Regular Season,17,21/01/2018,baskonia - real betis energia plus,94 - 70,Baskonia,11,http://www.acb.com/fichas/LACB62146.php,105
0,0,Equipo,0,0,0,0,0,0,0,0,0,0,0,1,1,0,0,0,0,0,0,0,0,0,0,0,1,2017-2018,Regular Season,17,21/01/2018,baskonia - real betis energia plus,94 - 70,0,11,http://www.acb.com/fichas/LACB62146.php,
1,1,"Anosike, Oderah",24:28,10,5,11,45,0,0,0,0,0,0,7,4,3,2,0,1,0,0,2,0,2,1,-15,9,2017-2018,Regular Season,17,21/01/2018,baskonia - real betis energia plus,94 - 70,Sevilla,11,http://www.acb.com/fichas/LACB62146.php,FPY
0,0,"Draper, Dontaye",0,0,0,0,0,0,0,0,0,0,0,0,0,0,0,0,0,0,0,0,0,0,0,0,0,2017-2018,Regular Season,17,21/01/2018,baskonia - real betis energia plus,94 - 70,Sevilla,11,http://www.acb.com/fichas/LACB62146.php,0
5,0,"Sanchez, A.",13:26,2,1,2,50,0,1,0,0,0,0,0,0,0,0,1,4,0,0,0,0,1,2,-11,-2,2017-2018,Regular Season,17,21/01/2018,baskonia - real betis energia plus,94 - 70,Sevilla,11,http://www.acb.com/fichas/LACB62146.php,B44
6,1,"Nelson, Luke",24:22,7,2,3,67,1,5,20,0,0,0,1,1,0,2,3,3,0,0,0,0,4,0,-9,1,2017-2018,Regular Season,17,21/01/2018,baskonia - real betis energia plus,94 - 70,Sevilla,11,http://www.acb.com/fichas/LACB62146.php,547
7,0,"McGrath, Donnie",15:16,2,1,1,100,0,3,0,0,0,0,1,1,0,3,0,0,1,0,0,0,2,0,-10,1,2017-2018,Regular Season,17,21/01/2018,baskonia - real betis energia plus,94 - 70,Sevilla,11,http://www.acb.com/fichas/LACB62146.php,FPO
8,0,"Cruz, Ivan",16:47,8,2,4,50,1,3,33,1,2,50,1,1,0,3,1,0,1,0,1,0,2,1,3,6,2017-2018,Regular Season,17,21/01/2018,baskonia - real betis energia plus,94 - 70,Sevilla,11,http://www.acb.com/fichas/LACB62146.php,BLL
11,0,"Uriz, Mikel",16:38,4,1,3,33,0,1,0,2,2,100,1,1,0,4,1,0,1,0,1,0,1,2,-3,7,2017-2018,Regular Season,17,21/01/2018,baskonia - real betis energia plus,94 - 70,Sevilla,11,http://www.acb.com/fichas/LACB62146.php,742
15,1,"Schilb, Blake",26:52,9,3,3,100,1,3,33,0,0,0,0,0,0,1,2,2,0,0,0,0,1,0,-19,7,2017-2018,Regular Season,17,21/01/2018,baskonia - real betis energia plus,94 - 70,Sevilla,11,http://www.acb.com/fichas/LACB62146.php,565
25,0,"Zagorac, Rade",12:54,10,2,4,50,2,2,100,0,0,0,1,0,1,0,0,1,0,0,0,0,3,0,-6,5,2017-2018,Regular Season,17,21/01/2018,baskonia - real betis energia plus,94 - 70,Sevilla,11,http://www.acb.com/fichas/LACB62146.php,56G
30,1,"Franch, Josep",13:26,3,0,3,0,1,2,50,0,0,0,3,2,1,1,1,0,0,0,0,0,1,0,-21,3,2017-2018,Regular Season,17,21/01/2018,baskonia - real betis energia plus,94 - 70,Sevilla,11,http://www.acb.com/fichas/LACB62146.php,Y79
32,0,"Golubovic, V.",8:43,2,1,4,25,0,0,0,0,0,0,1,0,1,0,0,0,0,0,0,0,0,3,-13,3,2017-2018,Regular Season,17,21/01/2018,baskonia - real betis energia plus,94 - 70,Sevilla,11,http://www.acb.com/fichas/LACB62146.php,004
34,1,"Kelly, Ryan",27:8,13,6,8,75,0,4,0,1,1,100,6,6,0,1,1,0,2,0,0,4,1,2,-16,16,2017-2018,Regular Season,17,21/01/2018,baskonia - real betis energia plus,94 - 70,Sevilla,11,http://www.acb.com/fichas/LACB62146.php,54V
0,0,Equipo,0,0,0,0,0,0,0,0,0,0,0,2,1,1,0,0,1,0,0,0,0,0,0,0,1,2017-2018,Regular Season,17,21/01/2018,baskonia - real betis energia plus,94 - 70,0,11,http://www.acb.com/fichas/LACB62146.php,
0,0,"Okouo, Viny",0,0,0,0,0,0,0,0,0,0,0,0,0,0,0,0,0,0,0,0,0,0,0,0,0,2017-2018,Regular Season,17,21/01/2018,unicaja - herbalife gran canaria,94 - 87,Unicaja,12,http://www.acb.com/fichas/LACB62147.php,0
3,0,"McCallum, Ray",21:50,8,4,4,100,0,4,0,0,2,0,2,2,0,3,1,1,2,0,0,0,1,2,-1,8,2017-2018,Regular Season,17,21/01/2018,unicaja - herbalife gran canaria,94 - 87,Unicaja,12,http://www.acb.com/fichas/LACB62147.php,540
9,1,"Diaz, Alberto",18:10,6,0,1,0,2,4,50,0,0,0,0,0,0,4,0,0,0,0,1,0,5,0,8,1,2017-2018,Regular Season,17,21/01/2018,unicaja - herbalife gran canaria,94 - 87,Unicaja,12,http://www.acb.com/fichas/LACB62147.php,SHG
10,0,"Salin, Sasu",21:0,14,3,3,100,2,4,50,2,2,100,2,2,0,1,1,1,1,0,0,0,1,3,-1,17,2017-2018,Regular Season,17,21/01/2018,unicaja - herbalife gran canaria,94 - 87,Unicaja,12,http://www.acb.com/fichas/LACB62147.php,2IR
11,0,"Diez, Daniel",16:33,3,0,0,0,1,5,20,0,0,0,3,2,1,2,0,0,0,0,0,0,0,2,-2,6,2017-2018,Regular Season,17,21/01/2018,unicaja - herbalife gran canaria,94 - 87,Unicaja,12,http://www.acb.com/fichas/LACB62147.php,BLO
0,0,"Milosavljevic, D.",0,0,0,0,0,0,0,0,0,0,0,0,0,0,0,0,0,0,0,0,0,0,0,0,0,2017-2018,Regular Season,17,21/01/2018,unicaja - herbalife gran canaria,94 - 87,Unicaja,12,http://www.acb.com/fichas/LACB62147.php,0
16,1,"Nedovic, Nemanja",27:9,11,4,9,44,1,4,25,0,0,0,2,1,1,10,2,2,1,0,1,1,2,1,14,13,2017-2018,Regular Season,17,21/01/2018,unicaja - herbalife gran canaria,94 - 87,Unicaja,12,http://www.acb.com/fichas/LACB62147.php,2FY
17,0,"Shermadini, Giorgi",26:7,23,7,9,78,0,0,0,9,9,100,5,3,2,0,1,3,0,0,1,1,4,7,4,26,2017-2018,Regular Season,17,21/01/2018,unicaja - herbalife gran canaria,94 - 87,Unicaja,12,http://www.acb.com/fichas/LACB62147.php,H18
21,1,"Waczynski, Adam",15:18,4,1,3,33,0,0,0,2,2,100,2,2,0,1,0,0,0,0,0,0,2,1,3,4,2017-2018,Regular Season,17,21/01/2018,unicaja - herbalife gran canaria,94 - 87,Unicaja,12,http://www.acb.com/fichas/LACB62147.php,1KW
23,1,"Brooks, Jeff",14:45,6,3,5,60,0,0,0,0,0,0,3,2,1,0,0,1,0,1,0,1,1,1,0,7,2017-2018,Regular Season,17,21/01/2018,unicaja - herbalife gran canaria,94 - 87,Unicaja,12,http://www.acb.com/fichas/LACB62147.php,505
40,1,"Augustine, James",13:53,13,6,7,86,0,0,0,1,2,50,8,5,3,0,0,1,1,0,0,1,3,1,3,16,2017-2018,Regular Season,17,21/01/2018,unicaja - herbalife gran canaria,94 - 87,Unicaja,12,http://www.acb.com/fichas/LACB62147.php,BGJ
43,0,"Suarez, Carlos",25:15,6,1,1,100,1,1,100,1,1,100,9,7,2,2,0,2,0,0,0,0,1,1,7,15,2017-2018,Regular Season,17,21/01/2018,unicaja - herbalife gran canaria,94 - 87,Unicaja,12,http://www.acb.com/fichas/LACB62147.php,B79
0,0,Equipo,0,0,0,0,0,0,0,0,0,0,0,0,0,0,0,0,1,0,0,0,0,0,0,0,-1,2017-2018,Regular Season,17,21/01/2018,unicaja - herbalife gran canaria,94 - 87,0,12,http://www.acb.com/fichas/LACB62147.php,
0,0,"Lopez, Javi",0,0,0,0,0,0,0,0,0,0,0,0,0,0,0,0,0,0,0,0,0,0,0,0,0,2017-2018,Regular Season,17,21/01/2018,unicaja - herbalife gran canaria,94 - 87,Gran_Canaria,12,http://www.acb.com/fichas/LACB62147.php,0
8,1,"Eriksson, Marcus",25:54,3,0,2,0,1,7,14,0,0,0,1,0,1,0,0,0,0,0,0,0,1,1,-9,-4,2017-2018,Regular Season,17,21/01/2018,unicaja - herbalife gran canaria,94 - 87,Gran_Canaria,12,http://www.acb.com/fichas/LACB62147.php,118
9,1,"Mekel, Gal",22:44,13,5,9,56,1,1,100,0,0,0,0,0,0,7,0,4,1,0,1,0,3,2,-2,10,2017-2018,Regular Season,17,21/01/2018,unicaja - herbalife gran canaria,94 - 87,Gran_Canaria,12,http://www.acb.com/fichas/LACB62147.php,53K
10,0,"Brussino, Nico",18:32,7,2,3,67,1,4,25,0,0,0,0,0,0,3,0,1,0,0,0,0,2,1,-4,4,2017-2018,Regular Season,17,21/01/2018,unicaja - herbalife gran canaria,94 - 87,Gran_Canaria,12,http://www.acb.com/fichas/LACB62147.php,56H
11,0,"Seeley, DJ",28:17,6,2,8,25,0,3,0,2,3,67,3,2,1,9,0,2,0,0,0,0,2,4,0,8,2017-2018,Regular Season,17,21/01/2018,unicaja - herbalife gran canaria,94 - 87,Gran_Canaria,12,http://www.acb.com/fichas/LACB62147.php,2IW
12,0,"Balvin, Ondrej",26:42,14,7,8,88,0,0,0,0,0,0,6,4,2,1,0,0,1,2,0,4,2,4,3,24,2017-2018,Regular Season,17,21/01/2018,unicaja - herbalife gran canaria,94 - 87,Gran_Canaria,12,http://www.acb.com/fichas/LACB62147.php,BLE
14,0,"Pasecniks, Anzejs",17:45,8,4,5,80,0,1,0,0,2,0,6,4,2,1,1,0,1,1,0,0,3,1,5,11,2017-2018,Regular Season,17,21/01/2018,unicaja - herbalife gran canaria,94 - 87,Gran_Canaria,12,http://www.acb.com/fichas/LACB62147.php,FQH
0,0,"Balcerowski, Olek",0,0,0,0,0,0,0,0,0,0,0,0,0,0,0,0,0,0,0,0,0,0,0,0,0,2017-2018,Regular Season,17,21/01/2018,unicaja - herbalife gran canaria,94 - 87,Gran_Canaria,12,http://www.acb.com/fichas/LACB62147.php,0
22,1,"Rabaseda, Xavi",24:33,12,3,3,100,2,6,33,0,0,0,2,1,1,2,1,0,1,0,0,1,3,1,-6,11,2017-2018,Regular Season,17,21/01/2018,unicaja - herbalife gran canaria,94 - 87,Gran_Canaria,12,http://www.acb.com/fichas/LACB62147.php,Y1F
34,1,"Aguilar, Pablo",23:25,13,5,6,83,0,2,0,3,5,60,8,6,2,2,3,0,1,0,0,2,1,3,-13,23,2017-2018,Regular Season,17,21/01/2018,unicaja - herbalife gran canaria,94 - 87,Gran_Canaria,12,http://www.acb.com/fichas/LACB62147.php,Y49
40,1,"Fischer, Luke",12:8,11,5,6,83,0,0,0,1,3,33,0,0,0,2,1,0,1,0,0,3,2,3,-9,12,2017-2018,Regular Season,17,21/01/2018,unicaja - herbalife gran canaria,94 - 87,Gran_Canaria,12,http://www.acb.com/fichas/LACB62147.php,53I
0,0,Equipo,0,0,0,0,0,0,0,0,0,0,0,3,1,2,0,0,0,0,0,0,0,1,0,0,2,2017-2018,Regular Season,17,21/01/2018,unicaja - herbalife gran canaria,94 - 87,0,12,http://www.acb.com/fichas/LACB62147.php,
2,1,"Thomas, Devin",25:3,5,2,5,40,0,0,0,1,2,50,5,3,2,0,2,0,1,1,2,2,4,2,-4,5,2017-2018,Regular Season,17,21/01/2018,retabet bilbao basket - monbus obradoiro,74 - 84,Bilbao,13,http://www.acb.com/fichas/LACB62148.php,56E
5,0,"Fischer, Ricardo",10:17,3,0,2,0,0,0,0,3,4,75,0,0,0,1,0,1,0,0,1,0,3,2,-18,-2,2017-2018,Regular Season,17,21/01/2018,retabet bilbao basket - monbus obradoiro,74 - 84,Bilbao,13,http://www.acb.com/fichas/LACB62148.php,53G
9,1,"Tabu, Jonathan",29:43,14,1,3,33,4,8,50,0,0,0,3,3,0,5,1,1,0,0,0,0,4,4,8,16,2017-2018,Regular Season,17,21/01/2018,retabet bilbao basket - monbus obradoiro,74 - 84,Bilbao,13,http://www.acb.com/fichas/LACB62148.php,H09
0,0,"Mendia, Borja",0,0,0,0,0,0,0,0,0,0,0,0,0,0,0,0,0,0,0,0,0,0,0,0,0,2017-2018,Regular Season,17,21/01/2018,retabet bilbao basket - monbus obradoiro,74 - 84,Bilbao,13,http://www.acb.com/fichas/LACB62148.php,0
11,1,"Hammink, Shane",16:20,2,1,3,33,0,0,0,0,0,0,3,2,1,2,1,1,0,1,1,0,2,1,1,4,2017-2018,Regular Season,17,21/01/2018,retabet bilbao basket - monbus obradoiro,74 - 84,Bilbao,13,http://www.acb.com/fichas/LACB62148.php,53H
12,0,"Redivo, Lucio",20:23,7,2,2,100,1,4,25,0,1,0,1,1,0,2,0,0,0,0,1,0,2,2,-14,5,2017-2018,Regular Season,17,21/01/2018,retabet bilbao basket - monbus obradoiro,74 - 84,Bilbao,13,http://www.acb.com/fichas/LACB62148.php,538
0,0,"Salgado, Javier",0,0,0,0,0,0,0,0,0,0,0,0,0,0,0,0,0,0,0,0,0,0,0,0,0,2017-2018,Regular Season,17,21/01/2018,retabet bilbao basket - monbus obradoiro,74 - 84,Bilbao,13,http://www.acb.com/fichas/LACB62148.php,0
15,0,"Mumbru, Alex",25:44,10,0,2,0,3,9,33,1,4,25,2,1,1,0,1,1,0,1,1,0,1,6,-11,6,2017-2018,Regular Season,17,21/01/2018,retabet bilbao basket - monbus obradoiro,74 - 84,Bilbao,13,http://www.acb.com/fichas/LACB62148.php,A46
17,1,"Hervelle, Axel",18:39,4,1,1,100,0,1,0,2,2,100,2,2,0,0,2,3,0,0,0,0,4,1,4,1,2017-2018,Regular Season,17,21/01/2018,retabet bilbao basket - monbus obradoiro,74 - 84,Bilbao,13,http://www.acb.com/fichas/LACB62148.php,B6Q
19,0,"Tomas, Pere",15:7,6,0,0,0,2,3,67,0,0,0,0,0,0,2,0,0,0,0,0,0,0,0,-14,7,2017-2018,Regular Season,17,21/01/2018,retabet bilbao basket - monbus obradoiro,74 - 84,Bilbao,13,http://www.acb.com/fichas/LACB62148.php,Y3V
20,1,"Todorovic, Dejan",28:16,21,4,9,44,3,7,43,4,6,67,2,2,0,2,1,0,1,0,1,0,1,4,5,17,2017-2018,Regular Season,17,21/01/2018,retabet bilbao basket - monbus obradoiro,74 - 84,Bilbao,13,http://www.acb.com/fichas/LACB62148.php,10D
22,0,"Vucetic, Vasilije",10:28,2,0,2,0,0,0,0,2,2,100,2,1,1,0,0,0,0,0,1,0,2,1,-7,0,2017-2018,Regular Season,17,21/01/2018,retabet bilbao basket - monbus obradoiro,74 - 84,Bilbao,13,http://www.acb.com/fichas/LACB62148.php,51G
0,0,Equipo,0,0,0,0,0,0,0,0,0,0,0,6,2,4,0,0,0,0,0,0,0,0,0,0,6,2017-2018,Regular Season,17,21/01/2018,retabet bilbao basket - monbus obradoiro,74 - 84,0,13,http://www.acb.com/fichas/LACB62148.php,
3,1,"Sabat, Albert",16:35,0,0,0,0,0,0,0,0,0,0,0,0,0,2,1,2,0,0,0,0,2,1,-3,0,2017-2018,Regular Season,17,21/01/2018,retabet bilbao basket - monbus obradoiro,74 - 84,Obradoiro,13,http://www.acb.com/fichas/LACB62148.php,B2J
7,0,"Simons, Benjamin",0:44,0,0,0,0,0,1,0,0,0,0,0,0,0,0,0,0,0,0,0,0,0,0,2,-1,2017-2018,Regular Season,17,21/01/2018,retabet bilbao basket - monbus obradoiro,74 - 84,Obradoiro,13,http://www.acb.com/fichas/LACB62148.php,548
9,0,"Llovet, Nacho",16:23,8,2,4,50,0,1,0,4,6,67,4,3,1,3,0,0,0,0,0,0,0,4,5,14,2017-2018,Regular Season,17,21/01/2018,retabet bilbao basket - monbus obradoiro,74 - 84,Obradoiro,13,http://www.acb.com/fichas/LACB62148.php,Y7O
11,1,"Radovic, Nemanja",22:1,9,4,5,80,0,1,0,1,1,100,6,5,1,0,1,2,1,0,0,0,4,2,0,10,2017-2018,Regular Season,17,21/01/2018,retabet bilbao basket - monbus obradoiro,74 - 84,Obradoiro,13,http://www.acb.com/fichas/LACB62148.php,H52
13,1,"Pustovyi, Artem",32:36,19,8,12,67,0,1,0,3,3,100,9,7,2,1,1,0,2,4,1,5,5,7,5,30,2017-2018,Regular Season,17,21/01/2018,retabet bilbao basket - monbus obradoiro,74 - 84,Obradoiro,13,http://www.acb.com/fichas/LACB62148.php,FO1
16,0,"Spires, Nick",6:22,8,3,3,100,0,0,0,2,2,100,0,0,0,0,0,0,1,1,0,2,2,1,3,8,2017-2018,Regular Season,17,21/01/2018,retabet bilbao basket - monbus obradoiro,74 - 84,Obradoiro,13,http://www.acb.com/fichas/LACB62148.php,SCH
20,0,"Navarro, David",10:34,0,0,1,0,0,1,0,0,0,0,1,1,0,1,0,0,0,0,0,0,4,1,8,-3,2017-2018,Regular Season,17,21/01/2018,retabet bilbao basket - monbus obradoiro,74 - 84,Obradoiro,13,http://www.acb.com/fichas/LACB62148.php,B8L
21,1,"Thomas, Matt",27:31,17,4,5,80,3,6,50,0,0,0,3,1,2,3,0,3,0,0,1,0,3,1,9,13,2017-2018,Regular Season,17,21/01/2018,retabet bilbao basket - monbus obradoiro,74 - 84,Obradoiro,13,http://www.acb.com/fichas/LACB62148.php,53S
22,0,"Bendzius, Eimantas",20:4,12,1,2,50,2,4,50,4,6,67,3,2,1,0,0,0,0,2,0,0,0,2,17,14,2017-2018,Regular Season,17,21/01/2018,retabet bilbao basket - monbus obradoiro,74 - 84,Obradoiro,13,http://www.acb.com/fichas/LACB62148.php,FO0
33,0,"Corbacho, A.",16:23,6,0,0,0,2,7,29,0,0,0,3,2,1,1,0,1,0,0,0,0,0,0,1,4,2017-2018,Regular Season,17,21/01/2018,retabet bilbao basket - monbus obradoiro,74 - 84,Obradoiro,13,http://www.acb.com/fichas/LACB62148.php,B5E
44,0,"Pozas, Pepe",24:46,3,0,1,0,1,2,50,0,0,0,5,3,2,7,0,6,0,1,0,0,2,4,14,10,2017-2018,Regular Season,17,21/01/2018,retabet bilbao basket - monbus obradoiro,74 - 84,Obradoiro,13,http://www.acb.com/fichas/LACB62148.php,750
54,1,"Laksa, Martins",6:1,2,1,2,50,0,0,0,0,0,0,1,1,0,0,0,1,0,0,1,0,1,0,-11,-1,2017-2018,Regular Season,17,21/01/2018,retabet bilbao basket - monbus obradoiro,74 - 84,Obradoiro,13,http://www.acb.com/fichas/LACB62148.php,53A
0,0,Equipo,0,0,0,0,0,0,0,0,0,0,0,7,5,2,0,0,0,0,0,0,0,0,0,0,7,2017-2018,Regular Season,17,21/01/2018,retabet bilbao basket - monbus obradoiro,74 - 84,0,13,http://www.acb.com/fichas/LACB62148.php,
0,1,"San Miguel, R.",27:10,7,2,3,67,1,5,20,0,0,0,3,3,0,3,1,3,0,0,0,0,2,2,24,6,2017-2018,Regular Season,17,21/01/2018,iberostar tenerife - movistar estudiantes,77 - 59,Tenerife,14,http://www.acb.com/fichas/LACB62149.php,B86
2,0,"Akognon, Josh",1:55,0,0,0,0,0,0,0,0,0,0,0,0,0,0,0,2,0,0,0,0,1,0,-4,-3,2017-2018,Regular Season,17,21/01/2018,iberostar tenerife - movistar estudiantes,77 - 59,Tenerife,14,http://www.acb.com/fichas/LACB62149.php,52J
7,0,"Niang, Mamadou",8:33,6,3,3,100,0,0,0,0,0,0,4,3,1,0,1,0,0,3,0,2,1,0,-2,13,2017-2018,Regular Season,17,21/01/2018,iberostar tenerife - movistar estudiantes,77 - 59,Tenerife,14,http://www.acb.com/fichas/LACB62149.php,SHU
10,0,"Bassas, Ferran",0:22,0,0,0,0,0,0,0,0,0,0,0,0,0,0,0,0,0,0,0,0,0,0,-1,0,2017-2018,Regular Season,17,21/01/2018,iberostar tenerife - movistar estudiantes,77 - 59,Tenerife,14,http://www.acb.com/fichas/LACB62149.php,714
13,1,"Tobey, Mike",17:28,4,2,5,40,0,0,0,0,1,0,9,5,4,0,0,2,0,1,0,1,2,2,15,8,2017-2018,Regular Season,17,21/01/2018,iberostar tenerife - movistar estudiantes,77 - 59,Tenerife,14,http://www.acb.com/fichas/LACB62149.php,530
17,0,"Vazquez, Fran",13:59,2,1,3,33,0,0,0,0,0,0,3,2,1,0,1,1,0,1,0,1,3,0,5,1,2017-2018,Regular Season,17,21/01/2018,iberostar tenerife - movistar estudiantes,77 - 59,Tenerife,14,http://www.acb.com/fichas/LACB62149.php,A9S
20,1,"Ponitka, Mateusz",26:51,22,9,14,64,0,0,0,4,6,67,11,7,4,0,0,1,0,0,1,1,2,8,10,30,2017-2018,Regular Season,17,21/01/2018,iberostar tenerife - movistar estudiantes,77 - 59,Tenerife,14,http://www.acb.com/fichas/LACB62149.php,53W
21,1,"Abromaitis, Tim",22:16,2,1,4,25,0,0,0,0,0,0,3,2,1,0,0,1,1,1,1,0,1,0,13,0,2017-2018,Regular Season,17,21/01/2018,iberostar tenerife - movistar estudiantes,77 - 59,Tenerife,14,http://www.acb.com/fichas/LACB62149.php,FOI
25,0,"Allen, Rosco",17:44,6,0,1,0,1,1,100,3,6,50,3,1,2,2,0,0,1,0,0,0,2,4,5,9,2017-2018,Regular Season,17,21/01/2018,iberostar tenerife - movistar estudiantes,77 - 59,Tenerife,14,http://www.acb.com/fichas/LACB62149.php,50I
33,0,"Beiran, Javier",22:4,7,2,4,50,1,3,33,0,0,0,6,6,0,3,0,1,0,0,0,0,1,1,9,11,2017-2018,Regular Season,17,21/01/2018,iberostar tenerife - movistar estudiantes,77 - 59,Tenerife,14,http://www.acb.com/fichas/LACB62149.php,BB2
34,1,"White, Davin",22:41,15,5,8,63,1,4,25,2,4,50,3,3,0,2,0,0,0,1,0,0,2,3,4,14,2017-2018,Regular Season,17,21/01/2018,iberostar tenerife - movistar estudiantes,77 - 59,Tenerife,14,http://www.acb.com/fichas/LACB62149.php,2B8
77,0,"Vasileiadis, K.",18:57,6,0,1,0,2,5,40,0,0,0,1,1,0,3,4,1,0,0,0,0,2,0,12,7,2017-2018,Regular Season,17,21/01/2018,iberostar tenerife - movistar estudiantes,77 - 59,Tenerife,14,http://www.acb.com/fichas/LACB62149.php,BBE
0,0,Equipo,0,0,0,0,0,0,0,0,0,0,0,1,0,1,0,0,2,0,0,0,0,0,0,0,-1,2017-2018,Regular Season,17,21/01/2018,iberostar tenerife - movistar estudiantes,77 - 59,0,14,http://www.acb.com/fichas/LACB62149.php,
4,1,"Cvetkovic, A.",19:44,10,3,3,100,1,3,33,1,2,50,3,1,2,1,0,0,1,0,2,0,2,5,5,12,2017-2018,Regular Season,17,21/01/2018,iberostar tenerife - movistar estudiantes,77 - 59,Estudiantes,14,http://www.acb.com/fichas/LACB62149.php,50G
6,0,"Hakanson, Ludde",13:19,0,0,1,0,0,1,0,0,0,0,1,1,0,0,0,2,0,0,0,0,1,1,-11,-3,2017-2018,Regular Season,17,21/01/2018,iberostar tenerife - movistar estudiantes,77 - 59,Estudiantes,14,http://www.acb.com/fichas/LACB62149.php,UAE
8,0,"Brizuela, Dario",19:24,5,0,2,0,1,3,33,2,2,100,1,1,0,2,0,1,0,0,0,0,3,2,-16,2,2017-2018,Regular Season,17,21/01/2018,iberostar tenerife - movistar estudiantes,77 - 59,Estudiantes,14,http://www.acb.com/fichas/LACB62149.php,81E
9,0,"Vicedo, Edgar",22:15,8,1,1,100,2,6,33,0,0,0,6,6,0,0,0,0,0,2,0,0,1,0,-4,11,2017-2018,Regular Season,17,21/01/2018,iberostar tenerife - movistar estudiantes,77 - 59,Estudiantes,14,http://www.acb.com/fichas/LACB62149.php,SDT
10,1,"Cook, Omar",23:14,5,0,1,0,1,6,17,2,2,100,1,0,1,2,3,2,0,0,0,0,2,1,-10,2,2017-2018,Regular Season,17,21/01/2018,iberostar tenerife - movistar estudiantes,77 - 59,Estudiantes,14,http://www.acb.com/fichas/LACB62149.php,BFP
11,0,"Pena, Dagoberto",2:3,0,0,0,0,0,0,0,0,0,0,0,0,0,0,0,0,0,0,0,0,0,0,1,0,2017-2018,Regular Season,17,21/01/2018,iberostar tenerife - movistar estudiantes,77 - 59,Estudiantes,14,http://www.acb.com/fichas/LACB62149.php,53E
12,1,"Suton, Goran",20:14,8,2,5,40,1,3,33,1,4,25,5,4,1,2,2,1,1,0,1,0,4,2,-5,5,2017-2018,Regular Season,17,21/01/2018,iberostar tenerife - movistar estudiantes,77 - 59,Estudiantes,14,http://www.acb.com/fichas/LACB62149.php,1LM
15,1,"Landesberg, Sylven",20:1,5,2,3,67,0,2,0,1,4,25,2,2,0,0,0,0,0,0,0,1,3,3,-19,1,2017-2018,Regular Season,17,21/01/2018,iberostar tenerife - movistar estudiantes,77 - 59,Estudiantes,14,http://www.acb.com/fichas/LACB62149.php,541
17,0,"Savane, Sitapha",9:7,4,2,3,67,0,0,0,0,1,0,1,1,0,0,0,1,0,0,1,0,0,2,-10,3,2017-2018,Regular Season,17,21/01/2018,iberostar tenerife - movistar estudiantes,77 - 59,Estudiantes,14,http://www.acb.com/fichas/LACB62149.php,B3M
21,1,"Brown, Alec",18:29,2,1,4,25,0,3,0,0,0,0,2,2,0,0,1,1,0,0,1,0,3,1,-14,-5,2017-2018,Regular Season,17,21/01/2018,iberostar tenerife - movistar estudiantes,77 - 59,Estudiantes,14,http://www.acb.com/fichas/LACB62149.php,FO4
22,0,"Caner-Medley,N.",26:1,8,4,4,100,0,0,0,0,0,0,4,3,1,4,2,1,0,0,0,0,1,1,-7,17,2017-2018,Regular Season,17,21/01/2018,iberostar tenerife - movistar estudiantes,77 - 59,Estudiantes,14,http://www.acb.com/fichas/LACB62149.php,BF4
38,0,"Arteaga, Victor",6:9,4,2,5,40,0,0,0,0,0,0,0,0,0,0,0,0,0,0,2,1,0,1,0,0,2017-2018,Regular Season,17,21/01/2018,iberostar tenerife - movistar estudiantes,77 - 59,Estudiantes,14,http://www.acb.com/fichas/LACB62149.php,768
0,0,Equipo,0,0,0,0,0,0,0,0,0,0,0,2,1,1,0,0,1,0,0,0,0,0,0,0,1,2017-2018,Regular Season,17,21/01/2018,iberostar tenerife - movistar estudiantes,77 - 59,0,14,http://www.acb.com/fichas/LACB62149.php,
4,1,"McCalebb, Bo",30:42,12,3,7,43,1,1,100,3,4,75,2,2,0,2,3,1,0,0,0,0,3,3,-1,13,2017-2018,Regular Season,17,21/01/2018,tecnyconta zaragoza - san pablo burgos,73 - 79,Zaragoza,15,http://www.acb.com/fichas/LACB62150.php,519
5,0,"Triguero, J.",2:14,2,1,1,100,0,0,0,0,0,0,0,0,0,0,0,0,0,0,0,0,0,0,0,2,2017-2018,Regular Season,17,21/01/2018,tecnyconta zaragoza - san pablo burgos,73 - 79,Zaragoza,15,http://www.acb.com/fichas/LACB62150.php,BCC
7,1,"Barreiro, J.",25:25,9,1,2,50,2,5,40,1,3,33,3,3,0,1,0,2,0,0,1,0,2,2,-3,4,2017-2018,Regular Season,17,21/01/2018,tecnyconta zaragoza - san pablo burgos,73 - 79,Zaragoza,15,http://www.acb.com/fichas/LACB62150.php,XEU
9,1,"Dragovic, Nikola",27:38,8,3,3,100,0,4,0,2,2,100,2,2,0,2,0,0,1,0,0,1,2,2,-1,8,2017-2018,Regular Season,17,21/01/2018,tecnyconta zaragoza - san pablo burgos,73 - 79,Zaragoza,15,http://www.acb.com/fichas/LACB62150.php,542
11,0,"Bellas, Tomas",26:44,0,0,1,0,0,1,0,0,0,0,4,3,1,5,0,3,0,0,0,0,1,2,6,5,2017-2018,Regular Season,17,21/01/2018,tecnyconta zaragoza - san pablo burgos,73 - 79,Zaragoza,15,http://www.acb.com/fichas/LACB62150.php,YEF
13,1,"Neal, Gary",30:52,18,1,7,14,4,8,50,4,5,80,2,2,0,3,0,1,4,0,0,0,3,7,0,15,2017-2018,Regular Season,17,21/01/2018,tecnyconta zaragoza - san pablo burgos,73 - 79,Zaragoza,15,http://www.acb.com/fichas/LACB62150.php,BFB
0,0,"Urtasun, Txemi",0,0,0,0,0,0,0,0,0,0,0,0,0,0,0,0,0,0,0,0,0,0,0,0,0,2017-2018,Regular Season,17,21/01/2018,tecnyconta zaragoza - san pablo burgos,73 - 79,Zaragoza,15,http://www.acb.com/fichas/LACB62150.php,0
0,0,"Michalak, Michal",0,0,0,0,0,0,0,0,0,0,0,0,0,0,0,0,0,0,0,0,0,0,0,0,0,2017-2018,Regular Season,17,21/01/2018,tecnyconta zaragoza - san pablo burgos,73 - 79,Zaragoza,15,http://www.acb.com/fichas/LACB62150.php,0
27,0,"De Jong, Nicolas",11:36,4,1,2,50,0,0,0,2,2,100,3,2,1,0,0,0,0,0,0,0,2,1,-3,5,2017-2018,Regular Season,17,21/01/2018,tecnyconta zaragoza - san pablo burgos,73 - 79,Zaragoza,15,http://www.acb.com/fichas/LACB62150.php,54I
32,1,"Varnado, Jarvis",25:53,14,6,9,67,0,0,0,2,4,50,7,6,1,0,1,2,0,0,0,2,5,5,-1,15,2017-2018,Regular Season,17,21/01/2018,tecnyconta zaragoza - san pablo burgos,73 - 79,Zaragoza,15,http://www.acb.com/fichas/LACB62150.php,544
33,0,"Suarez, Alex",7:0,3,0,0,0,1,2,50,0,0,0,0,0,0,0,1,2,0,0,0,0,1,0,-9,0,2017-2018,Regular Season,17,21/01/2018,tecnyconta zaragoza - san pablo burgos,73 - 79,Zaragoza,15,http://www.acb.com/fichas/LACB62150.php,BLI
45,0,"Blums, Janis",11:56,3,1,2,50,0,6,0,1,2,50,1,0,1,0,0,0,1,0,0,0,1,1,-18,-4,2017-2018,Regular Season,17,21/01/2018,tecnyconta zaragoza - san pablo burgos,73 - 79,Zaragoza,15,http://www.acb.com/fichas/LACB62150.php,BG3
0,0,Equipo,0,0,0,0,0,0,0,0,0,0,0,1,1,0,0,0,0,0,0,0,0,0,0,0,1,2017-2018,Regular Season,17,21/01/2018,tecnyconta zaragoza - san pablo burgos,73 - 79,0,15,http://www.acb.com/fichas/LACB62150.php,
0,1,"Fisher, Corey",23:59,7,3,5,60,0,2,0,1,1,100,4,3,1,6,1,2,0,0,0,0,0,3,10,15,2017-2018,Regular Season,17,21/01/2018,tecnyconta zaragoza - san pablo burgos,73 - 79,Burgos,15,http://www.acb.com/fichas/LACB62150.php,244
5,0,"Schreiner, Thomas",16:43,0,0,0,0,0,2,0,0,0,0,3,3,0,1,0,0,0,0,0,0,3,0,-1,-1,2017-2018,Regular Season,17,21/01/2018,tecnyconta zaragoza - san pablo burgos,73 - 79,Burgos,15,http://www.acb.com/fichas/LACB62150.php,2A3
0,0,"Barrera, Alex",0,0,0,0,0,0,0,0,0,0,0,0,0,0,0,0,0,0,0,0,0,0,0,0,0,2017-2018,Regular Season,17,21/01/2018,tecnyconta zaragoza - san pablo burgos,73 - 79,Burgos,15,http://www.acb.com/fichas/LACB62150.php,0
10,0,"Vega, Javier",15:37,3,0,1,0,1,1,100,0,0,0,1,0,1,3,0,2,0,0,0,0,1,2,0,5,2017-2018,Regular Season,17,21/01/2018,tecnyconta zaragoza - san pablo burgos,73 - 79,Burgos,15,http://www.acb.com/fichas/LACB62150.php,BA6
11,0,"Saiz, Sebas",23:53,19,9,9,100,0,0,0,1,2,50,1,0,1,1,0,1,2,1,0,2,3,1,6,18,2017-2018,Regular Season,17,21/01/2018,tecnyconta zaragoza - san pablo burgos,73 - 79,Burgos,15,http://www.acb.com/fichas/LACB62150.php,SDS
12,1,"Jenkins, John",27:55,18,7,9,78,0,2,0,4,4,100,2,1,1,0,0,3,2,0,0,0,4,4,15,13,2017-2018,Regular Season,17,21/01/2018,tecnyconta zaragoza - san pablo burgos,73 - 79,Burgos,15,http://www.acb.com/fichas/LACB62150.php,56D
13,0,"Gailius, Deividas",21:16,9,3,7,43,1,4,25,0,0,0,6,6,0,2,0,0,1,0,0,0,1,2,-3,11,2017-2018,Regular Season,17,21/01/2018,tecnyconta zaragoza - san pablo burgos,73 - 79,Burgos,15,http://www.acb.com/fichas/LACB62150.php,549
15,1,"Martinez, Edu",17:5,3,0,0,0,1,3,33,0,0,0,1,1,0,0,0,0,0,0,0,0,2,0,2,0,2017-2018,Regular Season,17,21/01/2018,tecnyconta zaragoza - san pablo burgos,73 - 79,Burgos,15,http://www.acb.com/fichas/LACB62150.php,Y7W
21,1,"Thompson, Deon",23:41,4,2,5,40,0,0,0,0,0,0,9,8,1,0,1,1,1,0,0,1,5,2,3,7,2017-2018,Regular Season,17,21/01/2018,tecnyconta zaragoza - san pablo burgos,73 - 79,Burgos,15,http://www.acb.com/fichas/LACB62150.php,54C
23,1,"Huskic, Goran",15:49,7,2,3,67,0,1,0,3,5,60,4,4,0,0,0,3,0,0,0,0,2,4,0,6,2017-2018,Regular Season,17,21/01/2018,tecnyconta zaragoza - san pablo burgos,73 - 79,Burgos,15,http://www.acb.com/fichas/LACB62150.php,H05
25,0,"Lopez, Alex",14:2,9,3,3,100,0,2,0,3,4,75,5,5,0,1,0,3,0,0,0,0,3,2,-2,8,2017-2018,Regular Season,17,21/01/2018,tecnyconta zaragoza - san pablo burgos,73 - 79,Burgos,15,http://www.acb.com/fichas/LACB62150.php,YBF
0,0,Equipo,0,0,0,0,0,0,0,0,0,0,0,5,4,1,0,0,0,0,0,0,0,0,0,0,5,2017-2018,Regular Season,17,21/01/2018,tecnyconta zaragoza - san pablo burgos,73 - 79,0,15,http://www.acb.com/fichas/LACB62150.php,
1,0,"Agbelese, Danny",11:7,6,2,2,100,0,0,0,2,5,40,2,1,1,0,0,1,0,1,0,1,4,4,-3,5,2017-2018,Regular Season,17,21/01/2018,delteco gbc - real madrid,84 - 98,Guipuzcoa,16,http://www.acb.com/fichas/LACB62151.php,D03
3,1,"Chery, Kenny",31:22,18,5,12,42,2,4,50,2,2,100,3,3,0,5,1,2,0,0,1,0,4,1,-8,12,2017-2018,Regular Season,17,21/01/2018,delteco gbc - real madrid,84 - 98,Guipuzcoa,16,http://www.acb.com/fichas/LACB62151.php,51A
4,1,"Van Lacke, Fede",27:50,7,1,3,33,1,5,20,2,2,100,5,3,2,2,1,2,0,0,0,0,3,4,4,8,2017-2018,Regular Season,17,21/01/2018,delteco gbc - real madrid,84 - 98,Guipuzcoa,16,http://www.acb.com/fichas/LACB62151.php,B3K
0,0,"Perez, Daniel",0,0,0,0,0,0,0,0,0,0,0,0,0,0,0,0,0,0,0,0,0,0,0,0,0,2017-2018,Regular Season,17,21/01/2018,delteco gbc - real madrid,84 - 98,Guipuzcoa,16,http://www.acb.com/fichas/LACB62151.php,0
7,0,"Oroz, Xabi",21:33,2,1,3,33,0,2,0,0,0,0,1,1,0,1,0,1,0,0,2,0,1,0,-13,-4,2017-2018,Regular Season,17,21/01/2018,delteco gbc - real madrid,84 - 98,Guipuzcoa,16,http://www.acb.com/fichas/LACB62151.php,XDP
10,1,"Salvo, Miquel",20:9,7,3,3,100,0,1,0,1,2,50,1,1,0,0,0,1,0,1,0,0,1,3,-6,8,2017-2018,Regular Season,17,21/01/2018,delteco gbc - real madrid,84 - 98,Guipuzcoa,16,http://www.acb.com/fichas/LACB62151.php,545
14,0,"Sanz, Mikel",1:37,0,0,0,0,0,1,0,0,0,0,0,0,0,1,0,0,0,0,0,0,0,0,0,0,2017-2018,Regular Season,17,21/01/2018,delteco gbc - real madrid,84 - 98,Guipuzcoa,16,http://www.acb.com/fichas/LACB62151.php,54W
15,0,"Beraza, Xabier",3:24,0,0,2,0,0,0,0,0,0,0,0,0,0,0,2,1,0,0,0,0,2,0,-2,-3,2017-2018,Regular Season,17,21/01/2018,delteco gbc - real madrid,84 - 98,Guipuzcoa,16,http://www.acb.com/fichas/LACB62151.php,55B
17,1,"Fakuade, Michael",19:51,6,0,2,0,2,4,50,0,0,0,5,3,2,1,0,0,0,0,0,0,2,3,5,9,2017-2018,Regular Season,17,21/01/2018,delteco gbc - real madrid,84 - 98,Guipuzcoa,16,http://www.acb.com/fichas/LACB62151.php,54P
44,0,"Swing, Jordan",19:5,7,3,5,60,0,0,0,1,2,50,6,4,2,0,0,5,0,0,0,0,3,2,-19,4,2017-2018,Regular Season,17,21/01/2018,delteco gbc - real madrid,84 - 98,Guipuzcoa,16,http://www.acb.com/fichas/LACB62151.php,D07
64,1,"Norel, Henk",25:29,22,10,16,63,0,1,0,2,4,50,10,4,6,0,0,0,0,0,1,0,3,3,-9,22,2017-2018,Regular Season,17,21/01/2018,delteco gbc - real madrid,84 - 98,Guipuzcoa,16,http://www.acb.com/fichas/LACB62151.php,BA0
88,0,"Clark, Daniel",18:33,9,2,4,50,1,3,33,2,2,100,3,2,1,2,0,1,0,0,0,1,0,1,-19,10,2017-2018,Regular Season,17,21/01/2018,delteco gbc - real madrid,84 - 98,Guipuzcoa,16,http://www.acb.com/fichas/LACB62151.php,BB8
0,0,Equipo,0,0,0,0,0,0,0,0,0,0,0,3,1,2,0,0,0,0,0,0,0,0,0,0,3,2017-2018,Regular Season,17,21/01/2018,delteco gbc - real madrid,84 - 98,0,16,http://www.acb.com/fichas/LACB62151.php,
0,0,"Causeur, Fabien",0,0,0,0,0,0,0,0,0,0,0,0,0,0,0,0,0,0,0,0,0,0,0,0,0,2017-2018,Regular Season,17,21/01/2018,delteco gbc - real madrid,84 - 98,Real_Madrid,16,http://www.acb.com/fichas/LACB62151.php,0
2,0,"Randle, Chasson",11:9,8,2,2,100,1,3,33,1,1,100,0,0,0,1,1,0,2,0,0,0,2,1,1,7,2017-2018,Regular Season,17,21/01/2018,delteco gbc - real madrid,84 - 98,Real_Madrid,16,http://www.acb.com/fichas/LACB62151.php,566
5,0,"Fernandez, Rudy",21:15,8,1,2,50,2,6,33,0,1,0,4,4,0,2,0,3,1,0,0,0,0,1,11,6,2017-2018,Regular Season,17,21/01/2018,delteco gbc - real madrid,84 - 98,Real_Madrid,16,http://www.acb.com/fichas/LACB62151.php,B0X
6,0,"Radoncic, Dino",1:37,0,0,1,0,0,0,0,0,0,0,0,0,0,0,0,0,0,0,0,0,0,0,0,-1,2017-2018,Regular Season,17,21/01/2018,delteco gbc - real madrid,84 - 98,Real_Madrid,16,http://www.acb.com/fichas/LACB62151.php,FQI
8,0,"Maciulis, Jonas",14:0,4,2,3,67,0,2,0,0,0,0,2,2,0,1,5,1,2,0,0,1,1,0,13,7,2017-2018,Regular Season,17,21/01/2018,delteco gbc - real madrid,84 - 98,Real_Madrid,16,http://www.acb.com/fichas/LACB62151.php,1L9
9,0,"Reyes, Felipe",12:42,12,4,6,67,0,0,0,4,4,100,4,1,3,0,0,1,0,0,1,0,3,6,3,15,2017-2018,Regular Season,17,21/01/2018,delteco gbc - real madrid,84 - 98,Real_Madrid,16,http://www.acb.com/fichas/LACB62151.php,A1M
11,1,"Campazzo, Facu",28:44,7,1,3,33,1,3,33,2,4,50,2,1,1,5,3,2,0,1,0,0,1,2,14,11,2017-2018,Regular Season,17,21/01/2018,delteco gbc - real madrid,84 - 98,Real_Madrid,16,http://www.acb.com/fichas/LACB62151.php,1LU
16,1,"Yusta, Santiago",18:15,5,1,5,20,1,2,50,0,0,0,3,3,0,4,0,1,0,0,1,0,2,0,6,3,2017-2018,Regular Season,17,21/01/2018,delteco gbc - real madrid,84 - 98,Real_Madrid,16,http://www.acb.com/fichas/LACB62151.php,1E4
20,1,"Carroll, Jaycee",20:29,28,2,3,67,7,10,70,3,3,100,2,2,0,0,0,1,1,0,0,0,3,4,3,26,2017-2018,Regular Season,17,21/01/2018,delteco gbc - real madrid,84 - 98,Real_Madrid,16,http://www.acb.com/fichas/LACB62151.php,BGZ
22,1,"Tavares, W.",27:18,4,0,0,0,0,0,0,4,4,100,7,3,4,1,0,1,0,3,0,0,3,5,11,16,2017-2018,Regular Season,17,21/01/2018,delteco gbc - real madrid,84 - 98,Real_Madrid,16,http://www.acb.com/fichas/LACB62151.php,T2Z
33,1,"Thompkins, Trey",24:30,11,3,4,75,1,4,25,2,2,100,3,3,0,0,0,1,1,0,0,0,3,1,0,7,2017-2018,Regular Season,17,21/01/2018,delteco gbc - real madrid,84 - 98,Real_Madrid,16,http://www.acb.com/fichas/LACB62151.php,FQ1
44,0,"Taylor, Jeffery",20:1,11,3,3,100,1,2,50,2,4,50,2,2,0,0,1,2,1,0,0,1,3,3,8,9,2017-2018,Regular Season,17,21/01/2018,delteco gbc - real madrid,84 - 98,Real_Madrid,16,http://www.acb.com/fichas/LACB62151.php,FQ3
0,0,Equipo,0,0,0,0,0,0,0,0,0,0,0,2,1,1,0,0,0,0,0,0,0,0,0,0,2,2017-2018,Regular Season,17,21/01/2018,delteco gbc - real madrid,84 - 98,0,16,http://www.acb.com/fichas/LACB62151.php,
3,0,"Fernandez, Jaime",19:51,18,4,7,57,1,2,50,7,10,70,0,0,0,6,1,1,0,0,1,0,5,8,-7,19,2017-2018,Regular Season,17,21/01/2018,morabanc andorra - fc barcelona lassa,102 - 92,Andorra,17,http://www.acb.com/fichas/LACB62152.php,117
11,0,"Blazic, Jaka",22:8,20,3,8,38,1,2,50,11,12,92,3,3,0,1,0,2,2,0,0,0,3,6,0,18,2017-2018,Regular Season,17,21/01/2018,morabanc andorra - fc barcelona lassa,102 - 92,Andorra,17,http://www.acb.com/fichas/LACB62152.php,FQF
12,0,"Jankovic, Vladimir",20:30,5,2,2,100,0,3,0,1,2,50,5,5,0,1,1,3,0,2,0,0,3,2,-19,6,2017-2018,Regular Season,17,21/01/2018,morabanc andorra - fc barcelona lassa,102 - 92,Andorra,17,http://www.acb.com/fichas/LACB62152.php,50M
14,0,"Stevic, Oliver",11:0,6,3,3,100,0,0,0,0,0,0,2,2,0,0,0,1,0,0,0,0,3,0,5,4,2017-2018,Regular Season,17,21/01/2018,morabanc andorra - fc barcelona lassa,102 - 92,Andorra,17,http://www.acb.com/fichas/LACB62152.php,170
16,1,"Albicy, Andrew",24:16,6,0,0,0,2,4,50,0,0,0,3,3,0,5,0,2,0,0,0,0,4,3,8,9,2017-2018,Regular Season,17,21/01/2018,morabanc andorra - fc barcelona lassa,102 - 92,Andorra,17,http://www.acb.com/fichas/LACB62152.php,502
21,0,"Diagne, Moussa",8:35,8,4,5,80,0,0,0,0,1,0,2,0,2,0,0,0,0,0,0,3,2,1,2,7,2017-2018,Regular Season,17,21/01/2018,morabanc andorra - fc barcelona lassa,102 - 92,Andorra,17,http://www.acb.com/fichas/LACB62152.php,17T
22,1,"Shurna, John",27:21,10,2,4,50,2,5,40,0,0,0,5,3,2,0,1,2,1,0,1,0,1,0,18,7,2017-2018,Regular Season,17,21/01/2018,morabanc andorra - fc barcelona lassa,102 - 92,Andorra,17,http://www.acb.com/fichas/LACB62152.php,H36
23,1,"Walker, David",28:22,5,1,1,100,1,1,100,0,1,0,3,3,0,2,0,1,0,1,0,1,2,2,20,9,2017-2018,Regular Season,17,21/01/2018,morabanc andorra - fc barcelona lassa,102 - 92,Andorra,17,http://www.acb.com/fichas/LACB62152.php,513
24,0,"Colom, Guillem",1:36,0,0,0,0,0,0,0,0,0,0,1,1,0,0,0,0,0,0,0,0,0,0,3,1,2017-2018,Regular Season,17,21/01/2018,morabanc andorra - fc barcelona lassa,102 - 92,Andorra,17,http://www.acb.com/fichas/LACB62152.php,2A5
25,1,"Jelinek, David",18:16,7,1,4,25,0,1,0,5,5,100,3,3,0,1,1,2,0,0,0,0,2,2,11,6,2017-2018,Regular Season,17,21/01/2018,morabanc andorra - fc barcelona lassa,102 - 92,Andorra,17,http://www.acb.com/fichas/LACB62152.php,Y8C
32,1,"Sane, Landing",18:5,17,1,1,100,4,5,80,3,3,100,2,2,0,2,0,0,1,2,0,0,3,3,9,22,2017-2018,Regular Season,17,21/01/2018,morabanc andorra - fc barcelona lassa,102 - 92,Andorra,17,http://www.acb.com/fichas/LACB62152.php,56I
0,0,"Copeland, Chris",0,0,0,0,0,0,0,0,0,0,0,0,0,0,0,0,0,0,0,0,0,0,0,0,0,2017-2018,Regular Season,17,21/01/2018,morabanc andorra - fc barcelona lassa,102 - 92,Andorra,17,http://www.acb.com/fichas/LACB62152.php,0
0,0,Equipo,0,0,0,0,0,0,0,0,0,0,0,2,2,0,0,0,0,0,0,0,0,0,0,0,2,2017-2018,Regular Season,17,21/01/2018,morabanc andorra - fc barcelona lassa,102 - 92,0,17,http://www.acb.com/fichas/LACB62152.php,
0,0,"Ribas, Pau",0,0,0,0,0,0,0,0,0,0,0,0,0,0,0,0,0,0,0,0,0,0,0,0,0,2017-2018,Regular Season,17,21/01/2018,morabanc andorra - fc barcelona lassa,102 - 92,FC_Barcelona,17,http://www.acb.com/fichas/LACB62152.php,0
8,0,"Pressey, Phil",11:3,9,3,5,60,0,2,0,3,6,50,2,2,0,0,0,1,1,0,0,0,1,4,-8,6,2017-2018,Regular Season,17,21/01/2018,morabanc andorra - fc barcelona lassa,102 - 92,FC_Barcelona,17,http://www.acb.com/fichas/LACB62152.php,53X
9,1,"Hanga, Adam",34:20,16,3,6,50,2,4,50,4,4,100,3,2,1,1,1,0,0,2,0,1,5,5,-3,18,2017-2018,Regular Season,17,21/01/2018,morabanc andorra - fc barcelona lassa,102 - 92,FC_Barcelona,17,http://www.acb.com/fichas/LACB62152.php,125
13,1,"Heurtel, Thomas",31:2,19,5,10,50,3,8,38,0,2,0,5,3,2,8,0,5,0,0,2,0,4,2,-2,11,2017-2018,Regular Season,17,21/01/2018,morabanc andorra - fc barcelona lassa,102 - 92,FC_Barcelona,17,http://www.acb.com/fichas/LACB62152.php,BJP
14,1,"Vezenkov, A.",18:30,11,3,4,75,1,2,50,2,2,100,4,3,1,1,0,0,0,0,0,0,1,2,-25,15,2017-2018,Regular Season,17,21/01/2018,morabanc andorra - fc barcelona lassa,102 - 92,FC_Barcelona,17,http://www.acb.com/fichas/LACB62152.php,FOS
17,0,"Kurucs, Rodions",14:32,6,0,0,0,2,3,67,0,0,0,1,1,0,0,3,1,0,0,0,0,5,0,11,3,2017-2018,Regular Season,17,21/01/2018,morabanc andorra - fc barcelona lassa,102 - 92,FC_Barcelona,17,http://www.acb.com/fichas/LACB62152.php,FXJ
18,0,"Oriola, Pierre",31:54,14,6,7,86,0,2,0,2,2,100,8,5,3,0,0,1,0,1,0,0,3,5,9,21,2017-2018,Regular Season,17,21/01/2018,morabanc andorra - fc barcelona lassa,102 - 92,FC_Barcelona,17,http://www.acb.com/fichas/LACB62152.php,BIQ
21,1,"Sanders, Rakim",15:13,1,0,6,0,0,0,0,1,2,50,2,0,2,1,0,2,0,0,2,0,4,3,-18,-8,2017-2018,Regular Season,17,21/01/2018,morabanc andorra - fc barcelona lassa,102 - 92,FC_Barcelona,17,http://www.acb.com/fichas/LACB62152.php,53Z
25,0,"Koponen, Petteri",17:39,6,1,2,50,1,3,33,1,4,25,2,2,0,2,1,1,0,0,0,0,3,3,-4,4,2017-2018,Regular Season,17,21/01/2018,morabanc andorra - fc barcelona lassa,102 - 92,FC_Barcelona,17,http://www.acb.com/fichas/LACB62152.php,517
30,0,"Claver, Victor",13:54,4,1,1,100,0,2,0,2,2,100,1,1,0,0,0,0,0,0,0,0,1,1,7,3,2017-2018,Regular Season,17,21/01/2018,morabanc andorra - fc barcelona lassa,102 - 92,FC_Barcelona,17,http://www.acb.com/fichas/LACB62152.php,BAZ
0,0,"Diagne, Atoumane",0,0,0,0,0,0,0,0,0,0,0,0,0,0,0,0,0,0,0,0,0,0,0,0,0,2017-2018,Regular Season,17,21/01/2018,morabanc andorra - fc barcelona lassa,102 - 92,FC_Barcelona,17,http://www.acb.com/fichas/LACB62152.php,0
44,1,"Tomic, Ante",11:53,6,1,4,25,0,0,0,4,6,67,5,2,3,3,0,1,0,0,1,1,1,3,-17,9,2017-2018,Regular Season,17,21/01/2018,morabanc andorra - fc barcelona lassa,102 - 92,FC_Barcelona,17,http://www.acb.com/fichas/LACB62152.php,BIY
0,0,Equipo,0,0,0,0,0,0,0,0,0,0,0,5,3,2,0,0,2,0,0,0,0,1,0,0,2,2017-2018,Regular Season,17,21/01/2018,morabanc andorra - fc barcelona lassa,102 - 92,0,17,http://www.acb.com/fichas/LACB62152.php,
0,0,"Dimitrijevic, N.",18:59,14,3,4,75,0,1,0,8,8,100,0,0,0,4,3,3,3,0,0,0,4,4,5,16,2017-2018,Regular Season,17,21/01/2018,divina seguros joventut - ucam murcia,62 - 71,Joventut,18,http://www.acb.com/fichas/LACB62153.php,2CP
2,0,"Birgander, Simon",8:28,0,0,1,0,0,0,0,0,0,0,2,1,1,1,0,0,0,0,0,0,0,0,-9,2,2017-2018,Regular Season,17,21/01/2018,divina seguros joventut - ucam murcia,62 - 71,Joventut,18,http://www.acb.com/fichas/LACB62153.php,53J
6,0,"Lopez-Arostegui, X",13:6,3,0,0,0,1,2,50,0,0,0,1,1,0,1,3,2,0,0,0,0,1,2,10,6,2017-2018,Regular Season,17,21/01/2018,divina seguros joventut - ucam murcia,62 - 71,Joventut,18,http://www.acb.com/fichas/LACB62153.php,1BA
9,1,"Vidal, Sergi",25:6,7,2,3,67,0,1,0,3,4,75,4,4,0,1,1,1,1,0,1,0,2,5,-13,11,2017-2018,Regular Season,17,21/01/2018,divina seguros joventut - ucam murcia,62 - 71,Joventut,18,http://www.acb.com/fichas/LACB62153.php,A4B
12,0,"Kulvietis, Saulius",16:58,4,1,2,50,0,2,0,2,4,50,3,2,1,0,0,1,0,1,0,0,2,3,2,3,2017-2018,Regular Season,17,21/01/2018,divina seguros joventut - ucam murcia,62 - 71,Joventut,18,http://www.acb.com/fichas/LACB62153.php,53V
0,0,"Nogues, Jose I.",0,0,0,0,0,0,0,0,0,0,0,0,0,0,0,0,0,0,0,0,0,0,0,0,0,2017-2018,Regular Season,17,21/01/2018,divina seguros joventut - ucam murcia,62 - 71,Joventut,18,http://www.acb.com/fichas/LACB62153.php,0
14,0,"Ventura, Albert",17:8,6,3,5,60,0,2,0,0,0,0,2,2,0,1,1,1,1,0,1,0,4,1,-11,1,2017-2018,Regular Season,17,21/01/2018,divina seguros joventut - ucam murcia,62 - 71,Joventut,18,http://www.acb.com/fichas/LACB62153.php,718
18,1,"Wayns, Maalik",21:1,4,1,4,25,0,6,0,2,2,100,0,0,0,0,1,0,0,0,0,0,1,1,-14,-4,2017-2018,Regular Season,17,21/01/2018,divina seguros joventut - ucam murcia,62 - 71,Joventut,18,http://www.acb.com/fichas/LACB62153.php,56B
21,1,"Gielo, Tomasz",23:2,4,2,4,50,0,4,0,0,0,0,6,5,1,1,0,2,0,0,1,0,3,0,-11,-1,2017-2018,Regular Season,17,21/01/2018,divina seguros joventut - ucam murcia,62 - 71,Joventut,18,http://www.acb.com/fichas/LACB62153.php,50Q
0,0,"Gudul, Omari",0,0,0,0,0,0,0,0,0,0,0,0,0,0,0,0,0,0,0,0,0,0,0,0,0,2017-2018,Regular Season,17,21/01/2018,divina seguros joventut - ucam murcia,62 - 71,Joventut,18,http://www.acb.com/fichas/LACB62153.php,0
35,1,"Richard, Patrick",24:40,11,1,2,50,3,8,38,0,0,0,2,0,2,0,0,1,1,0,0,0,2,1,-4,5,2017-2018,Regular Season,17,21/01/2018,divina seguros joventut - ucam murcia,62 - 71,Joventut,18,http://www.acb.com/fichas/LACB62153.php,53U
44,1,"Jordan, Jerome",31:32,9,4,9,44,0,0,0,1,4,25,9,7,2,0,0,0,1,4,0,1,3,5,0,16,2017-2018,Regular Season,17,21/01/2018,divina seguros joventut - ucam murcia,62 - 71,Joventut,18,http://www.acb.com/fichas/LACB62153.php,D10
0,0,Equipo,0,0,0,0,0,0,0,0,0,0,0,8,4,4,0,0,2,0,0,0,0,0,0,0,6,2017-2018,Regular Season,17,21/01/2018,divina seguros joventut - ucam murcia,62 - 71,0,18,http://www.acb.com/fichas/LACB62153.php,
0,1,"Soko, Ovie",31:44,15,3,13,23,0,1,0,9,9,100,11,8,3,2,1,4,0,1,2,0,4,7,10,16,2017-2018,Regular Season,17,21/01/2018,divina seguros joventut - ucam murcia,62 - 71,Murcia,18,http://www.acb.com/fichas/LACB62153.php,50S
3,0,"Urtasun, Alex",16:48,0,0,0,0,0,3,0,0,0,0,0,0,0,1,0,0,0,0,0,0,2,0,4,-4,2017-2018,Regular Season,17,21/01/2018,divina seguros joventut - ucam murcia,62 - 71,Murcia,18,http://www.acb.com/fichas/LACB62153.php,BA3
0,0,"Martin, Alberto",0,0,0,0,0,0,0,0,0,0,0,0,0,0,0,0,0,0,0,0,0,0,0,0,0,2017-2018,Regular Season,17,21/01/2018,divina seguros joventut - ucam murcia,62 - 71,Murcia,18,http://www.acb.com/fichas/LACB62153.php,0
8,0,"Benite, Vitor",6:51,2,1,3,33,0,0,0,0,0,0,0,0,0,0,0,1,0,0,0,0,2,1,-4,-2,2017-2018,Regular Season,17,21/01/2018,divina seguros joventut - ucam murcia,62 - 71,Murcia,18,http://www.acb.com/fichas/LACB62153.php,FOX
9,0,"Kloof, Charlon",17:51,2,0,1,0,0,0,0,2,2,100,3,3,0,0,1,1,0,0,0,0,3,4,-6,5,2017-2018,Regular Season,17,21/01/2018,divina seguros joventut - ucam murcia,62 - 71,Murcia,18,http://www.acb.com/fichas/LACB62153.php,53N
11,1,"Hannah, Clevin",31:43,23,6,8,75,3,6,50,2,2,100,3,3,0,5,0,2,1,0,2,0,1,2,11,23,2017-2018,Regular Season,17,21/01/2018,divina seguros joventut - ucam murcia,62 - 71,Murcia,18,http://www.acb.com/fichas/LACB62153.php,1LQ
12,1,"Oleson, Brad",27:46,8,2,4,50,1,7,14,1,2,50,2,2,0,0,2,0,0,0,0,0,1,2,9,4,2017-2018,Regular Season,17,21/01/2018,divina seguros joventut - ucam murcia,62 - 71,Murcia,18,http://www.acb.com/fichas/LACB62153.php,BGO
0,0,"Olaizola, Julen",0,0,0,0,0,0,0,0,0,0,0,0,0,0,0,0,0,0,0,0,0,0,0,0,0,2017-2018,Regular Season,17,21/01/2018,divina seguros joventut - ucam murcia,62 - 71,Murcia,18,http://www.acb.com/fichas/LACB62153.php,0
16,0,"Delia, Marcos",25:27,8,4,7,57,0,0,0,0,0,0,5,4,1,0,0,2,0,1,1,1,1,1,3,8,2017-2018,Regular Season,17,21/01/2018,divina seguros joventut - ucam murcia,62 - 71,Murcia,18,http://www.acb.com/fichas/LACB62153.php,512
24,1,"Tumba, Kevin",16:58,4,2,2,100,0,0,0,0,0,0,3,2,1,0,0,0,0,1,0,2,4,0,9,4,2017-2018,Regular Season,17,21/01/2018,divina seguros joventut - ucam murcia,62 - 71,Murcia,18,http://www.acb.com/fichas/LACB62153.php,52W
27,1,"Rojas, Sadiel",19:1,7,2,2,100,0,0,0,3,3,100,5,4,1,0,0,2,0,0,0,0,3,4,13,11,2017-2018,Regular Season,17,21/01/2018,divina seguros joventut - ucam murcia,62 - 71,Murcia,18,http://www.acb.com/fichas/LACB62153.php,1L3
33,0,"Lukovic, Marko",5:51,2,0,0,0,0,1,0,2,2,100,0,0,0,0,0,1,0,0,0,0,1,1,-4,0,2017-2018,Regular Season,17,21/01/2018,divina seguros joventut - ucam murcia,62 - 71,Murcia,18,http://www.acb.com/fichas/LACB62153.php,53R
0,0,Equipo,0,0,0,0,0,0,0,0,0,0,0,3,1,2,0,0,0,0,0,0,0,0,0,0,3,2017-2018,Regular Season,17,21/01/2018,divina seguros joventut - ucam murcia,62 - 71,0,18,http://www.acb.com/fichas/LACB62153.php,
